sep=,
ID,Text,Translation,VoiceActor,Context
100080397822,Ракетчик,Rocketeer,,jazz-units:items.lua:43368 | jazz-units:UnitData/JAZZ_Legion_HeavyT1_Rocketeer.lua:21
102086394463,Автоматический огонь,Full Auto,,jazz-units:items.lua:59190
102139743828,пыхтит,puffs,,jazz-units:items.lua:68951
102593759252,кашляет,coughs,,jazz-units:items.lua:70005
102970979232,"Ого! Господи, что со мной могло случится!","Wow! Lord, what could have happened to me!",,jazz-units:items.lua:70217
103474241264,"Вот черт! Я, конечно, терпеть не могла Монику, но уж точно не желала ей смерти. И уж точно не хотела убивать ее сама! Записываю время смерти...","Damn it! Of course, I couldn’t stand Monica, but I certainly didn’t want her to die. And I certainly didn’t want to kill her myself! I'm recording the time of death...",,jazz-units:items.lua:70048
105784329687,Пистон,Piston,,jazz-units:Code/Mercenary.lua:143
107713982322,"Все-таки, книжки это одно, а вот опыт, это совсем другое дело.","Still, books are one thing, but experience is a completely different matter.",,jazz-units:items.lua:71026
107870618922,Боль непереносима.,The pain is unbearable.,,jazz-units:items.lua:70186
109651245516,"Ещё не вечер! Можно уже жахнуть, командир?","It's not evening yet! Can I start drinking already, commander?",,jazz-units:items.lua:70665
109699413644,"И что такой парень, как я, может делать в таком месте? Да это ж бред собачий!","What could a guy like me do in a place like this? Yes, this is bullshit!",,jazz-units:items.lua:69102
110929798318,БК на исходе.,BC is running out.,,jazz-units:items.lua:70610
111872647333,"Полагаю, не мешало бы продумать все это получше.",I suppose it wouldn't hurt to think this through a bit more.,,jazz-units:items.lua:69903
111936767427,"Я снова с вами, свеж, бодр и относительно цел!","I am with you again, fresh, cheerful and relatively whole!",,jazz-units:items.lua:70738
112256418640,"Люблю, когда мне уделяют столько внимания.",I love it when they pay so much attention to me.,,jazz-units:items.lua:69602
113050924217,"Считай, свелся. Командуй ""огонь"", братан.","Consider it settled. Command fire, bro.",,jazz-units:items.lua:70594
113948731495,Налётчик,Raider,,jazz-units:items.lua:40634 | jazz-units:UnitData/JAZZ_Legion_FrontT2_Raider.lua:22
114586522565,Штурмовики Легиона,Legion Attack Squad,,jazz-units:items.lua:53126
115039977738,Че-то какие-то приколы тут развешаны.,There are some jokes hanging here.,,jazz-units:items.lua:70760
118410023717,Век живи - век учись!,Live forever and learn!,,jazz-units:items.lua:70054
119369941249,"Гммммм... Разве здесь все, что мы заказывали? ",Hmmmmm... Is this everything we ordered?,,jazz-units:items.lua:69138
120260566033,Кхм. Я сказал...,Hmm. I said...,,jazz-units:items.lua:69014
120287195956,А чего от них еще ожидать!,What else can you expect from them!,,jazz-units:items.lua:69553
122264591303,Нужен медик...,Need a medic...,,jazz-units:items.lua:70746
124003637664,Слышал странный звук.,I heard a strange sound.,,jazz-units:items.lua:69126
124030261247,"Тут или наших маловато, или ихних многовато...","There are either not enough of us here, or there are too many of them...",,jazz-units:items.lua:70811
124509637581,Вебер,Weber,,jazz-units:Code/Mercenary.lua:78
126127451344,Хреново!,It sucks!,,jazz-units:items.lua:69547
126202971861,"Граната? Я видел и похуже. Например, когда бак пробило на взлёте","Grenade? I've seen worse. For example, when the tank broke on takeoff",,jazz-units:items.lua:68589
127238942497,Харпер,Harper,,jazz-units:Code/Mercenary.lua:46
129078279066,Всего лишь десять процентов удачи и девяносто процентов моей убойной харизмы.,Just ten percent luck and ninety percent of my killer charisma.,,jazz-units:items.lua:70805
129657430584,Стоун,Stone,,jazz-units:Code/Mercenary.lua:118
131072494107,"Ну как-бы, вроде все, всех посчитали.","Well, it seems like everyone has been counted.",,jazz-units:items.lua:70645
131463743436,Чего-то я замотался. Надо стенку подпереть.,I'm tired of something. We need to prop up the wall.,,jazz-units:items.lua:70706
132305200292,Да ты шутишь!,You're kidding!,,jazz-units:items.lua:69387
135932071649,План с воздуха выглядит проще. С земли - как лотерея с пулями,The plan looks simpler from the air. From the ground - like a lottery with bullets,,jazz-units:items.lua:68580
136635798005,Взрываем?,Are we exploding?,,jazz-units:items.lua:70959
139409181422,Тяжелое дыхание,Heavy breathing,,jazz-units:items.lua:70750
141058614304,"Я слишком сильно утомлена, чтобы продолжать работу.",I'm too tired to continue working.,,jazz-units:items.lua:70223
141311750958,"Опаньки, тут для меня есть работенка. Лежит, кушать не просит...","Whoops, there's work for me here. He lies there and doesn’t ask to eat...",,jazz-units:items.lua:70829
141916904054,"Ты его уложил, как профессионал. В небе я так же точно выхожу на цель",You styled him like a pro. In the sky I just as accurately reach the target,,jazz-units:items.lua:68564
143658772175,Тишина - лучший свидетель. Ты это знаешь,Silence is the best witness. You know it,,jazz-units:items.lua:68570
144141204511,Взяла!,Got it!,,jazz-units:items.lua:70131
145667150510,"Прости, командир, я не спецом.","Sorry, commander, I'm not an expert.",,jazz-units:items.lua:70835
147878975531,Хм-м,Hmmm,,jazz-units:items.lua:70976
147923369701,"Ниже пояса всё целое, жить будешь!","Below the waist everything is intact, you will live!",,jazz-units:items.lua:70622
148527902634,Картер,Carter,,jazz-units:Code/Mercenary.lua:54
148583031817,"бежит, дышит","runs, breathes",,jazz-units:items.lua:70019
149864170243,"Айс, Братан, братиш, нет! Сука! Пизда вам, жирафьи выблядки, со стен соскребать со штукатуркой будут.","Ice, bro, bro, no! Bitch! Fuck you, giraffe bastards, they will scrape the plaster off the walls.",,jazz-units:items.lua:70687
150379284613,Аул,Aul,,jazz-units:Code/Mercenary.lua:149
150639393097,"Ты хочешь, чтобы я еще осталась, или как?",Do you want me to stay longer or what?,,jazz-units:items.lua:69320 | jazz-units:UnitData/Jazz_Buzz.lua:167
151644631553,"Парни, время доставать самые большие пушки!","Guys, time to get out the big guns!",,jazz-units:items.lua:70908
151665864036,"Мне нужна помощь, неотложно!","I need help, urgently!",,jazz-units:items.lua:70193
152493018567,Бишоп,Bishop,,jazz-units:Code/Mercenary.lua:103
152608247986,Понял!,Got it!,,jazz-units:items.lua:69044
153980462714,Мёрк,Mörk,,jazz-units:Code/Mercenary.lua:156
155611659517,"Послушай. Я не знал, что ты собираешься влючать Тоску в команду. Тут через минуту духа моего бы не было, если бы я так не заботился о своей репутации. Мой тебе совет: держи ее от меня подальше!",Listen. I didn't know you were going to include Tosca on the team. My spirit wouldn’t be here in a minute if I weren’t so concerned about my reputation. My advice to you: keep her away from me!,,jazz-units:items.lua:68912
156206279384,"Иди, дам тебе валерьяночки!","Go, I'll give you some valerian!",,jazz-units:items.lua:69605
157892640315,Роуг,Rogue,,jazz-units:Code/Mercenary.lua:182
162678461029,Давайте его кастрируем? Чтоб больше не шлялся.,Let's castrate him? So that he doesn't wander around anymore.,,jazz-units:items.lua:69622
162767570479,"Есть, начальник! Правда, мне интересно, как это получится.","Yes, boss! True, I'm interested in how this will turn out.",,jazz-units:items.lua:68885
164455308660,Гранатомётчик,Grenade launcher,,jazz-units:items.lua:43466 | jazz-units:items.lua:49824 | jazz-units:items.lua:50029 | jazz-units:UnitData/JAZZ_Legion_HeavyT2_Grenadier.lua:21 | jazz-units:UnitData/RebelRPG.lua:21 | jazz-units:UnitData/RebelRPG_Immortal.lua:21
165148802231,Рысь! Что случилось?,Lynx! What's happened?,,jazz-units:items.lua:68740
165619259527,"Ну чо, трафареты! Мама вас к такому не готовила!","Well, stencils! Your mom didn't prepare you for this!",,jazz-units:items.lua:70670
165681713241,"Извини, я тут играю в Большого Брата. Просто делаю то, что должен, понимаешь?","Sorry, I'm playing Big Brother here. I just do what I have to do, you know?",,jazz-units:items.lua:69105
167287521495,"Мля, Майор Спайк, я охуенно рад, что ты теперь на нашей стороне. ","Damn, Major Spike, I'm so fucking glad you're on our side now.",,jazz-units:items.lua:70940
168247136303,"Я - профессионал. Просто покажи, в кого стрелять.",I'm a professional. Just show me who to shoot.,,jazz-units:items.lua:69383
169899515205,"Это - работа. Так к ней и относитесь. А то тут есть бездельники, которые полагают, что за приключениями пришли.","This is work. Treat her that way. Otherwise, there are idlers here who believe that they have come for adventure.",,jazz-units:items.lua:69079
169962128097,Батя в здании.,Dad is in the building.,,jazz-units:items.lua:70957
170093331856,"Да уж, тут и уха целого не найдешь.","Yes, you won’t even find a whole ear here.",,jazz-units:items.lua:69586
170534982613,Слит,Slit,,jazz-units:Code/Mercenary.lua:175
172629795100,"Я стараюсь не допускать эмоций, когда убиваю, но... если честно... Это было просто здорово!","I try not to get emotional when I kill, but... to be honest... It was just great!",,jazz-units:items.lua:68958
174966595975,Зачем мне все это барахло? Дайте мне трубочку для плевания и фанерку - загораживаться! Куда полезнее будет.,Why do I need all this junk? Give me a spitting tube and a piece of plywood - block myself! It will be much more useful.,,jazz-units:items.lua:68945
176574496642,Алексей Иванов,Alexey Ivanov,,jazz-units:items.lua:70270 | jazz-units:UnitData/JAZZ_Ivanov.lua:19
176578784013,"Вот вам и Рысь, вашу мамашу!","Here's Lynx, your mother!",,jazz-units:items.lua:79598
178720739297,Гранатометное усиление,Grenade Launcher Boost,,jazz-units:items.lua:56622
178898076800,"Извини, эту неделю я занят в Обществе содействия пожарным. Знаешь, обычно я могу сам планировать свое расписание, но только если предупредить меня заблаговременно, угу?","Sorry, I'm busy with the Firemen's Aid Society this week. You know, I can usually make my own schedule, but only if you give me advance notice, uh?",,jazz-units:items.lua:68647
182815571901,"""Фраг"", слушаю.","""Frag"", I'm listening.",,jazz-units:items.lua:70958
183507962431,Даст,Yes,,jazz-units:Code/Mercenary.lua:114
183777024912,"Вы были талантливейшим доктором, фройляйн Паук. Ваша грация под шквальным огнем, ваши быстрые пальцы, ваше душевное тепло... Мне остается только надеяться, что когда-нибудь я смогу сравниться с вами. Храни вас господь. ","You were a most talented doctor, Fraulein Spider. Your grace under heavy fire, your quick fingers, your warmth... I can only hope that someday I can match you. God bless you.",,jazz-units:items.lua:78688
187482808739,Доктор Хьюстон.,Dr. Houston.,,jazz-units:items.lua:70178
188332474737,Громила,Crusher,,jazz-units:items.lua:39309 | jazz-units:UnitData/JAZZ_Legion_AssaultT1_Crusher.lua:21
188581782749,"Черт. Руди же не мог сделать этого случайно. Это такой намек, чтоб я укрытие занял, точно.","Damn. Rudy couldn't have done this by accident. This is a hint for me to take cover, for sure.",,jazz-units:items.lua:79434
189026777382,Немного везения мне бы сейчас никак не помешало!,A little luck wouldn't hurt me right now!,,jazz-units:items.lua:68977
190301337760,"Пару грамм пластика в замок, да? Да?","A couple of grams of plastic in the lock, right? Yes?",,jazz-units:items.lua:70699
190753426804,Коул,Cole,,jazz-units:Code/Mercenary.lua:125
192507634851,Триггер,Trigger,,jazz-units:Code/Mercenary.lua:99
194060943538,Тише... Здесь эхо - худший предатель,Hush... Here the echo is the worst traitor,,jazz-units:items.lua:68586
194072583019,Дарт,Dart,,jazz-units:Code/Mercenary.lua:162
194125837412,"Вот так! Знаешь, а мы отлично справились. Ничто не сравнится с женщиной, у которой в руках винтовка, я тебе скажу. Ад не знает ярости! Не забывай.","That's it! You know, we did great. There's nothing like a woman holding a rifle, I tell you. Hell knows no fury! Don't forget.",,jazz-units:items.lua:69424
196405827903,Ламберт,Lambert,,jazz-units:Code/Mercenary.lua:70
198249711216,"Чо, брат, думаешь, ебанет? Да не, не должно.","What, brother, do you think he'll fuck it? No, it shouldn't.",,jazz-units:items.lua:70819
199449552302,Опять они!,There are more of them!,,jazz-units:items.lua:69017
200362931034,Следующая задача?,Next challenge?,,jazz-units:items.lua:69892
202028848843,"Всё... Накрылось, мать его вэдэшку.","That's it... It's all over, damn it.",,jazz-units:items.lua:71036
205050620277,"Не представляю, как можно это сделать. Как врач, я стараюсь уважать чужую жизнь, насколько это возможно при такой работе, конечно. Судя по вашей биографии, вы придерживаетесь другой философии. Я очень разборчива когда дело доходит до контракта. Вы для меня слегка... вульгарны, пожалуй.","I can't imagine how this can be done. As a doctor, I try to respect other people's lives, as much as possible with this kind of work, of course. Judging by your biography, you adhere to a different philosophy. I'm very picky when it comes to contracts. For me you are a little... vulgar, perhaps.",,jazz-units:items.lua:69764 | jazz-units:UnitData/Jazz_Spider.lua:59
206446981168,Я пустой!,I'm empty!,,jazz-units:items.lua:70861
207048313891,"Не представляю, как можно это сделать. Как врач, я стараюсь уважать чужую жизнь, насколько это возможно при такой работе, конечно. Судя по вашей биографии, вы придерживаетесь другой философии. Я очень разборчива когда дело доходит до контракта. Вы для меня слегка... вульгарны, пожалуй.","I can't imagine how this can be done. As a doctor, I try to respect other people's lives, as much as possible with this kind of work, of course. Judging by your biography, you adhere to a different philosophy. I'm very picky when it comes to contracts. For me you are a little... vulgar, perhaps.",,jazz-units:items.lua:69777 | jazz-units:UnitData/Jazz_Spider.lua:72
207134300660,че?,what?,,jazz-units:items.lua:70190
208359484899,Чуждые элементы!,Alien elements!,,jazz-units:items.lua:70110
209094011789,В стороны!,To the sides!,,jazz-units:items.lua:71015
209534781642,Мейс,Mace,,jazz-units:Code/Mercenary.lua:129
212967091229,Вы откуда это взяли? На распродаже? Не работает!,Where did you get this from? On sale? Doesn't work!,,jazz-units:items.lua:69693
213709547831,Буллет,Bullet,,jazz-units:Code/Mercenary.lua:139
214018072550,"Скажи мне это в лицо, мля, если ты мужчина!","Say it to my face, fuck, if you're a man!",,jazz-units:items.lua:70893
214311297685,"Я работаю. Не мешайте. Ходют тут, ходют, а потом пластик пропадает.","I'm working. Don't interfere. They walk here and there, and then the plastic disappears.",,jazz-units:items.lua:70629
214745093796,"Думаю, прервав эту жизнь, я сохранила много других.","I think that by interrupting this life, I saved many others.",,jazz-units:items.lua:70119
217901684853,Головорез,Roughneck,,jazz-units:items.lua:39174 | jazz-units:UnitData/JAZZ_Legion_AssaultT1_Roughneck.lua:22
217996558203,Уф-ф сука,Ugh bitch,,jazz-units:items.lua:70922
218806644175,Они идут... Как стадо в узком коридоре. Легко будет срезать,They are walking... Like a herd in a narrow corridor. It will be easy to cut,,jazz-units:items.lua:68575
219342036908,"Делай, как я!",Do as I do!,,jazz-units:items.lua:70731
221163366923,"Ой, мля. Братан, как его теперь мамке-то отправлять?","Oh, blah. Bro, how can I send it to my mother now?",,jazz-units:items.lua:70886
221166180370,"Видали? Айс знает, что почем!",Have you seen it? Ice knows how much!,,jazz-units:items.lua:69070
221620701735,Сержант,Sergeant,,jazz-units:items.lua:45183 | jazz-units:UnitData/ArmySergant.lua:20
224504835002,А чего от них еще ожидать!,What else can you expect from them!,,jazz-units:items.lua:69666
226419811457,Ща б пивка холодненького...,I wish I had a cold beer...,,jazz-units:items.lua:70904
226755462734,Меня прижали!,I was pinned down!,,jazz-units:items.lua:70914
227039351750,"Ах, ходи опять, ищи этих гамадрилов по кустам. Давай просто жахнем их, и дело с концом.","Oh, go again, look for these hamadryas in the bushes. Let's just eat them and be done with it.",,jazz-units:items.lua:70638
229175344508,Роудс,Rhodes,,jazz-units:Code/Mercenary.lua:53
229551591966,lonelyandsad,lonelyandsad,,jazz-units:items.lua:69181 | jazz-units:UnitData/Jazz_Buzz.lua:28
230498571903,Скорч,Scorch,,jazz-units:Code/Mercenary.lua:157
231003169314,Сегодня тебе повезло.,Today you are lucky.,,jazz-units:items.lua:69040
232768555391,ИВАНОВ,IVANOV,,jazz-units:items.lua:70272 | jazz-units:UnitData/JAZZ_Ivanov.lua:21
234064899192,Паук,Spider,,jazz-units:items.lua:69728 | jazz-units:UnitData/Jazz_Spider.lua:23
239462113851,Стрелок,HITMAN,,jazz-units:items.lua:40386 | jazz-units:UnitData/JAZZ_Legion_FrontT1_Rifleman.lua:21
242652360553,"Братаны. у них же нет этого, как его... свистимандоза? Жрать их можно, спрашиваю?","Bros. They don’t have this, what’s it called... whistlemandosis? Can I eat them, I ask?",,jazz-units:items.lua:70881
243070819799,"Мадам, мы не знакомы? Разрешите представиться, Фраг!","Madam, we don't know each other? Let me introduce myself, Frag!",,jazz-units:items.lua:70944
244409151764,"Ладно, скажу правду, были у меня предложения и получше, но в Пауке что-то есть такое, отчего с ней в кайф работать вместе. Согласна, чел!","Okay, I’ll tell the truth, I had better offers, but there’s something about Spider that makes it a pleasure to work with her. I agree, man!",,jazz-units:items.lua:72141 | jazz-units:UnitData/Vicki.lua:113
245370968215,Гиро,Gyro,,jazz-units:Code/Mercenary.lua:73
246720526618,"Айсберг, в рот тебе Титаник, ты чо, мля?","Iceberg, Titanic in your mouth, what the fuck are you doing?",,jazz-units:items.lua:70709
247207957208,"Ну да, я тут сижу и жду, когда ты появишься. У меня другие планы.","Well, yes, I'm sitting here and waiting for you to appear. I have other plans.",,jazz-units:items.lua:69219 | jazz-units:UnitData/Jazz_Buzz.lua:66
248179878606,Гм. Что-то мне здесь не нравится...,Hm. There's something I don't like here...,,jazz-units:items.lua:68989
248609393738,"Хорошо, что я на твоей стороне.",It's good that I'm on your side.,,jazz-units:items.lua:69004
249265686079,Can become <GameTerm('Inspired')> and increase the team's <GameTerm('Morale')> during combat.,Can become <GameTerm('Inspired')> and increase the team's <GameTerm('Morale')> during combat.,,jazz-units:CharacterEffect/Chaaaarge.lua:41 | jazz-units:items.lua:82603
249950979247,"Что же, это не лучшая группа, с которой мне приходилось работать","Well, this is not the best group I've ever worked with.",,jazz-units:items.lua:70088
251440093588,"Э, завязывай!","Eh, stop it!",,jazz-units:items.lua:70721
253085579896,"Патроны, немедленно!","Ammo, now!",,jazz-units:items.lua:69914
253932060437,Руди Робертс «Рысь»,"Rudy Roberts ""Lynx""",,jazz-units:items.lua:68621
253970486219,Торк,Torque,,jazz-units:Code/Mercenary.lua:111
254157828912,Засадник,Ambusher,,jazz-units:items.lua:40917 | jazz-units:UnitData/JAZZ_Legion_FrontT2_Ambusher.lua:22
254321093188,а,Huh?,,jazz-units:items.lua:69098
255478950698,"Очень хорошо! ",Very good!,,jazz-units:items.lua:69946
256390393730,Патронов нужных больше нет.,There are no more cartridges needed.,,jazz-units:items.lua:70611
257516510368,"Мать моя святая женщина, и где теперь чья нога?","My mother is a holy woman, and where is whose foot now?",,jazz-units:items.lua:70855
258728495811,"Ща как подкрадусь, да как жахну...","As soon as I sneak up, and as soon as I gasp...",,jazz-units:items.lua:70659
259340094074,"Мне нужна помощь, неотложно!","I need help, urgently!",,jazz-units:items.lua:70070
260016101225,"О, братан, не керосинь, я там че-то видел такое, залупастое!","Oh, bro, no kerosene, I saw something there, thick-faced!",,jazz-units:items.lua:70763
260975148320,Зиро,Ziro,,jazz-units:Code/Mercenary.lua:167
261881212602,"Ну дела, Рысь промазал! Теперь я точно видел все!","Well done, Lynx missed! Now I've definitely seen everything!",,jazz-units:items.lua:79534
263680299412,Понял!,Got it!,,jazz-units:items.lua:68864
264303659858,"Победа, мля. Пора шмонать жмуров.","Victory, blah. It's time to mess around with the blind people.",,jazz-units:items.lua:70647
267140928253,"Поднимаем рождаемость, мля!","We're raising the birth rate, blah!",,jazz-units:items.lua:70875
267233176158,Есть! На жопе шерсть...,Yes! There's fur on my ass...,,jazz-units:items.lua:70654
268314076234,Застрельщик,Skirmisher,,jazz-units:items.lua:41863 | jazz-units:UnitData/JAZZ_Legion_FlankerT2_Skirmisher.lua:22
269475044150,Схлопотала!,Got it!,,jazz-units:items.lua:69699
269791276611,"Я раньше любил острить на такие темы, но, черт возьми, слишком много моих друзей погибло так же. Мне больше не смешно.","I used to love making jokes about things like this, but damn, too many of my friends died the same way. It's not funny to me anymore.",,jazz-units:items.lua:68897
270671509954,Слушаю,I'm listening,,jazz-units:items.lua:69637
271593846017,Скар,Scar,,jazz-units:Code/Mercenary.lua:120
273335796421,Ополченец,Militiaman,,jazz-units:items.lua:50208
274466626035,"Собираю манатки и выезжаю. К слову, там мой братишка Айс не занят, пригласи его. Он мой братюня от другой мамуни, да и шмаляет что твой Пикассо.","I pack my belongings and leave. By the way, my brother Ice is not busy there, invite him. He is my brother from another mother, and he jokes that your Picasso.",,jazz-units:items.lua:70507 | jazz-units:UnitData/JAZZ_Merc_Spouke.lua:77
278695304484,Грабитель,Robber,,jazz-units:items.lua:39563 | jazz-units:UnitData/JAZZ_Legion_AssaultT2_Pillager.lua:20
278833303066,Это еще что?,What is this?,,jazz-units:items.lua:68967
279053461802,Фокс,Fox,,jazz-units:Code/Mercenary.lua:148
279419436377,Я не сомневаюсь в присутствии противника.,I have no doubt about the presence of the enemy.,,jazz-units:items.lua:69900
279996202112,"Может, я опять смогу заснуть!",Maybe I can sleep again!,,jazz-units:items.lua:70122
280109571132,Принял четко!,Got it clearly!,,jazz-units:items.lua:70652
281807945653,я на некоторое время займусь научной работой.,I will take up scientific work for a while.,,jazz-units:items.lua:70023
282291513363,кашляет,coughs,,jazz-units:items.lua:68918
282394383624,На цыпочках.,On tiptoe.,,jazz-units:items.lua:70964
282913353932,"Не могу. Вернее, НЕ ХОЧУ.","I can't. Or rather, I DON'T WANT.",,jazz-units:items.lua:69911
283410120330,"Это чо, это из меня столько вытекло? Е-мааа... Парни, у меня третья положительная, если чо....","What, did so much leak out of me? E-maaa... Guys, I have a third positive, if so....",,jazz-units:items.lua:70968
283654937572,"Э-э-э... Знаешь, мы ведь как договаривались - деньги на бочку, правда? Что-то я их здесь не вижу!","Uh-uh... You know, we agreed as we agreed - money for a barrel, right? Somehow I don’t see them here!",,jazz-units:items.lua:68655
284015763095,Линднер,Lindner,,jazz-units:Code/Mercenary.lua:82
284377278908,"Как это? Парни, жопы вниз, стволы наверх, не перепутайте, мля.","How is this? Guys, asses down, trunks up, don't mix it up, blah.",,jazz-units:items.lua:70983
284541142020,"Сука-аааа, Чо ж так больно то? Брат! Братан! Морфий есть, брат?","Bitch-ahhh, why does it hurt so much? Brother! Bro! Do you have morphine, brother?",,jazz-units:items.lua:70967
287657224729,Ха-ха!,Ha ha!,,jazz-units:items.lua:69592
288587538856,"Блядь, подбили меня, командир!","Fuck, they hit me, commander!",,jazz-units:items.lua:70745
288720109427,Старший Лейтенант,Senior Lieutenant,,jazz-units:items.lua:44903 | jazz-units:UnitData/ArmyCommander_Elite.lua:20
289633215369,Хмм,Hmm,,jazz-units:items.lua:69598
290103631560,Рейнджер,Ranger,,jazz-units:items.lua:37741 | jazz-units:UnitData/ThugSniper_Stronger_Elite.lua:20
291706354809,Сэйбл,Sable,,jazz-units:Code/Mercenary.lua:183
291907236404,Берриман Сил,Berryman Seal,,jazz-units:items.lua:68511 | jazz-units:UnitData/Merc_BarrySeal.lua:23
292221319285,"Подумай еще разок. Меня может вырвать от одной мысли, что придется опять общаться с Рысью. Я просто говорю, что меня... вырвет, именно так.","Think again. I might vomit just thinking about having to communicate with Lynx again. I'm just saying that I... will throw up, that's it.",,jazz-units:items.lua:69229 | jazz-units:UnitData/Jazz_Buzz.lua:76
292603178441,Хантер,Hunter,,jazz-units:Code/Mercenary.lua:96
293764125098,Рэнд,rand,,jazz-units:Code/Mercenary.lua:63
294854928125,Я готов.,I am ready.,,jazz-units:items.lua:69053
295850287322,кряхтит,grunts,,jazz-units:items.lua:68850
298710814297,Ууууу!,Woohoo!,,jazz-units:items.lua:68870
299186765919,"Блин, верняк же было. Ветер, наверное. Типа, эти пердящие, в смысле восходящие потоки.","Damn, it sure was. The wind, probably. Like, these farting, in the sense of rising currents.",,jazz-units:items.lua:70832
299656832368,"Да как так-то... Рысь, ты был такой молодой, такой сильный... Сколько женщин было у тебя впереди!","How so... Lynx, you were so young, so strong... How many women were ahead of you!",,jazz-units:items.lua:79487
299698692708,"Я вовсе не в восторге от этого проекта. Но скажу без затей: по моему мнению, Сова - отличный товарищ, и я доверяю ей полностью. Поэтому - я согласна!","I'm not at all excited about this project. But I’ll say it straight forward: in my opinion, Owl is an excellent comrade, and I trust her completely. Therefore - I agree!",,jazz-units:items.lua:69809 | jazz-units:UnitData/Jazz_Spider.lua:104
300114486496,"Просто, чтобы ты знал - контракт почти закончен.","Just so you know, the contract is almost finished.",,jazz-units:items.lua:69323 | jazz-units:UnitData/Jazz_Buzz.lua:170
300505284870,"Ты можешь уйти из армии, но армия из тебя - никогда.","You can leave the army, but the army will never leave you.",,jazz-units:items.lua:70963
300731724515,"Не хочу никого пугать, но я очень люблю полевую хирургию!","I don't want to scare anyone, but I really love field surgery!",,jazz-units:items.lua:69895
301320309361,"Смотри, какую я для тебя штуку заточил!",Look what I sharpened for you!,,jazz-units:items.lua:70892
302600089671,"Учитывая специфику нашей работы, я требую хотя бы минимум уважения. Я нахожу, что мисс Зондергад весьма невоспитана и чрезвычайно склонна к снобизму. Это просто невыносимо. Извините.","Given the specifics of our work, I demand at least a minimum of respect. I find Miss Sondergad to be very ill-mannered and extremely prone to snobbery. It's simply unbearable. Sorry.",,jazz-units:items.lua:69739 | jazz-units:UnitData/Jazz_Spider.lua:34
302993143590,ХА!,HA!,,jazz-units:items.lua:70220
303546330037,"После ухода из Организации таких, без преувеличения ""светил"" полевой хирургии, как Митча Шудлема, Берни Гловлесса и ""Стеллы"" Траммелл по разным естественным и противоестественным причинам, проведение полевых операций с высоким риском травматизма (то есть, почти любых операций Организации) стало под угрозой отказа для потенциальных заказчиков. К счастью, ""новая кровь"" не замедлила влиться в наш дружный коллектив, чему мы несказанно рады. Конечно, мы не устаем задавться вопросом, что в полевых операциях забыла молодой и перспективный хирург-травматолог, держащий на собственных изящных плечах практически всю неотложную Damage-хирургию своего округа, но некоторые вопросы так и не должны быть заданы. Дело либо не в деньгах, либо наоборот, в деньгах настолько больших, что Организации лучше не знать подробностей. Так или иначе, Доктор Хьюстон вполне способна собрать человеческий паззл правильно, даже если от человека осталась только та часть, которая дышит. Однако, не стоит удивляться, если при этом ваша фамилия окажется вписана в графу напротив согласия на использование экспериментального препарата, не прошедшего клинические испытания. Позывной ""Паук"" пришел вместе с ней в организацию с легкой руки Кирка ""Статика"". Там какая-то своя история, мы не вникали. И все же, стоит заметить, что для человека без боевого опыта и хоть сколько-нибудь тренированной физической формы, Донна чрезвычайно мягко ступает, и видит в темноте, как кошка.","After the departure of such, without exaggeration, ""luminaries"" of field surgery as Mitch Shudlem, Bernie Gloveless and ""Stella"" Trammell from the Organization for various natural and unnatural reasons, conducting field operations with a high risk of injury (that is, almost any operation of the Organization) became a threat of failure for potential customers. Fortunately, the “new blood” was not slow to join our friendly team, which we are incredibly happy about. Of course, we never tire of wondering what a young and promising trauma surgeon, who carries nearly all emergency trauma surgery of her district on her own graceful shoulders, is doing in field operations, but some questions should never be asked. It’s either not a matter of money, or, on the contrary, it’s a matter of so much money that it’s better for the Organization not to know the details. One way or another, Doctor Houston is quite capable of putting together the human puzzle correctly, even if only the part that breathes remains of the person. However, you should not be surprised if your name is entered in the column opposite the consent to use an experimental drug that has not undergone clinical trials. The call sign ""Spider"" came with her to the organization with the light hand of Kirk ""Static"". There is some kind of history there, we didn’t delve into it. And yet, it is worth noting that for a person with no combat experience or meaningful physical training, Donna steps extremely softly and sees in the dark like a cat.",,jazz-units:items.lua:69730 | jazz-units:UnitData/Jazz_Spider.lua:25
303615728910,Талон,Coupon,,jazz-units:Code/Mercenary.lua:134
304060081124,"карабкается, пыхтит","climbing, puffing",,jazz-units:items.lua:69932
304196752980,Рипер,Reaper,,jazz-units:Code/Mercenary.lua:116
304741413170,Ух-х,Uh-oh,,jazz-units:items.lua:70921
306584344499,"Не хочу никого пугать, но я очень люблю полевую хирургию!","I don't want to scare anyone, but I really love field surgery!",,jazz-units:items.lua:69921
307429116238,Свинец нужен.,Lead is needed.,,jazz-units:items.lua:69563
307499851875,Как будто я тебя еще хоть раз вспомню.,As if I'll remember you ever again.,,jazz-units:items.lua:69378
307810354279,Усиление Пулеметчиков,Strengthening Heavy Gunners,,jazz-units:items.lua:56679
310008076558,Фраг,Frag,,jazz-units:items.lua:70452 | jazz-units:UnitData/JAZZ_Merc_Spouke.lua:22
310428068750,"Окей, я здесь. Готова к работе.","Okay, I'm here. Ready to go.",,jazz-units:items.lua:70173
311829639652,Молодцом! Мо-лод-цом!,Well done! Well done!,,jazz-units:items.lua:70949
313477221859,Балумба Курукуку,Balumba Kurukuku,,jazz-units:items.lua:35560 | jazz-units:UnitData/ThugBoss_Balumba.lua:20
313930333855,Походу отвоевался...,I fought back...,,jazz-units:items.lua:70747
314598120562,"Снаряжение надо в ремонт сдать, конечно. Все бренчит и брякает.","The equipment needs to be sent in for repairs, of course. Everything rattles and rattles.",,jazz-units:items.lua:70766
316270954127,Кейн,Kane,,jazz-units:Code/Mercenary.lua:107
316915090294,"Бывший военный, который волей судьбы стал контрабандистом, участвовал в уничтожении режима Кастро на кубе, не подпускайте его близко к Фиделю. На данный момент Барри контрабандист, который вёз нас для выполнения контракта, всех его друзей убили при высадке, да и он сам чуть не погиб, теперь он присоединился к A.I.M.","A former military man who, by the will of fate, became a smuggler, participated in the destruction of the Castro regime in Cuba, do not let him close to Fidel. At the moment, Barry is a smuggler who was taking us to fulfill the contract, all his friends were killed during the landing, and he himself almost died, now he has joined A.I.M.",,jazz-units:items.lua:68516 | jazz-units:UnitData/Merc_BarrySeal.lua:28
317025941794,Командир,Commander,,jazz-units:items.lua:36398 | jazz-units:UnitData/ThugBoss_Stronger.lua:20
318347271366,"Сделано в лучшем виде, братан, проверяй работу,","Done in the best possible way, bro, check the work,",,jazz-units:items.lua:70587
318587916867,"Очевидно, ваш бюджет не позволит вам адекватно оценить мою работу.","Obviously, your budget will not allow you to adequately evaluate my work.",,jazz-units:items.lua:69753 | jazz-units:UnitData/Jazz_Spider.lua:48
320066226203,"Ух, хорошо! Лучше не бывает.","Uh, good! It couldn't be better.",,jazz-units:items.lua:69007
320684423775,Ай!,Ay!,,jazz-units:items.lua:69060
323249741812,"Ещё один такой „фейерверк"" - и нам придётся копать окопы глубже",One more “fireworks” like this and we’ll have to dig deeper trenches,,jazz-units:items.lua:68591
323511335269,Гарнизон Ло Блё,Garrison of Lo Bleu,,jazz-units:items.lua:52833
323677951037,"Да уж, это было ну такое потрясение!","Yes, it was such a shock!",,jazz-units:items.lua:69669
326116154029,Санитар Диверсант,Orderly Saboteur,,jazz-units:items.lua:44671 | jazz-units:UnitData/ArmyMedic_Elite.lua:20
326142231461,Ай-ой,Ay-oh,,jazz-units:items.lua:69613
326547059680,"Лучше бы мне в больнице горшки выносить, чем все это терпеть.",It would be better for me to take out potties in the hospital than to endure all this.,,jazz-units:items.lua:70205
326617220439,Я лучше подожду немного. Не хочу торопиться.,I'd better wait a little. I don't want to rush.,,jazz-units:items.lua:69135
326903240461,"Слушай, это было замечательно, но мой контракт кончается. Ты собираешься его продлевать? Я буду пока свободен.","Look, it's been great, but my contract is up. Are you going to renew it? I'll be free for now.",,jazz-units:items.lua:68760
327015948720,Калм,Kalm,,jazz-units:Code/Mercenary.lua:178
327914500514,"Ты чо, братан, забыл про меня, или деньги закончились?","Did you forget about me, bro, or did the money run out?",,jazz-units:items.lua:70684
332539396098,Эрни Споук «Фраг»,"Ernie Spoke ""Frag""",,jazz-units:items.lua:70451 | jazz-units:UnitData/JAZZ_Merc_Spouke.lua:21
334448173804,"Может, мне повезет.",Maybe I'll get lucky.,,jazz-units:items.lua:68818
334995525715," Простите, я хотела сказать... Послушайте, у меня есть и другие дела на сегодня!","Sorry, I meant to say... Look, I have other things to do today!",,jazz-units:items.lua:69833 | jazz-units:UnitData/Jazz_Spider.lua:128
335290711519,Посмотри ей в глаза,Look her in the eyes,,jazz-units:items.lua:69179 | jazz-units:UnitData/Jazz_Buzz.lua:26
335649405247,Побеждаем по очкам!,We win on points!,,jazz-units:items.lua:70989
336680243662,С этим куском дерьма что-то не так.,There's something wrong with this piece of crap.,,jazz-units:items.lua:69141
337250145628,"Шансы попасть неплохие. Можно в жбан, можно в яйца.","The chances of getting in are good. You can put it in a jug, you can put it in eggs.",,jazz-units:items.lua:70595
339004978895,Миномётчик,Mortarman,,jazz-units:items.lua:43583 | jazz-units:items.lua:49925 | jazz-units:items.lua:50131 | jazz-units:UnitData/JAZZ_Legion_HeavyT3_Mortarman.lua:21 | jazz-units:UnitData/RebelHeavy_Mortar.lua:21 | jazz-units:UnitData/RebelHeavy_Mortar_Immortal.lua:21
340243775190,"Я хочу, чтоб это было ясно: я ненавижу всех. Я сказала - ВСЕХ!",I want to make it clear: I hate everyone. I said - EVERYONE!,,jazz-units:items.lua:69631
340601078428,Тяжелое дыхание 2,Heavy breathing 2,,jazz-units:items.lua:70751
341773513592,Магазин почти пустой.,The magazine is almost empty.,,jazz-units:items.lua:70612
341972518037,Глейшер,Glacier,,jazz-units:Code/Mercenary.lua:174
343274888743,"То, что ты просил!",Just what you asked for!,,jazz-units:items.lua:69576
344054099652,"Я заценил, как тут весело, братан. К сожалению, для продолжения веселья необходимо вставить купюру в купюроприемник.","I appreciate how much fun it is here, bro. Unfortunately, to continue the fun you need to insert a bill into the bill acceptor.",,jazz-units:items.lua:70544 | jazz-units:UnitData/JAZZ_Merc_Spouke.lua:114
344607087024,Вот это здорово!,This is great!,,jazz-units:items.lua:69380
345107645162,Зачем мне все это барахло?,Why do I need all this junk?,,jazz-units:items.lua:68939
345340110773,"Отдел по борьбе с минной опасностью слушает! Шутка, не понял? Твои проблемы, Эрни Споук на проводе.","The Mine Hazard Division is listening! Just a joke, don't you get it? Your problems, Ernie Spoke on the wire.",,jazz-units:items.lua:70524 | jazz-units:UnitData/JAZZ_Merc_Spouke.lua:94
345428116420,"Ну не могу поверить, что я потратила свою жизнь на этого человека. Меня рвет от одного взгляда на Рысь.","Well, I can't believe I wasted my life on this man. Just looking at Lynx makes me want to vomit.",,jazz-units:items.lua:69455
347920605650,Гранатомётчик,Grenade launcher,,jazz-units:items.lua:37406 | jazz-units:UnitData/ThugGunner_Stronger_Elite.lua:19
348025115845,Готова к работе.,Ready to go.,,jazz-units:items.lua:69950
348853551401,"Мне плевать, что так говорить некорректно, но Тоска - просто шлюха... врунья, подстилка, злобная сука... и это не я так говорю, это - объективная истина!","I don’t care that it’s incorrect to say this, but Tosca is just a whore... a liar, a liar, an evil bitch... and it’s not me who says that, it’s the objective truth!",,jazz-units:items.lua:69073
348939521107,Санита-а-а-ра сюда-а!,Sanita-a-a-ra here!,,jazz-units:items.lua:70744
349799971764,Меняю позицию!,I'm changing my position!,,jazz-units:items.lua:70651
349823059626,"Пехота топает, как стадо. Я хожу, как пилот на чужой базе",The infantry tramples like a herd. I walk around like a pilot on someone else's base,,jazz-units:items.lua:68585
352094671058,Шульц,Schultz,,jazz-units:Code/Mercenary.lua:80
352643483332,"Чем этого лечить, проще нового сделать.","Rather than treating this, it’s easier to make a new one.",,jazz-units:items.lua:70878
353671688676,"Подруга...Вики, я бы лучше умерла вместо тебя, или как-нибудь спасла тебя, что ли! Как, черт возьми, я могу оставаться равнодушной, когда такое происходит?","Friend...Vicky, I would rather die instead of you, or somehow save you, or something! How the hell can I remain indifferent when this happens?",,jazz-units:items.lua:69972
353806052937,Еще один!,One more!,,jazz-units:items.lua:69572
356154625467,"У нас тяжелый! Возможно, убит! Медика к нему!",Ours is heavy! Possibly killed! Medic to him!,,jazz-units:items.lua:71004
358324330880,"Тут безопасно. Осторожно, братан, могут быть еще.","It's safe here. Be careful bro, there may be more.",,jazz-units:items.lua:70817
358423443108,Ой! Тигр!,Oh! Tiger!,,jazz-units:items.lua:69917
360147259833,Стэнтон,Stanton,,jazz-units:Code/Mercenary.lua:59
364194360977,У меня начинается депрессия! Мне надо просто рвануть и прочесать все это место с автоматом.,I'm starting to feel depressed! I just need to rush and comb this whole place with a machine gun.,,jazz-units:items.lua:69449
366392063705,А вот это - славно.,But this is nice.,,jazz-units:items.lua:70118
366862204632,Немного везения мне бы сейчас никак не помешало!,A little luck wouldn't hurt me right now!,,jazz-units:items.lua:69050
367651229840,Вот это здорово!,This is great!,,jazz-units:items.lua:69579
367942400770,"Проклятье, Айс! Ты им понравишься там, на небесах... или куда там еще ты отправился. Не теряй веры, друг. И мы попробуем не терять ее здесь.","Damn it, Ice! They'll like you up there in heaven... or wherever else you went. Don't lose faith, friend. And we will try not to lose it here.",,jazz-units:items.lua:68891
368042957180,Эйм,Aim,,jazz-units:Code/Mercenary.lua:160
369037458150,Автоматический огонь,Full Auto,,jazz-units:items.lua:58027
369806659349,"Пошел, раз-два!","Let's go, one-two!",,jazz-units:items.lua:70653
371809736597,"Ну вы б там обнялись еще, анчоусы!","Well, you should hug again there, anchovies!",,jazz-units:items.lua:70854
372824017930,Чушка! Рассыпались!,Chump! Scattered!,,jazz-units:items.lua:71014
373468043087,Автоматический огонь,Full Auto,,jazz-units:items.lua:58488
373496630515,"Зачем, зачем я стреляла? Это ужасно. Бедная моя Донна. Она даже не успела... ничего не успела!","Why, why did I shoot? It's horrible. My poor Donna. She didn't even have time... didn't have time to do anything!",,jazz-units:items.lua:78414
373784449831,Я могла бы сделать и побольше.,I could do more.,,jazz-units:items.lua:69446
374340837360,"Хлам вонючий. Командир, дай чо-нить нормальное.","The trash is stinking. Commander, give me something normal.",,jazz-units:items.lua:71037
374415667329,"По поводу операции есть известные сомнения, сечешь, шеф? Но, раз уж на тебя работает Рысь... О'кей, я в деле.","There are certain doubts about the operation, do you understand, chief? But since Lynx is working for you... Okay, I'm in.",,jazz-units:items.lua:71912 | jazz-units:UnitData/Wolf.lua:98
374823555124,"Щас потанцуем, В ритме вальса, раз-два, раз-два!","Let's dance now, in the rhythm of the waltz, one-two, one-two!",,jazz-units:items.lua:70669
375526940418,"Наконец-то! Хоть есть, чему порадоваться.",Finally! At least there is something to be happy about.,,jazz-units:items.lua:70098
375592592463,Бригадир,Foreman,,jazz-units:items.lua:42968 | jazz-units:UnitData/JAZZ_Legion_LeaderT1_Sergeant.lua:21
375719718344,"Дерьмо! Дерьмо! Дерьмо! Если мне попадется хоть что-нибудь приличное, что можно отнести к снаряжению, я точно буду знать, что это ошибка.","Shit! Shit! Shit! If I come across anything decent that can be classified as equipment, I will know for sure that it is a mistake.",,jazz-units:items.lua:69503
376372530640,Снайпер,Marksman,,jazz-units:items.lua:37640 | jazz-units:UnitData/ThugSniper_Stronger.lua:19
376568795049,"Пуля дура, а граната - ложись!","The bullet is stupid, but the grenade is down!",,jazz-units:items.lua:71019
377109261084,Грим,Makeup,,jazz-units:Code/Mercenary.lua:92
378163598765,Винтовку заело!,The rifle is jammed!,,jazz-units:items.lua:69696
379480096045,"Вот дерьмо! Я ослеп, как летучая мышь.",Holy crap! I'm blind as a bat.,,jazz-units:items.lua:69148
380159978333,"Нарисовался, хер сотрешь, мля!","You've drawn yourself, you'll erase the dick, blah!",,jazz-units:items.lua:70871
380552164029,"Может быть, эта работа меня бы больше устраивала, если б не эти тихие святоши, вроде Зондергад, которые все знают лучше тебя.","Maybe this job would suit me more if it weren’t for these quiet saints like Sondergad, who know everything better than you.",,jazz-units:items.lua:70164
381361568373,Есть - стать невидимым!,There is - become invisible!,,jazz-units:items.lua:70962
381661751402,После такого грохота даже мёртвые встанут... или разлетятся,"After such a roar, even the dead will rise... or fly away",,jazz-units:items.lua:68590
381905762019,Энвил,Envil,,jazz-units:Code/Mercenary.lua:145
382077164312,Миллер,Miller,,jazz-units:Code/Mercenary.lua:45
382095716482,Кросс,Cross,,jazz-units:Code/Mercenary.lua:122
384096176225,Добавь меня к списку.,Add me to the list.,,jazz-units:items.lua:69949
384723366977,"Я пока занят. Свяжись со мной завтра, послезавтра или когда-нибудь еще.","I'm busy for now. Contact me tomorrow, the day after tomorrow or whenever.",,jazz-units:items.lua:70519 | jazz-units:UnitData/JAZZ_Merc_Spouke.lua:89
385062947136,Леруа,Leroy,,jazz-units:Code/Mercenary.lua:68
385964216057,Ну давай похимичим.,"Well, let's have some fun.",,jazz-units:items.lua:70590
386888790086,"Патроны, немедленно!","Ammo, now!",,jazz-units:items.lua:70102
389265857987,Тут что-то есть.,I see something here.,,jazz-units:items.lua:68942
389792563855,"Может, мне еще поработать с каменными ножами и медвежьими шкурами? Будь все проклято, я - профессионал!","Maybe I should also work with stone knives and bear skins? Damn it all, I'm a professional!",,jazz-units:items.lua:70035
390088025798,"Работаем тихо. Про двести грамм еще в силе, братан.","We work quietly. About two hundred grams is still valid, bro.",,jazz-units:items.lua:70897
390477891424,Я готова... ко всему.,I'm ready... for anything.,,jazz-units:items.lua:69427
390863951465,"Я не могу овладеть ситуацией! Мне надо отсюда вырваться, пока я не потеряла разум!",I can't control the situation! I need to get out of here before I lose my mind!,,jazz-units:items.lua:70016
390899348731,"Паук... Горжусь я ей. Способная деваха! ",Spider... I'm proud of her. Capable girl!,,jazz-units:items.lua:79243
391843332947,Замечательно!,Wonderful!,,jazz-units:items.lua:70013
391984240592,Армейский Спецназ,Army Special Forces,,jazz-units:items.lua:56560
392427068113,Гренадёр,Grenadier,,jazz-units:items.lua:39447 | jazz-units:UnitData/JAZZ_Legion_AssaultT1_Grenadier.lua:22
392532954219,Здорово!,It's awesome!,,jazz-units:items.lua:69538
393390295731,Понеслась!,Let's go!,,jazz-units:items.lua:70672
395636543718,Чего-то до хрена их тут.,There's a hell of a lot of them here.,,jazz-units:items.lua:70808
395851346053,"Это было просто необходимо. ",It was simply necessary.,,jazz-units:items.lua:68840
397718810214,"Я знаю, что так думать немодно, но я думаю, что дело женщин - ходить босиком и вынашивать детей. Подождите немного, люди к этому еще вернутся!","I know it's unfashionable to think this way, but I think it's women's job to go barefoot and bear children. Wait a little, people will come back to this!",,jazz-units:items.lua:69076
397958642127,Костоправ,Chiropractor,,jazz-units:items.lua:40533 | jazz-units:UnitData/JAZZ_Legion_FrontT1_Bonemaker.lua:22
398154207634,Хейз,Hayes,,jazz-units:Code/Mercenary.lua:132
399210040383,Тут долго не поуворачиваешься!,You won't be able to turn around here for a long time!,,jazz-units:items.lua:70214
403326197899,Ха-ха!,Ha ha!,,jazz-units:items.lua:69025
403959952241,"Надо перезарядить. ",Need to recharge.,,jazz-units:items.lua:69011
407129560284,Ланс,Lance,,jazz-units:Code/Mercenary.lua:104
408060419721,"Ух, мля. Блин, прости, братан, я не со зла. У меня первый раз такое.","Wow, blah. Damn, sorry bro, I'm not being mean. This is my first time doing this.",,jazz-units:items.lua:70787
409615372084,Чилл,Chill,,jazz-units:Code/Mercenary.lua:172
410271431075,"Надо перезарядить. ",Need to recharge.,,jazz-units:items.lua:68830
410411022674,Назад! Здесь что-то не так!,Back! Something's wrong here!,,jazz-units:items.lua:68986
414979988250,Ща всех так шомполами в ухо перещелкаем.,Now we'll hit everyone in the ear with ramrods.,,jazz-units:items.lua:70896
416802619051,"Делаю то, что должен.",I do what I have to do.,,jazz-units:items.lua:68923
416911739915,Чемуренга,Chemurenga,,jazz-units:items.lua:48118 | jazz-units:UnitData/Chimurenga.lua:22
418043366071,"Некоторые просто не понимают, как надо разговаривать с людьми, когда у них в руках оружие!..",Some people simply don’t understand how to talk to people when they have weapons in their hands!..,,jazz-units:items.lua:68915
420195938142,Что случилось?,What happened?,,jazz-units:items.lua:69086
421502914635,"О, вроде даже блестит.","Oh, it even seems to sparkle.",,jazz-units:items.lua:70800
424414749198,Я слышала какой-то звук! Я совершенно уверена!,I heard some sound! I'm absolutely sure!,,jazz-units:items.lua:70147
424870893963,У меня нет времени на этот дешевый треп!,I don't have time for this cheap talk!,,jazz-units:items.lua:69596
424907470239,"Майор Спайк, самое время показать нам, кого боится весь Гранд-Чиен! Перегнул с пафосом, да?","Major Spike, it's time to show us who all of Grand Chien is afraid of! I went too far with pathos, right?",,jazz-units:items.lua:70850
425276899453,Можешь опять на меня расчитывать.,You can count on me again.,,jazz-units:items.lua:69928
425385674976,"Чисто. Ни звука, ни следа. Как в лучших домах","Clean. Not a sound, not a trace. Like in the best houses",,jazz-units:items.lua:68568
425623198151,а?,Huh?,,jazz-units:items.lua:70189
426231816634,Я сейчас просто рухну. Немного отдохнуть - и я опять буду в полном порядке.,I'm just about to collapse. Rest a little and I'll be fine again.,,jazz-units:items.lua:68906
426733413761,"Не хочу никого пугать, но я очень люблю полевую хирургию!","I don't want to scare anyone, but I really love field surgery!",,jazz-units:items.lua:70196
427712998155,"Ну да... Как будто мне есть, куда торопиться!","Well, yes... As if I have anything to hurry about!",,jazz-units:items.lua:69687
428218963534,Я бы осталась тут с Рысью еще ненадолго.,I would stay here with Lynx for a little while longer.,,jazz-units:items.lua:69267 | jazz-units:UnitData/Jazz_Buzz.lua:114
430350527253,Достало! Я не собираюсь их весь день искать. Дохлятина!,Enough! I'm not going to spend all day looking for them. Carrion!,,jazz-units:items.lua:69418
433488347204,"Шарлин! Нет! Прости-прости-прости! Как я могла? Зачем я вообще взяла в руки оружие? Вокруг меня все умирают, я проклята!","Charlene! No! Sorry, sorry, sorry! How could I? Why did I even pick up a weapon? Everyone around me is dying, I'm cursed!",,jazz-units:items.lua:70045
437565517773,Каратель,Punisher,,jazz-units:items.lua:40047 | jazz-units:UnitData/JAZZ_Legion_AssaultT3_Punisher.lua:22
437973556175,Хорошо!,Niceness!,,jazz-units:items.lua:69643
438512970215,Койот,Coyote,,jazz-units:Code/Mercenary.lua:151
438710259074,Рено,Renault,,jazz-units:Code/Mercenary.lua:76
442137809523,Бауэр,Bauer,,jazz-units:Code/Mercenary.lua:87
442187410309,Тяжелый Отряд Легиона,Legion Heavy Squad,,jazz-units:items.lua:51995
442282729493,Двигаюсь!,I'm moving!,,jazz-units:items.lua:70650
442517621864,"Мля... Вот не первый раз замужем, а больно все так же.","Damn... This is not the first time I’ve been married, but it still hurts just the same.",,jazz-units:items.lua:71047
444688786443,"Я в этом участвовать не буду, да и тебе это на самом деле не нужно. Иначе Рысь - покойник.","I won't participate in this, and you really don't need it. Otherwise Lynx is a dead man.",,jazz-units:items.lua:69186 | jazz-units:UnitData/Jazz_Buzz.lua:33
447021467824,"Это было безумно весело, но сейчас мне пора идти домой и настроить мой видак.","It was a lot of fun, but now I have to go home and set up my video recorder.",,jazz-units:items.lua:69452
450984196945,"Чо говоришь, Майором сам Скэллион был? Кремень мужик, наслышан, наслышан. Мля, чет очень хочу посмотреть, чем у вас там все кончится. Возьмешь?","What are you saying, Scallion himself was a Major? Flint man, I've heard a lot, I've heard a lot. Damn, I really want to see how it all ends with you. Will you take it?",,jazz-units:items.lua:70491 | jazz-units:UnitData/JAZZ_Merc_Spouke.lua:61
452526429322,"Если бы они только шевельнулись, чтоб я их заметил, я бы их тут же прикончил.","If they had only moved for me to notice them, I would have finished them off right there.",,jazz-units:items.lua:68854
452684503772,Кхм.,Hmm.,,jazz-units:items.lua:69091
452783725858,Хорошо!,Niceness!,,jazz-units:items.lua:69945
453307136093,Ну я,Well I,,jazz-units:items.lua:69642
454886760587,"Возьмите сектор, у меня авария!","Take the sector, I have an accident!",,jazz-units:items.lua:71043
455240026604,Это меня взбодрило!,This cheered me up!,,jazz-units:items.lua:69700
456729335516,"Черт, как мне не хотелось делать!","Damn, I didn’t want to do that!",,jazz-units:items.lua:68955
457634741369,"Я многому научился у Паука, и еще большему научусь. Всегда готов поработать с ней в паре, а раз уж она работает на вас, то значит и я согласен.","I learned a lot from Spider, and will learn even more. I’m always ready to work with her in pairs, and since she works for you, that means I agree.",,jazz-units:items.lua:72318 | jazz-units:UnitData/Thor.lua:93
459606553562,Выброс адреналина! Я чувствую - сейчас что-то случится.,Adrenaline rush! I feel like something is going to happen now.,,jazz-units:items.lua:70144
460502027712,CHPOK!@aim.com,CHPOK!@aim.com,,jazz-units:items.lua:70457 | jazz-units:UnitData/JAZZ_Merc_Spouke.lua:27
461382179970,"Я скоро возвращаюсь домой - просто, чтобы ты об этом знал. ",I'm coming home soon - just so you know.,,jazz-units:items.lua:68670
461470404380,Нет.,No.,,jazz-units:items.lua:69388
462123594221,"По своим лупишь, мля! Нахрена?","You're hitting your own people, blah! Why the hell?",,jazz-units:items.lua:70719
462191772251,Сразу удрали. Типичные мужики.,They ran away immediately. Typical men.,,jazz-units:items.lua:69421
463630214662,"Вот идиот! Ему место в рекламе - ""Контролируйте рождаемость""!","What an idiot! He belongs in advertising - ""Control the Birth""!",,jazz-units:items.lua:70202
463858834011,Штурмовики Легиона,Legion Attack Squad,,jazz-units:items.lua:51320
464401977453,Я готовлю работу по лечению связаных с потерей крови лихорадочных сотояний в полевых условиях.,I am preparing work on the treatment of febrile conditions associated with blood loss in the field.,,jazz-units:items.lua:70029
465052823647,Черт!,Damn!,,jazz-units:items.lua:70109
465176557843,Штурмовики Легиона,Legion Attack Squad,,jazz-units:items.lua:51879
465277985554,Скаут,Scout,,jazz-units:items.lua:41711 | jazz-units:UnitData/JAZZ_Legion_FlankerT2_Scout.lua:21
467553110152,"Мне нужен новый ствол, этот кончился!","I need a new barrel, this one is out!",,jazz-units:items.lua:71038
467605323713,Эээй... подожди. Запыхался.,Uh... wait. Out of breath.,,jazz-units:items.lua:69132
468582654019,У меня начинается депрессия! Мне надо просто рвануть и прочесать все это место с автоматом.,I'm starting to feel depressed! I just need to rush and comb this whole place with a machine gun.,,jazz-units:items.lua:69437
470315892047,Марк,Mark,,jazz-units:Code/Mercenary.lua:164
472771202525,Тяжелый Штурмовик,Heavy,,jazz-units:items.lua:45592 | jazz-units:UnitData/AdonisAssault.lua:20
472871840069,"Ух, хорошо! Лучше не бывает.","Uh, good! It couldn't be better.",,jazz-units:items.lua:68995
473496320013,Сейчас начнется!,It's about to start!,,jazz-units:items.lua:70112
473692128296,Хорошо!,Niceness!,,jazz-units:items.lua:69045
475206078375,Сержант,Sergeant,,jazz-units:items.lua:45896 | jazz-units:UnitData/AdonisSquadLeader_Sergant.lua:20
479861700346,Получи! Мы их всех прикончили!,Get it! We finished them all off!,,jazz-units:items.lua:68860
480352270619,"Вижу трафарета. Мать моя святая женщина, ну и рожа!","I see a stencil. My mother is a holy woman, what a face!",,jazz-units:items.lua:70593
481545511185,HoustonMD,HoustonMD,,jazz-units:items.lua:69734 | jazz-units:UnitData/Jazz_Spider.lua:29
481771233102,Ну ладно!,Okay!,,jazz-units:items.lua:69408
482785201411,Ущипните меня!,Pinch me!,,jazz-units:items.lua:69519
487267925473,"Спасибо, что дали мне возможность поработать с вашей командой. ",Thank you for giving me the opportunity to work with your team.,,jazz-units:items.lua:69960
488139214789,Нанести! Смыть! Повторить!,Apply! Wash it off! Repeat!,,jazz-units:items.lua:70853
489328798165,"Лови подачу, сникерс!","Catch the serve, Snickers!",,jazz-units:items.lua:71020
490217033288,пыхтит,puffs,,jazz-units:items.lua:68952
492075631047,Снэйр,Snare,,jazz-units:Code/Mercenary.lua:137
492856048683,"Делаю то, что должен.",I do what I have to do.,,jazz-units:items.lua:68815
493164139843,"Отсюда надо выбираться! ",We need to get out of here!,,jazz-units:items.lua:69123
493638022259,Ща под раздачу попаду!,I'll get into distribution now!,,jazz-units:items.lua:70915
494150854420,Iseeyou,Iseeyou,,jazz-units:items.lua:68628
494601902542,Ни черта не вижу!,I can't see a damn thing!,,jazz-units:items.lua:69476
496206738742,Внимание! Здесь каждый шаг может стать последним!,Attention! Here every step can be your last!,,jazz-units:items.lua:70076
496511088531,Доктор Ливси,Dr. Livesey,,jazz-units:items.lua:68457 | jazz-units:UnitData/Doctor_Leevsy.lua:19
498155992830,Бэнкс,Banks,,jazz-units:Code/Mercenary.lua:47
498160374265,Рейвен,Raven,,jazz-units:Code/Mercenary.lua:94
498845146351,"Я сделала свою работу. ",I've done my job.,,jazz-units:items.lua:69443
498910270585,Ой!,Oh!,,jazz-units:items.lua:69612
499121738647,"Отличный выстрел, братан!","Great shot, bro!",,jazz-units:items.lua:70948
499440250102,"После скандального расставания с Робертсом ""Рысью"", о котором, наверное, слышали даже марсиане, Луиза ожесточилась и возненавидела, кажется, вообще всех людей. Рысь - за то что он есть, себя - за то что была к нему привязана, мужчин - за то, что Рысь - мужчина, женщин - за то, что они рожают мужчин. И быть бы беде, если б один незадачливый наниматель не пригласил их обоих в команду, нанимая AIM для освобождения заложников на нефтяной платформе, захваченной радикальным крылом зоозащитной организации. Робертс поимел ... неосторожность получить тяжелое ранение в ходе операции и это привело Тоску в состояние неописуемой ярости. Буквально - описать то, что происходило на платформе, не смог никто. Зоозащитникам понадобилось новое боевое крыло, нанимателю  - новая нефтяная платформа, а заложники были найдены в состоянии крайнего истощения через неделю на самодельном плоту в Атлантическом океане. Так или иначе, Луиза готова к выполнению заданий как никто другой, и горе тому, кто попробует ее разозлить.
499758495969,"Отлично, похоже, что все в порядке. Готова к службе!","Great, looks like everything is fine. Ready for service!",,jazz-units:items.lua:69843 | jazz-units:UnitData/Jazz_Spider.lua:138
499865327224,В хорошей компании и работать приятнее....,It's more pleasant to work in a good company...,,jazz-units:items.lua:70382
500086555472,"Ты заметил, как я стреляю? Я умею обращаться с любым оружием!",Have you noticed how I shoot? I can handle any weapon!,,jazz-units:items.lua:69310 | jazz-units:UnitData/Jazz_Buzz.lua:157
500434425609,Слушай внимательно. Я сказала...,Listen carefully. I said...,,jazz-units:items.lua:69305 | jazz-units:UnitData/Jazz_Buzz.lua:152
500537214867,"Эх, говорила мне маманя, не ходи в армию...","Eh, my mother told me, don’t go to the army...",,jazz-units:items.lua:70703
500654424505,Всем залечь!,Everybody down!,,jazz-units:items.lua:71013
502680326984,"Капрал, мля, это чо за новые методы командования?","Corporal, damn, what kind of new command methods are these?",,jazz-units:items.lua:70713
502992010509,"Вот это их размножило, мля, как под копирку!","This is what multiplied them, damn it, like a carbon copy!",,jazz-units:items.lua:70907
503068485640,Немного везения мне бы сейчас никак не помешало!,A little luck wouldn't hurt me right now!,,jazz-units:items.lua:68813
505750596768,Что-то мне хочется кого-нибудь убить!,I kind of want to kill someone!,,jazz-units:items.lua:69473
506384671724,Очень хорошо! Я с нетерпением жду новых заданий.,Very good! I'm looking forward to new assignments.,,jazz-units:items.lua:69853 | jazz-units:UnitData/Jazz_Spider.lua:148
508166946977,Легче шаг...,Easier step...,,jazz-units:items.lua:70658
508177537882,"Капрал Лен Андерсон, сэр! Так точно, сэр! Заебись вышло, сэр!","Corporal Len Anderson, sir! That's right, sir! It's fucked up, sir!",,jazz-units:items.lua:70937
508965931222,Газы!,Gases!,,jazz-units:items.lua:70725
509015221107,"Ну все, хана. Накрылась маскировочка.","That's it, Khan. The camouflage cover was covered.",,jazz-units:items.lua:70664
509896041860,"Ну пошли, че.","Well, let's go, then.",,jazz-units:items.lua:70900
511604236324,"А ты ведь не верил, что получится, а? ","But you didn’t believe that it would work out, did you?",,jazz-units:items.lua:68974
512031002404,Ха-ха!,Ha ha!,,jazz-units:items.lua:69681
512115282353,"Я нахожу, что мисс Зондергад весьма невоспитана и чрезвычайно склонна к снобизму. Это просто невыносимо. ",I find Miss Sondergad to be very ill-mannered and extremely prone to snobbery. It's simply unbearable.,,jazz-units:items.lua:70085
512609438715,"Что? Вики? Вики! Нет! Почему? Почему я убиваю своих друзей? Я не должна никого убивать! Я врач, я должна лечить их, а не убивать! Я не хочу, чтоб они умирали!","What? Vicky? Vicky! No! Why? Why do I kill my friends? I shouldn't kill anyone! I'm a doctor, I should treat them, not kill them! I don't want them to die!",,jazz-units:items.lua:70042
513131038337,Доктор Донна «Паук» Хьюстон,"Dr. Donna ""Spider"" Houston",,jazz-units:items.lua:69727 | jazz-units:UnitData/Jazz_Spider.lua:22
513237077073,"Если каждый виноват, где ж на всех набрать гранат?","If everyone is guilty, where can you get grenades for everyone?",,jazz-units:items.lua:70809
513375237054,Я бы лучше прикончила Рысь!,I'd rather finish off Lynx!,,jazz-units:items.lua:69580
513995264753,"Смотри сюда, анчоус, щас вылетит бомбочка!","Look here, anchovy, a bomb is about to fly out!",,jazz-units:items.lua:70671
514280209635,"Если не шуметь - можно услышать, как другие сами себя выдают","If you don't make noise, you can hear others giving themselves away",,jazz-units:items.lua:68584
514698550653,"Нет, сейчас не получится.","No, it won't work now.",,jazz-units:items.lua:68827
514802376195,Готье,Gautier,,jazz-units:Code/Mercenary.lua:69
515173793525,А-а-а-а-а-а,A-a-a-a-a-a,,jazz-units:items.lua:70619
515353939957,"Я рада, что все закончилось. Врагов здесь не осталось, только их потери в живой силе!","I'm glad it's over. There are no enemies left here, only their losses in manpower!",,jazz-units:items.lua:69941
515735951720,Палач,Executioner,,jazz-units:items.lua:36770 | jazz-units:UnitData/ThugGoon_Stronger_Elite.lua:19
515826095239,LouisaGarneau@aim.com,LouisaGarneau@aim.com,,jazz-units:items.lua:69180 | jazz-units:UnitData/Jazz_Buzz.lua:27
516378752870,Командир,Commander,,jazz-units:items.lua:45776 | jazz-units:UnitData/AdonisSquadLeader_Heavy.lua:20
516488153182,"Нет, для меня это слишком сложно. Похоже, этого вообще нельзя сделать.","No, it's too difficult for me. It looks like this can't be done at all.",,jazz-units:items.lua:69907
517772094687,Ладно... я так думаю.,Okay... I think so.,,jazz-units:items.lua:69315 | jazz-units:UnitData/Jazz_Buzz.lua:162
519366026133,"Ух, хорошо! Лучше не бывает.","Uh, good! It couldn't be better.",,jazz-units:items.lua:69026
521007046314,Мародёр,Marauder,,jazz-units:items.lua:40262 | jazz-units:UnitData/JAZZ_Legion_FrontT1_Marauder.lua:21
521607646039,Элитный Тяжелый Штурмовик,Elite Heavy Assault,,jazz-units:items.lua:45526 | jazz-units:UnitData/AdonisAssault_Elite.lua:20
522049693201,Это слишком трудно - даже для меня.,It's too difficult - even for me.,,jazz-units:items.lua:68822
522296454319,"Наконец-то! Если повезет, подстрелю пару мужиков.","Finally! If I'm lucky, I'll shoot a couple of guys.",,jazz-units:items.lua:69570
522569897458,Я пойду... Только держи от меня подальше этого сукиного сына Рысь и всех остальных мужиков тоже.,I'll go... Just keep that son of a bitch Lynx and all the other men away from me too.,,jazz-units:items.lua:69232 | jazz-units:UnitData/Jazz_Buzz.lua:79
523409377317,"Я в принципе не имею ничего против женщин, особенно - матерей, если не считать того, что они, подчас, рожают мужчин","In principle, I have nothing against women, especially mothers, except for the fact that they sometimes give birth to men",,jazz-units:items.lua:69625
524906689913,"Все, я ложусь. Скоро буду опять готова к работе.","That's it, I'm going to bed. Soon I'll be ready to work again.",,jazz-units:items.lua:69990
527385177589,"Ну че парни, понабиваем Фрагов?","Well, guys, let's get some Frags?",,jazz-units:items.lua:70681
528546746564,Век живи - век учись!,Live forever and learn!,,jazz-units:items.lua:70226
529158036479,"Как на ладони, бро.","Right in the palm of your hand, bro.",,jazz-units:items.lua:70598
530027855207,Со мной все в порядке. Только злить меня не надо!,I'm fine. Just don't make me angry!,,jazz-units:items.lua:69401
530213193898,Армейский взвод,Army platoon,,jazz-units:items.lua:57022
530556568332,"Это и правда было так близко, или мне показалось?","Was it really that close, or was it just my imagination?",,jazz-units:items.lua:70128
531023558183,"Ученье свет, а не ученье - чуть свет и на работу.","Study is light, but not study - as soon as it’s light you go to work.",,jazz-units:items.lua:70790
531121055156,Выброс адреналина! Я чувствую - сейчас что-то случится.,Adrenaline rush! I feel like something is going to happen now.,,jazz-units:items.lua:69899
531159738476,"Братан, не шелести. Видишь, серьезные дяди рамсят. Сховайся пока.","Bro, don't make any noise. You see, serious guys are rambling. Shut up for now.",,jazz-units:items.lua:70865
531483834733,"по моему мнению, Сова - отличный товарищ, и я доверяю ей абсолютно.","in my opinion, Owl is an excellent comrade, and I trust her absolutely.",,jazz-units:items.lua:70094
534127356489,Жизни Саперов Важны,Sappers' Lives Are Important,,jazz-units:items.lua:70456 | jazz-units:UnitData/JAZZ_Merc_Spouke.lua:26
535112321767,Как в старые добрые!,Just like the good old times!,,jazz-units:items.lua:70389
536792876890,"Щас мисс Зондергадина бы завернула чо-нить трехэтажное, но без мата.","Right now Miss Zondergadina would have wrapped up something three-story high, but without swearing.",,jazz-units:items.lua:70840
536970482013,Грид,Grid,,jazz-units:Code/Mercenary.lua:168
538817396599,"Жирафьи выблядки. Лезут со всех щелей, как тараканы, мля.","Giraffe bastards. They crawl out of all the cracks like cockroaches, blah.",,jazz-units:items.lua:70979
540573932957,letsgoboom,letsgoboom,,jazz-units:items.lua:70458 | jazz-units:UnitData/JAZZ_Merc_Spouke.lua:28
540645319934,"Найс, брателло. Пошли взрывать.","Nice, brother. Let's go blow it up.",,jazz-units:items.lua:70549 | jazz-units:UnitData/JAZZ_Merc_Spouke.lua:119
543496909776,"Честно говоря, мне это все не очень нравится, но в команде - доктор  Хьюстон, Паук. Она - то, что надо! Так что я согласна.","To be honest, I don't really like it all, but Dr. Houston, Spider, is on the team. She is what you need! So I agree.",,jazz-units:items.lua:73938 | jazz-units:UnitData/Raven.lua:92
544193872670,Блэк,Black,,jazz-units:Code/Mercenary.lua:97
545864137921,Вот им и конец!,This is the end of them!,,jazz-units:items.lua:69560
546032242947,Пироман,Pyromaniac,,jazz-units:items.lua:39694 | jazz-units:UnitData/JAZZ_Legion_AssaultT2_Pyro.lua:22
547061568930,Хреново!,It sucks!,,jazz-units:items.lua:69599
548780115142,Коммандо,Commando,,jazz-units:items.lua:37291 | jazz-units:UnitData/ThugGunner_Stronger.lua:20
549151219359,Фрагу - фраг!,Fragu - frag!,,jazz-units:items.lua:70874
550719634985,"Винтовку заело - не пойму, с чего!",The rifle jammed - I don’t understand why!,,jazz-units:items.lua:69144
551908327410,Хаузер,Hauser,,jazz-units:Code/Mercenary.lua:85
552549279859,"Погнали, пацаны!","Let's go, boys!",,jazz-units:items.lua:70730
552827378950,Закрыто!,Closed!,,jazz-units:items.lua:68900
554240280022,"Подумай еще разок. Меня может вырвать от одной мысли, что придется опять общаться с Рысью. Я просто говорю, что меня... вырвет, именно так.","Think again. I might vomit just thinking about having to communicate with Lynx again. I'm just saying that I... will throw up, that's it.",,jazz-units:items.lua:69248 | jazz-units:UnitData/Jazz_Buzz.lua:95
555123787114,Животные... В этих джунглях даже звери хотят нас убить,"Animals... In this jungle, even the animals want to kill us",,jazz-units:items.lua:68557
555266715833,"Ну чо ж вы, братаны, верняк же фраги были. Эх...","Come on, bros, they sure were frags. Eh...",,jazz-units:items.lua:70678
556919213671,Добавь меня к списку.,Add me to the list.,,jazz-units:items.lua:70136
556968077117,Кровь. Хорошо хоть прививку от столбняка сделала!,Blood. It’s good that you at least got a tetanus shot!,,jazz-units:items.lua:70241
557816817655,"Меня от всей этой компании просто трясет. Убить бы парочку - может, я тогда опять научусь улыбаться.","I'm just shaking from this whole company. If only I could kill a couple, maybe then I’ll learn to smile again.",,jazz-units:items.lua:69660
558500899025,"Слушай, почему, если мужчина мне что-то присылает, в коробке всегда оказывается чуть меньше того, что я ожидала?","Listen, why is it that if a man sends me something, the box always turns out to be a little less than what I expected?",,jazz-units:items.lua:69672
560063196152,Готова к работе.,Ready to go.,,jazz-units:items.lua:70138
560217604449,Своя!,Yours!,,jazz-units:items.lua:71018
564874178676,Заперто!,Locked!,,jazz-units:items.lua:69461
566163170053,"Окей, время прогуляться по долине смерти.","Okay, time for a walk through the valley of death.",,jazz-units:items.lua:68814
566351894894,"бежит, дышит","runs, breathes",,jazz-units:items.lua:70020
566547246038,"Окей, время прогуляться по долине смерти.","Okay, time for a walk through the valley of death.",,jazz-units:items.lua:68876
567246704413,ПИЛОТ,PILOT,,jazz-units:items.lua:68513 | jazz-units:UnitData/Merc_BarrySeal.lua:25
567757791660,"Не думаю, что мы нашли их всех.",I don't think we found them all.,,jazz-units:items.lua:69935
567807605034,"Командир, экипе надо бы техосмотр провести, туда-сюда, смазать, подшить, подвязать. Есть у нас умелец?","Commander, the crew should have a technical inspection, back and forth, lubricated, hemmed, tied up. Do we have a craftsman?",,jazz-units:items.lua:70768
568327904111,"Да, готов!","Yes, I'm ready!",,jazz-units:items.lua:69087
569056152986,Ой!,Oh!,,jazz-units:items.lua:69059
569935050433,"Похоже, мой контракт почти закончен. Поговорим о продлении, или мне подумать о другой работе?","Looks like my contract is almost over. Shall we talk about an extension, or should I think about another job?",,jazz-units:items.lua:69848 | jazz-units:UnitData/Jazz_Spider.lua:143
570086844191,"Ого! Господи, что со мной могло случится!","Wow! Lord, what could have happened to me!",,jazz-units:items.lua:70082
570532255961,Меня прозвали Рысью не за красивые глаза.,They didn't call me Lynx because of my beautiful eyes.,,jazz-units:items.lua:69008
571545929877,Куда ты меня послал?,Where did you send me?,,jazz-units:items.lua:70901
571903284610,Смоук,Smoke,,jazz-units:Code/Mercenary.lua:154
572423503632,"это я его убила! Не знаю, гордиться собой... или меня от себя стошнит! Всего понемножку, наверное!","I was the one who killed him! I don't know whether to be proud of myself... or to make myself sick! A little bit of everything, I guess!",,jazz-units:items.lua:70051
572586373311,"Сломалось, уже почти не держит... Командир, если в бою отвалится, я тебе буду во снах являться. В кошмарах.","It’s broken, it almost doesn’t hold anymore... Commander, if it falls off in battle, I’ll appear in your dreams. In nightmares.",,jazz-units:items.lua:70767
574365442620,"Ого, да от такой вони может и протащить! Никому не чиркать спичками!","Wow, such a stench can get you through! Don't strike matches for anyone!",,jazz-units:items.lua:69120
574520540655,Я бы попросил....,I would ask...,,jazz-units:items.lua:70403
574920684105,Хоук,Hawk,,jazz-units:Code/Mercenary.lua:115
575987062755,кряхтит,grunts,,jazz-units:items.lua:68851
577012002969,Слишком большая потеря крови! Сейчас будет шок!,Too much blood loss! Now there will be a shock!,,jazz-units:items.lua:69987
577658652787,Достало!,Enough!,,jazz-units:items.lua:69480
579655211150,"Мы с Вики Вотерс отлично ладим. Поэтому я готова ответить на ваше предложение согласием, несмотря на некоторые сомнения. Я уверена, что вместе с Вики мы сумеем со всем этим справится.","Vicky Waters and I get along great. Therefore, I am ready to agree to your proposal, despite some doubts. I am sure that together with Vicky we will be able to cope with all this.",,jazz-units:items.lua:69795 | jazz-units:UnitData/Jazz_Spider.lua:90
581619355853,"Кончил, мля. Гы-гы.","Finished, fuck. Gee-gee.",,jazz-units:items.lua:70877
582016394270,Бэр,Bare,,jazz-units:Code/Mercenary.lua:109
582199010085,"Проклятье, Айс!","Damn it, Ice!",,jazz-units:items.lua:68909
582562373198,Фига! Это чо у меня за патроны крышесносные такие?,Fuck! What kind of crazy cartridges do I have?,,jazz-units:items.lua:70888
582640190015,Нэш,Nash,,jazz-units:Code/Mercenary.lua:52
583107492015,Болт,Bolt,,jazz-units:Code/Mercenary.lua:127
583199524339,Следующая задача?,Next challenge?,,jazz-units:items.lua:69925
583874080532,"Вы с Роном были как сиамские близнецы, Шарлин. Представить невозможно, что один из вас сможет обходиться без другого. Прощай, Шарлин.","You and Ron were like Siamese twins, Charlene. It is impossible to imagine that one of you can do without the other. Goodbye Charlene.",,jazz-units:items.lua:69975
584093716208,Рейнджер,Ranger,,jazz-units:Code/Mercenary.lua:136
585790994900,"Кое-кого ближайшие пару дней злить не стоит, понятно. Когда ж вы синхро... синхв... синхрхр... тьфу, сцепитесь уже.","It’s not worth pissing off someone for the next couple of days, obviously. When will you sync... sync... sync... ugh, lock up already.",,jazz-units:items.lua:70945
587748488427,Диверсант,Saboteur,,jazz-units:items.lua:44124 | jazz-units:UnitData/ArmyCommando_Scout.lua:20
589107264310,Бореал,Boreal,,jazz-units:Code/Mercenary.lua:176
589735084653,"Эрни родился в одном из портовых городов на востоке США. Как и все остальные пацаны с района, он играл в стритбол, мечтая когда-нибудь выйти на корт за главную команду Сент-Луиса. Был членом молодежной банды своего района, несколько раз задерживался полицией, но натворить больших бед не успел. Повзрослев, вступил в армию США, так как посчитал, что служба станет для него отличным социальным лифтом. После учебки служил сапером в морской пехоте, так что отлично владеет навыками минного дела. При выполнении одного из заданий, о которых не рассказывают дома, получил ранение. Был эвакуирован, а после курса реабилитации и вовсе вышел в отставку. Через какое-то время примкнул к AIM, чему Организация несказанно рада. На должности сапера обычно очень высокая текучка кадров. Не скрывает, что пришел в Организацию за деньгами, так что держите карман шире.","Ernie was born in one of the port cities in the eastern United States. Like all the other kids from the area, he played streetball, dreaming of one day playing on the court for the main St. Louis team. He was a member of a youth gang in his area, was detained by the police several times, but did not manage to cause any big trouble. Having matured, he joined the US Army, as he believed that the service would be an excellent social lift for him. After training, he served as a sapper in the Marine Corps, so he has excellent mine skills. While performing one of the tasks that they don’t talk about at home, he was injured. He was evacuated, and after a course of rehabilitation he retired altogether. After some time, he joined AIM, which the Organization is incredibly happy about. Sapper positions typically have a very high turnover rate. He doesn’t hide the fact that he came to the Organization for money, so keep your pockets wider.",,jazz-units:items.lua:70454 | jazz-units:UnitData/JAZZ_Merc_Spouke.lua:24
590235542352,Рысь,Lynx,,jazz-units:items.lua:68622
590273814602,Фалкон,Falcon,,jazz-units:Code/Mercenary.lua:146
592497176764,Взяла!,Got it!,,jazz-units:items.lua:70061
595437803097,Пулеметчик,Gunner,,jazz-units:items.lua:46256 | jazz-units:UnitData/AdonisHeavy.lua:20
596939489153,"Я еще жив... ох, боюсь сглазить!","I'm still alive... oh, I'm afraid I'll jinx it!",,jazz-units:items.lua:68903
597301428007,Мэдден,Madden,,jazz-units:Code/Mercenary.lua:61
598414131441,Свинец нужен.,Lead is needed.,,jazz-units:items.lua:69394
600879852371,Фрагу-Фраг! Вот так-то!,Fragu-Frag! That's it!,,jazz-units:items.lua:70675
601932715102,Гост,GOST,,jazz-units:Code/Mercenary.lua:91
602384197032,Штайнер,Steiner,,jazz-units:Code/Mercenary.lua:79
602782802811,Пулемётчик,Heavy,,jazz-units:items.lua:42482 | jazz-units:UnitData/JAZZ_Legion_GunnerT2_GMPG.lua:21
603365739040,Тут эта отрыжка носорога че-то бычит на меня.,Here this rhinoceros burp is yelling something at me.,,jazz-units:items.lua:70814
604674102021,Готов.,Ready.,,jazz-units:items.lua:68869
606902871816,"Люблю, когда мне уделяют столько внимания.",I love it when they pay so much attention to me.,,jazz-units:items.lua:69532
606905761121,Понял.,Acknowledged.,,jazz-units:items.lua:68868
609010784993,Слаба старушка к старости глазами стала...,The weak old lady's eyes have become...,,jazz-units:items.lua:70836
609243624096,смылся,got away,,jazz-units:items.lua:70931
609347215896,Эш,Ash,,jazz-units:Code/Mercenary.lua:119
609842379014,Колман,Colman,,jazz-units:Code/Mercenary.lua:56
610487125242,"Вот это я называю ""накрыло Айсбергом"", мля!","This is what I call “covered by an iceberg,” blah!",,jazz-units:items.lua:70934
613989791386,"И чо это за говно ты мне выдал? Не, вот ты щас серьезно, командир, не бздишь? В натуре? Ну дела...","And what kind of shit did you give me? No, you’re serious right now, commander, aren’t you being crazy? In kind? Well done...",,jazz-units:items.lua:70771
614304015048,Охранение лагеря,Camp security,,jazz-units:items.lua:51212
615526883141,"Послушайте, у меня есть и другие дела на сегодня!","Listen, I have other things to do today!",,jazz-units:items.lua:70105
616450986509,"Пойди, умойся. Я ногти крашу.",Go wash yourself. I paint my nails.,,jazz-units:items.lua:69595
617254997265,Приказывай Босс,Order Boss,,jazz-units:items.lua:68578
618432097815,Нокс,Knox,,jazz-units:Code/Mercenary.lua:131
618740402029,"Правда, мне интересно, как это получится.","True, I'm interested in how this will turn out.",,jazz-units:items.lua:68823
619215783391,"прыгает, гоп","jumping, gop",,jazz-units:items.lua:70039
619491844894,"Помедленнее, а то у меня будут проблемы с легкими!",Slow down or I'll have lung problems!,,jazz-units:items.lua:70010
619763824975,"Не парься, сестра, я тя и в пушках и в движках прикрою! ","Don’t worry, sister, I’ll cover you in both guns and engines!",,jazz-units:items.lua:79183
620020470489,"Лучше не бывает! Не часто можно получить такое удовлетворение от нашей работы. ",It couldn't be better! It's not often that we get such satisfaction from our work.,,jazz-units:items.lua:68894
620648651508,Дозорный,Sentinel,,jazz-units:items.lua:41561 | jazz-units:UnitData/JAZZ_Legion_FlankerT1_Warden.lua:20
622058629659,ХА!,HA!,,jazz-units:items.lua:70116
623103654662,Прыжок 2,Jump 2,,jazz-units:items.lua:70775
623794979175,Осадный отряд,Siege Squad,,jazz-units:items.lua:50538 | jazz-units:items.lua:50687 | jazz-units:items.lua:50851 | jazz-units:items.lua:50960 | jazz-units:items.lua:51082
623795138668,Мрачная судьба,grim fate,,jazz-units:CharacterEffect/TheGrim.lua:31 | jazz-units:items.lua:82510
624356366496,"Это Руди Робертс. Меня прозвали Рысь. Раз Вы позвонили - возможно, вы обо мне слышали. В любом случае, просто оставьте сообщение, и я с вами свяжусь.","This is Rudy Roberts. They called me Lynx. Since you called, perhaps you have heard about me. Anyway, just leave a message and I'll get back to you.",,jazz-units:items.lua:68735
624911492248,"Я бы предложил тебе присмотреться к Айсу Вильямсу. Он - парень, что надо.",I would suggest you take a closer look at Ice Williams. He's the guy you need.,,jazz-units:items.lua:68723
624951576698,Вот это я называю Биг-Бада-Бум!,Now that's what I call Big Bada Boom!,,jazz-units:items.lua:70856
625064533501,Капитан,Captain,,jazz-units:items.lua:45047 | jazz-units:UnitData/ArmyCommander.lua:20
625207669816,Да-а.,Yes.,,jazz-units:items.lua:70955
625489049946,Давайте его кастрируем? Чтоб больше не шлялся.,Let's castrate him? So that he doesn't wander around anymore.,,jazz-units:items.lua:69556
625760841709,"Если ты решил бить своих, чтоб чужие боялись, я тебе щас рожу то подправлю, клоун!","If you decide to beat your own people so that strangers will be afraid, I’ll correct you right now, clown!",,jazz-units:items.lua:70720
626054332065,"Ну да... Как будто мне есть, куда торопиться!","Well, yes... As if I have anything to hurry about!",,jazz-units:items.lua:69663
628384640115,"Глянем, чо там такое.",Let's see what's there.,,jazz-units:items.lua:70796
628621056311,Чужаки!,Strangers!,,jazz-units:items.lua:69569
628646186230,"Есть, начальник! ","Yes, boss!",,jazz-units:items.lua:68921
630854748822,Ладно!,Okay!,,jazz-units:items.lua:70183
632915371810,Меня мутит.,I feel sick.,,jazz-units:items.lua:69981
633598512041,"Тик-так, мазафака, тиик-тааак.","Tick-tock, motherfucker, tick-tock.",,jazz-units:items.lua:70534 | jazz-units:UnitData/JAZZ_Merc_Spouke.lua:104
633924799191,Окей,Okay,,jazz-units:items.lua:69043
635392951739,"Я стала очень раздражительной, и производительность упала.",I became very irritable and my productivity dropped.,,jazz-units:items.lua:69467
635669226459,"Всякий раз, как скажешь себе: ""Вот он, предел падения человека!"" - обязательно окажешься в компании вроде этой.",Every time you say to yourself: “This is the limit of man’s fall!” - you will definitely find yourself in a company like this.,,jazz-units:items.lua:70002
635701368585,"Заживает, как на... на волке, во!","Heals like... like a wolf, wow!",,jazz-units:items.lua:70735
635898925775,"Я только уверяюсь в своем расположении к фройляин Паук. Она такая женщина, такая женщина!","I am only assuring myself of my affection for Fraulein Spider. She is such a woman, such a woman!",,jazz-units:items.lua:78880
637242710997,"Окей, время прогуляться по долине смерти.","Okay, time for a walk through the valley of death.",,jazz-units:items.lua:69067
637504933318,"Вещь лежит. Типа, не нужная никому.","The thing is lying. Like, no one needs it.",,jazz-units:items.lua:70797
637518490271,Леклер,Leclerc,,jazz-units:Code/Mercenary.lua:71
637682304626,Где противогаз?,Where's the gas mask?,,jazz-units:items.lua:70724
638205914703,Дог,Great Dane,,jazz-units:Code/Mercenary.lua:102
638265936693,Пилот,PILOT,,jazz-units:items.lua:68520 | jazz-units:UnitData/Merc_BarrySeal.lua:32
638363130733,Готова к работе.,Ready to go.,,jazz-units:items.lua:69924
638419002772,"Звери - это ещё полбеды. Хуже, когда они ведут за собой охотников",Animals are not so bad. It's worse when they lead hunters,,jazz-units:items.lua:68559
638833823539,"Не представляю, как. ",I can't imagine how.,,jazz-units:items.lua:69391
638847714296,Пойдет.,It'll do.,,jazz-units:items.lua:69047
641193627757,"Ну, я немного удивлен, но.. это ведь твоя война! Делай, как считаешь нужным.","Well, I'm a little surprised, but... this is your war! Do as you see fit.",,jazz-units:items.lua:69111
641400217995,Командир,Commander,,jazz-units:items.lua:36489 | jazz-units:UnitData/ThugBoss.lua:20
641563680463,ПАУК,Spider,,jazz-units:items.lua:69729 | jazz-units:UnitData/Jazz_Spider.lua:24
644672895006,"Я не люблю обращаться за рекомендациями, но послушай - спроси обо мне любого из наших. Я очень надежен!","I don't like asking for recommendations, but listen - ask any of our guys about me. I'm very reliable!",,jazz-units:items.lua:68750
644740807099,"Окей, насчет этой работы договорились.","Okay, we've agreed on this job.",,jazz-units:items.lua:68810
646522112366,"О, господи, еще одно СУЩЕСТВО.","Oh my god, another CREATURE.",,jazz-units:items.lua:69918
647431985781,Хорошо!,Niceness!,,jazz-units:items.lua:69407
649839486980,Лейтенант,Lieutenant,,jazz-units:items.lua:45124 | jazz-units:UnitData/ArmyLeitenant.lua:20
650582191601,"Всем оставаться на чеку, сектор не зачищен.","Everyone stay on alert, the sector has not been cleared.",,jazz-units:items.lua:70637
650935403616,Осечка. Надо вытащить патрон.,Misfire. We need to remove the cartridge.,,jazz-units:items.lua:70238
653174142416,Красный! Не могу стрелять!,Red! I can't shoot!,,jazz-units:items.lua:70862
654032335337,Чем могу служить?,How can I serve you?,,jazz-units:items.lua:70134
654136216360,Я держу этот участок. Если что-то шевельнётся - узнаю первым,"I hold this site. If something moves, I'll be the first to know.",,jazz-units:items.lua:68574
654345259101,А почему я должна об этом беспокоиться?,Why should I worry about this?,,jazz-units:items.lua:69404
654442681700,Грабитель,Robber,,jazz-units:items.lua:36974 | jazz-units:UnitData/ThugGrenadier_Stronger.lua:18
654982270798,"Ну что ж, это никак не назовешь ""идеальными условиями"", но, раз это дает шанс работать с Айсом - я иду с вами.","Well, this can’t be called “ideal conditions”, but since this gives me a chance to work with Ice, I’m going with you.",,jazz-units:items.lua:68707
655003570544,Дьявол!,Devil!,,jazz-units:items.lua:69117
656349721144,"Ух, хорошо! Лучше не бывает.","Uh, good! It couldn't be better.",,jazz-units:items.lua:68837
658024542546,А я и не удивляюсь..! Уж Вики умеет работать!,And I’m not surprised..! Vicky knows how to work!,,jazz-units:items.lua:70158
658824394701,"Тяжелая участь солдата, сука...","The hard fate of a soldier, bitch...",,jazz-units:items.lua:70696
659277276887,Тут долго не поуворачиваешься!,You won't be able to turn around here for a long time!,,jazz-units:items.lua:69954
659647363192,"Может, удастся прихлопнуть тараканчика.",Maybe you can kill the cockroach.,,jazz-units:items.lua:69379
659760847936,"Ты чо уши греешь, Рейдер?","Are you warming your ears, Rader?",,jazz-units:items.lua:70411
661177876993,"Ты чо, тявкалку замкни свою, тухлятиной тащит.","Why, shut up your yapper, he's carrying rotten meat.",,jazz-units:items.lua:70616
661838275086,Ммм... Гм... хорошо подогнано!,Mmm... Hmm... well fitted!,,jazz-units:items.lua:69541
662960700376,Задержка!,Delay!,,jazz-units:items.lua:71042
663837406922,Пуляло,Bullet,,jazz-units:items.lua:42356 | jazz-units:UnitData/JAZZ_Legion_GunnerT1_Gunner.lua:22
665932192541,Я лучше подожду немного. Не хочу торопиться.,I'd better wait a little. I don't want to rush.,,jazz-units:items.lua:68824
669174238474,"Я слишком занята. Обязательно позвоните мне, когда выясните для себя, что вам, собственно, нужно.",I'm too busy. Be sure to call me when you figure out for yourself what you actually need.,,jazz-units:items.lua:69838 | jazz-units:UnitData/Jazz_Spider.lua:133
669687407644,Стрелок,HITMAN,,jazz-units:items.lua:37509 | jazz-units:UnitData/ThugSniper.lua:19
672319054709,Скоуп,Scope,,jazz-units:Code/Mercenary.lua:169
673665649440,"Не пойму, почему мужчинам так нравятся подобные занятия... убивать, чесаться, блевать, все в таком роде.","I don't understand why men like things like this so much... killing, scratching, vomiting, all that kind of stuff.",,jazz-units:items.lua:70170
674868295918,Зачем мне все это барахло? Дайте мне трубочку для плевания и фанерку - загораживаться! Куда полезнее будет.,Why do I need all this junk? Give me a spitting tube and a piece of plywood - block myself! It will be much more useful.,,jazz-units:items.lua:68948
675165000259,Двигаю туда.,I'm moving there.,,jazz-units:items.lua:70903
675722179704,Я с нетерпением жду новых заданий.,I'm looking forward to new assignments.,,jazz-units:items.lua:70137
675951925750,Рискуем нарваться!,We risk getting into trouble!,,jazz-units:items.lua:69021
676216529798,Штурмовики Легиона,Legion Attack Squad,,jazz-units:items.lua:52980
676253179204,Есть контакт!,There is contact!,,jazz-units:items.lua:69573
676271731652,"От жирафа слышу, мля.","I hear it from a giraffe, blah.",,jazz-units:items.lua:70869
680606004654,"Он может считать, что ему повезло...",He may consider himself lucky...,,jazz-units:items.lua:69589
680951234078,Пин,Pin,,jazz-units:Code/Mercenary.lua:163
682329187809,Я не сомневаюсь в присутствии противника.,I have no doubt about the presence of the enemy.,,jazz-units:items.lua:70111
682930415207,Хоукс,Hawks,,jazz-units:Code/Mercenary.lua:65
683199688740,Лишь бы растяжки не оказалось.,If only there were no stretch marks.,,jazz-units:items.lua:70801
683910542719,Кристал,Crystal,,jazz-units:Code/Mercenary.lua:180
683983528014,"Внимание, все! Что-то мне хочется кого-нибудь убить!","Attention, everyone! I kind of want to kill someone!",,jazz-units:items.lua:69494
684046837445,"Шире шаг! В канаву не е... свались, мля!","Take a wider step! Don't... fall into the ditch, blah!",,jazz-units:items.lua:70732
685769555215,Слушаю!,I'm listening!,,jazz-units:items.lua:70181
686283466520,Потрясно!,Amazing!,,jazz-units:items.lua:69024
686859182168,"То, что доктор прописал!",Just what the doctor ordered!,,jazz-units:items.lua:70737
686980301418,Голяк!,Golyak!,,jazz-units:items.lua:69526
687221729960,"Мне нужна помощь, неотложно!","I need help, urgently!",,jazz-units:items.lua:70141
687305083067,Отлично! Сейчас будет весело!,Great! Now it's going to be fun!,,jazz-units:items.lua:69535
688594235320,чо,wow,,jazz-units:items.lua:69099
690905052800,Готова к работе.,Ready to go.,,jazz-units:items.lua:70177
695881945070,"Враги, находящиеся в радиусе 5 клеток впадают в панику или бешенство при виде Надвигающегося Урагана ""Норма"". Зависит от уровня мудрости противника.","Enemies within a 5 tile radius become panicked or frantic at the sight of the Impending Hurricane ""Norma"". Depends on the enemy's wisdom level.",,jazz-units:CharacterEffect/VengefulTemperament.lua:28 | jazz-units:items.lua:82547
697121656343,Там что-то есть...,There's something there...,,jazz-units:items.lua:70058
697319055735,Хм?,Hmm?,,jazz-units:items.lua:70975
697898544301,Ах какая же я лицемерка!,"Oh, what a hypocrite I am!",,jazz-units:items.lua:70117
698036404720,"Рыси мне будет не хватать. Он мою задницу всегда прикрывал, когда приходилось тяжело.",I will miss Lynx. He always covered my ass when things got tough.,,jazz-units:items.lua:79416
698749684781,"Окей, я в твоем распоряжении.","Okay, I'm at your disposal.",,jazz-units:items.lua:68755
699018947084,"Ох, будь оно неладно!","Oh, damn it!",,jazz-units:items.lua:68980
699356854886,"Он сказал: ""курлык""!","He said: ""kurlyk""!",,jazz-units:items.lua:70876
699368427124,"Ну не могу поверить, что я потратила свою жизнь на этого человека. Меня рвет от одного взгляда на Рысь.","Well, I can't believe I wasted my life on this man. Just looking at Lynx makes me want to vomit.",,jazz-units:items.lua:69513
700215474496,"А ты ведь не верил, что получится, а? ","But you didn’t believe that it would work out, did you?",,jazz-units:items.lua:68879
700625945946,Потрясно!,Amazing!,,jazz-units:items.lua:68983
701157196231,Армейский Спецназ,Army Special Forces,,jazz-units:items.lua:56498
701454824479,Гммммм...,Hmmmmm...,,jazz-units:items.lua:69092
703962671528,Тут хреновина какая-то.,There's some kind of crap here.,,jazz-units:items.lua:70802
704031871886,Вижу бомбу на земле! Эта бомба - это мне?,I see a bomb on the ground! Is this bomb for me?,,jazz-units:items.lua:70822
704121565760,"Это был большой заброд, и работы полно, но я бы взялся за нее опять, не задумываясь.","It was a big wade and a lot of work, but I would take it up again without a second thought.",,jazz-units:items.lua:68847
704359125870,Торн,Thorne,,jazz-units:Code/Mercenary.lua:58
704518239016,Моро,Moro,,jazz-units:Code/Mercenary.lua:72
705978782029,Давайте попробуем не повторять эту ошибку.,Let's try not to repeat this mistake.,,jazz-units:items.lua:69904
706193284510,Вайс,Weiss,,jazz-units:Code/Mercenary.lua:83
707682431232,Ух-ты!,Wow!,,jazz-units:items.lua:70026
707700625892,"Если мы не найдём транспорт, я начну смотреть на деревья как на посадочные площадки","If we don't find transportation, I'll start looking at trees as landing sites.",,jazz-units:items.lua:68579
708253621531,"Тоски Гарно сейчас нет. Скажите, что нужно. Учтите, что все лица мужского пола успеют сто раз умереть, прежде чем я им перезвоню.",Tosca Garneau is gone now. Tell me what you need. Please note that all males will have died a hundred times before I call them back.,,jazz-units:items.lua:69295 | jazz-units:UnitData/Jazz_Buzz.lua:142
708964251739,Кроу,Crow,,jazz-units:Code/Mercenary.lua:108
709132175659,Разведчик Сапер,Scout Sapper,,jazz-units:items.lua:44008 | jazz-units:UnitData/ArmyCommando_Demolution.lua:20
709375641547,А!,Ah!,,jazz-units:items.lua:69611
709745548820,Разведчик Снайпер,Scout Sniper,,jazz-units:items.lua:44066 | jazz-units:UnitData/ArmyCommando_Sniper.lua:20
711036928551,Дэвис,Davis,,jazz-units:Code/Mercenary.lua:50
711131072956,"Ну чо, беру побольше пластмассы всякой разной. Ну знаешь, чтоб все по-серьезному было. Давай, до связи, командир.","Well, I'll take more plastic of all kinds. Well, you know, so that everything is serious. Come on, see you later, commander.",,jazz-units:items.lua:70539 | jazz-units:UnitData/JAZZ_Merc_Spouke.lua:109
711879444074,"Только тапки брызнули, ха-ха!","Only the slippers splashed, ha ha!",,jazz-units:items.lua:70887
711938205471,Фрост,Frost,,jazz-units:Code/Mercenary.lua:93
712211577936,"Скажи им, чтоб сбились в кучку, брателло! Заебеню им групповое фото.","Tell them to huddle together, brother! I'll fuck them up with a group photo.",,jazz-units:items.lua:70810
712930475612,Слэш,Slash,,jazz-units:Code/Mercenary.lua:140
713775236023,Вещь!,Thing!,,jazz-units:items.lua:69690
713805168468,"Крою сектор, пацаны! Муха не просвистит!","I'm cutting the sector, guys! The fly won't whistle!",,jazz-units:items.lua:70911
713865724075,"Окей, я остаюсь.","Okay, I'll stay.",,jazz-units:items.lua:69328 | jazz-units:UnitData/Jazz_Buzz.lua:175
715959020275,"Фартануло, мля!","Fartanulo, blah!",,jazz-units:items.lua:71032
716767204533,Дай мне еще не много времени на анализ ситуации - а тогда уж и поговорим.,Give me a little more time to analyze the situation - and then we’ll talk.,,jazz-units:items.lua:70008
717331783376,Капитан Альварез,Captain Alvarez,,jazz-units:items.lua:45299 | jazz-units:UnitData/Adonis_CaptainAlvarez_Immortal.lua:21
717418830781,Алмазная Донна полевой хирургии.,Diamond Donna of field surgery.,,jazz-units:items.lua:69732 | jazz-units:UnitData/Jazz_Spider.lua:27
717512767911,"Хорошо, что я на твоей стороне.",It's good that I'm on your side.,,jazz-units:items.lua:69001
718550717511,"Что-то вы быстро кончились, анчоусы.",You ran out of anchovies quickly.,,jazz-units:items.lua:70646
718716176780,"Наконец-то! Хоть есть, чему порадоваться.",Finally! At least there is something to be happy about.,,jazz-units:items.lua:70232
718868776454,"Отлично, похоже, что все в порядке. Готова к службе!","Great, looks like everything is fine. Ready for service!",,jazz-units:items.lua:69963
719729545787,Автоматический огонь,Full Auto,,jazz-units:items.lua:58620
719837811947,"Понатыкали тут, тьфу, ни ума, ни фантазии.","We stumbled here, ugh, no intelligence, no imagination.",,jazz-units:items.lua:70828
721503532384,Так...,Okay...,,jazz-units:items.lua:70057
722019872331,Это мне самоуважения никак не прибавит. Проехали.,This will not add any self-esteem to me. Let's go.,,jazz-units:items.lua:68882
728684721778,дышит,breathes,,jazz-units:items.lua:68933
728895856636,Боль,Pain,,jazz-units:items.lua:70920
731102317560,Ха-ха!,Ha ha!,,jazz-units:items.lua:69650
731775310376,"Пришли за Эрни мюсли, походу....","They came for Ernie's muesli, I guess...",,jazz-units:items.lua:70702
733950549374,"Так, ничо на мне не брякает?","So, nothing rings a bell on me?",,jazz-units:items.lua:70626
735135614427,Чужак!,Stranger!,,jazz-units:items.lua:69571
736336478739,Вот это выстрел! Зверь и опомниться не успел,What a shot! The beast didn’t even have time to come to his senses,,jazz-units:items.lua:68563
737045544313,"Одно из приятных качеств этой работы - то, что успеваешь встретить столько интересных людей.",One of the nice things about this job is that you get to meet so many interesting people.,,jazz-units:items.lua:70009
738083497715,"Мля! Вот что случается, если мужика пасти в прицеле постоянно! Забыл я, что он наш теперь.",Blah! This is what happens when you constantly hold a man in your sights! I forgot that he is ours now.,,jazz-units:items.lua:70784
739021548316,Линкс,Links,,jazz-units:Code/Mercenary.lua:147
739631325325,"Не такой я снайпер, чтобы туда попасть.",I'm not the kind of sniper to get there.,,jazz-units:items.lua:69908
740204922473,"Ищем, ищем. Жирафий сын где-то рядом.","We are looking, we are looking. The giraffe's son is somewhere nearby.",,jazz-units:items.lua:70992
741379309876,"Если бы все звери так легко сдавались, джунгли стали бы курортом","If all animals gave up so easily, the jungle would become a resort",,jazz-units:items.lua:68565
741570005839,Известен не за красивые глаза,Not known for his beautiful eyes,,jazz-units:items.lua:68626
743209815207,Флинт,Flint,,jazz-units:Code/Mercenary.lua:126
743479715111,Внимание! Здесь каждый шаг может стать последним!,Attention! Here every step can be your last!,,jazz-units:items.lua:70073
746266615640,Да ради бога.,"Yes, for God's sake.",,jazz-units:items.lua:69481
746426158957,Отряд Легиона,Legion Squad,,jazz-units:items.lua:51552
746957720143,Сова сразу произвела на меня приятное впечатление - и я попала в точку!,The owl immediately made a pleasant impression on me - and I hit the nail on the head!,,jazz-units:items.lua:70161
747393272724,Магазин! Как нету? Да мля!,Magazine! What do you mean there is none? Damn it!,,jazz-units:items.lua:70860
747716825453,Пуляло,Bullet,,jazz-units:items.lua:37174 | jazz-units:UnitData/ThugGunner.lua:20
748269501253,Стил,Steele,,jazz-units:Code/Mercenary.lua:98
748733504828,"Вот идиот! Ему место в рекламе - ""Контролируйте рождаемость""!","What an idiot! He belongs in advertising - ""Control the Birth""!",,jazz-units:items.lua:69898
749205187641,Дюваль,Duval,,jazz-units:Code/Mercenary.lua:67
749239410975,"Не человек, а куча мусора.","Not a person, but a pile of garbage.",,jazz-units:items.lua:69034
749486825928,"Ураган ""Норма""",Hurricane Norma,,jazz-units:items.lua:82391
749824327464,Тут что-то есть.,I see something here.,,jazz-units:items.lua:68968
749881565515,Хорошо!,Niceness!,,jazz-units:items.lua:68865
749937406773,Ну че?,So what?,,jazz-units:items.lua:69090
751404184505,Ха-ха!,Ha ha!,,jazz-units:items.lua:69129
752313157556,Джон,John,,jazz-units:Code/Mercenary.lua:2
752313157557,Джек,Jack,,jazz-units:Code/Mercenary.lua:3
752313157558,Майк,Mike,,jazz-units:Code/Mercenary.lua:4
752313157559,Том,Tom,,jazz-units:Code/Mercenary.lua:5
752313157560,Джеймс,James,,jazz-units:Code/Mercenary.lua:6
752313157561,Алекс,Alex,,jazz-units:Code/Mercenary.lua:7
752313157562,Скотт,Scott,,jazz-units:Code/Mercenary.lua:8
752313157563,Блейк,Blake,,jazz-units:Code/Mercenary.lua:9
752313157564,Шон,Sean,,jazz-units:Code/Mercenary.lua:10
752313157565,Кевин,Kevin,,jazz-units:Code/Mercenary.lua:11
752313157566,Марк,Mark,,jazz-units:Code/Mercenary.lua:12
752313157567,Кайл,Kyle,,jazz-units:Code/Mercenary.lua:13
752313157568,Дилан,Dylan,,jazz-units:Code/Mercenary.lua:14
752313157569,Грег,Greg,,jazz-units:Code/Mercenary.lua:15
752313157570,Рик,Rick,,jazz-units:Code/Mercenary.lua:16
752313157571,Росс,Ross,,jazz-units:Code/Mercenary.lua:17
752313157572,Рой,Roy,,jazz-units:Code/Mercenary.lua:18
752313157573,Бен,Ben,,jazz-units:Code/Mercenary.lua:19
752313157574,Дин,Dean,,jazz-units:Code/Mercenary.lua:20
752313157575,Эд,Ed,,jazz-units:Code/Mercenary.lua:21
752313157576,Жан,Jean,,jazz-units:Code/Mercenary.lua:22
752313157577,Арно,Arno,,jazz-units:Code/Mercenary.lua:23
752313157578,Матьё,Mathieu,,jazz-units:Code/Mercenary.lua:24
752313157579,Реми,Remy,,jazz-units:Code/Mercenary.lua:25
752313157580,Лоран,Laurent,,jazz-units:Code/Mercenary.lua:26
752313157581,Гийом,Guillaume,,jazz-units:Code/Mercenary.lua:27
752313157582,Патрис,Patrice,,jazz-units:Code/Mercenary.lua:28
752313157583,Шарль,Charles,,jazz-units:Code/Mercenary.lua:29
752313157584,Бенуа,Benoit,,jazz-units:Code/Mercenary.lua:30
752313157586,Эрих,Erich,,jazz-units:Code/Mercenary.lua:32
752313157587,Курт,Kurt,,jazz-units:Code/Mercenary.lua:33
752313157588,Конрад,Conrad,,jazz-units:Code/Mercenary.lua:34
752313157589,Отто,Otto,,jazz-units:Code/Mercenary.lua:35
752313157590,Петер,Peter,,jazz-units:Code/Mercenary.lua:36
752313157591,Мартин,Martin,,jazz-units:Code/Mercenary.lua:37
752313157592,Томас,Thomas,,jazz-units:Code/Mercenary.lua:38
752313157593,Хельмут,Hellmut,,jazz-units:Code/Mercenary.lua:39
752313157594,Клаус,Klaus,,jazz-units:Code/Mercenary.lua:40
752313157595,Франц,Franz,,jazz-units:Code/Mercenary.lua:41
752385006330,"Может, я и выберусь отсюда живым. Может, выиграю эту лотерею. Думаю, шансы примерно одинаковые.",Maybe I'll get out of here alive. Maybe I'll win this lottery. I think the chances are about the same.,,jazz-units:items.lua:68929
752524055707,"Без шума, без пыли. Вот это работа","No noise, no dust. That's the job",,jazz-units:items.lua:68569
752676296336,Да чтоб его... бля...,"Yes, fuck him... fuck...",,jazz-units:items.lua:71041
753330501613,Луиза Гарно «Тоска»,"Louise Garneau ""Tosca""",,jazz-units:items.lua:69174 | jazz-units:UnitData/Jazz_Buzz.lua:21
754182147566,"Смотри-ка, местные жители. И они явно не рады гостям","Look, locals. And they are clearly not happy to have guests.",,jazz-units:items.lua:68558
754225917996,"Нет, не пойдет. Мне такое ни к чему - ни уму, ни сердцу, ясно? Извини.","No, it won't work. I have no use for this - neither my mind nor my heart, okay? Sorry.",,jazz-units:items.lua:68667
756097259155,"Забьемся, этого на гранату посажу!","Let's kill ourselves, I'll put this one on a grenade!",,jazz-units:items.lua:70870
756408203900,Отлично.,Grand.,,jazz-units:items.lua:68863
756723481269,"Все видели? Учитесь, мля, пока я жив!","Have you all seen it? Study, fuck, while I'm alive!",,jazz-units:items.lua:70889
756727231524,Что за черт? И сколько у нас шансов завалить такого?,What the hell? And how many chances do we have of killing this one?,,jazz-units:items.lua:68833
756807324263,Ай! Мисс Зондергард! Это было в высшей степени непрофессионально с вашей стороны! Выбирайте мишень тщательнее! Уж будьте любезны потрудиться!,Ay! Miss Sondergard! This was extremely unprofessional of you! Choose your target carefully! Please be kind enough to work hard!,,jazz-units:items.lua:69999
756841694440,Капрал,Corporal,,jazz-units:items.lua:45836 | jazz-units:UnitData/AdonisSquadLeader_Corporal.lua:20
757219972483,"Четыре лапы, пятый хвост. Ободранный весь, мля.","Four legs, fifth tail. All ragged, blah.",,jazz-units:items.lua:70882
758813083028,Ты мне СЕЙЧАС решил припомнить ту девчонку? Вот прям ваще другого случая не нашел?,Have you NOW decided to remind me of that girl? Didn’t you just find another case?,,jazz-units:items.lua:70710
759861895798,"Не представляю, как. Тебе наверняка придется продать свой труп на опыты, чтобы мне заплатить, а я столько ждать не собираюсь.","I can't imagine how. You'll probably have to sell your corpse for experiments to pay me, and I'm not going to wait that long.",,jazz-units:items.lua:69208 | jazz-units:UnitData/Jazz_Buzz.lua:55
760366688044,"Да уж, капрал не молодеет.","Yes, the corporal is not getting any younger.",,jazz-units:items.lua:70847
761023690098,"Еще где-то шхерятся, шакалы.",Somewhere else there are skerries and jackals.,,jazz-units:items.lua:70636
761196135748,"Я уверена, что вместе с Вики мы сумеем со всем этим справится.",I am sure that together with Vicky we will be able to cope with all this.,,jazz-units:items.lua:70091
761300945659,"Только дай мне шанс, и вы все - покойники!","Just give me a chance, and you'll all be dead!",,jazz-units:items.lua:69619
762951840537,Дрейк,Drake,,jazz-units:Code/Mercenary.lua:130
763366416906,"Сеструха, я тя люблю и все такое, но убери свою пушку с моей спины!","Sister, I love you and all that, but get your gun off my back!",,jazz-units:items.lua:79081
764285098369,Не поднимай неподъемное!,Don't lift things that can't be lifted!,,jazz-units:items.lua:70793
765470374054,Штурмовик,Stormtrooper,,jazz-units:items.lua:36668 | jazz-units:UnitData/ThugGoon_Stronger.lua:20
766354442971,(Выдох) Устал.,(Exhale) Tired.,,jazz-units:items.lua:71023
768700996283,"Окей, время прогуляться по долине смерти.","Okay, time for a walk through the valley of death.",,jazz-units:items.lua:68819
770093869034,Стрелок,HITMAN,,jazz-units:items.lua:46656 | jazz-units:UnitData/AdonisSoldier.lua:20
770346872189,Берегите глазки!,Take care of your eyes!,,jazz-units:items.lua:70972
770795604613,ФРАГ,Frag,,jazz-units:items.lua:70453 | jazz-units:UnitData/JAZZ_Merc_Spouke.lua:23
772618679769,"Твоюж мать, тебе бы руки вырвать. Не умеешь не берись.","Your mother, you should rip your hands out. If you don't know how, don't try it.",,jazz-units:items.lua:70754
773536167600,"<em>Дистанционная атака</em> автоматически вызывающая <GameTerm('Crit')>.
775919735090,"Ну ты че, Айсберг, как так-то? Верняк же было.","Well, what are you doing, Iceberg, how is it? Surely it was.",,jazz-units:items.lua:70843
777362713522,"Э, Майор, прекращай! А то подумаю, что за старое взялся, и подброшу пластида в носок.","Eh, Major, stop it! Otherwise I’ll think that I’m up to the same old thing and throw some plastid into my sock.",,jazz-units:items.lua:70716
777803846373,Хреново! Патроны закончились!,It sucks! Ammo out!,,jazz-units:items.lua:70859
777877015086,"Только дай мне шанс, и вы все - покойники!","Just give me a chance, and you'll all be dead!",,jazz-units:items.lua:69675
778042684795,"Эти твари даже пахнут, как пахнет Рысь - особенно утром.",These creatures even smell like Lynx - especially in the morning.,,jazz-units:items.lua:69583
780344747381,Тяжелый характер,Heavy character,,jazz-units:CharacterEffect/VengefulTemperament.lua:27 | jazz-units:items.lua:82546
780475734638,"Ох, будь оно неладно! ","Oh, damn it!",,jazz-units:items.lua:69019
783125522540,Скучно. Давай хоть маленькую петардочку жахну?,Boring. Let me at least set off a small firecracker?,,jazz-units:items.lua:70902
783823719369,бежалка,fugitive,,jazz-units:items.lua:69509
783911262884,Я встала и уже у станка!,I got up and was already at the machine!,,jazz-units:items.lua:69375
784674819954,"Интересно, каково держать такую тварь дома!",I wonder what it's like to keep such a creature at home!,,jazz-units:items.lua:69398
786423367133,Командир,Commander,,jazz-units:items.lua:43063 | jazz-units:UnitData/JAZZ_Legion_LeaderT2_Lieutenant.lua:22
786568878374,"Ага, конечно. Как будто ты имеешь хоть малейшее представление о том, что делаешь! Иди, проветрись!","Yeah, of course. As if you have the slightest idea what you're doing! Go get some air!",,jazz-units:items.lua:69200 | jazz-units:UnitData/Jazz_Buzz.lua:47
787992021169,"Наверное, это была не самая легкая работа в моей жизни, но в конце концов я поняла, насколько она была необходима.","It was probably not the easiest job of my life, but in the end I realized how necessary it was.",,jazz-units:items.lua:70097
788428589380,Усиление Пулеметчиков,Strengthening Heavy Gunners,,jazz-units:items.lua:56802
788485574959,Эти твари всегда ходят стаей. Если одна тут - скоро будет десяток,"These creatures always travel in packs. If there is one here, there will soon be a dozen",,jazz-units:items.lua:68560
789084104079,"Брателло, я лучше ему пластика в карман подкину, вот это верняк будет.","Bratello, I’d better throw some plastic in his pocket, that’s a sure thing.",,jazz-units:items.lua:70602
789208109513,"""У всех проблем одно начало - сидела женщина, скучала"". Жизнь Руди Робертса до его работы в Организации была лишена каких-то потрясений и шла как по накатанной. Охота на исчезающие виды животных, немногочисленные заказы на исчезновение людей - рутина. Ну, на ""Длинную милю"" раз в год съездит, но и там уже почти не осталось вызовов. И так было, пока после задания на Метавире, он не закрутил роман с новобранцем организации Луизой Гарно. (Презрев древнее правило - не ешь, там где гадишь). Сюрпризом оказалось наличие у Луизы маниакально-депрессивного расстройства личности в тяжелой форме, так-то, требующего принудительного лечения в соответствующем учреждении. А лечения Луиза избегала благодаря связям своего влиятельного папаши-генерала. Да и будем честны, кто в здравом уме сможет принудить Тоску к чему то, чего она сама не хочет? Так что теперь жизнь Рыси полна развлечений, в первую очередь связанных с поиском уголка Земли, в котором Тоска не сможет до него добраться.","“All problems have the same beginning - a woman was sitting, bored.” The life of Rudy Roberts before his work in the Organization was devoid of any shocks and went as if it were running smoothly. Hunting for endangered species of animals, a few orders for the disappearance of people - a routine. Well, he goes to the Long Mile once a year, but even there there are almost no challenges left. And so it was until, after a mission on Metavir, he began an affair with a new recruit to the organization, Louise Garneau. (Disregarding the ancient rule - don’t eat where you shit). The surprise turned out to be that Louise had a severe form of manic-depressive personality disorder, which required compulsory treatment in an appropriate institution. And Louise avoided treatment thanks to the connections of her influential father-general. And let’s be honest, who in their right mind could force Tosca to do something that she herself doesn’t want? So now Lynx’s life is full of entertainment, primarily related to the search for a corner of the Earth in which Tosca cannot reach him.",,jazz-units:items.lua:68624
789999079436,"Мне плевать, что так говорить некорректно, но Тоска - просто шлюха... врунья, подстилка, злобная сука... и это не я так говорю, это - объективная истина!","I don’t care that it’s incorrect to say this, but Tosca is just a whore... a liar, a liar, an evil bitch... and it’s not me who says that, it’s the objective truth!",,jazz-units:items.lua:68998
790778374126,"Вижу цель ясно. Зубы у него кривые. Рахит, наверное.","I see the goal clearly. His teeth are crooked. Rickets, probably.",,jazz-units:items.lua:70928
791079197040,"Что-нибудь еще? ",Anything else?,,jazz-units:items.lua:68922
793278321472,Так! Я это сделала. Теперь что?,Yes! I did it. Now what?,,jazz-units:items.lua:69372
793481254572,"Может, мне еще поработать с каменными ножами и медвежьими шкурами? Будь все проклято, я - профессионал!","Maybe I should also work with stone knives and bear skins? Damn it all, I'm a professional!",,jazz-units:items.lua:70032
793783090759,"Либо она, либо мы!",It's either her or us!,,jazz-units:items.lua:69978
795013246087,Пойнт,Point,,jazz-units:Code/Mercenary.lua:161
796482030622,"В рот мне... Капрал! Мля, Лен, это чистая случайность, зуб даю! Хотя, что теперь тебе мой зуб....","In my mouth... Corporal! Damn, Len, this is a pure coincidence, I bet! Although, what do you need my tooth now...",,jazz-units:items.lua:70781
796542264805,"Зверь, а не девчонка!","A beast, not a girl!",,jazz-units:items.lua:78523
801109641915,"Окей, я пока остаюсь.","Okay, I'll stay for now.",,jazz-units:items.lua:68765
802514970613,Сут,Sut,,jazz-units:Code/Mercenary.lua:153
802741395103,Блю,Blue,,jazz-units:Code/Mercenary.lua:179
802843216260,И это назвают - близко?,And they call it close?,,jazz-units:items.lua:69550
804312759162,Рок,Rock,,jazz-units:Code/Mercenary.lua:105
805237805844,дышит,breathes,,jazz-units:items.lua:68932
805863336928,Отлично. Я здесь.,Great. I'm here.,,jazz-units:items.lua:69082
807134295687,Сайленд,Sailand,,jazz-units:Code/Mercenary.lua:171
807341295104,Фордж,Forge,,jazz-units:Code/Mercenary.lua:142
807861534450,"Ну вы чо, парни, куда вы лупите? Целик, мушка, мишень! Мишени - это вон те трафареты, мля!","Well, guys, where are you going? Rear sight, front sight, target! The targets are those stencils over there, blah!",,jazz-units:items.lua:70986
809191849641,"Я ее не для красоты ношу, ублюдок!","I don't wear it for beauty, you bastard!",,jazz-units:items.lua:69559
810234579162,Пирс,Pierce,,jazz-units:Code/Mercenary.lua:62
810492635074,Тэп,Tap,,jazz-units:Code/Mercenary.lua:166
811544676732,"Ах ты, мля, выкидыш жирафа, так по красоте шли.","Oh, fuck, a giraffe’s miscarriage, they were so beautiful.",,jazz-units:items.lua:70666
811579933430,Здорово!,It's awesome!,,jazz-units:items.lua:69529
811698369039,"Таак, мы на месте. Чо нам тут, собственно, надо?","So, we're there. What do we actually need here?",,jazz-units:items.lua:70952
812274195558,"Полагаю, не мешало бы продумать все это получше.",I suppose it wouldn't hurt to think this through a bit more.,,jazz-units:items.lua:70199
812773397200,"Э, куда? Стоять, бояться, падлы. Ровные пацаны со стрелы не сваливают.","Eh, where? Stand, be afraid, bastards. Even boys don’t fall off the boom.",,jazz-units:items.lua:70642
812831809650,Костоправ,Chiropractor,,jazz-units:items.lua:36580 | jazz-units:UnitData/ThugGoon.lua:20
813512374244,"Похоже, я что-то слышала... или нет.",Looks like I heard something... or not.,,jazz-units:items.lua:69608
815740499368,Lynx@aim.com,Lynx@aim.com,,jazz-units:items.lua:68627
815923858149,"Слушай, я люблю рисковать - в разумных пределах. Подписать контракт с тобой это все равно, что подписать себе смертный приговор.","Look, I like to take risks - within reason. Signing a contract with you is like signing your own death warrant.",,jazz-units:items.lua:68633
816111949087,А чего от них еще ожидать!,What else can you expect from them!,,jazz-units:items.lua:69458
817805811528,Пилот,PILOT,,jazz-units:items.lua:68512 | jazz-units:UnitData/Merc_BarrySeal.lua:24
818118807560,Лулумба Гуталин,Lulumba Gutalin,,jazz-units:items.lua:48351 | jazz-units:UnitData/RebelSergeant_Immortal_L1.lua:22
821503674913,Вайпер,Viper,,jazz-units:Code/Mercenary.lua:124
821577436872,Отвали!,Fuck off!,,jazz-units:items.lua:69566
822122602136,"Тик-так, мазафака! Тик-так!","Tick tock, motherfucker! Tick ​​tock!",,jazz-units:items.lua:70925
824514235621,Со мной все в порядке. Только злить меня не надо!,I'm fine. Just don't make me angry!,,jazz-units:items.lua:69411
825139078124,Всю малину обосрал....,I crap all the raspberries....,,jazz-units:items.lua:70419
826948509327,"Отставить стрельбу! Доктор Хьюстон, оружие к осмотру! Запомни, не вижу- не стреляю!","Stop shooting! Dr. Houston, weapons for inspection! Remember, if I don’t see, I don’t shoot!",,jazz-units:items.lua:78365
827079724044,"Не, братан, дохлый номер.","No, bro, it's a dead number.",,jazz-units:items.lua:70603
827728759217,"А! Шарлин! Что ты делаешь? Это какой-то знак, или что? Что я должна сделать? Не понимаю.",Ah! Charlene! What are you doing? Is this some kind of sign or what? What should I do? I don't understand.,,jazz-units:items.lua:69996
830194576283,Рид,Reed,,jazz-units:Code/Mercenary.lua:51
830522051541,"Теперь ты в арми, нахой. Оу-у-оу-у-у, теперь ты в арми, нахой.","Now you're in the army, fuck it. Oh-oh-oh-oh-oh, now you're in the army, fuck it.",,jazz-units:items.lua:71029
832833228822,"Отлично! Сейчас будет весело! В этом секторе есть, с кем поиграть!",Great! Now it's going to be fun! There is plenty to play with in this sector!,,jazz-units:items.lua:69440
834546728463,Потрясно!,Amazing!,,jazz-units:items.lua:68926
835414162205,Это мне самоуважения никак не прибавит. Проехали.,This will not add any self-esteem to me. Let's go.,,jazz-units:items.lua:68961
838774264495,"Значит, так? Хорошо. Ну что же, если вы считаете, что так надо... Уверена, что скоро вы опять ко мне обратитесь.","So that's it? Fine. Well, if you think that this is necessary... I am sure that you will contact me again soon.",,jazz-units:items.lua:69969
839102182062,(Кашель),(Cough),,jazz-units:items.lua:70726
840176309304,Я с нетерпением жду новых заданий.,I'm looking forward to new assignments.,,jazz-units:items.lua:69951
840672720529,"Мне придется слегка поднять расценки. Я стал опытнее, понимаешь? Все равно это могло бы стоить и больше - просто не хочу тебя пугать.","I'll have to raise my prices slightly. I've become more experienced, you know? It could still cost more - I just don’t want to scare you.",,jazz-units:items.lua:68697
841186112527,"Одно из приятных качеств этой работы - то, что успеваешь встретить столько интересных людей.",One of the nice things about this job is that you get to meet so many interesting people.,,jazz-units:items.lua:70167
842561919315,"Он может считать, что ему повезло... Я его убивать не стану.",He can consider himself lucky... I won't kill him.,,jazz-units:items.lua:69628
843643649503,"Мля-а-а-а... Эти бабуины капрала завалили, падлы. Чо теперь делать-то?","Blah-ah-ah... These baboons killed the corporal, you bastards. What should we do now?",,jazz-units:items.lua:70690
843953750983,Элитный стрелок,Elite shooter,,jazz-units:items.lua:46717 | jazz-units:UnitData/AdonisSoldier_Elite.lua:20
844199942341,"Подруга, как жеж это... Я... Ты... Тя... О, Матерь Божья, как стыдно очень!","Friend, how does this burn... I... You... You... Oh, Mother of God, how very shameful!",,jazz-units:items.lua:79130
844599512838,Barry_Smugler@yandex.com,Barry_Smugler@yandex.com,,jazz-units:items.lua:68519 | jazz-units:UnitData/Merc_BarrySeal.lua:31
846135709250,Спир,Spear,,jazz-units:Code/Mercenary.lua:138
846317873771,"Нады(кашель)мили, скоты.","Over (cough) miles, brutes.",,jazz-units:items.lua:70727
846981672044,Тшш-шш. Не шуми. Тут за шум я решаю.,Shh-shh. Don't make any noise. Here I decide for the noise.,,jazz-units:items.lua:70661
848654270080,"И что такой парень, как я, может делать в таком месте? Да это ж бред собачий!","What could a guy like me do in a place like this? Yes, this is bullshit!",,jazz-units:items.lua:69064
849583853920,"Ой-ей. Ладно, это подлатаем.","Oops. Okay, let's patch this up.",,jazz-units:items.lua:71048
851001397582,Дьявол!,Devil!,,jazz-units:items.lua:68834
853213611494,"Рысь! ",Lynx!,,jazz-units:items.lua:69085
855526083813,"Так и тапки сбросить не долго... Эх, мля, надо было в колледж поступать... На химика...","It won’t take long to throw off your slippers... Eh, blah, I should have gone to college... To become a chemist...",,jazz-units:items.lua:70969
855628401828,Ну я,Well I,,jazz-units:items.lua:69432
859250526123,"Стычка, считай, обеспечена. ","Consider it a clash, guaranteed.",,jazz-units:items.lua:69018
859699876869,"Стычка, считай, обеспечена. Осталось только их обнаружить.","Consider it a clash, guaranteed. All that remains is to discover them.",,jazz-units:items.lua:69114
859850047462,Чужаки,Strangers,,jazz-units:items.lua:70108
860489191576,"Я лично полагаю, что всякий, кто покушается на чужую свободу, должен ответить по закону, и именно так мы и расчитываем поступить.","I personally believe that anyone who infringes on someone else's freedom must answer according to the law, and that is exactly what we expect to do.",,jazz-units:items.lua:70211
860964391877,Я жду.,I'm waiting.,,jazz-units:items.lua:69638
861111377140,"Секунду так постой, чувак, я щас.","Wait a second, dude, I'll be right there.",,jazz-units:items.lua:70599
861692069775,А почему я должна об этом беспокоиться?,Why should I worry about this?,,jazz-units:items.lua:69597
861725900793,"Кхм. ",Hmm.,,jazz-units:items.lua:68843
861905427160,Пэнтер,Panther,,jazz-units:Code/Mercenary.lua:150
861927014589,Вольф,Wolf,,jazz-units:Code/Mercenary.lua:95
863009450991,Оооооой,Oooooh,,jazz-units:items.lua:69061
864999167797,чмо,schmuck,,jazz-units:items.lua:69654
865021347183,О!,Oh!,,jazz-units:items.lua:70150
865263260973,Смена позиции!,Change of position!,,jazz-units:items.lua:71001
868051771565,"Полагаю, не мешало бы продумать все это получше.",I suppose it wouldn't hurt to think this through a bit more.,,jazz-units:items.lua:70067
870806144974,Продолжаем прессовать анчоусов!,We continue pressing anchovies!,,jazz-units:items.lua:70998
872315773096,Закрыто!,Closed!,,jazz-units:items.lua:69984
874057212077,Хорошо!,Niceness!,,jazz-units:items.lua:69433
874125639054,Клей,Glue,,jazz-units:Code/Mercenary.lua:60
875234609175,Дитрих,Dietrich,,jazz-units:Code/Mercenary.lua:86
876005699189,"Айс в деле?! Ништяк. Я весь твой, командир.","Ice in action?! Nice. I'm all yours, commander.",,jazz-units:items.lua:70463 | jazz-units:UnitData/JAZZ_Merc_Spouke.lua:33
878842387501,Замечательно!,Wonderful!,,jazz-units:items.lua:70115
879205416327,Лафонт,Lafont,,jazz-units:Code/Mercenary.lua:74
879205649936,"Слушай, я ведь от времени моложе не делаюсь!","Listen, I’m not getting any younger with time!",,jazz-units:items.lua:68745
879381074193,"Что-то, прямо здесь!","Something, right here!",,jazz-units:items.lua:69522
879717894619,Армейский взвод,Army platoon,,jazz-units:items.lua:56917
880961384603,"А вот и ""подарочки"" с той стороны.",And here are the “gifts” from the other side.,,jazz-units:items.lua:70827
882031167871,"Ух, мля. Я это, пробитый чутка! Да не, в смысле - ранен! Да не в жопу, мля!","Wow, blah. I'm a bit of a nerd! No, I mean - wounded! Don't fuck me, blah!",,jazz-units:items.lua:71049
885406546804,"Не представляю, как можно это сделать. Как врач, я стараюсь уважать чужую жизнь, насколько это возможно при такой работе, конечно.","I can't imagine how this can be done. As a doctor, I try to respect other people's lives, as much as possible with this kind of work, of course.",,jazz-units:items.lua:70208
886760219486,"Ох ты. Эдак чо, тут и настоящие жирафы есть?","Oh you. So, are there real giraffes here?",,jazz-units:items.lua:70615
887878273045,пыхтелка,puff,,jazz-units:items.lua:69491
888438334396,Это мы забираем.,This is what we take away.,,jazz-units:items.lua:71033
888762070322,"Ужасно. Говорится ""врач, исцелися сам"", а не ""убей другого врача"". Надеюсь, там, где сейчас фройляйн Хьюстон, у нее нет таких проблем.","Terrible. It says “doctor, heal yourself,” not “kill another doctor.” I hope that where Fräulein Houston is now, she does not have such problems.",,jazz-units:items.lua:78764
889064631541,"Может, вам стоит уделить больше внимания стрелковой подготовке, фройляйн Паук. По правде говоря, нам обоим стоит.","Perhaps you should pay more attention to your marksmanship training, Fräulein Spider. Truth be told, we both should.",,jazz-units:items.lua:78817
889908965912,"Делай, как считаешь нужным.",Do as you see fit.,,jazz-units:items.lua:69046
890271346195,Эрроу,Arrow,,jazz-units:Code/Mercenary.lua:117
890960021320,"Растяжка, типа. Да я в тринадцать круче бомбы собирал.","Stretching, sort of. Yes, when I was thirteen, I was assembling bombs.",,jazz-units:items.lua:70824
891094391069,"Ох, слава богу! Они ушли.","Oh, thank God! They left.",,jazz-units:items.lua:69938
891263173901,Харди,Hardy,,jazz-units:Code/Mercenary.lua:48
891282281925,"Командир, мля! НАДО! СРОЧНО! ЧО-ТО! ДЕЛАТЬ! ","Commander, blah! NECESSARY! URGENTLY! WHAT! DO!",,jazz-units:items.lua:70995
893692526058,"Нет. Работать с Тоской я не буду. Стоит отвернуться, и она всадит тебе нож в спину. Уж можешь мне поверить. От нее ничего, кроме неприятностей. Только и знает, что поливать меня грязью.","No. I won't work with Tosca. If you turn away, she will stab you in the back. You can trust me. She's nothing but trouble. All he knows is to throw mud at me.",,jazz-units:items.lua:68682
895866562784,Хорошо!,Niceness!,,jazz-units:items.lua:70182
896543881214,Сержант Разведчик,Sergeant Scout,,jazz-units:items.lua:43950 | jazz-units:UnitData/ArmyCommando_Sergant.lua:20
898527816735,"Доктор Хьюстон. Чем могу служить? Хорошо, поговорим о том, насколько долгий контракт вы собирались мне предложить.","Dr. Houston. How can I serve you? Okay, let's talk about how long a contract you were going to offer me.",,jazz-units:items.lua:69828 | jazz-units:UnitData/Jazz_Spider.lua:123
899558582657,"Тут не соскучишься! ",You won't get bored here!,,jazz-units:items.lua:69020
900043784462,Тишина - мой старый друг. В небе она бывает только в кабине... когда двигатель выключен,Silence is my old friend. In the sky it only happens in the cockpit... when the engine is turned off,,jazz-units:items.lua:68583
900864449153,Со мной все в порядке. Только злить меня не надо!,I'm fine. Just don't make me angry!,,jazz-units:items.lua:69428
901031758481,Вернемся к делу.,Let's get back to business.,,jazz-units:items.lua:70529 | jazz-units:UnitData/JAZZ_Merc_Spouke.lua:99
901059667115,Раны зализаны. Пора проредить поголовье жирафов.,The wounds are licked. It's time to thin out the giraffe population.,,jazz-units:items.lua:70741
902814314514,Прыжок,Jump,,jazz-units:items.lua:70774
906548087723,"Я - профессионал. Просто покажи, в кого стрелять.",I'm a professional. Just show me who to shoot.,,jazz-units:items.lua:69384
908374610542,Бэйн,Bane,,jazz-units:Code/Mercenary.lua:64
908468352963,"Ну, знаете! Я не могу позволить себе работать с оборудованием, которое в принципе не надежно.","Well, you know! I can't afford to work with equipment that is fundamentally unreliable.",,jazz-units:items.lua:70235
909446226076,"Ну чо, трафареты! Я вашу маму того-этого самого, в кино поведу! А потом, это! Будем новых негритят делать, нормальных! Все проще, чем вас отмывать.","Well, stencils! I’ll take your so-and-so’s mother to the cinema! And then, this! Let's make new black kids, normal ones! Everything is easier than washing you off.",,jazz-units:items.lua:71007
910000000000,Биг,Big,,jazz-units:Code/Legion.lua:2
910000000001,Лил,Lil,,jazz-units:Code/Legion.lua:3
910000000002,Дон,Don,,jazz-units:Code/Legion.lua:4
910000000003,Кинг,King,,jazz-units:Code/Legion.lua:5
910000000004,Босс,Boss,,jazz-units:Code/Legion.lua:6
910000000006,Вуду,Voodoo,,jazz-units:Code/Legion.lua:8
910000000007,Блэк,Black,,jazz-units:Code/Legion.lua:9
910000000008,Стоун,Stone,,jazz-units:Code/Legion.lua:10
910000000009,Буллет,Bullet,,jazz-units:Code/Legion.lua:11
910000000010,Смоук,Smoke,,jazz-units:Code/Legion.lua:12
910000000011,Шэдоу,Shadow,,jazz-units:Code/Legion.lua:13
910000000012,Фрост,Frost,,jazz-units:Code/Legion.lua:14
910000000013,Блэйз,Blaze,,jazz-units:Code/Legion.lua:15
910000000014,Кобра,Cobra,,jazz-units:Code/Legion.lua:16
910000000015,Дог,Great Dane,,jazz-units:Code/Legion.lua:17
910000000016,Бо,Bo,,jazz-units:Code/Legion.lua:18
910000000017,Ман,man,,jazz-units:Code/Legion.lua:19
910000000018,Папа,Dad,,jazz-units:Code/Legion.lua:20
910000000019,Рич,Rich,,jazz-units:Code/Legion.lua:21
910000000020,Кэш,Cache,,jazz-units:Code/Legion.lua:22
910000000021,Мани,Mani,,jazz-units:Code/Legion.lua:23
910000000022,Джун,June,,jazz-units:Code/Legion.lua:24
910000000023,Соул,Soul,,jazz-units:Code/Legion.lua:25
910000000024,Грим,Makeup,,jazz-units:Code/Legion.lua:26
910000000025,Брут,Brutus,,jazz-units:Code/Legion.lua:27
910000000026,Фокс,Fox,,jazz-units:Code/Legion.lua:28
910000000027,Гост,GOST,,jazz-units:Code/Legion.lua:29
910000000028,Нокс,Knox,,jazz-units:Code/Legion.lua:30
910000000029,Кобальт,Cobalt,,jazz-units:Code/Legion.lua:31
910000000030,Снейк,Snake,,jazz-units:Code/Legion.lua:32
910000000031,Рипер,Reaper,,jazz-units:Code/Legion.lua:33
910000000032,Блэйд,Blade,,jazz-units:Code/Legion.lua:34
910000000033,Лорд,Lord,,jazz-units:Code/Legion.lua:35
910000000034,Тигр,Tiger,,jazz-units:Code/Legion.lua:36
910000000035,Файямэн,Fayaman,,jazz-units:Code/Legion.lua:37
910000000036,Ганг,Ganges,,jazz-units:Code/Legion.lua:38
910000000037,Бэнг,Bang,,jazz-units:Code/Legion.lua:39
910000000038,Дьюк,Duke,,jazz-units:Code/Legion.lua:40
910000000039,Джангл,Jungle,,jazz-units:Code/Legion.lua:41
910000000040,Рейдж,Rage,,jazz-units:Code/Legion.lua:42
910000000041,Лилман,Lilman,,jazz-units:Code/Legion.lua:43
910000000042,Файях,Fayah,,jazz-units:Code/Legion.lua:44
910000000043,Смолл,Small,,jazz-units:Code/Legion.lua:45
910000000044,Боссман,Bossman,,jazz-units:Code/Legion.lua:46
910000000045,Стоунбой,Stoneboy,,jazz-units:Code/Legion.lua:47
910000000046,Файябой,Fayaboy,,jazz-units:Code/Legion.lua:48
910000000047,Кингбой,Kingboy,,jazz-units:Code/Legion.lua:49
910000000048,Донбой,Donboy,,jazz-units:Code/Legion.lua:50
910000000049,Дрэгон,Dragon,,jazz-units:Code/Legion.lua:51
910000000050,Винч,Winch,,jazz-units:Code/Legion.lua:52
910000000051,Спарк,Spark,,jazz-units:Code/Legion.lua:53
910000000052,Ган,Gan,,jazz-units:Code/Legion.lua:54
910000000053,Джи,Gee,,jazz-units:Code/Legion.lua:55
910000000054,Мор,Pestilence,,jazz-units:Code/Legion.lua:56
910000000055,Хит,Hit,,jazz-units:Code/Legion.lua:57
910000000056,Найт,Knight,,jazz-units:Code/Legion.lua:58
910000000057,Дестро,Destro,,jazz-units:Code/Legion.lua:59
910000000058,Слэш,Slash,,jazz-units:Code/Legion.lua:60
910000000059,Дарк,Dark,,jazz-units:Code/Legion.lua:61
910000000060,Хеви,Heavy,,jazz-units:Code/Legion.lua:62
910000000061,Сайлент,Silent,,jazz-units:Code/Legion.lua:63
910000000062,Дабл,Double,,jazz-units:Code/Legion.lua:64
910000000063,Трипл,Triple,,jazz-units:Code/Legion.lua:65
910000000064,Куик,Quick,,jazz-units:Code/Legion.lua:66
910000000065,Лоуд,Loud,,jazz-units:Code/Legion.lua:67
910000000066,Слипи,Sleepy,,jazz-units:Code/Legion.lua:68
910000000067,Рэд,Red,,jazz-units:Code/Legion.lua:69
910000000068,Фреш,Fresh,,jazz-units:Code/Legion.lua:70
910000000069,Блу,Blue,,jazz-units:Code/Legion.lua:71
910000000070,Голд,Gold,,jazz-units:Code/Legion.lua:72
910000000071,Грин,Green,,jazz-units:Code/Legion.lua:73
910000000072,Браун,Brown,,jazz-units:Code/Legion.lua:74
910000000073,Бронкс,Bronx,,jazz-units:Code/Legion.lua:75
910000000074,Худ,Hood,,jazz-units:Code/Legion.lua:76
910000000075,Кингстон,Kingston,,jazz-units:Code/Legion.lua:77
910000000076,Дюка,Duke,,jazz-units:Code/Legion.lua:78
910000000077,Мют,Mute,,jazz-units:Code/Legion.lua:79
910000000078,Слоу,Slow,,jazz-units:Code/Legion.lua:80
910000000079,Мал,Small,,jazz-units:Code/Legion.lua:81
910000000080,Лоу,Lowe,,jazz-units:Code/Legion.lua:82
910000000081,Дизи,Deasy,,jazz-units:Code/Legion.lua:83
910000000082,Изи,Easy,,jazz-units:Code/Legion.lua:84
910000000083,Петит,Petite,,jazz-units:Code/Legion.lua:85
910000000084,Гран,Grand,,jazz-units:Code/Legion.lua:86
910000000085,Босс,Boss,,jazz-units:Code/Legion.lua:87
910000000086,Литл,Little,,jazz-units:Code/Legion.lua:88
910000000087,Файя,Faya,,jazz-units:Code/Legion.lua:89
910000000089,Питон,Python,,jazz-units:Code/Legion.lua:91
910000000090,Сол,Sol,,jazz-units:Code/Legion.lua:92
910000000091,Дьюс,Deuce,,jazz-units:Code/Legion.lua:93
910000000092,Стик,Stick,,jazz-units:Code/Legion.lua:94
910000000093,Скай,Sky,,jazz-units:Code/Legion.lua:95
910000000094,Фэйт,Faith,,jazz-units:Code/Legion.lua:96
910000000095,Флоу,Flow,,jazz-units:Code/Legion.lua:97
910000000096,Сэвидж,Savage,,jazz-units:Code/Legion.lua:98
910000000097,Драко,Draco,,jazz-units:Code/Legion.lua:99
910000000098,Бэйби,Baby,,jazz-units:Code/Legion.lua:100
910000000099,Гучи,Gucci,,jazz-units:Code/Legion.lua:101
910000000100,Снуп,Snoop,,jazz-units:Code/Legion.lua:102
910000000111,Голд,Gold,,jazz-units:Code/Legion.lua:103
910000000112,Оуджи,Ouji,,jazz-units:Code/Legion.lua:104
910000000113,Семерка,Seven,,jazz-units:Code/Legion.lua:105
910000000114,Девятка,Nine,,jazz-units:Code/Legion.lua:106
910000001000,Ти,Tee,,jazz-units:Code/Legion.lua:110
910000001001,Бо,Bo,,jazz-units:Code/Legion.lua:111
910000001002,Джи,Gee,,jazz-units:Code/Legion.lua:112
910000001003,Ди,Dee,,jazz-units:Code/Legion.lua:113
910000001004,Дон,Don,,jazz-units:Code/Legion.lua:114
910000001005,Мэн,Maine,,jazz-units:Code/Legion.lua:115
910000001008,Стоун,Stone,,jazz-units:Code/Legion.lua:118
910000001009,Файя,Faya,,jazz-units:Code/Legion.lua:119
910000001010,Ман,man,,jazz-units:Code/Legion.lua:120
910000001011,Босс,Boss,,jazz-units:Code/Legion.lua:121
910000001012,Кинг,King,,jazz-units:Code/Legion.lua:122
910000001013,Флоу,Flow,,jazz-units:Code/Legion.lua:123
910000001014,Дог,Great Dane,,jazz-units:Code/Legion.lua:124
910000001015,Ган,Gan,,jazz-units:Code/Legion.lua:125
910000001016,Рич,Rich,,jazz-units:Code/Legion.lua:126
910000001017,Блейз,Blaze,,jazz-units:Code/Legion.lua:127
910000001018,Смоук,Smoke,,jazz-units:Code/Legion.lua:128
910000001019,Шэдоу,Shadow,,jazz-units:Code/Legion.lua:129
910000001020,Нокс,Knox,,jazz-units:Code/Legion.lua:130
910000001021,Джун,June,,jazz-units:Code/Legion.lua:131
910000001022,Дюк,Duke,,jazz-units:Code/Legion.lua:132
910000001023,Стоунз,Stones,,jazz-units:Code/Legion.lua:133
910000001024,Кобра,Cobra,,jazz-units:Code/Legion.lua:134
910000001025,Фрост,Frost,,jazz-units:Code/Legion.lua:135
910000001026,Фокс,Fox,,jazz-units:Code/Legion.lua:136
910000001027,Кэш,Cache,,jazz-units:Code/Legion.lua:137
910000001028,Сол,Sol,,jazz-units:Code/Legion.lua:138
910000001029,Грим,Makeup,,jazz-units:Code/Legion.lua:139
910000001030,Рип,Rip,,jazz-units:Code/Legion.lua:140
910000001031,Рейдж,Rage,,jazz-units:Code/Legion.lua:141
910000001032,Лайф,Life,,jazz-units:Code/Legion.lua:142
910000001033,Биг,Big,,jazz-units:Code/Legion.lua:143
910000001034,Блэк,Black,,jazz-units:Code/Legion.lua:144
910000001035,Голд,Gold,,jazz-units:Code/Legion.lua:145
910000001036,Файямэн,Fayaman,,jazz-units:Code/Legion.lua:146
910000001037,Блэйд,Blade,,jazz-units:Code/Legion.lua:147
910000001038,Дарк,Dark,,jazz-units:Code/Legion.lua:148
910000001039,Фаер,Fire,,jazz-units:Code/Legion.lua:149
910000001040,Найт,Knight,,jazz-units:Code/Legion.lua:150
910000001041,Дьюк,Duke,,jazz-units:Code/Legion.lua:151
910000001042,Джун,June,,jazz-units:Code/Legion.lua:152
910000001043,Стоун,Stone,,jazz-units:Code/Legion.lua:153
910000001044,Босс,Boss,,jazz-units:Code/Legion.lua:154
910000001046,Тигр,Tiger,,jazz-units:Code/Legion.lua:156
910000001047,Кинг,King,,jazz-units:Code/Legion.lua:157
910000001048,Файя,Faya,,jazz-units:Code/Legion.lua:158
910000001049,Бо,Bo,,jazz-units:Code/Legion.lua:159
910000001050,Ти,Tee,,jazz-units:Code/Legion.lua:160
910000001051,Ман,man,,jazz-units:Code/Legion.lua:161
910000001053,Ган,Gan,,jazz-units:Code/Legion.lua:163
910000001054,Стоун,Stone,,jazz-units:Code/Legion.lua:164
910000001055,Рич,Rich,,jazz-units:Code/Legion.lua:165
910000001056,Ман,man,,jazz-units:Code/Legion.lua:166
910000001057,Дизи,Deasy,,jazz-units:Code/Legion.lua:167
910000001058,Пэйн,Payne,,jazz-units:Code/Legion.lua:168
910000001059,Бэйби,Baby,,jazz-units:Code/Legion.lua:169
910000001060,Гуч,Gooch,,jazz-units:Code/Legion.lua:170
910000001061,Гуц,Guts,,jazz-units:Code/Legion.lua:171
910000001062,Тригга,Trigga,,jazz-units:Code/Legion.lua:172
910000001063,Слик,Slick,,jazz-units:Code/Legion.lua:173
910000001064,Краш,Crash,,jazz-units:Code/Legion.lua:174
910000001065,Дайм,Dime,,jazz-units:Code/Legion.lua:175
910000001066,Дизи,Deasy,,jazz-units:Code/Legion.lua:176
910000001067,Гуц,Guts,,jazz-units:Code/Legion.lua:177
910000001068,Бэндо,Bendo,,jazz-units:Code/Legion.lua:178
910000001069,Шотти,Shotti,,jazz-units:Code/Legion.lua:179
910000001070,Трей,Trey,,jazz-units:Code/Legion.lua:180
910000001071,Глок,Glock,,jazz-units:Code/Legion.lua:181
910000001072,Ганста,Gansta,,jazz-units:Code/Legion.lua:182
910000001073,Трай,Tray,,jazz-units:Code/Legion.lua:183
910000001074,Кэп,Cap,,jazz-units:Code/Legion.lua:184
910000001075,Бэйзи,Basie,,jazz-units:Code/Legion.lua:185
910000001076,Грэйм,Graham,,jazz-units:Code/Legion.lua:186
910000001077,Блэйк,Blake,,jazz-units:Code/Legion.lua:187
910000001078,Рак,Cancer,,jazz-units:Code/Legion.lua:188
910000001079,Кингз,Kings,,jazz-units:Code/Legion.lua:189
910000001080,Мэйс,Mays,,jazz-units:Code/Legion.lua:190
910000001081,Куп,Coop,,jazz-units:Code/Legion.lua:191
910000001082,Фэйт,Faith,,jazz-units:Code/Legion.lua:192
910000001083,Дьюс,Deuce,,jazz-units:Code/Legion.lua:193
910000001084,Джангл,Jungle,,jazz-units:Code/Legion.lua:194
910000001085,Стикс,Styx,,jazz-units:Code/Legion.lua:195
910000001086,Блэк,Black,,jazz-units:Code/Legion.lua:196
910000001087,Пит,Pete,,jazz-units:Code/Legion.lua:197
910000001088,Дэй,Day,,jazz-units:Code/Legion.lua:198
910000001089,Лоуд,Loud,,jazz-units:Code/Legion.lua:199
910000001090,Трэп,Trap,,jazz-units:Code/Legion.lua:200
910000001091,Глок,Glock,,jazz-units:Code/Legion.lua:201
910000001092,Флип,Flip,,jazz-units:Code/Legion.lua:202
910000001093,Крид,Creed,,jazz-units:Code/Legion.lua:203
910000001094,Хаунд,Hound,,jazz-units:Code/Legion.lua:204
910000001095,Грин,Green,,jazz-units:Code/Legion.lua:205
910000001096,Топ,Top,,jazz-units:Code/Legion.lua:206
910000001097,Джит,Jit,,jazz-units:Code/Legion.lua:207
910000001098,Вест,West,,jazz-units:Code/Legion.lua:208
910000001099,Коул,Cole,,jazz-units:Code/Legion.lua:209
910000001100,Ро,Ro,,jazz-units:Code/Legion.lua:210
910000001101,Рокко,Rocco,,jazz-units:Code/Legion.lua:211
910000001102,Кейн,Kane,,jazz-units:Code/Legion.lua:212
910000001103,Сантана,Santana,,jazz-units:Code/Legion.lua:213
910000001104,Бэйби,Baby,,jazz-units:Code/Legion.lua:214
910000001105,Гуч,Gooch,,jazz-units:Code/Legion.lua:215
910000001106,Танк,Tank,,jazz-units:Code/Legion.lua:216
910000001107,Дрэй,Dray,,jazz-units:Code/Legion.lua:217
910000001108,Лилз,Lils,,jazz-units:Code/Legion.lua:218
910000001109,Джизи,Jeezy,,jazz-units:Code/Legion.lua:219
910000001110,Стака,Staka,,jazz-units:Code/Legion.lua:220
910000001111,Крашер,Crusher,,jazz-units:Code/Legion.lua:221
910000001112,Бигга,Bigga,,jazz-units:Code/Legion.lua:222
910000001113,Гринго,Gringo,,jazz-units:Code/Legion.lua:223
910000001114,Капо,Capo,,jazz-units:Code/Legion.lua:224
910000001115,Спайди,Spidey,,jazz-units:Code/Legion.lua:225
910000001116,Флип,Flip,,jazz-units:Code/Legion.lua:226
910000001117,Дерти,Derty,,jazz-units:Code/Legion.lua:227
910000001118,Кид,Kid,,jazz-units:Code/Legion.lua:228
910000001119,Блейдс,Blades,,jazz-units:Code/Legion.lua:229
910000001120,Мурда,Murda,,jazz-units:Code/Legion.lua:230
910000001121,Спэйд,Spade,,jazz-units:Code/Legion.lua:231
910000001122,Коппер,Copper,,jazz-units:Code/Legion.lua:232
910000001123,Скрейп,Scrape,,jazz-units:Code/Legion.lua:233
910000001124,Риппа,Rippa,,jazz-units:Code/Legion.lua:234
910000001125,Трайб,Tribe,,jazz-units:Code/Legion.lua:235
910000001126,Крипс,Crips,,jazz-units:Code/Legion.lua:236
910000001127,Сопа,Sopa,,jazz-units:Code/Legion.lua:237
910000001128,Дюрак,Fool,,jazz-units:Code/Legion.lua:238
910000001129,Лоуджи,Louji,,jazz-units:Code/Legion.lua:239
910000001130,Доу,Dow,,jazz-units:Code/Legion.lua:240
910000001131,Флиппа,Flippa,,jazz-units:Code/Legion.lua:241
910000001132,Пэйпер,Paper,,jazz-units:Code/Legion.lua:242
910000001133,Сэвидж,Savage,,jazz-units:Code/Legion.lua:243
910000001134,Ганзо,Ganzo,,jazz-units:Code/Legion.lua:244
910000001135,Трэп,Trap,,jazz-units:Code/Legion.lua:245
910000001136,Холла,Hall,,jazz-units:Code/Legion.lua:246
910000001137,Джанк,Junk,,jazz-units:Code/Legion.lua:247
910000001138,Джуси,Juicy,,jazz-units:Code/Legion.lua:248
910000001139,Бэнкс,Banks,,jazz-units:Code/Legion.lua:249
910000001140,Брик,Brick,,jazz-units:Code/Legion.lua:250
910000001141,Рип,Rip,,jazz-units:Code/Legion.lua:251
910000001142,Стикс,Styx,,jazz-units:Code/Legion.lua:252
910000001143,Круз,Cruz,,jazz-units:Code/Legion.lua:253
910000001144,Скуб,Scoob,,jazz-units:Code/Legion.lua:254
910000001145,Снэп,Snap,,jazz-units:Code/Legion.lua:255
910000001146,Фэйд,Fade,,jazz-units:Code/Legion.lua:256
910000001147,Фэд,Fed,,jazz-units:Code/Legion.lua:257
910000001148,Твист,Twist,,jazz-units:Code/Legion.lua:258
910000001149,Пламбо,Plumbo,,jazz-units:Code/Legion.lua:259
910000001150,Дрэкс,Drax,,jazz-units:Code/Legion.lua:260
910000001151,Ганста,Gansta,,jazz-units:Code/Legion.lua:261
910000001152,Ричи,Richie,,jazz-units:Code/Legion.lua:262
910000001153,Грязь,Dirt,,jazz-units:Code/Legion.lua:263
910000001154,Трайбз,Tribez,,jazz-units:Code/Legion.lua:264
910000001155,Флоу,Flow,,jazz-units:Code/Legion.lua:265
910000001156,Вайпер,Viper,,jazz-units:Code/Legion.lua:266
910000001157,Токен,Token,,jazz-units:Code/Legion.lua:267
910000001158,Моб,Mob,,jazz-units:Code/Legion.lua:268
910000001159,Блууд,Bluud,,jazz-units:Code/Legion.lua:269
910000001160,Слим,Slim,,jazz-units:Code/Legion.lua:270
910000001161,Крим,Cream,,jazz-units:Code/Legion.lua:271
910000001162,Кэшбо,Cashbaugh,,jazz-units:Code/Legion.lua:272
910000001163,Роадз,Roads,,jazz-units:Code/Legion.lua:273
910000001164,Деф,Def,,jazz-units:Code/Legion.lua:274
910000001165,Гримз,Grimz,,jazz-units:Code/Legion.lua:275
910000001166,Твиста,Twista,,jazz-units:Code/Legion.lua:276
910000001167,Хаунд,Hound,,jazz-units:Code/Legion.lua:277
910000001168,Рэй,Ray,,jazz-units:Code/Legion.lua:278
910000001169,Гейтор,Gator,,jazz-units:Code/Legion.lua:279
910000001170,Чоппа,Choppa,,jazz-units:Code/Legion.lua:280
910000001171,Бэкшот,Backshot,,jazz-units:Code/Legion.lua:281
910000001172,Неф,Nave,,jazz-units:Code/Legion.lua:282
910000001173,Тру,True,,jazz-units:Code/Legion.lua:283
910000001174,Гейнг,Gaing,,jazz-units:Code/Legion.lua:284
910000001175,Триг,Trig,,jazz-units:Code/Legion.lua:285
910000001176,Сэрдж,Sarge,,jazz-units:Code/Legion.lua:286
910000001177,Драм,Dram,,jazz-units:Code/Legion.lua:287
910000001178,Скрилла,Skrilla,,jazz-units:Code/Legion.lua:288
910000001179,Файв,Five,,jazz-units:Code/Legion.lua:289
910000001180,Дюсман,Dusman,,jazz-units:Code/Legion.lua:290
910000001181,Найт,Knight,,jazz-units:Code/Legion.lua:291
910000001182,Гудди,Guddi,,jazz-units:Code/Legion.lua:292
910000001183,Слайм,Slime,,jazz-units:Code/Legion.lua:293
910000001184,Дро,Dro,,jazz-units:Code/Legion.lua:294
910000001185,Коул,Cole,,jazz-units:Code/Legion.lua:295
910000001186,Флипз,Flipz,,jazz-units:Code/Legion.lua:296
910000001187,Куджо,Cujo,,jazz-units:Code/Legion.lua:297
910000001188,Скола,Scola,,jazz-units:Code/Legion.lua:298
910000001189,Дубс,Dubs,,jazz-units:Code/Legion.lua:299
910000001190,Сноуп,Snope,,jazz-units:Code/Legion.lua:300
910000001191,Фо,Fo,,jazz-units:Code/Legion.lua:301
910000001192,Бэнт,Bant,,jazz-units:Code/Legion.lua:302
910000001193,Лосо,Loso,,jazz-units:Code/Legion.lua:303
910000001194,Гудман,Goodman,,jazz-units:Code/Legion.lua:304
910000001195,Ро,Ro,,jazz-units:Code/Legion.lua:305
910000001196,Бэй,Bay,,jazz-units:Code/Legion.lua:306
910000001197,Кэйс,Case,,jazz-units:Code/Legion.lua:307
910000001198,Домо,Domo,,jazz-units:Code/Legion.lua:308
910000001199,Ганман,Gunman,,jazz-units:Code/Legion.lua:309
910000001200,Фрик,Freak,,jazz-units:Code/Legion.lua:310
910000001201,Плоу,Plow,,jazz-units:Code/Legion.lua:311
910000001202,Брэйкс,Breaks,,jazz-units:Code/Legion.lua:312
910000001203,Сли,Slee,,jazz-units:Code/Legion.lua:313
910000001204,Хитта,Hitta,,jazz-units:Code/Legion.lua:314
910000001205,Плэй,Play,,jazz-units:Code/Legion.lua:315
910000001206,Дрон,Drone,,jazz-units:Code/Legion.lua:316
910000001207,Кин,Keen,,jazz-units:Code/Legion.lua:317
910000001208,Вест,West,,jazz-units:Code/Legion.lua:318
910000001209,Клей,Glue,,jazz-units:Code/Legion.lua:319
910000001210,Майлз,Miles,,jazz-units:Code/Legion.lua:320
910000001211,Крисп,Crisp,,jazz-units:Code/Legion.lua:321
910000001212,Фэйм,Fame,,jazz-units:Code/Legion.lua:322
910000001213,Глокки,Glocks,,jazz-units:Code/Legion.lua:323
910000001214,Кардо,Cardo,,jazz-units:Code/Legion.lua:324
910000001215,Панч,Punch,,jazz-units:Code/Legion.lua:325
910000001216,Джак,Jak,,jazz-units:Code/Legion.lua:326
910000001217,Крип,Creep,,jazz-units:Code/Legion.lua:327
910000001218,Дюке,Duquet,,jazz-units:Code/Legion.lua:328
910000001219,Рейдж,Rage,,jazz-units:Code/Legion.lua:329
910000001220,Трейп,Treyp,,jazz-units:Code/Legion.lua:330
910000001221,Тон,Tone,,jazz-units:Code/Legion.lua:331
910000001222,Грейвз,Graves,,jazz-units:Code/Legion.lua:332
910000001223,Дирт,Dirt,,jazz-units:Code/Legion.lua:333
910000001224,Скейр,Skeir,,jazz-units:Code/Legion.lua:334
910000001225,Пит,Pete,,jazz-units:Code/Legion.lua:335
910000001226,Дэш,Dash,,jazz-units:Code/Legion.lua:336
910000001227,Драмз,Drumz,,jazz-units:Code/Legion.lua:337
910000001228,Классик,Classic,,jazz-units:Code/Legion.lua:338
910000001229,Роадман,Roadman,,jazz-units:Code/Legion.lua:339
910000001230,Чейнз,Chains,,jazz-units:Code/Legion.lua:340
910000001231,Пэйн,Payne,,jazz-units:Code/Legion.lua:341
910000001232,Долл,Dollar,,jazz-units:Code/Legion.lua:342
910000001233,Слайд,Slide,,jazz-units:Code/Legion.lua:343
910000001234,Хэйз,Hayes,,jazz-units:Code/Legion.lua:344
910000001235,Флипп,Flip,,jazz-units:Code/Legion.lua:345
910000001236,Лор,Lor,,jazz-units:Code/Legion.lua:346
910000001237,Мэдж,Madge,,jazz-units:Code/Legion.lua:347
910000001238,Кобэйн,Cobain,,jazz-units:Code/Legion.lua:348
910000001239,Рэйн,Rain,,jazz-units:Code/Legion.lua:349
910000001240,Хит,Hit,,jazz-units:Code/Legion.lua:350
910000001241,Гудз,Goodz,,jazz-units:Code/Legion.lua:351
910000001242,Скрим,Skrim,,jazz-units:Code/Legion.lua:352
910000001243,Даб,Dub,,jazz-units:Code/Legion.lua:353
910000001244,Топик,Topic,,jazz-units:Code/Legion.lua:354
910000001245,Фэйт,Faith,,jazz-units:Code/Legion.lua:355
910000001246,Лоу,Lowe,,jazz-units:Code/Legion.lua:356
910000001247,Дизи,Deasy,,jazz-units:Code/Legion.lua:357
910000001248,Потч,Potch,,jazz-units:Code/Legion.lua:358
910000001249,Смоук,Smoke,,jazz-units:Code/Legion.lua:359
910000001250,Дог,Great Dane,,jazz-units:Code/Legion.lua:360
910000001251,Чоппа,Choppa,,jazz-units:Code/Legion.lua:361
910000001252,Биг,Big,,jazz-units:Code/Legion.lua:362
910000001253,Дик,Dick,,jazz-units:Code/Legion.lua:363
910000002000,Тригга,Trigga,,jazz-units:Code/Legion.lua:367
910000002001,Слик,Slick,,jazz-units:Code/Legion.lua:368
910000002002,Краш,Crash,,jazz-units:Code/Legion.lua:369
910000002003,Дайм,Dime,,jazz-units:Code/Legion.lua:370
910000002004,Дизи,Deasy,,jazz-units:Code/Legion.lua:371
910000002005,Гуц,Guts,,jazz-units:Code/Legion.lua:372
910000002006,Бэндо,Bendo,,jazz-units:Code/Legion.lua:373
910000002007,Шотти,Shotti,,jazz-units:Code/Legion.lua:374
910000002008,Трей,Trey,,jazz-units:Code/Legion.lua:375
910000002009,Глок,Glock,,jazz-units:Code/Legion.lua:376
910000002010,Дюс,Dus,,jazz-units:Code/Legion.lua:377
910000002011,Рокко,Rocco,,jazz-units:Code/Legion.lua:378
910000002012,Кейн,Kane,,jazz-units:Code/Legion.lua:379
910000002013,Сантана,Santana,,jazz-units:Code/Legion.lua:380
910000002014,Бэйби,Baby,,jazz-units:Code/Legion.lua:381
910000002015,Гуч,Gooch,,jazz-units:Code/Legion.lua:382
910000002016,Танк,Tank,,jazz-units:Code/Legion.lua:383
910000002017,Дрэй,Dray,,jazz-units:Code/Legion.lua:384
910000002018,Лилз,Lils,,jazz-units:Code/Legion.lua:385
910000002019,Джизи,Jeezy,,jazz-units:Code/Legion.lua:386
910000002020,Стака,Staka,,jazz-units:Code/Legion.lua:387
910000002021,Крашер,Crusher,,jazz-units:Code/Legion.lua:388
910000002022,Бигга,Bigga,,jazz-units:Code/Legion.lua:389
910000002023,Гринго,Gringo,,jazz-units:Code/Legion.lua:390
910000002024,Капо,Capo,,jazz-units:Code/Legion.lua:391
910000002025,Спайди,Spidey,,jazz-units:Code/Legion.lua:392
910000002026,Флип,Flip,,jazz-units:Code/Legion.lua:393
910000002027,Дерти,Derty,,jazz-units:Code/Legion.lua:394
910000002028,Кид,Kid,,jazz-units:Code/Legion.lua:395
910000002029,Блейдс,Blades,,jazz-units:Code/Legion.lua:396
910000002030,Мурда,Murda,,jazz-units:Code/Legion.lua:397
910000002031,Спэйд,Spade,,jazz-units:Code/Legion.lua:398
910000002032,Коппер,Copper,,jazz-units:Code/Legion.lua:399
910000002033,Скрейп,Scrape,,jazz-units:Code/Legion.lua:400
910000002034,Риппа,Rippa,,jazz-units:Code/Legion.lua:401
910000002035,Трайб,Tribe,,jazz-units:Code/Legion.lua:402
910000002036,Крипс,Crips,,jazz-units:Code/Legion.lua:403
910000002037,Сопа,Sopa,,jazz-units:Code/Legion.lua:404
910000002038,Дюрак,Fool,,jazz-units:Code/Legion.lua:405
910000002039,Лоуджи,Louji,,jazz-units:Code/Legion.lua:406
910000002040,Доу,Dow,,jazz-units:Code/Legion.lua:407
910000002041,Флиппа,Flippa,,jazz-units:Code/Legion.lua:408
910000002042,Пэйпер,Paper,,jazz-units:Code/Legion.lua:409
910000002043,Сэвидж,Savage,,jazz-units:Code/Legion.lua:410
910000002044,Ганзо,Ganzo,,jazz-units:Code/Legion.lua:411
910000002045,Трэп,Trap,,jazz-units:Code/Legion.lua:412
910000002046,Холла,Hall,,jazz-units:Code/Legion.lua:413
910000002047,Джанк,Junk,,jazz-units:Code/Legion.lua:414
910000002048,Джуси,Juicy,,jazz-units:Code/Legion.lua:415
910000002049,Бэнкс,Banks,,jazz-units:Code/Legion.lua:416
910000002050,Брик,Brick,,jazz-units:Code/Legion.lua:417
910000002051,Рип,Rip,,jazz-units:Code/Legion.lua:418
910000002052,Стикс,Styx,,jazz-units:Code/Legion.lua:419
910000002053,Круз,Cruz,,jazz-units:Code/Legion.lua:420
910000002054,Скуб,Scoob,,jazz-units:Code/Legion.lua:421
910000002055,Снэп,Snap,,jazz-units:Code/Legion.lua:422
910000002056,Фэйд,Fade,,jazz-units:Code/Legion.lua:423
910000002057,Фэд,Fed,,jazz-units:Code/Legion.lua:424
910000002058,Твист,Twist,,jazz-units:Code/Legion.lua:425
910000002059,Пламбо,Plumbo,,jazz-units:Code/Legion.lua:426
910000002060,Дрэкс,Drax,,jazz-units:Code/Legion.lua:427
910000002061,Ганста,Gansta,,jazz-units:Code/Legion.lua:428
910000002062,Ричи,Richie,,jazz-units:Code/Legion.lua:429
910000002063,Грязь,Dirt,,jazz-units:Code/Legion.lua:430
910000002064,Трайбз,Tribez,,jazz-units:Code/Legion.lua:431
910000002065,Флоу,Flow,,jazz-units:Code/Legion.lua:432
910000002066,Вайпер,Viper,,jazz-units:Code/Legion.lua:433
910000002067,Токен,Token,,jazz-units:Code/Legion.lua:434
910000002068,Моб,Mob,,jazz-units:Code/Legion.lua:435
910000002069,Блууд,Bluud,,jazz-units:Code/Legion.lua:436
910000002070,Слим,Slim,,jazz-units:Code/Legion.lua:437
910000002071,Крим,Cream,,jazz-units:Code/Legion.lua:438
910000002072,Кэшбо,Cashbaugh,,jazz-units:Code/Legion.lua:439
910000002073,Роадз,Roads,,jazz-units:Code/Legion.lua:440
910000002074,Деф,Def,,jazz-units:Code/Legion.lua:441
910000002075,Гримз,Grimz,,jazz-units:Code/Legion.lua:442
910000002076,Твиста,Twista,,jazz-units:Code/Legion.lua:443
910000002077,Хаунд,Hound,,jazz-units:Code/Legion.lua:444
910000002078,Рэй,Ray,,jazz-units:Code/Legion.lua:445
910000002079,Гейтор,Gator,,jazz-units:Code/Legion.lua:446
910000002080,Чоппа,Choppa,,jazz-units:Code/Legion.lua:447
910000002081,Бэкшот,Backshot,,jazz-units:Code/Legion.lua:448
910000002082,Неф,Nave,,jazz-units:Code/Legion.lua:449
910000002083,Тру,True,,jazz-units:Code/Legion.lua:450
910000002084,Гейнг,Gaing,,jazz-units:Code/Legion.lua:451
910000002085,Триг,Trig,,jazz-units:Code/Legion.lua:452
910000002086,Сэрдж,Sarge,,jazz-units:Code/Legion.lua:453
910000002087,Драм,Dram,,jazz-units:Code/Legion.lua:454
910000002088,Скрилла,Skrilla,,jazz-units:Code/Legion.lua:455
910000002089,Файв,Five,,jazz-units:Code/Legion.lua:456
910000002090,Дюсман,Dusman,,jazz-units:Code/Legion.lua:457
910000002091,Найт,Knight,,jazz-units:Code/Legion.lua:458
910000002092,Гудди,Guddi,,jazz-units:Code/Legion.lua:459
910000002093,Слайм,Slime,,jazz-units:Code/Legion.lua:460
910000002094,Дро,Dro,,jazz-units:Code/Legion.lua:461
910000002095,Коул,Cole,,jazz-units:Code/Legion.lua:462
910000002096,Флипз,Flipz,,jazz-units:Code/Legion.lua:463
910000002097,Куджо,Cujo,,jazz-units:Code/Legion.lua:464
910000002098,Скола,Scola,,jazz-units:Code/Legion.lua:465
910000002099,Дубс,Dubs,,jazz-units:Code/Legion.lua:466
910000002100,Сноуп,Snope,,jazz-units:Code/Legion.lua:467
910000002101,Фо,Fo,,jazz-units:Code/Legion.lua:468
910000002102,Бэнт,Bant,,jazz-units:Code/Legion.lua:469
910000002103,Лосо,Loso,,jazz-units:Code/Legion.lua:470
910000002104,Гудман,Goodman,,jazz-units:Code/Legion.lua:471
910000002105,Ро,Ro,,jazz-units:Code/Legion.lua:472
910000002106,Твист,Twist,,jazz-units:Code/Legion.lua:473
910000002107,Бэй,Bay,,jazz-units:Code/Legion.lua:474
910000002108,Кэйс,Case,,jazz-units:Code/Legion.lua:475
910000002109,Домо,Domo,,jazz-units:Code/Legion.lua:476
910000002110,Ганман,Gunman,,jazz-units:Code/Legion.lua:477
910000002111,Фрик,Freak,,jazz-units:Code/Legion.lua:478
910000002112,Плоу,Plow,,jazz-units:Code/Legion.lua:479
910000002113,Брэйкс,Breaks,,jazz-units:Code/Legion.lua:480
910000002114,Сли,Slee,,jazz-units:Code/Legion.lua:481
910000002115,Хитта,Hitta,,jazz-units:Code/Legion.lua:482
910000002116,Плэй,Play,,jazz-units:Code/Legion.lua:483
910000002117,Дрон,Drone,,jazz-units:Code/Legion.lua:484
910000002118,Кин,Keen,,jazz-units:Code/Legion.lua:485
910000002119,Вест,West,,jazz-units:Code/Legion.lua:486
910000002120,Клей,Glue,,jazz-units:Code/Legion.lua:487
910000002121,Майлз,Miles,,jazz-units:Code/Legion.lua:488
910000002122,Крисп,Crisp,,jazz-units:Code/Legion.lua:489
910000002123,Фэйм,Fame,,jazz-units:Code/Legion.lua:490
910000002124,Глокки,Glocks,,jazz-units:Code/Legion.lua:491
910000002125,Кардо,Cardo,,jazz-units:Code/Legion.lua:492
910000002126,Панч,Punch,,jazz-units:Code/Legion.lua:493
910000002127,Джак,Jak,,jazz-units:Code/Legion.lua:494
910000002128,Крип,Creep,,jazz-units:Code/Legion.lua:495
910000002129,Дюке,Duquet,,jazz-units:Code/Legion.lua:496
910000002130,Рейдж,Rage,,jazz-units:Code/Legion.lua:497
910000002131,Трейп,Treyp,,jazz-units:Code/Legion.lua:498
910000002132,Тон,Tone,,jazz-units:Code/Legion.lua:499
910000002133,Грейвз,Graves,,jazz-units:Code/Legion.lua:500
910000002134,Дирт,Dirt,,jazz-units:Code/Legion.lua:501
910000002135,Скейр,Skeir,,jazz-units:Code/Legion.lua:502
910000002136,Пит,Pete,,jazz-units:Code/Legion.lua:503
910000002137,Дэш,Dash,,jazz-units:Code/Legion.lua:504
910000002138,Драмз,Drumz,,jazz-units:Code/Legion.lua:505
910000002139,Классик,Classic,,jazz-units:Code/Legion.lua:506
910000002140,Ганста,Gansta,,jazz-units:Code/Legion.lua:507
910000002141,Трай,Tray,,jazz-units:Code/Legion.lua:508
910000002142,Кэп,Cap,,jazz-units:Code/Legion.lua:509
910000002143,Бэйзи,Basie,,jazz-units:Code/Legion.lua:510
910000002144,Грэйм,Graham,,jazz-units:Code/Legion.lua:511
910000002145,Блэйк,Blake,,jazz-units:Code/Legion.lua:512
910000002146,Рак,Cancer,,jazz-units:Code/Legion.lua:513
910000002147,Кингз,Kings,,jazz-units:Code/Legion.lua:514
910000002148,Мэйс,Mays,,jazz-units:Code/Legion.lua:515
910000002149,Куп,Coop,,jazz-units:Code/Legion.lua:516
910000002150,Роадман,Roadman,,jazz-units:Code/Legion.lua:517
910000002151,Чейнз,Chains,,jazz-units:Code/Legion.lua:518
910000002152,Пэйн,Payne,,jazz-units:Code/Legion.lua:519
910000002153,Долл,Dollar,,jazz-units:Code/Legion.lua:520
910000002154,Слайд,Slide,,jazz-units:Code/Legion.lua:521
910000002155,Хэйз,Hayes,,jazz-units:Code/Legion.lua:522
910000002156,Флипп,Flip,,jazz-units:Code/Legion.lua:523
910000002157,Лор,Lor,,jazz-units:Code/Legion.lua:524
910000002158,Мэдж,Madge,,jazz-units:Code/Legion.lua:525
910000002159,Кобэйн,Cobain,,jazz-units:Code/Legion.lua:526
910000002160,Рэйн,Rain,,jazz-units:Code/Legion.lua:527
910000002161,Хит,Hit,,jazz-units:Code/Legion.lua:528
910000002162,Гудз,Goodz,,jazz-units:Code/Legion.lua:529
910000002163,Скрим,Skrim,,jazz-units:Code/Legion.lua:530
910000002164,Даб,Dub,,jazz-units:Code/Legion.lua:531
910000002165,Топик,Topic,,jazz-units:Code/Legion.lua:532
910000002166,Фэйт,Faith,,jazz-units:Code/Legion.lua:533
910000002167,Лоу,Lowe,,jazz-units:Code/Legion.lua:534
910000002168,Дизи,Deasy,,jazz-units:Code/Legion.lua:535
910000002169,Потч,Potch,,jazz-units:Code/Legion.lua:536
910000002170,Смоук,Smoke,,jazz-units:Code/Legion.lua:537
910000002171,Дог,Great Dane,,jazz-units:Code/Legion.lua:538
910000002172,CJ,CJ,,jazz-units:Code/Legion.lua:539
911767416640,"Что-нибудь еще? ",Anything else?,,jazz-units:items.lua:68807
913471116788,Здорово!,It's awesome!,,jazz-units:items.lua:69578
914296644319,Так! Я это сделала. Теперь что?,Yes! I did it. Now what?,,jazz-units:items.lua:69634
915847985105,Автоматический огонь,Full Auto,,jazz-units:items.lua:58060
916724097519,"Капрал Лен Андерсон, сэр! Ха-ха-ха. Лен - командир что надо, любую команду за уши из жопы вытащит. Так что, я впишусь, если нет возражений.","Corporal Len Anderson, sir! Ha ha ha. Len is a great commander, he will pull any team out of its ass by the ears. So, I'll fit in if there's no objection.",,jazz-units:items.lua:70477 | jazz-units:UnitData/JAZZ_Merc_Spouke.lua:47
916793019921,Гематогенку бы щас... Чо? Вкусные ж.,I wish I had a hematogen right now... What? Delicious,,jazz-units:items.lua:70736
916874205351,Бандит,Bandit,,jazz-units:Code/Mercenary.lua:135
918482995946,"Падай, мля. ","Fall down, dammit.",,jazz-units:items.lua:71010
919463735747,"Тихонько, тихонько...","Quietly, quietly...",,jazz-units:items.lua:70657
920000000000,Владимир,Vladimir,,jazz-units:Code/Rebels.lua:2
920000000001,Ильич,Ilyich,,jazz-units:Code/Rebels.lua:3
920000000002,Павел,Pavel,,jazz-units:Code/Rebels.lua:4
920000000003,Алексей,Alexey,,jazz-units:Code/Rebels.lua:5
920000000004,Никита,Nikita,,jazz-units:Code/Rebels.lua:6
920000000005,Михаил,Mikhail,,jazz-units:Code/Rebels.lua:7
920000000006,Тимур,Timur,,jazz-units:Code/Rebels.lua:8
920000000007,Сергей,Sergey,,jazz-units:Code/Rebels.lua:9
920000000008,Пётр,Peter,,jazz-units:Code/Rebels.lua:10
920000000009,Григорий,Gregory,,jazz-units:Code/Rebels.lua:11
920000000010,Ленин,Lenin,,jazz-units:Code/Rebels.lua:12
920000000011,Маркс,Marx,,jazz-units:Code/Rebels.lua:13
920000000012,Сталин,Stalin,,jazz-units:Code/Rebels.lua:14
920000000013,Ревик,Revik,,jazz-units:Code/Rebels.lua:15
920000000014,Товарищ,Comrade,,jazz-units:Code/Rebels.lua:16
920000000015,Народ,People,,jazz-units:Code/Rebels.lua:17
920000000016,Свобода,Freedom,,jazz-units:Code/Rebels.lua:18
920000000017,Александр,Alexander,,jazz-units:Code/Rebels.lua:19
920000000018,Борис,Boris,,jazz-units:Code/Rebels.lua:20
920000000019,Егор,Egor,,jazz-units:Code/Rebels.lua:21
920000000020,Рома,Roma,,jazz-units:Code/Rebels.lua:22
920000000021,Максим,Maxim,,jazz-units:Code/Rebels.lua:23
920000000022,Фёдор,Fedor,,jazz-units:Code/Rebels.lua:24
920000000023,Кирилл,Kirill,,jazz-units:Code/Rebels.lua:25
920000000024,Яков,Yakov,,jazz-units:Code/Rebels.lua:26
920000000025,Андрей,Andrey,,jazz-units:Code/Rebels.lua:27
920000000026,Амаду,Amadou,,jazz-units:Code/Rebels.lua:28
920000000027,Кваме,Kwame,,jazz-units:Code/Rebels.lua:29
920000000028,Кофи,Kofi,,jazz-units:Code/Rebels.lua:30
920000000029,Чике,Chike,,jazz-units:Code/Rebels.lua:31
920000000030,Адем,Adem,,jazz-units:Code/Rebels.lua:32
920000000031,Мустафа,Mustafa,,jazz-units:Code/Rebels.lua:33
920000000032,Амаду,Amadou,,jazz-units:Code/Rebels.lua:34
920000000033,Абдулла,Abdullah,,jazz-units:Code/Rebels.lua:35
920000000034,Муса,Musa,,jazz-units:Code/Rebels.lua:36
920000000035,Зубери,Zuberi,,jazz-units:Code/Rebels.lua:37
920000000036,Нуру,Nuru,,jazz-units:Code/Rebels.lua:38
920000000037,Сефу,Sefu,,jazz-units:Code/Rebels.lua:39
920000000038,Ндари,Ndari,,jazz-units:Code/Rebels.lua:40
920000000039,Кабира,Kabira,,jazz-units:Code/Rebels.lua:41
920000000040,Кенза,Kenza,,jazz-units:Code/Rebels.lua:42
920000000041,Амина,Amina,,jazz-units:Code/Rebels.lua:43
920000000042,Аюба,Ayuba,,jazz-units:Code/Rebels.lua:44
920000000043,Джамал,Jamal,,jazz-units:Code/Rebels.lua:45
920000000044,Амара,Amara,,jazz-units:Code/Rebels.lua:46
920000000045,Диарра,Diarra,,jazz-units:Code/Rebels.lua:47
920000000046,Коне,Kone,,jazz-units:Code/Rebels.lua:48
920000000047,Джибрил,Jibril,,jazz-units:Code/Rebels.lua:49
920000000048,Салех,Saleh,,jazz-units:Code/Rebels.lua:50
920000000049,Тема,SUBJECT,,jazz-units:Code/Rebels.lua:51
920000000050,Бала,Bala,,jazz-units:Code/Rebels.lua:52
920000000051,Кай,Kai,,jazz-units:Code/Rebels.lua:53
920000000052,Омар,Omar,,jazz-units:Code/Rebels.lua:54
920000000053,Каддафи,Gaddafi,,jazz-units:Code/Rebels.lua:55
920000000054,Ашраф,Ashraf,,jazz-units:Code/Rebels.lua:56
920000000055,Зин,Zin,,jazz-units:Code/Rebels.lua:57
920000000056,Танго,Tango,,jazz-units:Code/Rebels.lua:58
920000000057,Рудак,Rudak,,jazz-units:Code/Rebels.lua:59
920000000058,Войт,Voight,,jazz-units:Code/Rebels.lua:60
920000000059,Рудой,Rudoy,,jazz-units:Code/Rebels.lua:61
920000000060,Степан,Stepan,,jazz-units:Code/Rebels.lua:62
920000000062,Василий,Vasily,,jazz-units:Code/Rebels.lua:64
920000000063,Назар,Nazar,,jazz-units:Code/Rebels.lua:65
920000000064,Ян,Jan,,jazz-units:Code/Rebels.lua:66
920000000065,Лазар,Lazar,,jazz-units:Code/Rebels.lua:67
920000000066,Эмиль,Emil,,jazz-units:Code/Rebels.lua:68
920000000067,Бакари,Bakari,,jazz-units:Code/Rebels.lua:69
920000000068,Амана,Amana,,jazz-units:Code/Rebels.lua:70
920000000069,Саид,Said,,jazz-units:Code/Rebels.lua:71
920000000070,Идрис,Idris,,jazz-units:Code/Rebels.lua:72
920000000071,Карам,Karam,,jazz-units:Code/Rebels.lua:73
920000000072,Мбенге,Mbengue,,jazz-units:Code/Rebels.lua:74
920000000073,Осуна,Osuna,,jazz-units:Code/Rebels.lua:75
920000000074,Ндойе,Ndoye,,jazz-units:Code/Rebels.lua:76
920000000075,Абоба,Aboba,,jazz-units:Code/Rebels.lua:77
920000000076,Родион,Rodion,,jazz-units:Code/Rebels.lua:78
920000000077,Георгий,Georgiy,,jazz-units:Code/Rebels.lua:79
920000000078,Лука,Luka,,jazz-units:Code/Rebels.lua:80
920000000079,Алмаз,Diamond,,jazz-units:Code/Rebels.lua:81
920000000080,Толя,Tolya,,jazz-units:Code/Rebels.lua:82
920000000081,Захар,Zakhar,,jazz-units:Code/Rebels.lua:83
920000000082,Эльдар,Eldar,,jazz-units:Code/Rebels.lua:84
920000000083,Жан,Jean,,jazz-units:Code/Rebels.lua:85
920000000084,Фрэнк,Frank,,jazz-units:Code/Rebels.lua:86
920000000085,Кадир,Kadir,,jazz-units:Code/Rebels.lua:87
920000000086,Самвель,Samvel,,jazz-units:Code/Rebels.lua:88
920000000087,Пакт,Pact,,jazz-units:Code/Rebels.lua:89
920000000088,Рубен,Ruben,,jazz-units:Code/Rebels.lua:90
920000000089,Сема,Sema,,jazz-units:Code/Rebels.lua:91
920000000090,Гарун,Harun,,jazz-units:Code/Rebels.lua:92
920000000091,Товарищ,Comrade,,jazz-units:Code/Rebels.lua:93
920000000092,Комрад,Comrad,,jazz-units:Code/Rebels.lua:94
920000000093,Клим,Klim,,jazz-units:Code/Rebels.lua:95
920000001000,Краснов,Krasnov,,jazz-units:Code/Rebels.lua:99
920000001001,Народов,Peoples,,jazz-units:Code/Rebels.lua:100
920000001003,Промыслов,Promyslov,,jazz-units:Code/Rebels.lua:102
920000001004,Свободин,Svobodin,,jazz-units:Code/Rebels.lua:103
920000001005,Гвардейский,Gvardeysky,,jazz-units:Code/Rebels.lua:104
920000001006,Партийный,Party,,jazz-units:Code/Rebels.lua:105
920000001007,Комаров,Komarov,,jazz-units:Code/Rebels.lua:106
920000001008,Союзов,Unions,,jazz-units:Code/Rebels.lua:107
920000001009,Червон,Chervon,,jazz-units:Code/Rebels.lua:108
920000001010,Красный,Red,,jazz-units:Code/Rebels.lua:109
920000001011,Колон,Colon,,jazz-units:Code/Rebels.lua:110
920000001012,Народенко,Narodenko,,jazz-units:Code/Rebels.lua:111
920000001013,Мирный,Peaceful,,jazz-units:Code/Rebels.lua:112
920000001014,Борец,wrestler,,jazz-units:Code/Rebels.lua:113
920000001015,Победин,Pobedin,,jazz-units:Code/Rebels.lua:114
920000001016,Шах,Shah,,jazz-units:Code/Rebels.lua:115
920000001017,Джалло,Giallo,,jazz-units:Code/Rebels.lua:116
920000001018,Диалло,Diallo,,jazz-units:Code/Rebels.lua:117
920000001019,Камара,Camara,,jazz-units:Code/Rebels.lua:118
920000001020,Коне,Kone,,jazz-units:Code/Rebels.lua:119
920000001021,Ндиайе,Ndiaye,,jazz-units:Code/Rebels.lua:120
920000001022,Кумба,Kumba,,jazz-units:Code/Rebels.lua:121
920000001023,Мбенге,Mbengue,,jazz-units:Code/Rebels.lua:122
920000001024,Каба,Kaba,,jazz-units:Code/Rebels.lua:123
920000001025,Курта,Kurta,,jazz-units:Code/Rebels.lua:124
920000001026,Сидибе,Sidibe,,jazz-units:Code/Rebels.lua:125
920000001027,Кунде,Kunde,,jazz-units:Code/Rebels.lua:126
920000001028,Окуту,Okutu,,jazz-units:Code/Rebels.lua:127
920000001029,Амади,Amadi,,jazz-units:Code/Rebels.lua:128
920000001030,Мбеле,Mbele,,jazz-units:Code/Rebels.lua:129
920000001031,Траоре,Traore,,jazz-units:Code/Rebels.lua:130
920000001032,Дьяло,Dyalo,,jazz-units:Code/Rebels.lua:131
920000001033,Крупин,Krupin,,jazz-units:Code/Rebels.lua:132
920000001034,Толмачёв,Tolmachev,,jazz-units:Code/Rebels.lua:133
920000001035,Заводов,Factories,,jazz-units:Code/Rebels.lua:134
920000001036,Рудницкий,Rudnitsky,,jazz-units:Code/Rebels.lua:135
920000001037,Кузнецов,Kuznetsov,,jazz-units:Code/Rebels.lua:136
920000001038,Петров,Petrov,,jazz-units:Code/Rebels.lua:137
920000001039,Ибрагимов,Ibragimov,,jazz-units:Code/Rebels.lua:138
920000001040,Абдулов,Abdulov,,jazz-units:Code/Rebels.lua:139
920000001041,Мусаев,Musaev,,jazz-units:Code/Rebels.lua:140
920000001042,Омаров,Lobster,,jazz-units:Code/Rebels.lua:141
920000001043,Бакаров,Bakarov,,jazz-units:Code/Rebels.lua:142
920000001044,Камбате,Kambate,,jazz-units:Code/Rebels.lua:143
920000001045,Кабу,Kabu,,jazz-units:Code/Rebels.lua:144
920000001046,Джонсон,Johnson,,jazz-units:Code/Rebels.lua:145
920000001047,Окуфо,Okufo,,jazz-units:Code/Rebels.lua:146
920000001048,Касама,Kasama,,jazz-units:Code/Rebels.lua:147
920000001049,Ферган,Fergana,,jazz-units:Code/Rebels.lua:148
920000001050,Красин,Krasin,,jazz-units:Code/Rebels.lua:149
920000001051,Берегов,Beregov,,jazz-units:Code/Rebels.lua:150
920000001052,Горлов,Gorlov,,jazz-units:Code/Rebels.lua:151
920000001053,Степанов,Stepanov,,jazz-units:Code/Rebels.lua:152
920000001054,Николаев,Nikolaev,,jazz-units:Code/Rebels.lua:153
920000001055,Ржавый,Rusty,,jazz-units:Code/Rebels.lua:154
920000001056,Миронов,Mironov,,jazz-units:Code/Rebels.lua:155
920000001057,Товарищев,Tovarishchev,,jazz-units:Code/Rebels.lua:156
920000001058,Шпаков,Shpakov,,jazz-units:Code/Rebels.lua:157
920000001059,Буров,Burov,,jazz-units:Code/Rebels.lua:158
920000001060,Камара-Рев,Kamara-Rev,,jazz-units:Code/Rebels.lua:159
920000001061,Клайд,Clyde,,jazz-units:Code/Rebels.lua:160
920000001062,Окапов,Okapov,,jazz-units:Code/Rebels.lua:161
920000001063,Богданов,Bogdanov,,jazz-units:Code/Rebels.lua:162
920000001064,Квезе,Kweze,,jazz-units:Code/Rebels.lua:163
920000001065,Ндоу,Ndou,,jazz-units:Code/Rebels.lua:164
920000001066,Антонов,Antonov,,jazz-units:Code/Rebels.lua:165
920000001067,Павленко,Pavlenko,,jazz-units:Code/Rebels.lua:166
920000001068,Корчагин,Korchagin,,jazz-units:Code/Rebels.lua:167
920000001069,Мара,Mara,,jazz-units:Code/Rebels.lua:168
920000001070,Донго,Dongo,,jazz-units:Code/Rebels.lua:169
920000001071,Камба,Kamba,,jazz-units:Code/Rebels.lua:170
920000001072,Зомб,zombie,,jazz-units:Code/Rebels.lua:171
920000001073,Сакам,Sakam,,jazz-units:Code/Rebels.lua:172
920000001074,Харт,Hart,,jazz-units:Code/Rebels.lua:173
920000001075,Грин,Green,,jazz-units:Code/Rebels.lua:174
920000001076,Калаба,Kalaba,,jazz-units:Code/Rebels.lua:175
920000001077,Мангала,Mangala,,jazz-units:Code/Rebels.lua:176
920000001078,Серу,Seru,,jazz-units:Code/Rebels.lua:177
920000001079,Олува,Oluwa,,jazz-units:Code/Rebels.lua:178
920000001080,Шарипов,Sharipov,,jazz-units:Code/Rebels.lua:179
920000001081,Рубцов,Rubtsov,,jazz-units:Code/Rebels.lua:180
920000001082,Норец,Norets,,jazz-units:Code/Rebels.lua:181
920000001083,Рубеж,Frontier,,jazz-units:Code/Rebels.lua:182
920000001084,Гранов,Granov,,jazz-units:Code/Rebels.lua:183
920000001085,Симон,Simon,,jazz-units:Code/Rebels.lua:184
920000001086,Энгуле,Engule,,jazz-units:Code/Rebels.lua:185
920000001087,Конате,Konate,,jazz-units:Code/Rebels.lua:186
920000001088,Карамба,Karamba,,jazz-units:Code/Rebels.lua:187
920000001089,Малик,Malik,,jazz-units:Code/Rebels.lua:188
920000001090,Сафо,Sappho,,jazz-units:Code/Rebels.lua:189
920000001091,Кабанг,Kabang,,jazz-units:Code/Rebels.lua:190
920000001092,Марков,Markov,,jazz-units:Code/Rebels.lua:191
920000001093,Иванов,IVANOV,,jazz-units:Code/Rebels.lua:192
920000001094,Орлов,Orlov,,jazz-units:Code/Rebels.lua:193
920000001095,Назаров,Nazarov,,jazz-units:Code/Rebels.lua:194
920000001096,Курбан,Kurban,,jazz-units:Code/Rebels.lua:195
920000001097,Гассан,Hassan,,jazz-units:Code/Rebels.lua:196
920000001098,Моряч,Sailor,,jazz-units:Code/Rebels.lua:197
920000001099,Акин,Akin,,jazz-units:Code/Rebels.lua:198
920000001100,Тамба,Tamba,,jazz-units:Code/Rebels.lua:199
920000001101,Саныч,Sanych,,jazz-units:Code/Rebels.lua:200
920000002000,Товарищ Баюн,Comrade Bayun,,jazz-units:Code/Rebels.lua:204
920000002001,Товарищ Ливси,Comrade Livesey,,jazz-units:Code/Rebels.lua:205
923158740693,Лайн,Line,,jazz-units:Code/Mercenary.lua:165
923960576868,HoustonMD@aim.com,HoustonMD@aim.com,,jazz-units:items.lua:69733 | jazz-units:UnitData/Jazz_Spider.lua:28
925557375079,Дернусь - и привет мамане.,I'll twitch and hello to mom.,,jazz-units:items.lua:70916
925794218194,Так динозавры и вымерли. Ха-ХА!,That's how dinosaurs became extinct. Haha!,,jazz-units:items.lua:69031
926619480801,Седалищем чую - кто-то на меня глаз положил.,I can smell it in my seat - someone has their eyes on me.,,jazz-units:items.lua:70917
926842382510,"Посмотри - у меня пульс как с цепи сорвался! Я покрываюсь испариной... ",Look - my pulse has gone crazy! I'm covered in sweat...,,jazz-units:items.lua:70242
927098390925,Тут явно нечисто - аж двинуться страшно.,It's clearly unclean here - it's scary to even move.,,jazz-units:items.lua:69056
927223711798,Советник,Advisor,,jazz-units:items.lua:36311 | jazz-units:UnitData/ThugBoss_Stronger_Elite.lua:20
928018472744,Вещь!,Thing!,,jazz-units:items.lua:69497
928050957973,Я под этим тоже подпишусь.,I'll sign up for this too.,,jazz-units:items.lua:69108
928161401130,"Что-то, прямо здесь!","Something, right here!",,jazz-units:items.lua:69500
929151113578,бежалка,fugitive,,jazz-units:items.lua:69510
930148900953,Отвали!,Fuck off!,,jazz-units:items.lua:69577
930578412650,Джекал,Jecal,,jazz-units:Code/Mercenary.lua:121
930691489381,"Взял, у меня",Took it from me,,jazz-units:items.lua:68971
931285992937,Наемник Пулеметчик,Mercenary Heavy,,jazz-units:items.lua:37091 | jazz-units:UnitData/ThugGrenadier_Stronger_Elite.lua:20
933693153270,карабалка,Karabalka,,jazz-units:items.lua:69415
934700876331,Перелазанье 2,Climbing 2,,jazz-units:items.lua:70633
934715860279,Блейд,Blade,,jazz-units:Code/Mercenary.lua:128
934996152027,Следующая задача?,Next challenge?,,jazz-units:items.lua:70176
935033359195,"Отсюда надо выбираться! ",We need to get out of here!,,jazz-units:items.lua:69095
935614300047,Мне надо прилечь.,I need to lie down.,,jazz-units:items.lua:69684
936521847304,Шейд,Shade,,jazz-units:Code/Mercenary.lua:100
937614852103,Спаркс,Sparks,,jazz-units:Code/Mercenary.lua:110
939764638704,Надо было смотреть за оружием.,We had to look after the weapons.,,jazz-units:items.lua:71044
940470095476,Хреново!,It sucks!,,jazz-units:items.lua:69647
940580376015,Как в тыкву сраную!,Like fucking a pumpkin!,,jazz-units:items.lua:70885
941528063776,"Ах! Зачем ты выстрелила в меня, Вики? Я тебе не ""Корвет"", я из плоти и крови! Меня не выйдет замазать шпаклевкой и отполировать!","Ah! Why did you shoot me, Vicki? I'm not your Corvette, I'm flesh and blood! I can't be covered with putty and polished!",,jazz-units:items.lua:69993
942359520376,Гммммм...,Hmmmmm...,,jazz-units:items.lua:68844
942541541319,"Фройляйн Паук, на вас удивительным образом невозможно сердиться. Но все же, будьте аккуратнее с оружием.","Fräulein Spider, it is amazingly impossible to be angry with you. But still, be careful with weapons.",,jazz-units:items.lua:78709
943218507326,Бёрн,Burn,,jazz-units:Code/Mercenary.lua:155
943363007045,"Внимание, все! Что-то мне хочется кого-нибудь убить!","Attention, everyone! I kind of want to kill someone!",,jazz-units:items.lua:69429
944057890342,Иванов,IVANOV,,jazz-units:items.lua:70271 | jazz-units:UnitData/JAZZ_Ivanov.lua:20
944512092544,Выброс адреналина! Я чувствую - сейчас что-то случится.,Adrenaline rush! I feel like something is going to happen now.,,jazz-units:items.lua:70155
945102836417,Норт,North,,jazz-units:Code/Mercenary.lua:177
947222815353,Здесь!,Presently in attendance.,,jazz-units:items.lua:69523
947641553708,Гренадёр,Grenadier,,jazz-units:items.lua:36872 | jazz-units:UnitData/ThugGrenadier.lua:21
947928737416,Есть варик без палева. А есть 200 грамм пластида. Решай.,There is a varik without pale. And there are 200 grams of plastid. Decide.,,jazz-units:items.lua:70660
948635796154,"Как можно такое увидеть и не подумать, что работка у нас - не очень?",How can you see this and not think that our work is not very good?,,jazz-units:items.lua:70125
949351597162,а,Huh?,,jazz-units:items.lua:69653
949418392441,Ну ладно!,Okay!,,jazz-units:items.lua:69644
949818891918,Я только сделала одолжение... Избавила от страданий. Что еще тут можно сделать?,I just did a favor... I saved her from suffering. What else can you do here?,,jazz-units:items.lua:69516
950600888574,"прыгает, гоп","jumping, gop",,jazz-units:items.lua:70038
950681491418,Тут подойти надо. Или поджечь чего.,You need to come here. Or set something on fire.,,jazz-units:items.lua:70607
951406281709,Грейсон,Grayson,,jazz-units:Code/Mercenary.lua:57
951442777109,Тёмный Властелин,Dark Lord,,jazz-units:items.lua:83049 | jazz-units:UnitData/Jazz_RecruterG10.lua:21
951646776916,"Трафарет! Ну мля, рожи у них, как на одном столе лепили.","Stencil! Well, damn, their faces look like they were sculpted on the same table.",,jazz-units:items.lua:70868
951773239303,Это был тот еще опыт! Увидимся.,It was quite an experience! See you.,,jazz-units:items.lua:68888
953737232800,Сейчас начнется!,It's about to start!,,jazz-units:items.lua:69957
954128588772,"Доктор Хьюстон. Меня нет на месте, но, если вы оставите сообщение, кто-нибудь свяжется с вами в ближайшее время. Если нужна срочная медицинская помощь, позвоните в клинику по номеру JL5-1494.","Dr. Houston. I'm out of town, but if you leave a message, someone will get back to you shortly. If you need urgent medical attention, call the clinic at JL5-1494.",,jazz-units:items.lua:69823 | jazz-units:UnitData/Jazz_Spider.lua:118
954343359194,"Спайк! Вставай, Майор, не спать! Мля, ну хоть отползи... Вот, блин!","Spike! Get up, Major, don't sleep! Fuck, at least crawl away... Damn it!",,jazz-units:items.lua:70693
954601292221,"<em>Once per turn</em>.
957064295330,Черт!,Damn!,,jazz-units:items.lua:70079
958337909144,"Слушай, я ведь от времени моложе не делаюсь!","Listen, I’m not getting any younger with time!",,jazz-units:items.lua:68936
959177485503,Тут не расслабишься!,You can't relax here!,,jazz-units:items.lua:69678
959677631902,Мерзкая пробоина - так и хлещет! Придется зашивать.,Vile hole - it's gushing! I'll have to stitch it up.,,jazz-units:items.lua:69147
959778001084,"Я запыхалась, как бешеная собака!",I was out of breath like a mad dog!,,jazz-units:items.lua:69487
960189656665,"Братан, такая стрельба только этим анчоусам на смех. Завтра будем учиться.","Bro, this kind of shooting is just for the laugh of these anchovies. Tomorrow we will study.",,jazz-units:items.lua:70839
960739752933,Усиление Пулеметчиков,Strengthening Heavy Gunners,,jazz-units:items.lua:56736
961247380512,Фэнг,Fang,,jazz-units:Code/Mercenary.lua:113
962084315017,Вэйл,Vale,,jazz-units:Code/Mercenary.lua:184
962084315018,Баюн,Bayun,,jazz-units:Code/Mercenary.lua:185
962084735140,Гир,Gir,,jazz-units:Code/Mercenary.lua:144
962451046569,Можешь опять на меня расчитывать.,You can count on me again.,,jazz-units:items.lua:70135
962640753793,РЫСЬ,Lynx,,jazz-units:items.lua:68623
962715430109,Фриз,Frieze,,jazz-units:Code/Mercenary.lua:173
962940395587,"Не, брат, только патроны переводить...","No, brother, just transfer the cartridges...",,jazz-units:items.lua:70606
964197488980,"Мина. Пора делать то, за что мне платят. А как платят, так и работаем!","Mina. It's time to do what I'm paid to do. And as we get paid, we work!",,jazz-units:items.lua:70823
965333256165,Так к какому решению ты собираешься придти?,So what decision are you going to come to?,,jazz-units:items.lua:69300 | jazz-units:UnitData/Jazz_Buzz.lua:147
967900698879,"Барриман ""Пилот"" Сил","Barryman ""Pilot"" Seal",,jazz-units:items.lua:68518 | jazz-units:UnitData/Merc_BarrySeal.lua:30
970185236017,Краус,Kraus,,jazz-units:Code/Mercenary.lua:81
971004246271,"Нейрохирург, точно!","Neurosurgeon, for sure!",,jazz-units:items.lua:69484
971124630882,А!,Ah!,,jazz-units:items.lua:70151
971435609781,"Мисс, а вы, часом, не бывали в Бруклине раньше?","Miss, have you ever been to Brooklyn before?",,jazz-units:items.lua:70943
971716367378,"Айс! Блин, братан, чо ж ты так похож на этих одинаковых... Как теперь твоей мамане-то сказать?","Ice! Damn, bro, why do you look so much like these identical ones... How can I tell your mom now?",,jazz-units:items.lua:70778
971951422708,ТОСКА,TOSCA,,jazz-units:items.lua:69176 | jazz-units:UnitData/Jazz_Buzz.lua:23
973543834873,карабалка,Karabalka,,jazz-units:items.lua:69414
973995464374,"Айс, ты бы проверился там. У ствола с конца капает.","Ice, you should get that checked out. Your barrel is dripping at the muzzle.",,jazz-units:items.lua:70844
974518231406,Слейт,Slate,,jazz-units:Code/Mercenary.lua:106
974948259291,Я слушаю.,I'm listening.,,jazz-units:items.lua:69639
975008642876,Я на некоторое время займусь научной работой. Этот контракт меня просто вымотал. Мне нужно прийти в себя.,I will be doing scientific work for a while. This contract just exhausted me. I need to come to my senses.,,jazz-units:items.lua:69966
975126744269,"Похоже, они отступили. Мудрое решение, должен сказать.","It looks like they've retreated. A wise decision, I must say.",,jazz-units:items.lua:68857
975412845307,Кроуфорд,Crawford,,jazz-units:Code/Mercenary.lua:49
976384972004,Это мне самоуважения никак не прибавит. Проехали.,This will not add any self-esteem to me. Let's go.,,jazz-units:items.lua:68992
977499535307,"Только дай мне шанс, и вы все - покойники!","Just give me a chance, and you'll all be dead!",,jazz-units:items.lua:69657
979155326648,Ладно!,Okay!,,jazz-units:items.lua:69944
979462905932,"Да, не очень-то добрые они были. Копов я до сих пор на дух не переношу...","Yes, they were not very kind. I still can't stand cops...",,jazz-units:items.lua:70396
979751155093,Замечательно!,Wonderful!,,jazz-units:items.lua:70064
980493657450,"Ты привел сюда этого сукиного сына, Рысь. Хорошо... позволь тогда и мне высказаться. Он потаскун, он жив-то только потому, что я еще не решила, как его убить, чтоб было поприятнее.","You brought that son of a bitch here, Lynx. Okay... let me speak then. He's a slut, he's only alive because I haven't decided yet how to kill him to make it more enjoyable.",,jazz-units:items.lua:69470
980611805568,Тоска,TOSCA,,jazz-units:items.lua:69175 | jazz-units:UnitData/Jazz_Buzz.lua:22
981115538686,"Это вызывает больше подозрений, чем довольный мужик!",This is more suspicious than a happy man!,,jazz-units:items.lua:69544
981274350612,Берже,Berger,,jazz-units:Code/Mercenary.lua:75
981665767122,Ну ладно!,Okay!,,jazz-units:items.lua:69434
982108133338,"Было ваше, стало наше. Я теперь такую бомбу сделаю, ебанет - так в Порте-Кофе будет видать!","What was yours is now ours. Now I’ll make such a bomb, damn it - that’s what it’ll look like in Porte-Coffee!",,jazz-units:items.lua:70818
982240783679,Find My Feet,Find My Feet,,jazz-units:CharacterEffect/Chaaaarge.lua:40 | jazz-units:items.lua:82602
982625829884,Немного везения мне бы сейчас никак не помешало!,A little luck wouldn't hurt me right now!,,jazz-units:items.lua:68873
983380107265,пыхтелка,puff,,jazz-units:items.lua:69490
983520435571,Что я могу сказать? Я имею полное право потребовать большего.,What can I say? I have every right to demand more.,,jazz-units:items.lua:69251 | jazz-units:UnitData/Jazz_Buzz.lua:98
985241906593,На месте.,On the spot.,,jazz-units:items.lua:70956
985270049400,"Только дай мне шанс, и вы все - покойники!","Just give me a chance, and you'll all be dead!",,jazz-units:items.lua:69616
985474219069,Аааах.,Aaaah.,,jazz-units:items.lua:70152
987596071980,"Братан, я за простой ставку не снижаю. Нагрузи меня чем-нибудь. Только не носить.","Bro, I don’t reduce the rate for a simple one. Load me with something. Just don't wear it.",,jazz-units:items.lua:70757
990232035597,Чем-то оно мне Рысь напоминает!,In some way it reminds me of Lynx!,,jazz-units:items.lua:69397
990654874464,"Дерьмо! Дерьмо! Дерьмо! Если мне попадется хоть что-нибудь приличное, что можно отнести к снаряжению, я точно буду знать, что это ошибка.","Shit! Shit! Shit! If I come across anything decent that can be classified as equipment, I will know for sure that it is a mistake.",,jazz-units:items.lua:69506
990786773044,Обезврежен!,Neutralized!,,jazz-units:items.lua:69027
992790399036,Перелазанье,Climbing,,jazz-units:items.lua:70632
993042615284,Вольф,Wolf,,jazz-units:Code/Mercenary.lua:84
993170256470,Я бы спрятался там. Ветер в лицо - запах не унесёт,I would hide there. The wind in your face will not carry away the smell,,jazz-units:items.lua:68573
993980648953,Учиться никогда не поздно!,It's never too late to learn!,,jazz-units:items.lua:68964
994375099702,Получи!,Get it!,,jazz-units:items.lua:69037
994385004304,"В кусты, мля.","In the bushes, blah.",,jazz-units:items.lua:70625
994600876666,"Мы еще потренируемся с тобой, Донна! Будешь мухам крылья отстреливать!","We'll practice with you again, Donna! You'll shoot off the flies' wings!",,jazz-units:items.lua:78458
995720215017,Надо было мне взять с собой противомоскитную сетку! Насекомые переносят столько заболеваний! Сетки должны быть частью обязательного снаряжения!,I should have brought a mosquito net with me! Insects carry so many diseases! Nets should be part of the mandatory equipment!,,jazz-units:items.lua:70229
995807055541,"Если тебе нужен настоящий профи, ну, или, по крайней мере, настоящий красавчик, обратись к Рыси.","If you need a real pro, or at least a real handsome guy, contact Lynx.",,jazz-units:items.lua:69283 | jazz-units:UnitData/Jazz_Buzz.lua:130
996444606473,Дайте мне умереть! Это хотя бы прекратит мои страдания!,Let me die! At least this will stop my suffering!,,jazz-units:items.lua:69464
997417029186,Да я еще даже не вспотел!..,I haven't even sweated yet!..,,jazz-units:items.lua:69028
997521063108,"Надоело, надоело, надоело!","Tired, tired, tired!",,jazz-units:items.lua:69479
997580439409,"Беги-беги, пока можешь. Шарахнуть бы чем, да нету.","Run and run while you can. I wish I had something to throw away, but no.",,jazz-units:items.lua:70641
998384052168,"Блядь! Со всех сторон насыпают! Надо сменить тактику, командир! Ты ж командир?","Fuck! They're pouring in from all sides! We need to change tactics, commander! Are you the commander?",,jazz-units:items.lua:70980
998509249527,"карабкается, пыхтит","climbing, puffing",,jazz-units:items.lua:69931
999108347125,Шэдоу,Shadow,,jazz-units:Code/Mercenary.lua:158
890000000000097,Диверсант_Подрывник,Saboteur_Demoman,,jazz-units:items.lua:49240 | jazz-units:UnitData/RebelGrenadier.lua:22
890000000000098,Штурмовик,Stormtrooper,,jazz-units:items.lua:39829 | jazz-units:UnitData/JAZZ_Legion_AssaultT2_ShockTrooper.lua:22
890000000000186,Палач,Executioner,,jazz-units:items.lua:40152 | jazz-units:UnitData/JAZZ_Legion_AssaultT4_Headsman.lua:21
890000000000187,Череполом,Skullbreaker,,jazz-units:items.lua:39947 | jazz-units:UnitData/JAZZ_Legion_AssaultT3_SkullCrusher.lua:22
890000000000342,Призрак,Ghost,,jazz-units:items.lua:48461 | jazz-units:UnitData/Rebel_NPC_Ghost.lua:22
890000000000343,Босс,Boss,,jazz-units:items.lua:43753 | jazz-units:UnitData/ErnyVillage_Boss.lua:22
890000000000344,Мастер,CRAFTER,,jazz-units:items.lua:43263 | jazz-units:UnitData/JAZZ_Legion_LeaderT4_MercenaryCaptain.lua:22
890000000000507,Подавитель,Suppressor,,jazz-units:items.lua:42759 | jazz-units:UnitData/JAZZ_Legion_GunnerT3_VeteranGunner.lua:22
890000000000508,Наемник Пулеметчик,Mercenary Heavy,,jazz-units:items.lua:42859 | jazz-units:UnitData/JAZZ_Legion_GunnerT4_MercGunner.lua:22
890000000000509,Засадный пулеметчик,Ambush Machine Gunner,,jazz-units:items.lua:49338 | jazz-units:UnitData/RebelGunner.lua:22
890000000000510,Коммандо,Commando,,jazz-units:items.lua:42621 | jazz-units:UnitData/JAZZ_Legion_GunnerT2_AssaultGunner.lua:22
890000000000586,Патрульный,Patrolman,,jazz-units:items.lua:49432 | jazz-units:UnitData/RebelSentry.lua:21
890000000000587,Охотник,Huntsman,,jazz-units:items.lua:40764 | jazz-units:UnitData/JAZZ_Legion_FrontT2_Marksman.lua:21
890000000000801,Повстанец-Рейнджер,Rebel Ranger,,jazz-units:items.lua:48584 | jazz-units:UnitData/Rebel_NPC_Ghost_Guards.lua:22
890000000000802,Рейнджер,Ranger,,jazz-units:items.lua:42233 | jazz-units:UnitData/JAZZ_Legion_FlankerT4_Ranger.lua:22
890000000000803,Следопыт,Pathfinder,,jazz-units:items.lua:42115 | jazz-units:UnitData/JAZZ_Legion_FlankerT3_Pathfinder.lua:22
890000000000836,Командир отряда,Squad leader,,jazz-units:items.lua:48690 | jazz-units:items.lua:48800 | jazz-units:items.lua:48910 | jazz-units:items.lua:49021 | jazz-units:UnitData/RebelSergant.lua:22 | jazz-units:UnitData/RebelSergant_Immortal.lua:22 | jazz-units:UnitData/RebelSergeant.lua:22 | jazz-units:UnitData/RebelSergeant_Immortal.lua:22
890000000000837,Контимир Бурда,Kontimir Burda,,jazz-units:items.lua:48241 | jazz-units:UnitData/RebelSergeant_Immortal_M1.lua:22
890000000000838,Советник,Advisor,,jazz-units:items.lua:43171 | jazz-units:UnitData/JAZZ_Legion_LeaderT3_Captain.lua:22
890000000001129,Наемник снайпер,Mercenary sniper,,jazz-units:items.lua:41438 | jazz-units:UnitData/JAZZ_Legion_FrontT4_MercenarySniper.lua:22
890000000001130,Снайпер,Marksman,,jazz-units:items.lua:41191 | jazz-units:UnitData/JAZZ_Legion_FrontT3_Sniper.lua:21
890000000001279,Наемник,Mercenary,,jazz-units:items.lua:41297 | jazz-units:UnitData/JAZZ_Legion_FrontT4_Mercenary.lua:22
890000000001280,Ветеран,Veteran,,jazz-units:items.lua:41060 | jazz-units:UnitData/JAZZ_Legion_FrontT3_Veteran.lua:22
890000000001343,Тяжелые штурмовики Легиона,Legion Heavy Attack Squad,,jazz-units:items.lua:55485
890000000001347,Диверсант,Saboteur,,jazz-units:items.lua:49132 | jazz-units:UnitData/RebelFlanker.lua:22
890000000001348,Разведчик,Scout,,jazz-units:items.lua:42017 | jazz-units:UnitData/JAZZ_Legion_FlankerT3_Recon.lua:22
890000000001448,Legion Recon,Legion Recon,,jazz-units:items.lua
890000000001449,Legion Patrol,Legion Patrol,,jazz-units:items.lua
890000000001450,Legion Convoy,Legion Convoy,,jazz-units:items.lua
890000000001451,Legion Garrison,Legion Garrison,,jazz-units:items.lua
890000000001650,<first> <last>,<first> <last>,,jazz-units:Code/EliteEnemyNamesFuncs.lua
499758495969,"Отлично, похоже, что все в порядке. Готова к службе!","Excellent, everything seems to be in order. Ready for duty!",,jazz-units:items.lua:69843 | jazz-units:UnitData/Jazz_Spider.lua:138
775919735090,"Ну ты че, Айсберг, как так-то? Верняк же было.","Come on, Iceberg, how'd you miss that? It was a sure thing.",,jazz-units:items.lua:70843
957064295330,Черт!,Damn!,,jazz-units:items.lua:70079
958337909144,"Слушай, я ведь от времени моложе не делаюсь!","Listen, I’m not getting any younger with time!",,jazz-units:items.lua:68936
890000000001643,Новобранец,Recruit,,jazz-units:items.lua | jazz-units:UnitData/JAZZ_Legion_Recruit.lua
890000000001702,Тревор Колби,Trevor Colby,,jazz:CharacterEffect/Jazz_Perk_Colby.lua | jazz-units:UnitData/Jazz_Colby.lua
890000000001703,Колби,Colby,,jazz:CharacterEffect/Jazz_Perk_Colby.lua | jazz-units:UnitData/Jazz_Colby.lua
890000000001704,КОЛБИ,COLBY,,jazz:CharacterEffect/Jazz_Perk_Colby.lua | jazz-units:UnitData/Jazz_Colby.lua
890000000001705,"Боевой подрывник и ловушечник AIM. Жёсткие физикалы (кроме силы и подвижности), 99 механики, 88 взрывчатки. Дружит с Тором, не ладит с Фиделем; не любит американцев в отряде.","AIM combat demolitions and trap specialist. Brutal physicals (except Strength and Agility), 99 Mechanical, 88 Explosives. Friends with Thor, clashes with Fidel; does not like Americans on the squad.",,jazz:CharacterEffect/Jazz_Perk_Colby.lua | jazz-units:UnitData/Jazz_Colby.lua
890000000001706,Ловушечник,The Tripwire,,jazz:CharacterEffect/Jazz_Perk_Colby.lua | jazz-units:UnitData/Jazz_Colby.lua
890000000001707,Colby@aim.com,Colby@aim.com,,jazz:CharacterEffect/Jazz_Perk_Colby.lua | jazz-units:UnitData/Jazz_Colby.lua
890000000001708,tripwire,tripwire,,jazz:CharacterEffect/Jazz_Perk_Colby.lua | jazz-units:UnitData/Jazz_Colby.lua
890000000001709,"Извини, пацан, но я лучше буду работать в саду у мамани, чем вместе с этим падлой Фиделем.","Sorry, mate, but I'd rather weed mum's garden than work with that mongrel Fidel.",,jazz:CharacterEffect/Jazz_Perk_Colby.lua | jazz-units:UnitData/Jazz_Colby.lua
890000000001710,"Угу, может, ещё и гроб заказать? Извини, подвинься!","Yeah, maybe order a coffin while you're at it? Sorry — move along!",,jazz:CharacterEffect/Jazz_Perk_Colby.lua | jazz-units:UnitData/Jazz_Colby.lua
890000000001711,"Без проблем, позвоните мне, когда разбогатеете. Просто сейчас я вам не по карману.",No worries — call me when you're flush. Right now I'm out of your price range.,,jazz:CharacterEffect/Jazz_Perk_Colby.lua | jazz-units:UnitData/Jazz_Colby.lua
890000000001712,"Американцы в отряде… Ладно, но надбавка за нервы.","Yanks on the squad… Fine, but I want a hazard bump for my nerves.",,jazz:CharacterEffect/Jazz_Perk_Colby.lua | jazz-units:UnitData/Jazz_Colby.lua
890000000001713,"Я немного сомневаюсь по поводу дельца, тёмное оно… Но раз Тор с вами — я согласен.","I'm a bit suss about this job… But if Thor's with you, I'm in.",,jazz:CharacterEffect/Jazz_Perk_Colby.lua | jazz-units:UnitData/Jazz_Colby.lua
890000000001714,Если нужен ещё один спокойный спец — берите Тора.,If you need another steady specialist — grab Thor.,,jazz:CharacterEffect/Jazz_Perk_Colby.lua | jazz-units:UnitData/Jazz_Colby.lua
890000000001715,Как дела? Тревор и Шейла не могут подойти к телефону. Они пошли на пляж. Оставьте сообщение.,G'day. Trevor and Sheila can't come to the phone — they're at the beach. Leave a message.,,jazz:CharacterEffect/Jazz_Perk_Colby.lua | jazz-units:UnitData/Jazz_Colby.lua
890000000001716,Говорит Тревор Колби. Как дела?,Trevor Colby speaking. How're you going?,,jazz:CharacterEffect/Jazz_Perk_Colby.lua | jazz-units:UnitData/Jazz_Colby.lua
890000000001717,"Я сказал, что…",Like I was saying…,,jazz:CharacterEffect/Jazz_Perk_Colby.lua | jazz-units:UnitData/Jazz_Colby.lua
890000000001718,"Если вам нужен механик, лучше меня вы не найдёте. Ну я так думаю.","If you need a mechanic, you won't find better. Least that's what I reckon.",,jazz:CharacterEffect/Jazz_Perk_Colby.lua | jazz-units:UnitData/Jazz_Colby.lua
890000000001719,"Думаю, я попробую — во мне можете быть уверены.",Reckon I'll give it a go. You can count on me.,,jazz:CharacterEffect/Jazz_Perk_Colby.lua | jazz-units:UnitData/Jazz_Colby.lua
890000000001720,Спросить хотел: мы ещё на один срок подписываемся или нет? Я не прочь ещё врага покрошить.,Just asking — we signing on for another stretch or what? I wouldn't mind chewing up a few more crims.,,jazz:CharacterEffect/Jazz_Perk_Colby.lua | jazz-units:UnitData/Jazz_Colby.lua
890000000001721,"Принимаю. Как вы со мной, так и я с вами. Всё по-честному.","Done. You look after me, I look after you. Straight up.",,jazz:CharacterEffect/Jazz_Perk_Colby.lua | jazz-units:UnitData/Jazz_Colby.lua
890000000001722,Колби!,Colby!,,jazz-units:VoiceResponse Jazz_Colby Selection
890000000001723,Да?,Yeah?,,jazz-units:VoiceResponse Jazz_Colby Selection
890000000001724,Слушаю.,Listening.,,jazz-units:VoiceResponse Jazz_Colby Selection
890000000001725,Тихо…,Quiet…,,jazz-units:VoiceResponse Jazz_Colby SelectionStealth
890000000001726,"Тише, пацан…","Keep it down, mate…",,jazz-units:VoiceResponse Jazz_Colby SelectionStealth
890000000001727,На цыпочках.,On tiptoe.,,jazz-units:VoiceResponse Jazz_Colby SelectionStealth
890000000001728,Есть.,On it.,,jazz-units:VoiceResponse Jazz_Colby Order
890000000001729,Понял.,Acknowledged.,,jazz-units:VoiceResponse Jazz_Colby Order
890000000001730,Сделаю.,On it.,,jazz-units:VoiceResponse Jazz_Colby Order
890000000001731,"Иду, е-мое.",I'm goin'.,,jazz-units:VoiceResponse Jazz_Colby Order
890000000001732,Лады.,Righto.,,jazz-units:VoiceResponse Jazz_Colby Order
890000000001733,Иду.,On my way.,,jazz-units:items.lua:116800
890000000001734,Перемещаюсь.,Shifting.,,jazz-units:items.lua:116801
890000000001735,Двигаюсь.,Moving.,,jazz-units:items.lua:116802
890000000001736,Крадусь.,Sneaking.,,jazz-units:items.lua:116805
890000000001737,Тихо иду.,Quiet move.,,jazz-units:items.lua:116806
890000000001738,"Без шума, е-мое.","No noise, mate.",,jazz-units:items.lua:116807
890000000001739,С вами.,With you.,,jazz-units:items.lua:116843
890000000001740,"Я тоже, е-мое.",Same here.,,jazz-units:items.lua:116844
890000000001741,"С вами, пацаны.","With you, mates.",,jazz-units:items.lua:116845
890000000001742,Держу на мушке.,I've got him.,,jazz-units:items.lua:116760
890000000001743,"Сейчас жарко будет, е-мое.",About to get warm.,,jazz-units:items.lua:116761
890000000001744,"Держись, падла.","Hold still, ya mongrel.",,jazz-units:items.lua:116762
890000000001745,Тихо сниму…,Takin' him quiet…,,jazz-units:items.lua:116765
890000000001746,Без шума уберу.,Put him down quiet.,,jazz-units:items.lua:116766
890000000001747,"Никаких проблем, только вряд ли я туда попаду отсюда!",No worries — except I won't hit from here!,,jazz-units:items.lua:116769
890000000001748,Это полная задница.,This is a complete mess.,,jazz-units:items.lua:116772
890000000001749,Вижу их!,I see them!,,jazz-units:items.lua:116897
890000000001750,Вон они. Я их вижу!,There they are. I see 'em!,,jazz-units:items.lua:116898
890000000001751,Враги!,Crims!,,jazz-units:items.lua:116899
890000000001752,Задница!,Hells bells!,,jazz-units:items.lua:116878
890000000001753,"Попал, попал, е-мое!",Gotcha! Gotcha!,,jazz-units:items.lua:116902
890000000001754,"Готово, е-мое.",Done.,,jazz-units:items.lua:116903
890000000001755,"Ещё один, падла.","Another one, mongrel.",,jazz-units:items.lua:116904
890000000001756,"Вот тебе в задницу, е-мое!",Take that up the arse!,,jazz-units:items.lua:116905
890000000001757,Попал!,Gotcha!,,jazz-units:items.lua:116906
890000000001758,"Еклмн, патроны кончились.",Bloody hell — out of ammo.,,jazz-units:items.lua:116891
890000000001759,"Патроны на исходе, е-мое!",Runnin' low on rounds!,,jazz-units:items.lua:116775
890000000001760,"Ничего, ничего… только моя пушка заклинила!",No worries… except the bloody gun jammed!,,jazz-units:items.lua:116970
890000000001761,"Еклмн… Надо подождать, и эта штука заработает.",Bloody hell… Give it a sec and this thing'll work.,,jazz-units:items.lua:116967
890000000001762,"Снаряжение, е-мое! Да это кусок дерьма!",Gear's rubbish! Absolute garbage!,,jazz-units:items.lua:116865
890000000001763,(боль),(pain),,jazz-units:items.lua:116922
890000000001764,(боль),(pain),,jazz-units:items.lua:116923
890000000001765,(боль),(pain),,jazz-units:items.lua:116924
890000000001766,В меня попали… е-мое…,I'm hit… bloody hell…,,jazz-units:items.lua:116973
890000000001767,"Досталось мне, падла.","That stung, ya mongrel.",,jazz-units:items.lua:116974
890000000001768,"Ну е-мое, перевязать бы меня…","Bloody hell, could use a bandage…",,jazz-units:items.lua:116943
890000000001769,Меня… подбили…,I'm… going down…,,jazz-units:items.lua:116834
890000000001770,"Бьют как, херы!",They're hammering us!,,jazz-units:items.lua:116949
890000000001771,Херово чего-то мне…,I'm feeling crook…,,jazz-units:items.lua:116851
890000000001772,"Готов к выполнению задания, е-мое.",Ready for the job.,,jazz-units:items.lua:116813
890000000001773,"Меня заметили, е-мое!",They spotted me!,,jazz-units:items.lua:116810
890000000001774,"Е-мое! Все, врагов больше нет!",Bloody hell! No more crims!,,jazz-units:items.lua:116797
890000000001775,"Там эти кругом… Поостерегись, пацан.","Still crims about… Watch yourself, mate.",,jazz-units:items.lua:116791
890000000001776,Эти хрены убрались восвояси.,Those mongrels scarpered.,,jazz-units:items.lua:116794
890000000001777,"Чёрт, е-мое…",Damn…,,jazz-units:items.lua:116828
890000000001778,"Ну, е-мое, Тор… Спи спокойно, коротышка.","Bloody hell, Thor… Sleep easy, shorty.",,jazz-units:items.lua:116825
890000000001779,"Фидель, е-мое, такая тупая задница.","Fidel, you absolute nong.",,jazz-units:items.lua:116888
890000000001780,"Ну не е-ли-мое-ли? Я же говорил, Тор пацан что надо!",Would you look at that? Told you Thor's a legend!,,jazz-units:items.lua:116927
890000000001781,Оп-па! Не зря я упирался!,Oi! Hard work pays off!,,jazz-units:items.lua:116871
890000000001782,"Жду, пацаны.","Waitin', mates.",,jazz-units:items.lua:116857
890000000001783,Американцы. Лохи вялые.,Yanks. Soft as butter.,,jazz-units:items.lua:116858
890000000001784,(смех),(laugh),,jazz-units:items.lua:116859
890000000001785,Прячусь…,Goin' quiet…,,jazz-units:items.lua:116784
890000000001786,"Меня не видно, е-мое.",I'm out of sight.,,jazz-units:items.lua:116785
890000000001787,"Эй, пацаны… здесь не ходите.","Oi, mates… don't walk there.",,jazz-units:items.lua:116881
890000000001788,Эгеге… похоже здесь опасность!,Whoa… looks dodgy here!,,jazz-units:items.lua:116882
890000000001789,Дверь закрыта.,Door's locked.,,jazz-units:items.lua:116831
890000000001790,Это ещё что?,What's that then?,,jazz-units:items.lua:116874
890000000001791,Это что за..?,Now wuss at?,,jazz-units:items.lua:116875
890000000001792,Е-мое! Отлично!,Bloody hell! Beaut!,,jazz-units:items.lua:116964
890000000001793,Интересно…,Interesting...,,jazz-units:items.lua:116862
890000000001794,"Спать надо, спать.",Need a kip.,,jazz-units:items.lua:116961
890000000001795,Посплю-ка я…,I'm crashing out…,,jazz-units:items.lua:116837
890000000001796,(пыхтит),(huffing),,jazz-units:items.lua:116854
890000000001797,"Эй, пацан, конец пути.",Oi mate — end of the line.,,jazz-units:items.lua:116930
890000000001798,Задание выполнено! Хочу что-нибудь сделать.,Job done! Fancy something else.,,jazz-units:items.lua:116757
890000000001799,Я тебе не игрушечный солдатик. Не буду делать!,I'm not a toy soldier. Not doing that!,,jazz-units:items.lua:116894
890000000001802,Билл «Бритва» Ламонт,"Bill ""Blade"" Lamont",,jazz:CharacterEffect/Jazz_Perk_Blade.lua | jazz-units:UnitData/Jazz_Blade.lua
890000000001803,Бритва,Razor,,jazz:CharacterEffect/Jazz_Perk_Blade.lua | jazz-units:UnitData/Jazz_Blade.lua
890000000001804,БРИТВА,BLADE,,jazz:CharacterEffect/Jazz_Perk_Blade.lua | jazz-units:UnitData/Jazz_Blade.lua
890000000001805,"Бриллиант среди MERC. Статы 80–90, навыки около нуля — но в ноже «патроны» не кончаются. Псих, обожает резню в ближнем бою и не признаёт огнестрел серьёзным аргументом. Дружит с Фиделем и Нервным (родственные безумцы); не любит Бифа и Фло; презирает местных Арулько.","MERC's diamond in the rough. Stats in the 80s-90s across the board, skills near zero — but a knife never runs out of ""ammo."" A certified psycho who loves close-quarters butchery and doesn't rate a gun as a serious argument. Friends with Fidel and Nervous (fellow lunatics); can't stand Biff or Flo; sneers at the Arulco locals.",,jazz:CharacterEffect/Jazz_Perk_Blade.lua | jazz-units:UnitData/Jazz_Blade.lua
890000000001806,Нож не кончается,The Knife Never Runs Out,,jazz:CharacterEffect/Jazz_Perk_Blade.lua | jazz-units:UnitData/Jazz_Blade.lua
890000000001807,Blade@merc.com,Blade@merc.com,,jazz:CharacterEffect/Jazz_Perk_Blade.lua | jazz-units:UnitData/Jazz_Blade.lua
890000000001808,sharpstuff,sharpstuff,,jazz:CharacterEffect/Jazz_Perk_Blade.lua | jazz-units:UnitData/Jazz_Blade.lua
890000000001809,Слишком много наших полегло. Даже мне это не по вкусу.,Too many of our people have died. Even I can't stomach that.,,jazz:CharacterEffect/Jazz_Perk_Blade.lua | jazz-units:UnitData/Jazz_Blade.lua
890000000001810,За такие копейки я лучше дома ножи точить буду.,"For that kind of pocket change, I'd rather stay home and sharpen knives.",,jazz:CharacterEffect/Jazz_Perk_Blade.lua | jazz-units:UnitData/Jazz_Blade.lua
890000000001811,У тебя тут одни местные. Скучно и опасно — доплати.,All you've got are locals. Boring and dangerous—pay me extra.,,jazz:CharacterEffect/Jazz_Perk_Blade.lua | jazz-units:UnitData/Jazz_Blade.lua
890000000001812,"О, Нервный/Фидель уже здесь? Тогда не откажусь, будет весело.","Oh, Nervous/Fidel's already here? Then I'm in. This'll be fun.",,jazz:CharacterEffect/Jazz_Perk_Blade.lua | jazz-units:UnitData/Jazz_Blade.lua
890000000001813,Хочешь ещё психа в команду — зови Фиделя.,Want another psycho on the team? Call Fidel.,,jazz:CharacterEffect/Jazz_Perk_Blade.lua | jazz-units:UnitData/Jazz_Blade.lua
890000000001814,"Бритва занят — режет. Оставь сообщение, если жить надоело.",Blade's busy—cutting. Leave a message if you're tired of living.,,jazz:CharacterEffect/Jazz_Perk_Blade.lua | jazz-units:UnitData/Jazz_Blade.lua
890000000001815,Чо надо? Резать будем?,Whaddaya want? We cutting someone?,,jazz:CharacterEffect/Jazz_Perk_Blade.lua | jazz-units:UnitData/Jazz_Blade.lua
890000000001816,"Связь прервалась. Ну, продолжай, а то нож стынет.",Connection dropped. Go on—my knife's getting cold.,,jazz:CharacterEffect/Jazz_Perk_Blade.lua | jazz-units:UnitData/Jazz_Blade.lua
890000000001817,Ножницы тупые — ножи нет. Двигай давай.,Scissors go dull. Knives don't. Move it.,,jazz:CharacterEffect/Jazz_Perk_Blade.lua | jazz-units:UnitData/Jazz_Blade.lua
890000000001818,"Я уже в пути, хе-хе. Кто-то там не доживёт до утра.","I'm already on my way, heh-heh. Someone there won't live to see morning.",,jazz:CharacterEffect/Jazz_Perk_Blade.lua | jazz-units:UnitData/Jazz_Blade.lua
890000000001819,Контракт горит. Продлеваем или мне точить нож на кого-то другого?,"Contract's running out. Are we renewing, or should I sharpen my knife for someone else?",,jazz:CharacterEffect/Jazz_Perk_Blade.lua | jazz-units:UnitData/Jazz_Blade.lua
890000000001820,Остаюсь. Ещё не всех порезал.,I'm staying. Haven't cut everyone up yet.,,jazz:CharacterEffect/Jazz_Perk_Blade.lua | jazz-units:UnitData/Jazz_Blade.lua
890000000001821,Бритва на связи.,Razor here.,,jazz-units:items.lua:71780
890000000001822,Ближе... ближе...,Closer... closer...,,jazz-units:items.lua:71749
890000000001823,Порежу на ленточки.,I'll slice them into ribbons.,,jazz-units:items.lua:71750
890000000001824,Чисто прошёл.,Made it through clean.,,jazz-units:items.lua:71774
890000000001825,Не тот нож взял...,Brought the wrong knife...,,jazz-units:items.lua:71759
890000000001826,"Зацепили, гады!","They got me, bastards!",,jazz-units:items.lua:71762
890000000001827,"О, наконец-то!","Oh, finally!",,jazz-units:items.lua:71756
890000000001828,Острее не бывает.,Couldn't be sharper.,,jazz-units:items.lua:71768
890000000001829,Нож не кончается — но патроны да.,A knife never runs out—but ammo does.,,jazz-units:items.lua:71753
890000000001830,Ну где веселье?,Where's the fun?,,jazz-units:items.lua:71765
890000000001831,Опять этот зануда рядом.,That bore again.,,jazz-units:items.lua:71771
890000000001832,Хорошая компания подобралась.,Now that's good company.,,jazz-units:items.lua:71777
890000000001902,Айра Смит,Ira Smith,,jazz:CharacterEffect/Jazz_Perk_Ira.lua | jazz-units:UnitData/Jazz_Ira.lua
890000000001903,Айра,Ira,,jazz:CharacterEffect/Jazz_Perk_Ira.lua | jazz-units:UnitData/Jazz_Ira.lua
890000000001904,АЙРА,IRA,,jazz:CharacterEffect/Jazz_Perk_Ira.lua | jazz-units:UnitData/Jazz_Ira.lua
890000000001905,"Слабые боевые статы и меткость 55, но для ополченцев Арулько — живой бог: любой встреченный ею новобранец учится быстрее. Leadership низкий на старте, компенсируется именным перком и статусом Locals. Дружит с Мигелем, Карлосом и Димитрием (местное сопротивление); не любит Злобного; не умеет плавать (флейвор, без игровой механики).","Weak combat stats and 55 Marksmanship, but to the Arulco militia she's a living legend — every recruit she meets learns faster. Leadership starts low, offset by her named perk and Locals status. Friends with Miguel, Carlos, and Dimitri (fellow resistance); can't stand Vicious; never learned to swim (flavor only, no gameplay penalty).",,jazz:CharacterEffect/Jazz_Perk_Ira.lua | jazz-units:UnitData/Jazz_Ira.lua
890000000001906,Царица ополчения,Queen of the Militia,,jazz:CharacterEffect/Jazz_Perk_Ira.lua | jazz-units:UnitData/Jazz_Ira.lua
890000000001907,Ira@arulco.reb,Ira@arulco.reb,,jazz:CharacterEffect/Jazz_Perk_Ira.lua | jazz-units:UnitData/Jazz_Ira.lua
890000000001908,givegun,givegun,,jazz:CharacterEffect/Jazz_Perk_Ira.lua | jazz-units:UnitData/Jazz_Ira.lua
890000000001909,Пока Злобный у вас — я в отряд не пойду. Он моих людей пугает.,"As long as Vicious is with you, I'm not joining. He scares my people.",,jazz:CharacterEffect/Jazz_Perk_Ira.lua | jazz-units:UnitData/Jazz_Ira.lua
890000000001910,"Раз кто-то из наших уже с вами — значит, вам можно доверять. Согласна.","If one of ours is already with you, I guess I can trust you. I'm in.",,jazz:CharacterEffect/Jazz_Perk_Ira.lua | jazz-units:UnitData/Jazz_Ira.lua
890000000001911,"Найдёте Мигеля, Карлоса или Димитрия — берите не думая, это наши лучшие люди.","If you find Miguel, Carlos, or Dimitri, hire them on the spot. They're our best people.",,jazz:CharacterEffect/Jazz_Perk_Ira.lua | jazz-units:UnitData/Jazz_Ira.lua
890000000001912,Айра. Если это про пулемёт для ребят — говорите после сигнала.,"Ira here. If this is about a machine gun for the guys, talk after the beep.",,jazz:CharacterEffect/Jazz_Perk_Ira.lua | jazz-units:UnitData/Jazz_Ira.lua
890000000001913,Ну? Пулемёта дашь или опять только советы?,"Well? You giving me a machine gun, or just more advice?",,jazz:CharacterEffect/Jazz_Perk_Ira.lua | jazz-units:UnitData/Jazz_Ira.lua
890000000001914,Связь прервалась. Ополчение ждать не будет — давай к делу.,Connection dropped. The militia won't wait—let's get to work.,,jazz:CharacterEffect/Jazz_Perk_Ira.lua | jazz-units:UnitData/Jazz_Ira.lua
890000000001915,"Война идёт — не мешкай, у меня люди на позициях.",There's a war on—don't dawdle. I've got people holding positions.,,jazz:CharacterEffect/Jazz_Perk_Ira.lua | jazz-units:UnitData/Jazz_Ira.lua
890000000001916,"Беру своих ребят и иду. Только скажи, где стрелять.",I'll get my people and go. Just tell me where to shoot.,,jazz:CharacterEffect/Jazz_Perk_Ira.lua | jazz-units:UnitData/Jazz_Ira.lua
890000000001917,Контракт заканчивается. Сектор ещё не спокоен — продлеваем?,Contract's almost up. The sector still isn't secure—are we extending?,,jazz:CharacterEffect/Jazz_Perk_Ira.lua | jazz-units:UnitData/Jazz_Ira.lua
890000000001918,Остаюсь. Мои люди меня одну не отпустят.,I'm staying. My people won't let me go alone.,,jazz:CharacterEffect/Jazz_Perk_Ira.lua | jazz-units:UnitData/Jazz_Ira.lua
890000000001919,Айра здесь.,Ira here.,,jazz-units:items.lua:71979
890000000001920,За Арулько!,For Arulco!,,jazz-units:items.lua:71948
890000000001921,Держим позицию.,Hold the line.,,jazz-units:items.lua:71949
890000000001922,Один меньше.,One less.,,jazz-units:items.lua:71973
890000000001923,"Простите, ребята...","Sorry, guys...",,jazz-units:items.lua:71958
890000000001924,Меня ранили — прикройте!,I'm hit—cover me!,,jazz-units:items.lua:71961
890000000001925,К оружию!,To arms!,,jazz-units:items.lua:71955
890000000001926,Учусь на ходу.,Learning as I go.,,jazz-units:items.lua:71967
890000000001927,Патроны на исходе!,Running low on ammo!,,jazz-units:items.lua:71952
890000000001928,Жду сигнала.,Waiting for the signal.,,jazz-units:items.lua:71964
890000000001929,Хоть бы Злобного тут не было.,I just hope Vicious isn't here.,,jazz-units:items.lua:71970
890000000001930,Рада драться рядом со своими.,Glad to fight alongside my own people.,,jazz-units:items.lua:71976
890000000002002,Димитрий Газзо,Dimitri Gazzo,,jazz:CharacterEffect/Jazz_Perk_Dimitri.lua | jazz-units:UnitData/Jazz_Dimitri.lua
890000000002003,Димитрий,Dimitri,,jazz:CharacterEffect/Jazz_Perk_Dimitri.lua | jazz-units:UnitData/Jazz_Dimitri.lua
890000000002004,ДИМИТРИЙ,DIMITRI,,jazz:CharacterEffect/Jazz_Perk_Dimitri.lua | jazz-units:UnitData/Jazz_Dimitri.lua
890000000002005,"Статы под 70, ловкость 50, механика 71. Забывчивый — может остановиться посреди хода и переспросить, куда шёл. Дружит с Мигелем и Карлосом; недолюбливает Ротмана за высокомерие. Крафтит и точит собственные метательные ножи — бонус к ведущему навыку броска.","Stats around 70, Agility 50, Mechanical 71. Forgetful — may stop mid-move and ask where he was headed (Bio flavor only, no gameplay penalty). Friends with Miguel and Carlos; dislikes Rothman's arrogance. Crafts and hones his own throwing knives for a bonus to his governing throw skill check.",,jazz:CharacterEffect/Jazz_Perk_Dimitri.lua | jazz-units:UnitData/Jazz_Dimitri.lua
890000000002006,Я забыл опять,I Forgot Again,,jazz:CharacterEffect/Jazz_Perk_Dimitri.lua | jazz-units:UnitData/Jazz_Dimitri.lua
890000000002007,Dima@arulco.reb,Dima@arulco.reb,,jazz:CharacterEffect/Jazz_Perk_Dimitri.lua | jazz-units:UnitData/Jazz_Dimitri.lua
890000000002008,forgotagain,forgotagain,,jazz:CharacterEffect/Jazz_Perk_Dimitri.lua | jazz-units:UnitData/Jazz_Dimitri.lua
890000000002009,"Пока Ротман у вас — извини, нет. Он на местных смотрит свысока.","As long as Rothman is with you, sorry, but no. He looks down on the locals.",,jazz:CharacterEffect/Jazz_Perk_Dimitri.lua | jazz-units:UnitData/Jazz_Dimitri.lua
890000000002010,"О, Мигель или Карлос уже здесь? Тогда я спокоен, иду.","Oh, Miguel or Carlos is already here? Then I can rest easy. I'm in.",,jazz:CharacterEffect/Jazz_Perk_Dimitri.lua | jazz-units:UnitData/Jazz_Dimitri.lua
890000000002011,Если найдёте Мигеля или Карлоса — берите. С ними я работаю лучше.,"If you find Miguel or Carlos, hire them. I work better with those two.",,jazz:CharacterEffect/Jazz_Perk_Dimitri.lua | jazz-units:UnitData/Jazz_Dimitri.lua
890000000002012,"Дима... э-э... перезвоните. Я забыл, зачем мне телефон.",Dima... uh... call me back. I forgot why I have a phone.,,jazz:CharacterEffect/Jazz_Perk_Dimitri.lua | jazz-units:UnitData/Jazz_Dimitri.lua
890000000002013,А? Это я. Димитрий. Кажется. Работа есть?,Huh? It's me. Dimitri. I think. Got work?,,jazz:CharacterEffect/Jazz_Perk_Dimitri.lua | jazz-units:UnitData/Jazz_Dimitri.lua
890000000002014,"Стоп, о чём мы говорили? А, точно — вернёмся к делу.","Wait, what were we talking about? Oh, right—back to business.",,jazz:CharacterEffect/Jazz_Perk_Dimitri.lua | jazz-units:UnitData/Jazz_Dimitri.lua
890000000002015,"Стой... куда я шёл? А, точно, помогать тебе.","Wait... where was I going? Oh, right—to help you.",,jazz:CharacterEffect/Jazz_Perk_Dimitri.lua | jazz-units:UnitData/Jazz_Dimitri.lua
890000000002016,"Так, ножи с собой... вроде все. Иду.","Right, got my knives... think that's everything. On my way.",,jazz:CharacterEffect/Jazz_Perk_Dimitri.lua | jazz-units:UnitData/Jazz_Dimitri.lua
890000000002017,"Контракт заканчивается. Продлеваем, или я опять забуду, где мои ножи?","Contract's almost up. Are we extending, or do I forget where I left my knives again?",,jazz:CharacterEffect/Jazz_Perk_Dimitri.lua | jazz-units:UnitData/Jazz_Dimitri.lua
890000000002018,"Остаюсь. Ножи точить веселее, когда есть цель.",I'm staying. Sharpening knives is more fun when you have a target.,,jazz:CharacterEffect/Jazz_Perk_Dimitri.lua | jazz-units:UnitData/Jazz_Dimitri.lua
890000000002019,"Димитрий! Э-э, да, я тут.","Dimitri! Uh, yeah, I'm here.",,jazz-units:items.lua:72177
890000000002020,"Куда я его дел... а, вот!","Where'd I put it... ah, there!",,jazz-units:items.lua:72146
890000000002021,Летит!,Incoming!,,jazz-units:items.lua:72147
890000000002022,Попал! Даже сам не ожидал.,Hit 'em! Didn't expect that myself.,,jazz-units:items.lua:72171
890000000002023,Забыл пригнуться...,Forgot to duck...,,jazz-units:items.lua:72153
890000000002024,Меня зацепило! Кто меня подстрелил?,I'm hit! Who shot me?,,jazz-units:items.lua:72156
890000000002025,"О! Бой! Погодите, я готов?","Oh! A fight! Wait, am I ready?",,jazz-units:items.lua:72150
890000000002026,"Кажется, я что-то запомнил на этот раз.",Think I actually remembered something this time.,,jazz-units:items.lua:72162
890000000002027,Ножи кончились!,Out of knives!,,jazz-units:items.lua:72168
890000000002028,А что я должен делать?,What am I supposed to do?,,jazz-units:items.lua:72159
890000000002029,Опять этот Ротман бы поворчал.,Rothman would be grumbling about this again.,,jazz-units:items.lua:72165
890000000002030,"Хорошо, что свои рядом.",Good to have our people close.,,jazz-units:items.lua:72174
890000000002102,Кевин «Бешеный» Камерон,"Kevin ""Madman"" Cameron",,jazz:CharacterEffect/Jazz_Perk_Madman.lua | jazz-units:UnitData/Jazz_Madman.lua
890000000002103,Бешеный,Madman,,jazz:CharacterEffect/Jazz_Perk_Madman.lua | jazz-units:UnitData/Jazz_Madman.lua
890000000002104,БЕШЕНЫЙ,MADMAN,,jazz:CharacterEffect/Jazz_Perk_Madman.lua | jazz-units:UnitData/Jazz_Madman.lua
890000000002105,"Алмаз среди местных: физикалы за 90, механика 68, псих без страха. Клеится к Лиске при каждом удобном случае. После кампании в Арулько готов уйти в MERC — дёшево, лишь бы была движуха и техника под рукой.","A diamond among the locals: physicals in the 90s, 68 Mechanical, a fearless psycho. Flirts with Fox at every chance he gets. After the Arulco campaign he's ready to move to MERC — cheap hire, as long as there's action and something mechanical to wreck or fix.",,jazz:CharacterEffect/Jazz_Perk_Madman.lua | jazz-units:UnitData/Jazz_Madman.lua
890000000002106,Ржавый бампер,The Rusty Bumper,,jazz:CharacterEffect/Jazz_Perk_Madman.lua | jazz-units:UnitData/Jazz_Madman.lua
890000000002107,Madman@merc.com,Madman@merc.com,,jazz:CharacterEffect/Jazz_Perk_Madman.lua | jazz-units:UnitData/Jazz_Madman.lua
890000000002108,bumper,bumper,,jazz:CharacterEffect/Jazz_Perk_Madman.lua | jazz-units:UnitData/Jazz_Madman.lua
890000000002109,"О, Лиска с вами? Ну тогда я точно остаюсь, хе-хе.","Oh, Fox is with you? Then I'm definitely staying, heh-heh.",,jazz:CharacterEffect/Jazz_Perk_Madman.lua | jazz-units:UnitData/Jazz_Madman.lua
890000000002110,"Если увидите Лиску — скажите, что Бешеный спрашивал.","If you see Fox, tell her Mad Dog was asking about her.",,jazz:CharacterEffect/Jazz_Perk_Madman.lua | jazz-units:UnitData/Jazz_Madman.lua
890000000002111,"Бешеный не берёт трубку — он ею бьёт. Перезвони, если не боишься.",Madman's not picking up—he's using the phone as a club. Call back if you're not scared.,,jazz:CharacterEffect/Jazz_Perk_Madman.lua | jazz-units:UnitData/Jazz_Madman.lua
890000000002112,"Да я лучше бампером всех перемочу! Ну, есть дело или как?","Hell, I'd rather run them all down with the bumper! So, got a job or what?",,jazz:CharacterEffect/Jazz_Perk_Madman.lua | jazz-units:UnitData/Jazz_Madman.lua
890000000002113,"Ты пропал, а я тут заскучал. Продолжай давай.","You vanished, and I got bored waiting. Come on, let's continue.",,jazz:CharacterEffect/Jazz_Perk_Madman.lua | jazz-units:UnitData/Jazz_Madman.lua
890000000002114,Ну где драка? Мне бы уже кого-то стукнуть.,Where's the fight? I need to hit someone already.,,jazz:CharacterEffect/Jazz_Perk_Madman.lua | jazz-units:UnitData/Jazz_Madman.lua
890000000002115,Ха! Поехали крушить. Дёшево и сердито — лишь бы весело было.,Ha! Let's wreck some stuff. Cheap and cheerful—as long as it's fun.,,jazz:CharacterEffect/Jazz_Perk_Madman.lua | jazz-units:UnitData/Jazz_Madman.lua
890000000002116,"Контракт заканчивается — продлеваем, или сам пойду кого-нибудь чинить?","My contract's almost up. Are we renewing, or should I go straighten someone out on my own?",,jazz:CharacterEffect/Jazz_Perk_Madman.lua | jazz-units:UnitData/Jazz_Madman.lua
890000000002117,Остаюсь. Тут ещё есть что чинить и кого бить.,I'm staying. Still plenty here to fix and plenty of people to beat up.,,jazz:CharacterEffect/Jazz_Perk_Madman.lua | jazz-units:UnitData/Jazz_Madman.lua
890000000002118,Бешеный готов крушить!,Mad Dog is ready to wreck!,,jazz-units:items.lua:72351
890000000002119,А ну иди сюда!,Get over here!,,jazz-units:items.lua:72323
890000000002120,Бампером по башке!,Bumper to the skull!,,jazz-units:items.lua:72324
890000000002121,Красота!,Beautiful!,,jazz-units:items.lua:72345
890000000002122,Не так я хотел кончить...,This isn't how I wanted to go...,,jazz-units:items.lua:72330
890000000002123,"Меня приложило! Ха, но норм!","That hit me hard! Ha, but I'm fine!",,jazz-units:items.lua:72333
890000000002124,ДА! Наконец-то!,YES! Finally!,,jazz-units:items.lua:72327
890000000002125,Ещё крепче стал!,Got even tougher!,,jazz-units:items.lua:72339
890000000002126,Патроны? Кому они нужны!,Ammo? Who needs it!,,jazz-units:items.lua:72342
890000000002127,Скучно! Дай мне что-нибудь сломать.,Bored! Give me something to break.,,jazz-units:items.lua:72336
890000000002128,Лиска рядом — день удался.,Fox is here—today's looking good.,,jazz-units:items.lua:72348
890000000002202,Лейтенант Конрад Джиллет,Lieutenant Conrad Gillett,,jazz:CharacterEffect/Jazz_Perk_Conrad.lua | jazz-units:UnitData/Jazz_Conrad.lua
890000000002203,Конрад,Conrad,,jazz:CharacterEffect/Jazz_Perk_Conrad.lua | jazz-units:UnitData/Jazz_Conrad.lua
890000000002204,КОНРАД,Conrad,,jazz:CharacterEffect/Jazz_Perk_Conrad.lua | jazz-units:UnitData/Jazz_Conrad.lua
890000000002205,"Сильнейший из доступных местных наёмников: статы 75–80, Leadership 51 и полноценный инструктор, Marksmanship 95. Дружит с Игги и Стефаном; терпеть не может пьяного Ларри; не умеет плавать (флейвор). Дорог — берёт заметно выше рынка и торгуется жёстко.","The strongest local hire on offer: stats in the 75-80 range, Leadership 51 with a full training set, 95 Marksmanship. Friends with Iggy and Stefan; can't stand a drunk Larry; never learned to swim (flavor only). Expensive — charges well above market and haggles hard.",,jazz:CharacterEffect/Jazz_Perk_Conrad.lua | jazz-units:UnitData/Jazz_Conrad.lua
890000000002206,Дорогой лейтенант,The Costly Lieutenant,,jazz:CharacterEffect/Jazz_Perk_Conrad.lua | jazz-units:UnitData/Jazz_Conrad.lua
890000000002207,Conrad@merc.com,Conrad@merc.com,,jazz:CharacterEffect/Jazz_Perk_Conrad.lua | jazz-units:UnitData/Jazz_Conrad.lua
890000000002208,ltgillett,ltgillett,,jazz:CharacterEffect/Jazz_Perk_Conrad.lua | jazz-units:UnitData/Jazz_Conrad.lua
890000000002209,"Пока пьяный Ларри в отряде — я не подписываюсь. Это не армия, а балаган.","As long as Drunk Larry is on the team, I'm not signing. This isn't an army, it's a circus.",,jazz:CharacterEffect/Jazz_Perk_Conrad.lua | jazz-units:UnitData/Jazz_Conrad.lua
890000000002210,Моя ставка не обсуждается — разве что в большую сторону.,My rate is not negotiable—unless it's going up.,,jazz:CharacterEffect/Jazz_Perk_Conrad.lua | jazz-units:UnitData/Jazz_Conrad.lua
890000000002211,"Отряд полон американцев. Ясно, доплата за акцент, который приходится терпеть.","The squad is full of Americans. Clearly, I need a bonus for putting up with the accent.",,jazz:CharacterEffect/Jazz_Perk_Conrad.lua | jazz-units:UnitData/Jazz_Conrad.lua
890000000002212,Игги или Ротман уже здесь? Тогда условия меня устраивают.,Iggy or Rothman is already here? Then your terms are acceptable.,,jazz:CharacterEffect/Jazz_Perk_Conrad.lua | jazz-units:UnitData/Jazz_Conrad.lua
890000000002213,Наймите ещё Игги — с толковым напарником дисциплина держится сама.,Hire Iggy too. A competent partner makes discipline easy.,,jazz:CharacterEffect/Jazz_Perk_Conrad.lua | jazz-units:UnitData/Jazz_Conrad.lua
890000000002214,"Лейтенант Джиллет. Оставьте сообщение — отвечу, если условия того стоят.",Lieutenant Gillett. Leave a message. I'll reply if the terms are worthwhile.,,jazz:CharacterEffect/Jazz_Perk_Conrad.lua | jazz-units:UnitData/Jazz_Conrad.lua
890000000002215,Джиллет слушает. Излагайте условия — и не жадничайте.,Gillett speaking. State your terms—and don't be stingy.,,jazz:CharacterEffect/Jazz_Perk_Conrad.lua | jazz-units:UnitData/Jazz_Conrad.lua
890000000002216,"Связь прервалась. Продолжим — время дорого, как и я.","We were cut off. Let's continue—time is money, and so am I.",,jazz:CharacterEffect/Jazz_Perk_Conrad.lua | jazz-units:UnitData/Jazz_Conrad.lua
890000000002217,Время — деньги. Моё особенно.,Time is money. Mine especially.,,jazz:CharacterEffect/Jazz_Perk_Conrad.lua | jazz-units:UnitData/Jazz_Conrad.lua
890000000002218,Контракт принят. Постройте людей — начинаем с дисциплины.,Contract accepted. Line up your people—we'll begin with discipline.,,jazz:CharacterEffect/Jazz_Perk_Conrad.lua | jazz-units:UnitData/Jazz_Conrad.lua
890000000002219,Контракт заканчивается. У меня есть и другие предложения — решайте.,The contract is expiring. I have other offers—make your decision.,,jazz:CharacterEffect/Jazz_Perk_Conrad.lua | jazz-units:UnitData/Jazz_Conrad.lua
890000000002220,Остаюсь. Ваша дисциплина меня почти впечатлила.,I'll stay. Your discipline has almost impressed me.,,jazz:CharacterEffect/Jazz_Perk_Conrad.lua | jazz-units:UnitData/Jazz_Conrad.lua
890000000002221,"Лейтенант Джиллет, к вашим услугам.","Lieutenant Gillett, at your service.",,jazz-units:items.lua:72577
890000000002222,Цель захвачена.,Target acquired.,,jazz-units:items.lua:72546
890000000002223,Точность прежде всего.,Accuracy above all.,,jazz-units:items.lua:72547
890000000002224,Учебная цель поражена.,Training target eliminated.,,jazz-units:items.lua:72571
890000000002225,Недостойный конец...,An unworthy end...,,jazz-units:items.lua:72556
890000000002226,Ранен. Требую медицинской помощи.,Wounded. Requesting medical assistance.,,jazz-units:items.lua:72559
890000000002227,"Внимание, противник обнаружен.",Attention. Enemy spotted.,,jazz-units:items.lua:72553
890000000002228,Дисциплина приносит плоды.,Discipline pays off.,,jazz-units:items.lua:72565
890000000002229,Боезапас на исходе.,Running low on ammunition.,,jazz-units:items.lua:72550
890000000002230,Жду распоряжений.,Awaiting orders.,,jazz-units:items.lua:72562
890000000002231,Хоть бы Ларри протрезвел когда-нибудь.,If only Larry would sober up someday.,,jazz-units:items.lua:72568
890000000002232,С надёжным напарником и служба легче.,Duty is easier with a dependable partner.,,jazz-units:items.lua:72574
890000000002302,Майк,Mike,,jazz:CharacterEffect/Jazz_Perk_Mike.lua | jazz-units:UnitData/Jazz_Mike.lua
890000000002303,Майк,Mike,,jazz:CharacterEffect/Jazz_Perk_Mike.lua | jazz-units:UnitData/Jazz_Mike.lua
890000000002304,МАЙК,Mike,,jazz:CharacterEffect/Jazz_Perk_Mike.lua | jazz-units:UnitData/Jazz_Mike.lua
890000000002305,"Классика JA1. В Night Ops — перевербовка вражеского солдата в бою в AIM-специалиста; в модах для JA2 (1.13) — прямой найм через AIM. Одиночка по натуре, но именно поэтому надёжен один на один. Дружит со Стероидом; JA2-байки про вражду с Гасом и Иваном остаются флейвором, пока эти отношения не подтверждены отдельным дизайном.","A JA1 classic. In Night Ops he's a battlefield conversion — an enemy soldier flipped mid-fight into an AIM-grade specialist; JA2 mod scenes (1.13) hire him straight through AIM instead. A loner by nature, which is exactly why he's dependable one-on-one. Friends with Steroid (vanilla AIM merc); the old JA2 rumors about beef with Gus and Ivan stay flavor-only until that relationship gets its own confirmed design pass.",,jazz:CharacterEffect/Jazz_Perk_Mike.lua | jazz-units:UnitData/Jazz_Mike.lua
890000000002306,Старый друг,Old Friend,,jazz:CharacterEffect/Jazz_Perk_Mike.lua | jazz-units:UnitData/Jazz_Mike.lua
890000000002307,Mike@aim.com,Mike@aim.com,,jazz:CharacterEffect/Jazz_Perk_Mike.lua | jazz-units:UnitData/Jazz_Mike.lua
890000000002308,oldfriend,oldfriend,,jazz:CharacterEffect/Jazz_Perk_Mike.lua | jazz-units:UnitData/Jazz_Mike.lua
890000000002309,"Стероид уже в отряде? Тогда ладно, с ним сработаемся.","Steroid's already on the team? All right, we'll work well together.",,jazz:CharacterEffect/Jazz_Perk_Mike.lua | jazz-units:UnitData/Jazz_Mike.lua
890000000002310,Если нужен ещё один надёжный ствол — зовите Стероида.,"If you want another reliable gun, call Steroid.",,jazz:CharacterEffect/Jazz_Perk_Mike.lua | jazz-units:UnitData/Jazz_Mike.lua
890000000002311,"Майк. Перезвоните — если срочно, я перезвоню первым.","Mike. Call back—if it's urgent, I'll call you first.",,jazz:CharacterEffect/Jazz_Perk_Mike.lua | jazz-units:UnitData/Jazz_Mike.lua
890000000002312,"Старый друг на линии. Ну, что у тебя за дело?","Old friend on the line. So, what's the job?",,jazz:CharacterEffect/Jazz_Perk_Mike.lua | jazz-units:UnitData/Jazz_Mike.lua
890000000002313,"Пропала связь. Ладно, продолжаем — я никуда не спешу.","Lost the connection. All right, let's continue—I'm in no hurry.",,jazz:CharacterEffect/Jazz_Perk_Mike.lua | jazz-units:UnitData/Jazz_Mike.lua
890000000002314,"Говори. Я слушаю, но недолго.","Talk. I'm listening, but not for long.",,jazz:CharacterEffect/Jazz_Perk_Mike.lua | jazz-units:UnitData/Jazz_Mike.lua
890000000002315,Как в старые добрые. Я в деле.,Just like old times. I'm in.,,jazz:CharacterEffect/Jazz_Perk_Mike.lua | jazz-units:UnitData/Jazz_Mike.lua
890000000002316,Контракт заканчивается. Обычно я ухожу тихо — но спрошу: продлеваем?,"My contract is ending. I usually leave quietly, but I'll ask: are we renewing?",,jazz:CharacterEffect/Jazz_Perk_Mike.lua | jazz-units:UnitData/Jazz_Mike.lua
890000000002317,"Остаюсь. Одному веселее, но и тут ничего.","I'll stay. It's more fun alone, but this isn't bad.",,jazz:CharacterEffect/Jazz_Perk_Mike.lua | jazz-units:UnitData/Jazz_Mike.lua
890000000002318,Майк на месте.,Mike is here.,,jazz-units:items.lua:72751
890000000002319,Вижу цель.,Target in sight.,,jazz-units:items.lua:72723
890000000002320,Работаю спокойно.,Easy does it.,,jazz-units:items.lua:72724
890000000002321,Чисто.,Clean.,,jazz-units:items.lua:72745
890000000002322,Не в этот раз...,Not this time...,,jazz-units:items.lua:72733
890000000002323,Подбили — но я держусь.,I'm hit—but I'm holding.,,jazz-units:items.lua:72736
890000000002324,Вижу их первым.,Saw them first.,,jazz-units:items.lua:72730
890000000002325,Опыт не пропьёшь.,Experience is one thing you can't drink away.,,jazz-units:items.lua:72742
890000000002326,Патроны на исходе.,Running low on ammo.,,jazz-units:items.lua:72727
890000000002327,"Жду сигнала — один, как обычно.","Waiting for the signal—alone, as usual.",,jazz-units:items.lua:72739
890000000002328,"Хорошо, что Стероид рядом.",Good to have Steroid around.,,jazz-units:items.lua:72748
890000000002402,Майор Сергей «Гром» Громов,"Major Sergei ""Grom"" Gromov",,jazz:CharacterEffect/Jazz_Perk_Grom.lua | jazz-units:UnitData/Jazz_Grom.lua
890000000002403,Гром,Grom,,jazz:CharacterEffect/Jazz_Perk_Grom.lua | jazz-units:UnitData/Jazz_Grom.lua
890000000002404,ГРОМ,GROM,,jazz:CharacterEffect/Jazz_Perk_Grom.lua | jazz-units:UnitData/Jazz_Grom.lua
890000000002405,"Сослуживец Ивана по Afghan war. Shady Job переводит его в Night Ops. Найм: захват аэропорта и подавление местной ПВО — после этого он сам ждёт вербовщиков на лётном поле. Приходит с собственным гранатомётом. Дружит с Иваном, Игорем и Игги; недолюбливает Скоупа за манеру критиковать чужую наводку.","A fellow Afghan-war veteran alongside Ivan. Shady Job routes him into Night Ops. Recruitment: capture the airport and knock out the nearby AA, and he'll be waiting on the tarmac for the recruiters himself. Brings his own rocket launcher. Friends with Ivan, Igor, and Iggy; not fond of Scope's habit of critiquing other people's aim.",,jazz:CharacterEffect/Jazz_Perk_Grom.lua | jazz-units:UnitData/Jazz_Grom.lua
890000000002406,Афганец,The Afghan,,jazz:CharacterEffect/Jazz_Perk_Grom.lua | jazz-units:UnitData/Jazz_Grom.lua
890000000002407,Grom@vvs.ru,Grom@vvs.ru,,jazz:CharacterEffect/Jazz_Perk_Grom.lua | jazz-units:UnitData/Jazz_Grom.lua
890000000002408,gromov,gromov,,jazz:CharacterEffect/Jazz_Perk_Grom.lua | jazz-units:UnitData/Jazz_Grom.lua
890000000002409,"Пока Скоуп у вас — нет. Он вечно критикует чужую наводку, а я его слышать не хочу.","As long as Scope is with you, no. He's always criticizing other people's aim, and I don't want to hear it.",,jazz:CharacterEffect/Jazz_Perk_Grom.lua | jazz-units:UnitData/Jazz_Grom.lua
890000000002410,"Иван, Игорь или Игги уже здесь? Тогда своих не бросаю.","Ivan, Igor, or Iggy is already here? Then I won't abandon my own.",,jazz:CharacterEffect/Jazz_Perk_Grom.lua | jazz-units:UnitData/Jazz_Grom.lua
890000000002411,"Найдёте Ивана или Игоря — берите без раздумий, проверенные бойцы.","If you find Ivan or Igor, hire them without hesitation. Proven fighters.",,jazz:CharacterEffect/Jazz_Perk_Grom.lua | jazz-units:UnitData/Jazz_Grom.lua
890000000002412,Громов. Связь позже — сейчас занят проверкой боекомплекта.,Gromov. Call back later—I'm checking my ammunition.,,jazz:CharacterEffect/Jazz_Perk_Grom.lua | jazz-units:UnitData/Jazz_Grom.lua
890000000002413,"Майор Громов. Аэродром ваш — значит, и я ваш.",Major Gromov. The airfield is yours—which means so am I.,,jazz:CharacterEffect/Jazz_Perk_Grom.lua | jazz-units:UnitData/Jazz_Grom.lua
890000000002414,"Связь прервалась. Продолжайте, товарищ.","Connection dropped. Carry on, comrade.",,jazz:CharacterEffect/Jazz_Perk_Grom.lua | jazz-units:UnitData/Jazz_Grom.lua
890000000002415,Жду приказа. Гранатомёт заряжен.,Awaiting orders. Grenade launcher loaded.,,jazz:CharacterEffect/Jazz_Perk_Grom.lua | jazz-units:UnitData/Jazz_Grom.lua
890000000002416,Гранатомёт с собой. Идём.,Grenade launcher's with me. Let's go.,,jazz:CharacterEffect/Jazz_Perk_Grom.lua | jazz-units:UnitData/Jazz_Grom.lua
890000000002417,"Контракт заканчивается. Продлеваем службу, или мне искать другой аэродром?","Contract's ending. Are we extending my service, or should I look for another airfield?",, или мне искать другой аэродром?
890000000002418,Остаюсь. Служба есть служба.,I'm staying. Duty is duty.,,jazz:CharacterEffect/Jazz_Perk_Grom.lua | jazz-units:UnitData/Jazz_Grom.lua
890000000002419,Майор Громов на позиции.,Major Gromov in position.,,jazz-units:items.lua:72950
890000000002420,Опп-а! Вижу цель.,"Well, well! Target spotted.",,jazz-units:items.lua:72919
890000000002421,Опп-а! Вижу цель.,"Well, well! Target spotted.",,jazz-units:items.lua:72920
890000000002422,"И звать тебя теперь ""двухсотый""!",They'll call you Cargo 200 now!,,jazz-units:items.lua:72944
890000000002423,"Держитесь, ребята...","Hold on, boys...",,jazz-units:items.lua:72929
890000000002424,"Ранен, но держу оружие.","Wounded, but I can still hold my weapon.",,jazz-units:items.lua:72932
890000000002425,Начнем что ли?,Shall we get started?,,jazz-units:items.lua:72926
890000000002426,Прям... расту над собой!,I'm actually... improving!,,jazz-units:items.lua:72938
890000000002427,"И рад бы, да стрелять нечем.","I'd love to, but I've got nothing to shoot with.",,jazz-units:items.lua:72923
890000000002428,"Ну, до дяди ему далеко... Но паренек толковый.",He has a long way to go before he matches his uncle... But the kid's capable.,,jazz-units:items.lua:72935
890000000002429,"Скоуп бы тут что-то поправил, наверное.",Scope would probably tweak something here.,,jazz-units:items.lua:72941
890000000002430,"Отлично, землячок!","Excellent, compatriot!",,jazz-units:items.lua:72947
890000000002433,Стефан Ротман,Stefan Rothman,,jazz:CharacterEffect/Jazz_Perk_Rothman.lua | jazz-units:UnitData/Jazz_Rothman.lua
890000000002434,Ротман,Rothman,,jazz:CharacterEffect/Jazz_Perk_Rothman.lua | jazz-units:UnitData/Jazz_Rothman.lua
890000000002435,РОТМАН,ROTHMAN,,jazz:CharacterEffect/Jazz_Perk_Rothman.lua | jazz-units:UnitData/Jazz_Rothman.lua
890000000002436,"Бывший начальник службы безопасности алмазных рудников ЮАР — умеет и охранять шахту, и подрывать её, если понадобится. Дружит с Лавой; не любит Статика и Гвоздя, презирает вечно обдолбанного Ларри; недолюбливает американцев.","Former chief of security for South African diamond mines — can guard a mine or blow it if needed. Friends with Lava; dislikes Static and Nails, despises always-high Larry; not fond of Americans.",,jazz:CharacterEffect/Jazz_Perk_Rothman.lua | jazz-units:UnitData/Jazz_Rothman.lua
890000000002437,Шахтёрский безопасник,Mine Security,,jazz:CharacterEffect/Jazz_Perk_Rothman.lua | jazz-units:UnitData/Jazz_Rothman.lua
890000000002438,Rothman@aim.com,Rothman@aim.com,,jazz:CharacterEffect/Jazz_Perk_Rothman.lua | jazz-units:UnitData/Jazz_Rothman.lua
890000000002439,mineboss,mineboss,,jazz:CharacterEffect/Jazz_Perk_Rothman.lua | jazz-units:UnitData/Jazz_Rothman.lua
890000000002440,"Пока Статик, Гвоздь или обдолбанный Ларри у вас — я не подписываюсь. Не тот уровень дисциплины.","Not while Static, Nails, or always-high Larry are with you. Wrong level of discipline.",,jazz:CharacterEffect/Jazz_Perk_Rothman.lua | jazz-units:UnitData/Jazz_Rothman.lua
890000000002441,Слишком много трупов на вашем счету для нормального контракта.,Too many corpses on your ledger for a normal contract.,,jazz:CharacterEffect/Jazz_Perk_Rothman.lua | jazz-units:UnitData/Jazz_Rothman.lua
890000000002442,"Отряд из одних американцев... Ладно, но с доплатой.","An all-American squad... Fine, but with a surcharge.",,jazz:CharacterEffect/Jazz_Perk_Rothman.lua | jazz-units:UnitData/Jazz_Rothman.lua
890000000002444,Ротман. Занят на объекте. Перезвоните.,Rothman. Busy on site. Call back.,,jazz:CharacterEffect/Jazz_Perk_Rothman.lua | jazz-units:UnitData/Jazz_Rothman.lua
890000000002445,Ротман слушает. Контракт по делу?,Rothman here. Contract business?,,jazz:CharacterEffect/Jazz_Perk_Rothman.lua | jazz-units:UnitData/Jazz_Rothman.lua
890000000002446,Связь прервалась. Вернёмся к делу.,Connection dropped. Back to business.,,jazz:CharacterEffect/Jazz_Perk_Rothman.lua | jazz-units:UnitData/Jazz_Rothman.lua
890000000002447,"Время — деньги, а у меня их и так немного.","Time is money, and I don't have much of either.",,jazz:CharacterEffect/Jazz_Perk_Rothman.lua | jazz-units:UnitData/Jazz_Rothman.lua
890000000002448,Договорились. Беру людей и выхожу.,Deal. Gathering my people and moving out.,,jazz:CharacterEffect/Jazz_Perk_Rothman.lua | jazz-units:UnitData/Jazz_Rothman.lua
890000000002449,Контракт заканчивается. Продлеваем?,My contract is ending. Are we renewing?,,jazz:CharacterEffect/Jazz_Perk_Rothman.lua | jazz-units:UnitData/Jazz_Rothman.lua
890000000002450,Остаюсь. Работа ещё не закончена.,I'm staying. The job isn't finished.,,jazz:CharacterEffect/Jazz_Perk_Rothman.lua | jazz-units:UnitData/Jazz_Rothman.lua
890000000002506,"Спасибо, уже лучше, е-мое.",Cheers — feelin' better.,,jazz-units:items.lua:116848
890000000002507,"Можете не сомневаться, эти недалеко ушли.",Don't worry — they haven't gone far.,,jazz-units:items.lua:116916
890000000002508,"Все-таки дело здесь нечисто, е-мое.",Somethin' dodgy here.,,jazz-units:items.lua:116955
890000000002509,Сектор под присмотром.,Watching the sector.,,jazz-units:items.lua:116919
890000000002510,(кашляет),(coughs),,jazz-units:items.lua:116840
890000000002511,"Воздух, е-мое!",Air! Bloody hell!,,jazz-units:items.lua:116952
890000000002512,Меня могли за просто так…,That almost got me for free…,,jazz-units:items.lua:116885
890000000002513,Дикая кошка!,Wild cat!,,jazz-units:items.lua:116778
890000000002514,"Лови, падла!","Catch this, mongrel!",,jazz-units:items.lua:116958
890000000002515,"Очередь, е-мое!",Full auto!,,jazz-units:items.lua:116781
890000000002516,"Есть идейка, е-мое…",Got a little idea…,,jazz-units:items.lua:116822
890000000002517,"Да… мое чутье меня не обмануло, е-мое.",Told you — my gut's good.,,jazz-units:items.lua:116816
890000000002518,"Гмм… мне так кажется, что это полная лажа, е-мое.",Hmm… this plan's rubbish.,,jazz-units:items.lua:116819
890000000002519,Лучше бы мне это просто послышалось.,Hope I just imagined that.,,jazz-units:items.lua:116946
890000000002520,(лезет),(climbing),,jazz-units:items.lua:116788
890000000002521,(прыжок),(jump),,jazz-units:items.lua:116868
890000000002602,Доктор Дэниел «Дэнни» Квинтен,"Doctor Daniel ""Danny"" Quinten",,jazz-units:items.lua:120326 | jazz-units:UnitData/Jazz_Quinten.lua:22
890000000002603,Дэнни,Danny,,jazz-units:items.lua:120327 | jazz-units:UnitData/Jazz_Quinten.lua:23
890000000002604,ДЭННИ,DANNY,,jazz-units:items.lua:120328 | jazz-units:UnitData/Jazz_Quinten.lua:24
890000000002605,"99 Health, 99 Agility, около 80 Strength/Dexterity, Wisdom 91, Medical 88, Marksmanship 61. Одиночка, стреляет и лечит одинаково хорошо обеими руками. Не любит Стероида, Мясо и Биффа — считает их всех безответственными в поле.","99 Health, 99 Agility, roughly 80 Strength/Dexterity, 91 Wisdom, 88 Medical, 61 Marksmanship. A loner who shoots and treats wounds equally well with either hand. Doesn't get along with Steroid, Meat, or Biff — considers all three reckless in the field.",,Jazz_Bio_WIP
890000000002606,"Машина, не человек","Machine, Not a Man",,jazz-units:items.lua:120331 | jazz-units:UnitData/Jazz_Quinten.lua:27
890000000002607,Quinten@aim.com,Quinten@aim.com,,jazz-units:items.lua:120332 | jazz-units:UnitData/Jazz_Quinten.lua:28
890000000002608,parkourmd,parkourmd,,jazz-units:items.lua:120333 | jazz-units:UnitData/Jazz_Quinten.lua:29
890000000002609,"Пока Стероид, Мясо или Бифф в отряде — нет. Слишком безответственно для моей практики.","Not while Steroid, Meat, or Biff is on the team. Far too irresponsible for my practice.",,jazz-units:items.lua:120338 | jazz-units:UnitData/Jazz_Quinten.lua:34
890000000002610,"Слишком много раненых и погибших на вашем счету. Я предпочитаю пациентов, которые выживают.",Too many wounded and dead on your watch. I prefer patients who survive.,,jazz-units:items.lua:120355 | jazz-units:UnitData/Jazz_Quinten.lua:51
890000000002611,Мой гонорар не обсуждается по дешёвке.,My fee isn't open to penny-pinching.,,jazz-units:items.lua:120368 | jazz-units:UnitData/Jazz_Quinten.lua:64
890000000002612,"Это доктор Дэниел Квинтен. Пожалуйста, оставьте сообщение. Если нужна срочная медицинская помощь — звоните ещё.","This is Dr. Daniel Quinten. Please leave a message. If this is a medical emergency, call again.",,jazz-units:items.lua:120383 | jazz-units:UnitData/Jazz_Quinten.lua:78
890000000002613,"Да, это доктор Квинтен.","Yes, Dr. Quinten speaking.",,jazz-units:items.lua:120388 | jazz-units:UnitData/Jazz_Quinten.lua:83
890000000002614,"Пожалуйста, обратите внимание, я сказал...",Please note that I said...,,jazz-units:items.lua:120393 | jazz-units:UnitData/Jazz_Quinten.lua:88
890000000002615,"Как вы, наверно, знаете, моя специальность — оказание медицинской помощи в полевых условиях.","As you probably know, my specialty is providing medical care in the field.",,jazz-units:items.lua:120398 | jazz-units:UnitData/Jazz_Quinten.lua:93
890000000002616,Я буду очень рад подписать этот контракт. Спасибо.,I'd be very happy to sign the contract. Thank you.,,jazz-units:items.lua:120403 | jazz-units:UnitData/Jazz_Quinten.lua:98
890000000002617,"Ты собираешься продлевать мой контракт? Сообщи поскорее, если хочешь, чтобы я к тому моменту был свободен.",Are you going to renew my contract? Let me know soon if you want me to be available when it ends.,,jazz-units:items.lua:120408 | jazz-units:UnitData/Jazz_Quinten.lua:103
890000000002618,Это вполне приемлемо. Спасибо.,That's perfectly acceptable. Thank you.,,jazz-units:items.lua:120413 | jazz-units:UnitData/Jazz_Quinten.lua:108
890000000002702,Жан-Пьер «Злобный» Вио,"Jean-Pierre ""Vicious"" Vio",,jazz-units:items.lua:120660 | jazz-units:UnitData/Jazz_Vicious.lua:22
890000000002703,Злобный,Vicious,,jazz-units:items.lua:120661 | jazz-units:UnitData/Jazz_Vicious.lua:23
890000000002704,ЗЛОБНЫЙ,VICIOUS,,jazz-units:items.lua:120662 | jazz-units:UnitData/Jazz_Vicious.lua:24
890000000002705,"Статы 80–90, Wisdom 55, Marksmanship 82. Агрессивный французский боец ближнего боя, клеится к Лиске, Пауку и — по слухам из JA2 — к некой Лаве. Терпеть не может британцев.","Stats in the 80-90 range, 55 Wisdom, 82 Marksmanship. An aggressive French close-combat fighter who flirts with Fox, Spider, and — per unconfirmed JA2 rumor — someone named Lava. Can't stand the British.",,Jazz_Bio_WIP
890000000002706,Мачо,Macho,,jazz-units:items.lua:120665 | jazz-units:UnitData/Jazz_Vicious.lua:27
890000000002707,Vicious@aim.com,Vicious@aim.com,,jazz-units:items.lua:120666 | jazz-units:UnitData/Jazz_Vicious.lua:28
890000000002708,mademoiselles,mademoiselles,,jazz-units:items.lua:120667 | jazz-units:UnitData/Jazz_Vicious.lua:29
890000000002709,"Отряд полон англичан... Ладно, но за такие муки полагается надбавка.","A squad full of Englishmen... Fine, but that kind of suffering costs extra.",,jazz-units:items.lua:120685 | jazz-units:UnitData/Jazz_Vicious.lua:47
890000000002710,"Мой шарм стоит дороже, чем ты предлагаешь.",My charm is worth more than you're offering.,,jazz-units:items.lua:120672 | jazz-units:UnitData/Jazz_Vicious.lua:34
890000000002711,"О, Лиска или Паук уже здесь? Тогда я определённо в деле.","Oh, Fox or Spider is already here? Then I'm definitely in.",,jazz-units:items.lua:120705 | jazz-units:UnitData/Jazz_Vicious.lua:67
890000000002712,Если ищете ещё одну прекрасную даму в отряд — зовите Лиску.,"If you're looking for another lovely lady for the team, call Fox.",,jazz-units:items.lua:120724 | jazz-units:UnitData/Jazz_Vicious.lua:86
890000000002713,"Злобный занят дамами. Пишите — если повезёт, отвечу.","Malice is busy with the ladies. Leave a message—if you're lucky, I'll answer.",,jazz-units:items.lua:120738 | jazz-units:UnitData/Jazz_Vicious.lua:100
890000000002714,Oui? Жан-Пьер слушает. Дело срочное?,Oui? Jean-Pierre speaking. Is it urgent?,,jazz-units:items.lua:120743 | jazz-units:UnitData/Jazz_Vicious.lua:105
890000000002715,Связь прервалась. Вернёмся к делу.,Connection dropped. Back to business.,,jazz-units:items.lua:120748 | jazz-units:UnitData/Jazz_Vicious.lua:110
890000000002716,"Ну же, командирша. Время не ждёт.","Come now, mademoiselle. Time waits for no one.",,jazz-units:items.lua:120753 | jazz-units:UnitData/Jazz_Vicious.lua:115
890000000002717,"Я уже еду — и, конечно, красиво.","I'm already on my way—and looking good, naturally.",,jazz-units:items.lua:120758 | jazz-units:UnitData/Jazz_Vicious.lua:120
890000000002718,"Контракт заканчивается. Продлеваем, chérie?","My contract is ending. Shall we renew, chérie?",,jazz-units:items.lua:120763 | jazz-units:UnitData/Jazz_Vicious.lua:125
890000000002719,"Остаюсь. Здесь веселее, чем дома.",I'm staying. It's more fun here than at home.,,jazz-units:items.lua:120768 | jazz-units:UnitData/Jazz_Vicious.lua:130
890000000002802,Бифф Апскотт,Biff Upscott,,jazz-units:items.lua:121014 | jazz-units:UnitData/Jazz_Biff.lua:22
890000000002803,Бифф,Biff,,jazz-units:items.lua:121015 | jazz-units:UnitData/Jazz_Biff.lua:23
890000000002804,БИФФ,BIFF,,jazz-units:items.lua:121016 | jazz-units:UnitData/Jazz_Biff.lua:24
890000000002805,"Статы около 70, Strength 41, Wisdom 58, Marksmanship 57, Leadership 13. Кабинетный менеджер MERC, панически боится настоящего боя, но неплохо ведёт бумажную работу отряда. Дружит с Фло и трезвым Ларри; не выносит обдолбанного Ларри. В JA2 Бифф появлялся только после отдельного побочного квеста — в JAZZ этот сюжет не реализован, поэтому найм идёт как обычный контракт MERC, а история квеста осталась только в биографии.","Stats around 70, 41 Strength, 58 Wisdom, 57 Marksmanship, 13 Leadership. A desk-bound MERC manager, terrified of real combat but decent at running the squad's paperwork. Friends with Flo and a clean Larry; can't stand Larry when he's using. In JA2, Biff only became available after a dedicated side quest — that quest line doesn't exist in JAZZ's current scope, so his hire is a standard MERC contract; the quest backstory survives only as Bio flavor.",,Jazz_Bio_WIP
890000000002806,Ссыкло MERC,M.E.R.C.'s Coward,,jazz-units:items.lua:121019 | jazz-units:UnitData/Jazz_Biff.lua:27
890000000002807,Biff@merc.com,Biff@merc.com,,jazz-units:items.lua:121020 | jazz-units:UnitData/Jazz_Biff.lua:28
890000000002808,biff,biff,,jazz-units:items.lua:121021 | jazz-units:UnitData/Jazz_Biff.lua:29
890000000002809,"Пока обдолбанный Ларри в отряде — нет, увольте. Мне и так страшно.","Not while Larry's high and on the team—no, thank you. I'm scared enough already.",,jazz-units:items.lua:121026 | jazz-units:UnitData/Jazz_Biff.lua:34
890000000002810,"Извините, но за такие деньги рисковать шкурой не готов.","Sorry, but I'm not risking my skin for that kind of money.",,jazz-units:items.lua:121040 | jazz-units:UnitData/Jazz_Biff.lua:48
890000000002811,"О, Фло или трезвый Ларри уже здесь? Тогда... наверное, не так страшно.","Oh, Flo or sober Larry is already here? Then... maybe it won't be so scary.",,jazz-units:items.lua:121055 | jazz-units:UnitData/Jazz_Biff.lua:63
890000000002812,"Если найдёте Фло — берите, вместе нам как-то спокойнее.","If you find Flo, hire her. Somehow I feel safer when she's around.",,jazz-units:items.lua:121074 | jazz-units:UnitData/Jazz_Biff.lua:82
890000000002813,"Бифф... э-э... перезвоните, пожалуйста?","Biff here... uh... could you call back, please?",,jazz-units:items.lua:121088 | jazz-units:UnitData/Jazz_Biff.lua:96
890000000002814,Э... Бифф на связи. Вы серьёзно насчёт боевого задания?,Uh... Biff here. Are you serious about the combat mission?,,jazz-units:items.lua:121093 | jazz-units:UnitData/Jazz_Biff.lua:101
890000000002815,Связь прервалась. Вернёмся к делу.,Connection dropped. Back to business.,,jazz-units:items.lua:121098 | jazz-units:UnitData/Jazz_Biff.lua:106
890000000002816,Можно... без стрельбы обойтись?,Can we... do this without shooting?,,jazz-units:items.lua:121103 | jazz-units:UnitData/Jazz_Biff.lua:111
890000000002817,Ладно... я попробую. Только пусть кто-нибудь прикроет.,All right... I'll try. Just have someone cover me.,,jazz-units:items.lua:121108 | jazz-units:UnitData/Jazz_Biff.lua:116
890000000002818,Контракт заканчивается. Продлеваем?,My contract is ending. Are we renewing?,,jazz-units:items.lua:121113 | jazz-units:UnitData/Jazz_Biff.lua:121
890000000002819,Остаюсь. Наверное.,I'll stay. I guess.,,jazz-units:items.lua:121118 | jazz-units:UnitData/Jazz_Biff.lua:126
890000000002902,Фрэнки «Нервный» Гордон,"Frankie ""Nervous"" Gordon",,jazz-units:items.lua:121365 | jazz-units:UnitData/Jazz_Nervous.lua:22
890000000002903,Нервный,Nervous,,jazz-units:items.lua:121366 | jazz-units:UnitData/Jazz_Nervous.lua:23
890000000002904,НЕРВНЫЙ,NERVOUS,,jazz-units:items.lua:121367 | jazz-units:UnitData/Jazz_Nervous.lua:24
890000000002905,"Статы 60–70, Wisdom 58, Marksmanship 48, Explosives 31. Псих на постоянном взводе, стреляет длинными очередями и не умеет по-другому. Дружит с Бритвой и Рикошетом (родственные безумцы); терпеть не может Биффа за трусость.","Stats in the 60-70 range, 58 Wisdom, 48 Marksmanship, 31 Explosives. A psycho who's permanently wound up and only knows how to shoot in long bursts. Friends with Blade and Ricochet (fellow lunatics); can't stand Biff's cowardice.",,Jazz_Bio_WIP
890000000002906,Суперочередь,Super Burst,,jazz-units:items.lua:121370 | jazz-units:UnitData/Jazz_Nervous.lua:27
890000000002907,Nervous@merc.com,Nervous@merc.com,,jazz-units:items.lua:121371 | jazz-units:UnitData/Jazz_Nervous.lua:28
890000000002908,twitchy,twitchy,,jazz-units:items.lua:121372 | jazz-units:UnitData/Jazz_Nervous.lua:29
890000000002909,Пока трусливый Бифф в отряде — нет! Он меня ещё больше нервирует!,"As long as that coward Biff is on the team, no! He makes me even more nervous!",,jazz-units:items.lua:121377 | jazz-units:UnitData/Jazz_Nervous.lua:34
890000000002910,Слишком много наших полегло! Я и так на нервах!,Too many of our people have died! I'm nervous enough already!,,jazz-units:items.lua:121391 | jazz-units:UnitData/Jazz_Nervous.lua:48
890000000002911,"О, Бритва уже тут? Тогда ладно, веселее будет!","Oh, Blade's here already? All right then—this'll be more fun!",,jazz-units:items.lua:121408 | jazz-units:UnitData/Jazz_Nervous.lua:65
890000000002912,"Нервный... занят... пиши, перезвоню, может.",Nervous... busy... leave a message. Maybe I'll call back.,,jazz-units:items.lua:121423 | jazz-units:UnitData/Jazz_Nervous.lua:79
890000000002913,Ч-чё надо? Стрелять будем?!,Wh-what do you want? Are we gonna shoot someone?!,,jazz-units:items.lua:121428 | jazz-units:UnitData/Jazz_Nervous.lua:84
890000000002914,Связь прервалась. Вернёмся к делу.,Connection dropped. Back to business.,,jazz-units:items.lua:121433 | jazz-units:UnitData/Jazz_Nervous.lua:89
890000000002915,"Где враги, где враги, где враги...","Where are the enemies, where are the enemies, where are the enemies...",,jazz-units:items.lua:121438 | jazz-units:UnitData/Jazz_Nervous.lua:94
890000000002916,"Уже бегу, уже бегу! Патроны есть, всё нормально!","I'm coming, I'm coming! I've got ammo, everything's fine!",,jazz-units:items.lua:121443 | jazz-units:UnitData/Jazz_Nervous.lua:99
890000000002917,Контракт заканчивается. Продлеваем?,My contract is ending. Are we renewing?,,jazz-units:items.lua:121448 | jazz-units:UnitData/Jazz_Nervous.lua:104
890000000002918,Остаюсь! Ещё патроны не кончились!,I'm staying! Still got ammo left!,,jazz-units:items.lua:121453 | jazz-units:UnitData/Jazz_Nervous.lua:109
890000000003002,Флоренс «Фло» Габриель,"Florence ""Flo"" Gabrielle",,jazz-units:items.lua:121700 | jazz-units:UnitData/Jazz_Flo.lua:22
890000000003003,Фло,Flo,,jazz-units:items.lua:121701 | jazz-units:UnitData/Jazz_Flo.lua:23
890000000003004,ФЛО,FLO,,jazz-units:items.lua:121702 | jazz-units:UnitData/Jazz_Flo.lua:24
890000000003005,"Статы 40–50, Dexterity 60, Marksmanship 38 (худшая в отряде), Wisdom 82. Трусливая, но отличная торговка — знает, где выбить скидку и где продать хлам подороже. Дружит с Биффом и Рысью; до смерти боится некой Лавы (JA2-флейвор, не реализовано как игровая механика).","Stats in the 40-50 range, 60 Dexterity, 38 Marksmanship (worst in the roster), 82 Wisdom. Cowardly, but an excellent haggler — knows where to squeeze a discount and where to sell junk for more. Friends with Biff and Lynx; scared stiff of someone named Lava (JA2 lore flavor, not implemented as a gameplay mechanic).",,Jazz_Bio_WIP
890000000003006,Безголовая курица,Headless Chicken,,jazz-units:items.lua:121705 | jazz-units:UnitData/Jazz_Flo.lua:27
890000000003007,Flo@merc.com,Flo@merc.com,,jazz-units:items.lua:121706 | jazz-units:UnitData/Jazz_Flo.lua:28
890000000003008,bargain,bargain,,jazz-units:items.lua:121707 | jazz-units:UnitData/Jazz_Flo.lua:29
890000000003009,"Слишком много смертей. Мне и своей жизни хватит, чтобы бояться.",Too many deaths. I'm scared enough for my own life.,,jazz-units:items.lua:121712 | jazz-units:UnitData/Jazz_Flo.lua:34
890000000003010,"Извините, но за такие копейки я лучше дома посижу.","Sorry, but for that kind of pocket change I'd rather stay home.",,jazz-units:items.lua:121725 | jazz-units:UnitData/Jazz_Flo.lua:47
890000000003011,"О, Бифф или Рысь уже здесь? Тогда... немного спокойнее.","Oh, Biff or Lynx is already here? Then... I feel a little safer.",,jazz-units:items.lua:121740 | jazz-units:UnitData/Jazz_Flo.lua:62
890000000003012,Возьмите ещё Биффа — вдвоём нам не так страшно.,Hire Biff too. It's not as scary when we're together.,,jazz-units:items.lua:121759 | jazz-units:UnitData/Jazz_Flo.lua:81
890000000003013,"Фло не может подойти! Пишите, перезвоню, если жива буду.",Flo can't come to the phone! Leave a message; I'll call back if I'm still alive.,,jazz-units:items.lua:121773 | jazz-units:UnitData/Jazz_Flo.lua:95
890000000003014,"Ой! Фло слушает... Это же не боевое задание, да?","Eek! Flo speaking... This isn't a combat mission, is it?",,jazz-units:items.lua:121778 | jazz-units:UnitData/Jazz_Flo.lua:100
890000000003015,Связь прервалась. Вернёмся к делу.,Connection dropped. Back to business.,,jazz-units:items.lua:121783 | jazz-units:UnitData/Jazz_Flo.lua:105
890000000003016,"Можно я постою сзади, пожалуйста?","May I stand in the back, please?",,jazz-units:items.lua:121788 | jazz-units:UnitData/Jazz_Flo.lua:110
890000000003017,"Ладно, только без стрельбы... наверное.","All right, but no shooting... probably.",,jazz-units:items.lua:121793 | jazz-units:UnitData/Jazz_Flo.lua:115
890000000003018,Контракт заканчивается. Продлеваем?,My contract is ending. Are we renewing?,,jazz-units:items.lua:121798 | jazz-units:UnitData/Jazz_Flo.lua:120
890000000003019,Остаюсь. Скидки у местных торговцев того стоят.,I'll stay. The discounts from local merchants make it worthwhile.,,jazz-units:items.lua:121803 | jazz-units:UnitData/Jazz_Flo.lua:125
890000000003102,Джим «Пума» Уоллесс,"Jim ""Cougar"" Wallace",,jazz-units:items.lua:122048 | jazz-units:UnitData/Jazz_Cougar.lua:22
890000000003103,Пума,Cougar,,jazz-units:items.lua:122049 | jazz-units:UnitData/Jazz_Cougar.lua:23
890000000003104,ПУМА,COUGAR,,jazz-units:items.lua:122050 | jazz-units:UnitData/Jazz_Cougar.lua:24
890000000003105,"Статы 80–88, Marksmanship 93, Mechanical 58, Explosives 45, Medical 33. Мастер бесшумного автоогня — умеет подойти вплотную и снять цель раньше, чем она поймёт, что рядом кто-то есть. Дружит с Вульфом и Леном.","Stats in the 80-88 range, 93 Marksmanship, 58 Mechanical, 45 Explosives, 33 Medical. A master of silent auto-fire — closes to point-blank range and drops a target before it even knows someone's there. Friends with Wolf and Len.",,Jazz_Bio_WIP
890000000003106,Тихий автоматчик,Quiet Gunner,,jazz-units:items.lua:122053 | jazz-units:UnitData/Jazz_Cougar.lua:27
890000000003107,Cougar@merc.com,Cougar@merc.com,,jazz-units:items.lua:122054 | jazz-units:UnitData/Jazz_Cougar.lua:28
890000000003108,puma,puma,,jazz-units:items.lua:122055 | jazz-units:UnitData/Jazz_Cougar.lua:29
890000000003109,Слишком много шума вокруг вашего отряда в последнее время. Мне такое не по пути.,There's been too much noise around your squad lately. That's not for me.,,jazz-units:items.lua:122060 | jazz-units:UnitData/Jazz_Cougar.lua:34
890000000003110,За такую сумму я лучше отсижусь в тени.,"For that kind of money, I'd rather stay in the shadows.",,jazz-units:items.lua:122073 | jazz-units:UnitData/Jazz_Cougar.lua:47
890000000003111,"Вульф или Лен уже здесь? Тогда я спокоен, иду.",Are Wolf or Len already here? Then I can relax. I'm in.,,jazz-units:items.lua:122088 | jazz-units:UnitData/Jazz_Cougar.lua:62
890000000003112,Наймите ещё Лена — с ним работать тихо и надёжно.,Hire Len too—he's quiet and dependable.,,jazz-units:items.lua:122107 | jazz-units:UnitData/Jazz_Cougar.lua:81
890000000003113,Пума вне зоны действия. Пишите.,Cougar is out of range. Leave a message.,,jazz-units:items.lua:122121 | jazz-units:UnitData/Jazz_Cougar.lua:95
890000000003114,"Пума. Говори тихо, если можешь.","Cougar. Keep your voice down, if you can.",,jazz-units:items.lua:122126 | jazz-units:UnitData/Jazz_Cougar.lua:100
890000000003115,Связь прервалась. Вернёмся к делу.,Connection dropped. Back to business.,,jazz-units:items.lua:122131 | jazz-units:UnitData/Jazz_Cougar.lua:105
890000000003116,...,...,,jazz-units:items.lua:122136 | jazz-units:UnitData/Jazz_Cougar.lua:110
890000000003117,Уже в тени. Иду.,Already in the shadows. On my way.,,jazz-units:items.lua:122141 | jazz-units:UnitData/Jazz_Cougar.lua:115
890000000003118,Контракт заканчивается. Продлеваем?,My contract is ending. Are we renewing?,,jazz-units:items.lua:122146 | jazz-units:UnitData/Jazz_Cougar.lua:120
890000000003119,"Остаюсь. Тихо, но остаюсь.","I'm staying. Quietly, but I'm staying.",,jazz-units:items.lua:122151 | jazz-units:UnitData/Jazz_Cougar.lua:125
890000000003202,Мигель Кордона,Miguel Cordona,,jazz-units:items.lua:122397 | jazz-units:UnitData/Jazz_Miguel.lua:22
890000000003203,Мигель,Miguel,,jazz-units:items.lua:122398 | jazz-units:UnitData/Jazz_Miguel.lua:23
890000000003204,МИГЕЛЬ,MIGUEL,,jazz-units:items.lua:122399 | jazz-units:UnitData/Jazz_Miguel.lua:24
890000000003205,"Статы 70–80, Leadership 98 — лучший лидер повстанцев Арулько, прошедший ночные операции и рукопашный бой. Дружит с Карлосом, Айрой и Тенью; не сходится характером с неким Игги (упоминание из JA2, персонаж пока не заведён в моде); недолюбливает немцев за колониальное наследие.","Stats in the 70-80 range, 98 Leadership — the best rebel leader Arulco has, trained in night operations and hand-to-hand combat. Friends with Carlos, Ira, and Shadow; doesn't get along with someone named Iggy (JA2 mention, not yet a character in this mod); dislikes Germans over the colonial legacy.",,Jazz_Bio_WIP
890000000003206,Команданте,Comandante,,jazz-units:items.lua:122402 | jazz-units:UnitData/Jazz_Miguel.lua:27
890000000003207,Miguel@arulco.reb,Miguel@arulco.reb,,jazz-units:items.lua:122403 | jazz-units:UnitData/Jazz_Miguel.lua:28
890000000003208,comandante,comandante,,jazz-units:items.lua:122404 | jazz-units:UnitData/Jazz_Miguel.lua:29
890000000003209,"Отряд полон немцев... Ладно, но с доплатой — старые счёты не забываются.","A squad full of Germans... Fine, but it'll cost extra—old scores aren't forgotten.",,jazz-units:items.lua:122410 | jazz-units:UnitData/Jazz_Miguel.lua:35
890000000003210,"Карлос, Айра или Тень уже с вами? Тогда я вам доверяю.","Carlos, Ira, or Shadow is already with you? Then I trust you.",,jazz-units:items.lua:122430 | jazz-units:UnitData/Jazz_Miguel.lua:55
890000000003211,"Найдёте Карлоса или Айру — берите без раздумий, это наши лучшие люди.","If you find Carlos or Ira, hire them without hesitation. They're our best people.",,jazz-units:items.lua:122449 | jazz-units:UnitData/Jazz_Miguel.lua:74
890000000003212,Мигель. Оставьте сообщение для дела свободы Арулько.,Miguel here. Leave a message for the cause of Arulco's freedom.,,jazz-units:items.lua:122463 | jazz-units:UnitData/Jazz_Miguel.lua:88
890000000003213,Говорит Мигель. Слушаю.,Miguel speaking. I'm listening.,,jazz-units:items.lua:122468 | jazz-units:UnitData/Jazz_Miguel.lua:93
890000000003214,Связь прервалась. Вернёмся к делу.,Connection dropped. Back to business.,,jazz-units:items.lua:122473 | jazz-units:UnitData/Jazz_Miguel.lua:98
890000000003215,Арулько ждёт. Не задерживайся.,Arulco is waiting. Don't keep it waiting.,,jazz-units:items.lua:122478 | jazz-units:UnitData/Jazz_Miguel.lua:103
890000000003216,Встаём в строй. Пора действовать.,Back in formation. Time to act.,,jazz-units:items.lua:122483 | jazz-units:UnitData/Jazz_Miguel.lua:108
890000000003217,Контракт заканчивается. Продлеваем?,My contract is ending. Are we renewing?,,jazz-units:items.lua:122488 | jazz-units:UnitData/Jazz_Miguel.lua:113
890000000003218,Остаюсь. Освобождение ещё не закончено.,I'm staying. Liberation isn't finished yet.,,jazz-units:items.lua:122493 | jazz-units:UnitData/Jazz_Miguel.lua:118
890000000003302,Гамос,Gamos,,jazz-units:items.lua:122739 | jazz-units:UnitData/Jazz_Gamos.lua:22
890000000003303,Гамос,Gamos,,jazz-units:items.lua:122740 | jazz-units:UnitData/Jazz_Gamos.lua:23
890000000003304,ГАМОС,GAMOS,,jazz-units:items.lua:122741 | jazz-units:UnitData/Jazz_Gamos.lua:24
890000000003305,"Статы 60–70, Wisdom 35, Marksmanship 78. Простой и дружелюбный местный проводник, исходивший джунгли Арулько вдоль и поперёк. Нейтрален к остальному отряду, дёшев в найме.","Stats in the 60-70 range, 35 Wisdom, 78 Marksmanship. A simple, friendly local guide who's walked every inch of Arulco's jungle. Neutral toward the rest of the roster, cheap to hire.",,Jazz_Bio_WIP
890000000003306,Я много путешествовать,Me travel much,,jazz-units:items.lua:122744 | jazz-units:UnitData/Jazz_Gamos.lua:27
890000000003307,Gamos@arulco.reb,Gamos@arulco.reb,,jazz-units:items.lua:122745 | jazz-units:UnitData/Jazz_Gamos.lua:28
890000000003308,travelmuch,travelmuch,,jazz-units:items.lua:122746 | jazz-units:UnitData/Jazz_Gamos.lua:29
890000000003309,Много люди умирать с вами. Гамос не хотеть так.,Many people die with you. Gamos not want that.,,jazz-units:items.lua:122751 | jazz-units:UnitData/Jazz_Gamos.lua:34
890000000003310,Мало денег. Гамос семью кормить надо.,Not enough money. Gamos has family to feed.,,jazz-units:items.lua:122764 | jazz-units:UnitData/Jazz_Gamos.lua:47
890000000003311,Гамос много путешествовать — сейчас нет тут. Потом.,Gamos travel much—Gamos not here now. Later.,,jazz-units:items.lua:122779 | jazz-units:UnitData/Jazz_Gamos.lua:61
890000000003312,Гамос тут. Куда идти надо?,Hamous here. Where me go?,,jazz-units:items.lua:122784 | jazz-units:UnitData/Jazz_Gamos.lua:66
890000000003313,Связь пропадать. Вернёмся к делу.,Connection go out. Back to business.,,jazz-units:items.lua:122789 | jazz-units:UnitData/Jazz_Gamos.lua:71
890000000003314,Идём? Гамос знать дорогу.,We go? Gamos know way.,,jazz-units:items.lua:122794 | jazz-units:UnitData/Jazz_Gamos.lua:76
890000000003315,"Хорошо, Гамос идёт. Джунгли не страшны.",Good. Gamos go. Jungle not scary.,,jazz-units:items.lua:122799 | jazz-units:UnitData/Jazz_Gamos.lua:81
890000000003316,Контракт заканчивается. Продлеваем?,My contract is ending. Are we renewing?,,jazz-units:items.lua:122804 | jazz-units:UnitData/Jazz_Gamos.lua:86
890000000003317,Гамос остаётся. Есть ещё тропы показать.,Gamos stays. More trails to show.,,jazz-units:items.lua:122809 | jazz-units:UnitData/Jazz_Gamos.lua:91
890000000003402,Грег «Динамо» Дункан,"Greg ""Dynamo"" Duncan",,jazz-units:items.lua:123051 | jazz-units:UnitData/Jazz_Dynamo.lua:22
890000000003403,Динамо,DYNAMO,,jazz-units:items.lua:123052 | jazz-units:UnitData/Jazz_Dynamo.lua:23
890000000003404,ДИНАМО,DYNAMO,,jazz-units:items.lua:123053 | jazz-units:UnitData/Jazz_Dynamo.lua:24
890000000003405,"Статы 55–65, Marksmanship 68, Mechanical 67, Wisdom 78. Бывший заключённый с извращённым чувством юмора насчёт ранений — знает, куда бить, чтобы противник ослеп или запаниковал. Дружит с Шенком и Кровью; не любит Мясо. Дёшев, готов работать почти за идею.","Stats in the 55-65 range, 68 Marksmanship, 67 Mechanical, 78 Wisdom. A former convict with a twisted sense of humor about wounds — knows exactly where to hit to blind or panic an enemy. Friends with Shank and Blood; can't stand Meat. Cheap, willing to work for almost nothing.",,Jazz_Bio_WIP
890000000003406,Зек-механик,Convict Mechanic,,jazz-units:items.lua:123056 | jazz-units:UnitData/Jazz_Dynamo.lua:27
890000000003407,Dynamo@merc.com,Dynamo@merc.com,,jazz-units:items.lua:123057 | jazz-units:UnitData/Jazz_Dynamo.lua:28
890000000003408,dynamo,dynamo,,jazz-units:items.lua:123058 | jazz-units:UnitData/Jazz_Dynamo.lua:29
890000000003409,"Кровь уже здесь? Тогда ладно, повеселимся.","Blood is already here? Fine, let's have some fun.",,jazz-units:items.lua:123066 | jazz-units:UnitData/Jazz_Dynamo.lua:37
890000000003410,Динамо вне зоны — наверно чинит что-то. Пиши.,Dynamo's out of range—probably fixing something. Leave a message.,,jazz-units:items.lua:123081 | jazz-units:UnitData/Jazz_Dynamo.lua:51
890000000003411,Динамо. Чо надо?,Dynamo. Whaddaya want?,,jazz-units:items.lua:123086 | jazz-units:UnitData/Jazz_Dynamo.lua:56
890000000003412,Связь прервалась. Вернёмся к делу.,Connection dropped. Back to business.,,jazz-units:items.lua:123091 | jazz-units:UnitData/Jazz_Dynamo.lua:61
890000000003413,"Давай уже, время не резиновое.","Come on already, time isn't made of rubber.",,jazz-units:items.lua:123096 | jazz-units:UnitData/Jazz_Dynamo.lua:66
890000000003414,За идею пойду — или за полтинник. Разницы нет.,I'll go for the cause—or fifty bucks. Same difference.,,jazz-units:items.lua:123101 | jazz-units:UnitData/Jazz_Dynamo.lua:71
890000000003415,Контракт заканчивается. Продлеваем?,My contract is ending. Are we renewing?,,jazz-units:items.lua:123106 | jazz-units:UnitData/Jazz_Dynamo.lua:76
890000000003416,Остаюсь. Тут ещё есть что чинить и кого пугать.,I'm staying. Still plenty here to fix and people to scare.,,jazz-units:items.lua:123111 | jazz-units:UnitData/Jazz_Dynamo.lua:81
890000000003502,Гастон Кавалье,Gaston Cavalier,,jazz-units:items.lua:123356 | jazz-units:UnitData/Jazz_Gaston.lua:22
890000000003503,Гастон,Gaston,,jazz-units:items.lua:123357 | jazz-units:UnitData/Jazz_Gaston.lua:23
890000000003504,ГАСТОН,GASTON,,jazz-units:items.lua:123358 | jazz-units:UnitData/Jazz_Gaston.lua:24
890000000003505,"Urban Brawl. Статы 80–90, Marksmanship 94, прочие навыки 20+. Не умеет плавать (флейвор). Работает с крыш и в темноте, флиртует с Тоской, Бансом и Лиской. Не выносит Злобного за конкуренцию по части дам и Биффа за трусость.","Urban Brawl. Stats in the 80-90 range, 94 Marksmanship, other skills 20+. Can't swim (flavor only). Works rooftops and nighttime hours, flirts with Tosca, Buns, and Fox. Can't stand Vicious (rival for the ladies) or Biff's cowardice.",,Jazz_Bio_WIP
890000000003506,Дамский снайпер,Ladies' Sniper,,jazz-units:items.lua:123361 | jazz-units:UnitData/Jazz_Gaston.lua:27
890000000003507,Gaston@merc.com,Gaston@merc.com,,jazz-units:items.lua:123362 | jazz-units:UnitData/Jazz_Gaston.lua:28
890000000003508,cavalier,cavalier,,jazz-units:items.lua:123363 | jazz-units:UnitData/Jazz_Gaston.lua:29
890000000003509,"Пока Злобный или Бифф в отряде — нет. Один отбивает моих дам, другой портит настроение.",Not while Malice or Biff is on the team. One steals my ladies; the other ruins the mood.,,Jazz_Gaston
890000000003510,Слишком много потерь для моего вкуса.,Too many casualties for my taste.,,Jazz_Gaston
890000000003511,"О, Тоска, Банс или Лиска уже здесь? Тогда я определённо в деле.","Oh, Tosca, Buns, or Fox is already here? Then I'm definitely in.",,Jazz_Gaston
890000000003512,Если ищете ещё одну прекрасную даму — зовите Тоску.,"If you're looking for another beautiful lady, call Tosca.",,Jazz_Gaston
890000000003513,"Гастон у дамы. Пишите, отвечу, когда освобожусь.",Gaston's with a lady. Leave a message; I'll reply when I'm free.,,Jazz_Gaston
890000000003514,Gaston à l'appareil. Слушаю ваше предложение.,Gaston à l'appareil. I am listening to your offer.,,Jazz_Gaston
890000000003515,Связь прервалась. Вернёмся к делу.,Connection dropped. Back to business.,,Jazz_Gaston
890000000003516,"Ну же, время дорого — как и мой шарм.","Come now, time is money—and so is my charm.",,Jazz_Gaston
890000000003517,Pour vous — всегда готов. Беру винтовку.,Pour vous—always ready. I'll get my rifle.,,jazz-units:items.lua:123455 | jazz-units:UnitData/Jazz_Gaston.lua:121
890000000003518,"Контракт заканчивается. Продлеваем, mon ami?","The contract is ending. Shall we extend, mon ami?",,Jazz_Gaston
890000000003519,Остаюсь. Крыши здесь превосходные.,I'm staying. The rooftops here are superb.,,Jazz_Gaston
890000000003602,Лейтенант Хорг «Сигара»,"Lieutenant Horg ""Cigar""",,jazz-units:items.lua:123715 | jazz-units:UnitData/Jazz_Horg.lua:23
890000000003603,Сигара,Horg,,jazz-units:items.lua:123716 | jazz-units:UnitData/Jazz_Horg.lua:24
890000000003604,СИГАРА,CIGAR,,jazz-units:items.lua:123717 | jazz-units:UnitData/Jazz_Horg.lua:25
890000000003605,"Urban Brawl. Health 98, Strength 94, Agility 78, Marksmanship 89, Mechanical 74, Wisdom 77. Агрессивный лейтенант, никогда не расстаётся с сигарой. Дружит с Быком, Гасом и Биффом; терпеть не может Колби и относится с презрением к слухам про Лаву.","Urban Brawl. Health 98, Strength 94, Agility 78, 89 Marksmanship, 74 Mechanical, 77 Wisdom. An aggressive lieutenant who never puts down his cigar. Friends with Bull, Gus, and Biff; can't stand Colby, and dismisses the Lava rumors as talk.",,Jazz_Bio_WIP
890000000003606,Сигара,Horg,,jazz-units:items.lua:123720 | jazz-units:UnitData/Jazz_Horg.lua:28
890000000003607,Horg@merc.com,Horg@merc.com,,jazz-units:items.lua:123721 | jazz-units:UnitData/Jazz_Horg.lua:29
890000000003608,cigar,cigar,,jazz-units:items.lua:123722 | jazz-units:UnitData/Jazz_Horg.lua:30
890000000003609,Пока Колби в отряде — нет. Не выношу этого типа.,"As long as Colby is on the team, no. I can't stand that guy.",,Jazz_Horg
890000000003610,Слишком много наших полегло. Мне это не нравится.,Too many of our people have died. I don't like it.,,Jazz_Horg
890000000003611,"Бык, Гас или Бифф уже здесь? Тогда я точно в деле.","Bull, Gus, or Biff is already here? Then I'm definitely in.",,Jazz_Horg
890000000003612,Этот парень может любого вояку за пояс заткнуть.,That guy can outfight any soldier.,,Jazz_Horg
890000000003613,"Ага... так! Есть только один способ выбраться, и мы пойдем все вместе.","Ага... так! Есть только один способ выбраться, и мы пойдем все вместе.",,Jazz_Horg
890000000003614,"А я-то думал, что все в жизни повидал. Наверно, взрывчатка - не его специальность.","А я-то думал, что все в жизни повидал. Наверно, взрывчатка - не его специальность.",,Jazz_Horg
890000000003615,"Я никогда не был в Арулько, Мануэль, но постараюсь сделать все, чтобы ты туда вернулся.","Я никогда не был в Арулько, Мануэль, но постараюсь сделать все, чтобы ты туда вернулся.",,Jazz_Horg
890000000003616,"Огорчает лишь то, что Рауль унес все, что у него было.","Огорчает лишь то, что Рауль унес все, что у него было.",,Jazz_Horg
890000000003617,Беру тяжёлое и еду.,I'll pack the heavy gear and be on my way.,,jazz-units:items.lua:123811 | jazz-units:UnitData/Jazz_Horg.lua:119
890000000003618,"Похоже, пройти удалось не всем! Увы...","Похоже, пройти удалось не всем! Увы...",,Jazz_Horg
890000000003619,"Мы наделали много шума, но мне это нравится. У них есть время подумать о том, что их ждет.","Мы наделали много шума, но мне это нравится. У них есть время подумать о том, что их ждет.",,Jazz_Horg
890000000003702,Мануэль,Manuel,,jazz-units:items.lua:124070 | jazz-units:UnitData/Jazz_Manuel.lua:22
890000000003703,Мануэль,Manuel,,jazz-units:items.lua:124071 | jazz-units:UnitData/Jazz_Manuel.lua:23
890000000003704,МАНУЭЛЬ,MANUEL,,jazz-units:items.lua:124072 | jazz-units:UnitData/Jazz_Manuel.lua:24
890000000003705,"Urban Brawl / Night Ops. Муж Фатимы, отец Пако. Внедрился в армию Арулько по просьбе Мигеля, был раскрыт и бежал в лес. Отряд встречает его блуждающим в лесах Тракона. Статы 70+, Dexterity 91. Одиночка, привыкший полагаться только на себя после провала операции.","Urban Brawl / Night Ops. Husband of Fatima, father of Paco. Went undercover in the Arulco army at Miguel's request, was exposed, and fled into the forest. The squad finds him wandering the Tracona woods. Stats 70+, 91 Dexterity. A loner who's learned to rely only on himself since the operation fell apart.",,Jazz_Bio_WIP
890000000003706,Муж Фатимы,Fatima's Husband,,jazz-units:items.lua:124075 | jazz-units:UnitData/Jazz_Manuel.lua:27
890000000003707,Manuel@arulco.reb,Manuel@arulco.reb,,jazz-units:items.lua:124076 | jazz-units:UnitData/Jazz_Manuel.lua:28
890000000003708,manuel,manuel,,jazz-units:items.lua:124077 | jazz-units:UnitData/Jazz_Manuel.lua:29
890000000003709,"Слишком много смертей. Мануэль уже видел, чем это кончается.",Too many deaths. Manuel has seen how this ends.,,jazz-units:items.lua:124082 | jazz-units:UnitData/Jazz_Manuel.lua:34
890000000003710,Мало денег. У Мануэля семья — Фатима и Пако.,Not enough money. Manuel has a family—Fatima and Paco.,,jazz-units:items.lua:124095 | jazz-units:UnitData/Jazz_Manuel.lua:47
890000000003711,Мигель уже здесь? Тогда ладно — он мне ещё должен объяснение.,"Miguel is already here? All right, then—he still owes me an explanation.",,jazz-units:items.lua:124110 | jazz-units:UnitData/Jazz_Manuel.lua:62
890000000003712,"Если встретите Мигеля — скажите, Мануэль его не забыл.","If you see Miguel, tell him Manuel hasn't forgotten him.",,jazz-units:items.lua:124126 | jazz-units:UnitData/Jazz_Manuel.lua:78
890000000003713,Мануэль... сейчас нет связи. Позже.,Manuel... unavailable right now. Call back later.,,jazz-units:items.lua:124140 | jazz-units:UnitData/Jazz_Manuel.lua:92
890000000003714,Это Мануэль. Слушаю.,This is Manuel. I'm listening.,,jazz-units:items.lua:124145 | jazz-units:UnitData/Jazz_Manuel.lua:97
890000000003715,Связь прервалась. Вернёмся к делу.,Connection dropped. Back to business.,,jazz-units:items.lua:124150 | jazz-units:UnitData/Jazz_Manuel.lua:102
890000000003716,Тише. Мануэль слушает лес.,Quiet. Manuel listens to the forest.,,jazz-units:items.lua:124155 | jazz-units:UnitData/Jazz_Manuel.lua:107
890000000003717,Иду с вами. Фатима поймёт.,I'm coming with you. Fatima will understand.,,jazz-units:items.lua:124160 | jazz-units:UnitData/Jazz_Manuel.lua:112
890000000003718,Контракт заканчивается. Продлеваем?,My contract is ending. Are we renewing?,,jazz-units:items.lua:124165 | jazz-units:UnitData/Jazz_Manuel.lua:117
890000000003719,Остаюсь. Лес подождёт.,I'm staying. The forest can wait.,,jazz-units:items.lua:124170 | jazz-units:UnitData/Jazz_Manuel.lua:122
890000000003802,Виктор «Монк» Колесников,"Viktor ""Monk"" Kolesnikov",,jazz-units:items.lua:124414 | jazz-units:UnitData/Jazz_Monk.lua:22
890000000003803,Монк,Monk,,jazz-units:items.lua:124415 | jazz-units:UnitData/Jazz_Monk.lua:23
890000000003804,МОНК,MONK,,jazz-units:items.lua:124416 | jazz-units:UnitData/Jazz_Monk.lua:24
890000000003805,"Wildfire. Ветеран Чеченской войны, не любит вспоминать родину. Статы 80–90, Marksmanship 94, прочие навыки 20–30. Одиночка, действует лучше вдали от толпы. Симпатизирует Лоре; недолюбливает Ивана и Конрада.","Wildfire. A Chechen war veteran who avoids talking about home. Stats in the 80-90 range, 94 Marksmanship, other skills 20-30. A loner who performs better away from a crowd. Has a soft spot for Laura; doesn't get along with Ivan or Conrad.",,Jazz_Bio_WIP
890000000003806,Чеченский след,The Chechen Trail,,jazz-units:items.lua:124419 | jazz-units:UnitData/Jazz_Monk.lua:27
890000000003807,Monk@aim.com,Monk@aim.com,,jazz-units:items.lua:124420 | jazz-units:UnitData/Jazz_Monk.lua:28
890000000003808,monk,monk,,jazz-units:items.lua:124421 | jazz-units:UnitData/Jazz_Monk.lua:29
890000000003809,"Я слышал, вы наняли Ивана... Да чтобы я с ним работал? Нет. Ищите кого-нибудь другого...","Я слышал, вы наняли Ивана... Да чтобы я с ним работал? Нет. Ищите кого-нибудь другого...",,Jazz_Monk
890000000003810,Слишком уж смертность у тебя высокая... Это неправильно.,Слишком уж смертность у тебя высокая... Это неправильно.,,Jazz_Monk
890000000003811,"Эта операция не очень хорошая, но если в команде доктор Лора... то Виктор тоже в команде.","Эта операция не очень хорошая, но если в команде доктор Лора... то Виктор тоже в команде.",,Jazz_Monk
890000000003812,Доктор Лора - сильная женщина. Сильная... и симпатичная.,Доктор Лора - сильная женщина. Сильная... и симпатичная.,,Jazz_Monk
890000000003813,Это Виктор Колесников. Оставьте сообщение на автоответчике. Я свяжусь с вами.,Это Виктор Колесников. Оставьте сообщение на автоответчике. Я свяжусь с вами.,,Jazz_Monk
890000000003814,Виктор Колесников.,Виктор Колесников.,,Jazz_Monk
890000000003815,Еще раз.,Еще раз.,,Jazz_Monk
890000000003816,Я наемник от Бога.,Я наемник от Бога.,,Jazz_Monk
890000000003817,"Хорошо. Иду один, как всегда.","All right. Going alone, as always.",,jazz-units:items.lua:124510 | jazz-units:UnitData/Jazz_Monk.lua:118
890000000003818,Контракт скоро заканчивается... Виктор тебе еще нужен?,Контракт скоро заканчивается... Виктор тебе еще нужен?,,Jazz_Monk
890000000003819,Хорошо... Очень хорошо.,Хорошо... Очень хорошо.,,Jazz_Monk
890000000003902,Янно «Знаток» Аллик,"Jaano ""Allik"" Allikas",,jazz-units:items.lua:124767 | jazz-units:UnitData/Jazz_Allik.lua:22
890000000003903,Знаток,Expert,,jazz-units:items.lua:124768 | jazz-units:UnitData/Jazz_Allik.lua:23
890000000003904,ЗНАТОК,ALLIK,,jazz-units:items.lua:124769 | jazz-units:UnitData/Jazz_Allik.lua:24
890000000003905,"Wildfire. Один из лучших показателей статов на уровень в игре. Marksmanship 78, Mechanical 76, Explosives 43. Неисправимый оптимист, ко всему подходит с расчётом инженера. Дружит с Вильде и Грейс; не ладит с Сидни и Доктором Кью. В некоторых файлах WF указан русским по ошибке — считается артефактом данных, национальность эстонская.","Wildfire. One of the best stat-per-level ratios in the game. 78 Marksmanship, 76 Mechanical, 43 Explosives. An incurable optimist who approaches everything like an engineer. Friends with Vilde and Grace; doesn't get along with Sidney or Dr.Q. Some Wildfire files mislabel him as Russian — treated as a data artifact; his actual nationality is Estonian.",,Jazz_Bio_WIP
890000000003906,Эстонец,The Estonian,,jazz-units:items.lua:124772 | jazz-units:UnitData/Jazz_Allik.lua:27
890000000003907,Allik@aim.com,Allik@aim.com,,jazz-units:items.lua:124773 | jazz-units:UnitData/Jazz_Allik.lua:28
890000000003908,znatok,znatok,,jazz-units:items.lua:124774 | jazz-units:UnitData/Jazz_Allik.lua:29
890000000003909,"Лучше поищи другого наемника. Такого, которому понравится работать со свиньей-англичанином!","Лучше поищи другого наемника. Такого, которому понравится работать со свиньей-англичанином!",,Jazz_Allik
890000000003910,"Я наемник, потому что я так решил, но это еще не значит, что я люблю смерть.","Я наемник, потому что я так решил, но это еще не значит, что я люблю смерть.",,Jazz_Allik
890000000003911,"У меня тревожные предчувствия, но если с вами Грейс Джирелли... Я согласен.","У меня тревожные предчувствия, но если с вами Грейс Джирелли... Я согласен.",,Jazz_Allik
890000000003912,"Она мне нравится. Обычно американки такие... Ну... Но только не Грейс. В ней чувствуется итальянская кровь, а итальянцы знают толк в хорошей еде.","I like her. American women are usually so... Well... But not Grace. You can feel the Italian blood in her, and Italians know good food.",,Jazz_Allik
890000000003913,"Янно Аллик на связи. Если у вас есть для меня важные новости, пожалуйста, говорите.","Янно Аллик на связи. Если у вас есть для меня важные новости, пожалуйста, говорите.",,Jazz_Allik
890000000003914,Привет...,Hello...,,Jazz_Allik
890000000003915,Я сказал...,I said...,,Jazz_Allik
890000000003916,Я бы не отказался сейчас от сочного бифштекса с картофелем и подливкой. Ха!,Я бы не отказался сейчас от сочного бифштекса с картофелем и подливкой. Ха!,,Jazz_Allik
890000000003917,Выхожу. Будет интересно.,Heading out. This should be interesting.,,jazz-units:items.lua:124866 | jazz-units:UnitData/Jazz_Allik.lua:121
890000000003918,"Я бы не отказался поработать на вас еще, если это входит в ваши планы.","Я бы не отказался поработать на вас еще, если это входит в ваши планы.",,Jazz_Allik
890000000003919,"Gut. Должно быть, вам понравились мои успехи.","Gut. Должно быть, вам понравились мои успехи.",,Jazz_Allik
890000000004002,Хеннинг фон Браниц,Henning von Branitz,,jazz-units:items.lua:125124 | jazz-units:UnitData/Jazz_Henning.lua:22
890000000004003,Хеннинг,Henning,,jazz-units:items.lua:125125 | jazz-units:UnitData/Jazz_Henning.lua:23
890000000004004,ХЕННИНГ,HENNING,,jazz-units:items.lua:125126 | jazz-units:UnitData/Jazz_Henning.lua:24
890000000004005,"Wildfire — эрзац-замена Гасу. Статы 70–80, Wisdom 96, Leadership 76, Marksmanship 92. Клаустрофоб, не переносит замкнутые помещения. Аристократичный тактик, предпочитает командовать издалека, но не боится взять оружие сам, если требуется. Дружит со Штайгером и Лорой; недолюбливает Тора и Рикошета.","Wildfire — an ersatz stand-in for Gus. Stats 70-80, 96 Wisdom, 76 Leadership, 92 Marksmanship. A claustrophobe who can't stand enclosed spaces. An aristocratic tactician who prefers commanding from a distance but won't hesitate to pick up a weapon himself when needed. Friends with Steiger and Laura; doesn't get along with Thor or Ricochet.",,Jazz_Bio_WIP
890000000004006,Барон-гасс,The Cabinet General,,jazz-units:items.lua:125129 | jazz-units:UnitData/Jazz_Henning.lua:27
890000000004007,Henning@aim.com,Henning@aim.com,,jazz-units:items.lua:125130 | jazz-units:UnitData/Jazz_Henning.lua:28
890000000004008,vonbranitz,vonbranitz,,jazz-units:items.lua:125131 | jazz-units:UnitData/Jazz_Henning.lua:29
890000000004009,"Тор тоже с тобой? В таком случае я отклоняю твое предложение. Ты скоро узнаешь, почему. Желаю удачи... Она тебе понадобится.","Тор тоже с тобой? В таком случае я отклоняю твое предложение. Ты скоро узнаешь, почему. Желаю удачи... Она тебе понадобится.",,Jazz_Henning
890000000004010,Ты теряешь слишком много хороших людей. Мне это неинтересно.,Ты теряешь слишком много хороших людей. Мне это неинтересно.,,Jazz_Henning
890000000004011,"Возможно, я совершаю ошибку, но я не упущу шанса оказаться в одном отряде с Фиделем.","Возможно, я совершаю ошибку, но я не упущу шанса оказаться в одном отряде с Фиделем.",,Jazz_Henning
890000000004012,Фидель - это сокровище! Ты ВИДЕЛ?,Fidel is a treasure! Did you SEE that?,,Jazz_Henning
890000000004013,"Это Хеннинг фон Браниц. В настоящий момент я не могу ответить на ваш звонок. Пожалуйста, оставьте сообщение после сигнала.","Это Хеннинг фон Браниц. В настоящий момент я не могу ответить на ваш звонок. Пожалуйста, оставьте сообщение после сигнала.",,Jazz_Henning
890000000004014,Алло!,Hello!,,Jazz_Henning
890000000004015,Я сказал...,I said...,,Jazz_Henning
890000000004016,У меня мало времени...,У меня мало времени...,,Jazz_Henning
890000000004017,Принято. Я в вашем распоряжении.,Understood. I'm at your disposal.,,jazz-units:items.lua:125223 | jazz-units:UnitData/Jazz_Henning.lua:121
890000000004018,Я предлагаю продлить мой контракт. Что ты об этом думаешь?,Я предлагаю продлить мой контракт. Что ты об этом думаешь?,,Jazz_Henning
890000000004019,Согласен!,Согласен!,,Jazz_Henning
890000000004102,Кирк «Статик» Стивенсон,"Kirk ""Static"" Stevenson",,jazz-units:items.lua:125481 | jazz-units:UnitData/Jazz_Static.lua:22
890000000004103,Статик,Static,,jazz-units:items.lua:125482 | jazz-units:UnitData/Jazz_Static.lua:23
890000000004104,СТАТИК,STATIC,,jazz-units:items.lua:125483 | jazz-units:UnitData/Jazz_Static.lua:24
890000000004105,"Статы 60–80, Strength 59, Dexterity 95, Wisdom 60, Mechanical 99. Боится насекомых. Дружит со Спайдером и обкуренным Ларри; не любит трезвого Ларри, Ротмана, Блэйда; недолюбливает швейцарцев.","Stats in the 60-80 range, 59 Strength, 95 Dexterity, 60 Wisdom, 99 Mechanical. Terrified of insects. Friends with Spider and a stoned Larry; can't stand a sober Larry, Rothman, or Blade; not fond of the Swiss.",,Jazz_Bio_WIP
890000000004106,Хиппи-механик,Hippie Mechanic,,jazz-units:items.lua:125486 | jazz-units:UnitData/Jazz_Static.lua:27
890000000004107,Static@aim.com,Static@aim.com,,jazz-units:items.lua:125487 | jazz-units:UnitData/Jazz_Static.lua:28
890000000004108,static,static,,jazz-units:items.lua:125488 | jazz-units:UnitData/Jazz_Static.lua:29
890000000004109,"Пока Ротман, Блэйд или трезвый Ларри у вас в отряде — я пас. Не моя вибрация.","Not while Rothman, Blade, or sober Larry is on your team. I'm out. Bad vibes.",,jazz-units:items.lua:125493 | jazz-units:UnitData/Jazz_Static.lua:34
890000000004110,Слишком много трупов вокруг вас. Не моя карма.,Too many bodies around you. Bad karma.,,jazz-units:items.lua:125510 | jazz-units:UnitData/Jazz_Static.lua:51
890000000004111,"Отряд из одних швейцарцев? Ладно, но накинь сверху.","A squad full of Swiss? Fine, but it'll cost you extra.",,jazz-units:items.lua:125525 | jazz-units:UnitData/Jazz_Static.lua:66
890000000004112,"О, Паук (или обдолбанный Ларри) уже здесь? Тогда я точно в деле.","Oh, Spider—or a stoned Larry—is already here? Then I'm definitely in.",,jazz-units:items.lua:125550 | jazz-units:UnitData/Jazz_Static.lua:91
890000000004113,Если нужен ещё один спец по железу — зовите Паука.,"If you need another gearhead, call Spider.",,jazz-units:items.lua:125569 | jazz-units:UnitData/Jazz_Static.lua:110
890000000004114,Статик в отключке. Позвоните позже.,Static's unplugged. Call back later.,,jazz-units:items.lua:125583 | jazz-units:UnitData/Jazz_Static.lua:124
890000000004115,"Йо, Статик на проводе. Что чинить?","Yo, Static here. What needs fixing?",,jazz-units:items.lua:125588 | jazz-units:UnitData/Jazz_Static.lua:129
890000000004116,Связь прервалась. Вернёмся к делу.,Connection dropped. Back to business.,,jazz-units:items.lua:125593 | jazz-units:UnitData/Jazz_Static.lua:134
890000000004117,"Мир... и гайки, чувак.","Peace... and bolts, man.",,jazz-units:items.lua:125598 | jazz-units:UnitData/Jazz_Static.lua:139
890000000004118,"Окей, собираю чемодан с инструментами.","Okay, packing my tool case.",,jazz-units:items.lua:125603 | jazz-units:UnitData/Jazz_Static.lua:144
890000000004119,Контракт заканчивается. Продлеваем?,My contract is ending. Are we renewing?,,jazz-units:items.lua:125608 | jazz-units:UnitData/Jazz_Static.lua:149
890000000004120,Остаюсь. Тут ещё есть что чинить.,I'm staying. There's still plenty to fix here.,,jazz-units:items.lua:125613 | jazz-units:UnitData/Jazz_Static.lua:154
890000000004202,Клиффорд «Скала» Хайбол,"Clifford ""Highball"" Hyball",,jazz-units:items.lua:125863 | jazz-units:UnitData/Jazz_Highball.lua:22
890000000004203,Скала,Cliff,,jazz-units:items.lua:125864 | jazz-units:UnitData/Jazz_Highball.lua:23
890000000004204,СКАЛА,HIGHBALL,,jazz-units:items.lua:125865 | jazz-units:UnitData/Jazz_Highball.lua:24
890000000004205,"Худшие боевые статы в каталоге AIM (~50–60), но Wisdom 87, Marksmanship 84, Medical 84 всё ещё держат марку. Держится нейтрально к остальному отряду — слишком занят собственной фляжкой, чтобы с кем-то ссориться.","Some of the worst combat stats in the AIM roster (~50-60 range), but 87 Wisdom, 84 Marksmanship, and 84 Medical still get the job done. Stays neutral toward the rest of the roster — too busy with his flask to pick fights.",,Jazz_Bio_WIP
890000000004206,Старый алкаш,The Old Drunk,,jazz-units:items.lua:125868 | jazz-units:UnitData/Jazz_Highball.lua:27
890000000004207,Highball@aim.com,Highball@aim.com,,jazz-units:items.lua:125869 | jazz-units:UnitData/Jazz_Highball.lua:28
890000000004208,highball,highball,,jazz-units:items.lua:125870 | jazz-units:UnitData/Jazz_Highball.lua:29
890000000004209,На такие деньги даже фляжку не наполнишь.,That money wouldn't even fill a flask.,,jazz-units:items.lua:125875 | jazz-units:UnitData/Jazz_Highball.lua:34
890000000004210,Слишком много крови для старого доктора.,Too much blood for an old doctor.,,jazz-units:items.lua:125886 | jazz-units:UnitData/Jazz_Highball.lua:45
890000000004211,"Это доктор Клиффорд Хайбол, спасибо за звонок. Сейчас я не могу с вами разговаривать — оставьте своё имя и номер.",This is Dr. Clifford Hyball. Thank you for calling. I can't speak with you right now—please leave your name and number.,,jazz-units:items.lua:125903 | jazz-units:UnitData/Jazz_Highball.lua:61
890000000004212,Доктор Клиффорд Хайбол.,Dr. Clifford Highball.,,jazz-units:items.lua:125908 | jazz-units:UnitData/Jazz_Highball.lua:66
890000000004213,"Пожалуйста, внимание — я сказал.","Your attention, please. As I was saying...",,jazz-units:items.lua:125913 | jazz-units:UnitData/Jazz_Highball.lua:71
890000000004214,"Немногие бойцы способны причинять или облегчать боль так, как я могу.",Few fighters can inflict or relieve pain the way I can.,,jazz-units:items.lua:125918 | jazz-units:UnitData/Jazz_Highball.lua:76
890000000004215,В следующий раз мы будем разговаривать уже в Арулько.,"Next time we speak, it'll be in Arulco.",,jazz-units:items.lua:125923 | jazz-units:UnitData/Jazz_Highball.lua:81
890000000004216,"Мой контракт почти закончен. Следует ли мне понимать вашу незаинтересованность как свидетельство того, что продления не будет?",My contract is nearly over. Am I to take your lack of interest as evidence that there will be no extension?,,jazz-units:items.lua:125928 | jazz-units:UnitData/Jazz_Highball.lua:86
890000000004217,Отлично! Это место начинает мне нравиться!,Excellent! I'm starting to like this place!,,jazz-units:items.lua:125933 | jazz-units:UnitData/Jazz_Highball.lua:91
890000000004302,Джон «Бык» Питерс,"John ""Bull"" Peters",,jazz-units:items.lua:126175 | jazz-units:UnitData/Jazz_Bull.lua:22
890000000004303,Бык,Bull,,jazz-units:items.lua:126176 | jazz-units:UnitData/Jazz_Bull.lua:23
890000000004304,БЫК,BULL,,jazz-units:items.lua:126177 | jazz-units:UnitData/Jazz_Bull.lua:24
890000000004305,"Один из самых дешёвых наёмников AIM: Health 96, Strength 98, Agility/Dexterity ~50, Wisdom 64, Marksmanship 72. Агрессивен и бьёт первым. Дружит с Нейлсом; не любит Биффа.","One of the cheapest mercs on AIM's roster: 96 Health, 98 Strength, roughly 50 Agility/Dexterity, 64 Wisdom, 72 Marksmanship. Aggressive and swings first. Friends with Nails; can't stand Biff.",,Jazz_Bio_WIP
890000000004306,Дешёвый танк,Budget Tank,,jazz-units:items.lua:126180 | jazz-units:UnitData/Jazz_Bull.lua:27
890000000004307,Bull@aim.com,Bull@aim.com,,jazz-units:items.lua:126181 | jazz-units:UnitData/Jazz_Bull.lua:28
890000000004308,bull,bull,,jazz-units:items.lua:126182 | jazz-units:UnitData/Jazz_Bull.lua:29
890000000004309,Пока Бифф в отряде — я пас. Он мне не нравится.,Not while Biff's on the team. I don't like him.,,jazz-units:items.lua:126187 | jazz-units:UnitData/Jazz_Bull.lua:34
890000000004310,"Мало. Бык дёшево, но не бесплатно.","Not enough. Bull cheap, but not free.",,jazz-units:items.lua:126201 | jazz-units:UnitData/Jazz_Bull.lua:48
890000000004311,"О, Нейлс уже тут? Тогда порядок.","Oh, Nails is already here? Then we're good.",,jazz-units:items.lua:126216 | jazz-units:UnitData/Jazz_Bull.lua:63
890000000004312,Если нужен ещё крепкий парень — берите Нейлса.,"If you need another tough guy, hire Nails.",,jazz-units:items.lua:126232 | jazz-units:UnitData/Jazz_Bull.lua:79
890000000004313,Бык спит. Не будить.,Bull is sleeping. Do not wake.,,jazz-units:items.lua:126246 | jazz-units:UnitData/Jazz_Bull.lua:93
890000000004314,"Бык! Чо, бить будем?",Bull! We gonna smash somebody?,,jazz-units:items.lua:126251 | jazz-units:UnitData/Jazz_Bull.lua:98
890000000004315,Связь прервалась. Вернёмся к делу.,Connection dropped. Back to business.,,jazz-units:items.lua:126256 | jazz-units:UnitData/Jazz_Bull.lua:103
890000000004316,Где враги? Хочу бить.,Where are the bad guys? I wanna smash 'em.,,jazz-units:items.lua:126261 | jazz-units:UnitData/Jazz_Bull.lua:108
890000000004317,Угх. Иду бить.,Ugh. Going to smash.,,jazz-units:items.lua:126266 | jazz-units:UnitData/Jazz_Bull.lua:113
890000000004318,Контракт заканчивается. Продлеваем?,My contract is ending. Are we renewing?,,jazz-units:items.lua:126271 | jazz-units:UnitData/Jazz_Bull.lua:118
890000000004319,Остаюсь. Тут есть кого бить.,I'm staying. There are still people here who need a beating.,,jazz-units:items.lua:126276 | jazz-units:UnitData/Jazz_Bull.lua:123
890000000004402,Даг «Кардан» Милтон,"Doug ""Cord"" Milton",,jazz-units:items.lua:126522 | jazz-units:UnitData/Jazz_Cord.lua:22
890000000004403,Кардан,Cord,,jazz-units:items.lua:126523 | jazz-units:UnitData/Jazz_Cord.lua:23
890000000004404,КАРДАН,CORD,,jazz-units:items.lua:126524 | jazz-units:UnitData/Jazz_Cord.lua:24
890000000004405,"Статы 60–70, Dexterity 89, Wisdom 49, Marksmanship 44, Mechanical 82. Забывчив — по слухам из JA2, забывает часть навыков после долгой работы, но JAZZ не реализует это механически, только в биографии. Неровно дышит к Вики; не любит Ивана и Игоря; недолюбливает русских.","Stats in the 60-70 range, 89 Dexterity, 49 Wisdom, 44 Marksmanship, 82 Mechanical. Forgetful — JA2 rumor has him losing bits of skill after long jobs, but JAZZ keeps that as flavor only, not a mechanic. Has an unrequited crush on Vicki; can't stand Ivan or Igor; not fond of Russians.",,Jazz_Bio_WIP
890000000004406,Забывчивый механик,Forgetful Mechanic,,jazz-units:items.lua:126527 | jazz-units:UnitData/Jazz_Cord.lua:27
890000000004407,Cord@merc.com,Cord@merc.com,,jazz-units:items.lua:126528 | jazz-units:UnitData/Jazz_Cord.lua:28
890000000004408,cardan,cardan,,jazz-units:items.lua:126529 | jazz-units:UnitData/Jazz_Cord.lua:29
890000000004409,Пока Иван или Игорь в отряде — я пас.,Not while Ivan or Igor is on the team. I'm out.,,jazz-units:items.lua:126534 | jazz-units:UnitData/Jazz_Cord.lua:34
890000000004410,Маловато будет.,Not enough.,,jazz-units:items.lua:126551 | jazz-units:UnitData/Jazz_Cord.lua:51
890000000004411,"Отряд полон русских... ладно, но с доплатой.","A squad full of Russians... Fine, but it'll cost you extra.",,jazz-units:items.lua:126564 | jazz-units:UnitData/Jazz_Cord.lua:64
890000000004412,Кардан... куда я дел телефон... перезвоните.,Cord here... where'd I put the phone... call back.,,jazz-units:items.lua:126589 | jazz-units:UnitData/Jazz_Cord.lua:88
890000000004413,А? Кардан слушает. Что чинить?,Huh? Gasket here. What needs fixing?,,jazz-units:items.lua:126594 | jazz-units:UnitData/Jazz_Cord.lua:93
890000000004414,Связь прервалась. Вернёмся к делу.,Connection dropped. Back to business.,,jazz-units:items.lua:126599 | jazz-units:UnitData/Jazz_Cord.lua:98
890000000004415,Что мы вообще делали?,What were we doing again?,,jazz-units:items.lua:126604 | jazz-units:UnitData/Jazz_Cord.lua:103
890000000004416,"Кажется, я согласился. Иду.",I think I said yes. I'm coming.,,jazz-units:items.lua:126609 | jazz-units:UnitData/Jazz_Cord.lua:108
890000000004417,Контракт заканчивается. Продлеваем?,My contract is ending. Are we renewing?,,jazz-units:items.lua:126614 | jazz-units:UnitData/Jazz_Cord.lua:113
890000000004418,Остаюсь. Кажется.,I'll stay. I think.,,jazz-units:items.lua:126619 | jazz-units:UnitData/Jazz_Cord.lua:118
890000000004502,Тим «Хоббит» Хиллман,"Tim ""Hobbit"" Hillman",,jazz-units:items.lua:126866 | jazz-units:UnitData/Jazz_Hobbit.lua:22
890000000004503,Хоббит,Hobbit,,jazz-units:items.lua:126867 | jazz-units:UnitData/Jazz_Hobbit.lua:23
890000000004504,ХОББИТ,HOBBIT,,jazz-units:items.lua:126868 | jazz-units:UnitData/Jazz_Hobbit.lua:24
890000000004505,"Статы 60–70, Agility 44, Wisdom 94, Marksmanship 44, Mechanical 0 (никогда не растёт), Explosives 56. Пессимист, боится жары. Держится нейтрально к остальному отряду.","Stats in the 60-70 range, 44 Agility, 94 Wisdom, 44 Marksmanship, 0 Mechanical (never improves), 56 Explosives. A pessimist who's afraid of the heat. Stays neutral toward the rest of the roster.",,Jazz_Bio_WIP
890000000004506,Несу вас,I'll Carry You,,jazz-units:items.lua:126871 | jazz-units:UnitData/Jazz_Hobbit.lua:27
890000000004507,Hobbit@merc.com,Hobbit@merc.com,,jazz-units:items.lua:126872 | jazz-units:UnitData/Jazz_Hobbit.lua:28
890000000004508,frodo,frodo,,jazz-units:items.lua:126873 | jazz-units:UnitData/Jazz_Hobbit.lua:29
890000000004509,Маловато. Такими темпами всё плохо кончится.,"Not enough. At this rate, it'll all end badly.",,jazz-units:items.lua:126878 | jazz-units:UnitData/Jazz_Hobbit.lua:34
890000000004510,Слишком много смертей — я предупреждал.,Too many deaths. I warned you.,,jazz-units:items.lua:126889 | jazz-units:UnitData/Jazz_Hobbit.lua:45
890000000004511,"Хоббит недоступен. Наверное, к лучшему.",Hobbit's unavailable. Probably for the best.,,jazz-units:items.lua:126906 | jazz-units:UnitData/Jazz_Hobbit.lua:61
890000000004512,"Хоббит на связи. Я не Фродо, если что.","Hobbit here. And no, I'm not Frodo.",,jazz-units:items.lua:126911 | jazz-units:UnitData/Jazz_Hobbit.lua:66
890000000004513,Связь прервалась. Вернёмся к делу.,Connection dropped. Back to business.,,jazz-units:items.lua:126916 | jazz-units:UnitData/Jazz_Hobbit.lua:71
890000000004514,Жарко. Всё равно ничем хорошим не кончится.,Hot. This won't end well anyway.,,jazz-units:items.lua:126921 | jazz-units:UnitData/Jazz_Hobbit.lua:76
890000000004515,"Ладно, могу и понести вас, если что.","Fine, I can carry you too if I have to.",,jazz-units:items.lua:126926 | jazz-units:UnitData/Jazz_Hobbit.lua:81
890000000004516,Контракт заканчивается. Продлеваем?,My contract is ending. Are we renewing?,,jazz-units:items.lua:126931 | jazz-units:UnitData/Jazz_Hobbit.lua:86
890000000004517,Остаюсь. Всё равно хуже уже не будет.,I'm staying. It can't get any worse anyway.,,jazz-units:items.lua:126936 | jazz-units:UnitData/Jazz_Hobbit.lua:91
890000000004602,Тим «Рикошет» Саттонн,"Tim ""Ricochet"" Sutton",,Jazz_Ricochet
890000000004603,Рикошет,Ricochet,,Jazz_Ricochet
890000000004604,РИКОШЕТ,RICOCHET,,Jazz_Ricochet
890000000004605,"Заниженные для ближнего боя статы (Agility 60, Strength 75), но Marksmanship 88 говорит о хорошей руке для бросков. Одиночка. Уважает Злобного; терпеть не может Сидни, Вики и Скоупа.","Underwhelming stats for a melee specialist (60 Agility, 75 Strength), but a strong 88 Marksmanship gives his throwing arm real precision. A loner. Respects Vicious; can't stand Sidney, Vicki, or Scope.",,Jazz_Ricochet
890000000004606,Ближник,Close Combat,,Jazz_Ricochet
890000000004607,Ricochet@merc.com,Ricochet@merc.com,,Jazz_Ricochet
890000000004608,ricochet,ricochet,,Jazz_Ricochet
890000000004609,Пока Сидни или Вики в отряде — я пас.,Not while Sidney or Vicki are on the team.,,Jazz_Ricochet
890000000004610,Маловато для моих ножей.,Too thin for my knives.,,Jazz_Ricochet
890000000004611,"Отряд полон британцев... ладно, но с доплатой.","Whole squad of Brits... fine, but with a surcharge.",,Jazz_Ricochet
890000000004612,"О, Злобный уже здесь? Тогда я в деле.","Oh, Vicious is already here? Then I'm in.",,Jazz_Ricochet
890000000004613,Если нужен ещё один клинок — зовите Злобного.,If you need another blade — call Vicious.,,Jazz_Ricochet
890000000004614,Рикошет вне игры.,Ricochet offline.,,Jazz_Ricochet
890000000004615,Рикошет слушает. Кого метать?,Ricochet here. Who are we throwing?,,Jazz_Ricochet
890000000004616,Связь прервалась. Вернёмся к делу.,Connection dropped. Back to business.,,Jazz_Ricochet
890000000004617,Жду цель.,Waiting on a target.,,Jazz_Ricochet
890000000004618,Ножи наточены. Иду.,Knives are sharp. Moving.,,Jazz_Ricochet
890000000004619,Контракт заканчивается. Продлеваем?,My contract is ending. Are we renewing?,,Jazz_Ricochet
890000000004620,Остаюсь.,I'm staying.,,Jazz_Ricochet
890000000004621,КАРЛОС,CARLOS,,Jazz_Carlos
890000000004622,"Dexterity 61, Marksmanship 67, Agility 91. Пессимист, местный повстанец. Уважает Мигеля, Иру и Дмитрия; терпеть не может Игги.","61 Dexterity, 67 Marksmanship, 91 Agility. A pessimistic local rebel. Respects Miguel, Ira, and Dimitri; can't stand Iggy.",,Jazz_Carlos
890000000004623,Пессимист,Pessimist,,Jazz_Carlos
890000000004624,Carlos@arulco.reb,Carlos@arulco.reb,,Jazz_Carlos
890000000004625,carlos,carlos,,Jazz_Carlos
890000000004626,Карлос... зачем звонить? Всё равно плохо кончится.,Carlos... why call? It ends badly anyway.,,Jazz_Carlos
890000000004627,Карлос слушает. Плохие новости?,Carlos listening. Bad news?,,Jazz_Carlos
890000000004628,Связь прервалась. Вернёмся к делу.,Connection dropped. Back to business.,,Jazz_Carlos
890000000004629,"Как обычно, всё плохо.","As usual, everything's bad.",,Jazz_Carlos
890000000004630,"Ладно. Иду. Скорее всего, зря.",All right. I'm coming. Probably a mistake.,,Jazz_Carlos
890000000004631,Контракт заканчивается. Продлеваем?,My contract is ending. Are we renewing?,,Jazz_Carlos
890000000004632,Остаюсь. Хуже уже не будет.,I'm staying. It can't get any worse.,,Jazz_Carlos
890000000004635,Девин Коннелл,Devin Connell,,Jazz_Devin
890000000004636,Девин,Devin,,Jazz_Devin
890000000004637,ДЕВИН,DEVIN,,Jazz_Devin
890000000004638,"Статы 60–70, Dexterity 88, Explosives 96. Одиночка, бывший боец ИРА. Симпатизирует Реду; недолюбливает британцев.","Stats in the 60-70 range, 88 Dexterity, 96 Explosives. A loner and former IRA fighter. Gets along with Red; not fond of the British.",,Jazz_Devin
890000000004639,IRA,IRA,,Jazz_Devin
890000000004640,Devin@arulco.local,Devin@arulco.local,,Jazz_Devin
890000000004641,ira,ira,,Jazz_Devin
890000000004642,Девин занят. Позже.,Devin's busy. Later.,,Jazz_Devin
890000000004643,Коннелл слушает.,Connell here.,,Jazz_Devin
890000000004644,Связь прервалась. Вернёмся к делу.,Connection dropped. Back to business.,,Jazz_Devin
890000000004645,"Ну что, есть что взорвать?","So, is there anything to blow up?",,Jazz_Devin
890000000004646,За такую цену — идёт.,At that price—I'm in.,,Jazz_Devin
890000000004647,Контракт заканчивается. Продлеваем?,My contract is ending. Are we renewing?,,Jazz_Devin
890000000004648,Остаюсь.,I'm staying.,,Jazz_Devin
890000000004651,Брием «Шенк» Друз,"Briem ""Shank"" Drews",,Jazz_Shank
890000000004652,Шенк,Shank,,Jazz_Shank
890000000004653,ШЕНК,SHANK,,Jazz_Shank
890000000004654,"Статы 30–35, но Wisdom 80. Не умеет плавать, оптимист. Дружит с Динамо и Иваном. Работает за 20 долларов в день — дешевле только даром.","Stats in the 30-35 range, but 80 Wisdom. Can't swim, incurable optimist. Friends with Dynamo and Ivan. Works for $20 a day — cheaper only if it were free.",,Jazz_Shank
890000000004655,Манчкин,The Munchkin,,Jazz_Shank
890000000004656,Shank@merc.com,Shank@merc.com,,Jazz_Shank
890000000004657,shank,shank,,Jazz_Shank
890000000004658,Shank offline.,Shank offline.,,Jazz_Shank
890000000004659,Shank here.,Shank here.,,Jazz_Shank
890000000004660,Continue.,Continue.,,Jazz_Shank
890000000004661,Waiting.,Waiting.,,Jazz_Shank
890000000004662,Hired.,Hired.,,Jazz_Shank
890000000004663,Contract ending?,Contract ending?,,Jazz_Shank
890000000004664,Staying.,Staying.,,Jazz_Shank
890000000004667,Доктор Винсент «Винс»,"Doctor Vincent ""Vince""",,Jazz_Vince
890000000004668,Винс,Vince,,Jazz_Vince
890000000004669,ВИНС,VINCE,,Jazz_Vince
890000000004670,"Health 94, Dexterity 92, Agility 49, Marksmanship 35, Wisdom 94, Medical 94, Leadership 33. Быстро учится сам и легко учит других; одинаково хорошо стреляет и лечит обеими руками. Страдает клаустрофобией.","94 Health, 92 Dexterity, 49 Agility, 35 Marksmanship, 94 Wisdom, 94 Medical, 33 Leadership. A fast learner who's just as quick to teach others; shoots and treats wounds equally well with either hand. Suffers from claustrophobia.",,Jazz_Vince
890000000004671,Ментор,Mentor,,Jazz_Vince
890000000004672,Vince@arulco.med,Vince@arulco.med,,Jazz_Vince
890000000004673,vince,vince,,Jazz_Vince
890000000004674,Доктор Винс на операции. Перезвоните.,Dr. Vince is in surgery. Call back.,,Jazz_Vince
890000000004675,Винсент слушает. Кого нужно подлатать?,Vincent here. Who needs patching up?,,Jazz_Vince
890000000004676,Связь прервалась. Вернёмся к делу.,Connection dropped. Back to business.,,Jazz_Vince
890000000004677,Всегда рад научить чему-то новому.,Always happy to teach someone something new.,,Jazz_Vince
890000000004678,Готов учить и лечить. Иду.,Ready to teach and patch people up. On my way.,,Jazz_Vince
890000000004679,Контракт заканчивается. Продлеваем?,My contract is ending. Are we renewing?,,Jazz_Vince
890000000004680,Остаюсь. Ещё многому могу научить.,I'm staying. I still have plenty to teach.,,Jazz_Vince
890000000004683,Ричард «Убийца» Рутвен,"Richard ""Hitman"" Ruthven",,Jazz_Hitman
890000000004684,Убийца,Killer,,Jazz_Hitman
890000000004685,УБИЙЦА,HITMAN,,Jazz_Hitman
890000000004686,"Статы 75–80, Wisdom 59, Marksmanship 93. Разыскиваемый террорист-наёмник — берёт контракт, чтобы отсидеться, а затем скрывается. Не умеет плавать. Уважает Мэджика; терпеть не может Фло; недолюбливает американцев.","Stats in the 75-80 range, 59 Wisdom, 93 Marksmanship. A wanted mercenary terrorist who takes the contract to lie low before disappearing again. Can't swim. Respects Magic; can't stand Flo; not fond of Americans.",,Jazz_Hitman
890000000004687,Разыскиваемый,Wanted Man,,Jazz_Hitman
890000000004688,Hitman@dark.net,Hitman@dark.net,,Jazz_Hitman
890000000004689,ruthven,ruthven,,Jazz_Hitman
890000000004690,Hitman offline.,Hitman offline.,,Jazz_Hitman
890000000004691,Говори быстро.,Talk fast.,,Jazz_Hitman
890000000004692,Связь прервалась. Вернёмся к делу.,Connection dropped. Back to business.,,Jazz_Hitman
890000000004693,Время идёт.,Clock's ticking.,,Jazz_Hitman
890000000004694,Неделя. Не больше.,One week. No more.,,Jazz_Hitman
890000000004695,Контракт заканчивается. Продлеваем?,My contract is ending. Are we renewing?,,Jazz_Hitman
890000000004696,Остаюсь ещё немного.,I'm staying a little longer.,,Jazz_Hitman
890000000004699,Полковник Фредерик Биггенс,Colonel Frederick Biggens,,Jazz_Biggens
890000000004700,Биггенс,Biggens,,Jazz_Biggens
890000000004701,БИГГЕНС,BIGGENS,,Jazz_Biggens
890000000004702,"Ветеран из Urban Brawl. Статы 55–65, Marksmanship 71, Explosives 92. Оптимист, плохо переносит жару. Ставит заряды по старой школе — надёжно и аккуратно.","An Urban Brawl veteran. Stats in the 55-65 range, 71 Marksmanship, 92 Explosives. An optimist, doesn't handle heat well. Sets charges the old-school way — reliable and precise.",,Jazz_Biggens
890000000004703,Усталый дед,Weary Old-Timer,,Jazz_Biggens
890000000004704,Biggens@ub.mil,Biggens@ub.mil,,Jazz_Biggens
890000000004705,biggens,biggens,,Jazz_Biggens
890000000004706,Биггенс отдыхает. Перезвоните.,Biggens is resting. Call back later.,,Jazz_Biggens
890000000004707,Полковник Биггенс слушает.,Colonel Biggens speaking.,,Jazz_Biggens
890000000004708,Связь прервалась. Вернёмся к делу.,Connection dropped. Back to business.,,Jazz_Biggens
890000000004709,"Жарковато сегодня, но не жалуюсь.","Bit warm today, but I'm not complaining.",,Jazz_Biggens
890000000004710,Ещё один заряд не помешает. Иду.,One more charge can't hurt. I'm in.,,Jazz_Biggens
890000000004711,Контракт заканчивается. Продлеваем?,My contract is ending. Are we renewing?,,Jazz_Biggens
890000000004712,Остаюсь. Дело своё знаю.,I'm staying. I know my trade.,,Jazz_Biggens
890000000004715,Джон Кульба,John Kulba,,Jazz_Kulba
890000000004716,Кульба,Kulba,,Jazz_Kulba
890000000004717,КУЛЬБА,KULBA,,Jazz_Kulba
890000000004718,"Ветеран Urban Brawl. Статы 55–60, Marksmanship 95, Mechanical 88. Жена умерла от рака вскоре после спасения из Арулко. Ультра-патриот, любит Гаса, недолюбливает Ивана, Игоря и Рикошета.","An Urban Brawl veteran. Stats in the 55-60 range, 95 Marksmanship, 88 Mechanical. His wife died of cancer shortly after the Arulco rescue. An ultra-patriot who's fond of Gus but can't stand Ivan, Igor, or Ricochet.",,Jazz_Kulba
890000000004719,Патриот-дед,Patriotic Grandpa,,Jazz_Kulba
890000000004720,Kulba@ub.mil,Kulba@ub.mil,,Jazz_Kulba
890000000004721,kulba,kulba,,Jazz_Kulba
890000000004722,Кульба на службе. Перезвоните.,Kulba is on duty. Call back.,,Jazz_Kulba
890000000004723,Кульба слушает. За свободу.,Kulba speaking. For freedom.,,Jazz_Kulba
890000000004724,Связь прервалась. Вернёмся к делу.,Connection dropped. Back to business.,,Jazz_Kulba
890000000004725,Старое оружие ещё послужит.,The old weapon still has some fight left in it.,,Jazz_Kulba
890000000004726,За свободу. Я в деле.,For freedom. I'm in.,,Jazz_Kulba
890000000004727,Контракт заканчивается. Продлеваем?,My contract is ending. Are we renewing?,,Jazz_Kulba
890000000004728,Остаюсь. Есть ещё порох в пороховницах.,I'm staying. There's life in the old dog yet.,,Jazz_Kulba
890000000004731,Леннарт «Зануда» Вильде,"Lennart ""Vilde"" Wilde",,Jazz_Vilde
890000000004732,Зануда,Vilde,,Jazz_Vilde
890000000004733,ЗАНУДА,BORE,,Jazz_Vilde
890000000004734,"Wildfire. Статы ~80, Leadership 67, Marksmanship 74. Плохо переносит жару. Педантичен до занудства — отсюда прозвище. Любит Аллика и Монка; недолюбливает Доктора Кью и Линкса.","Wildfire mercenary. Stats around 80, 67 Leadership, 74 Marksmanship. Handles heat poorly. Pedantic to the point of being tedious — hence the nickname. Fond of Allik and Monk; not fond of Dr.Q or Lynx.",,Jazz_Vilde
890000000004735,Тоже эстонец,Another Estonian,,Jazz_Vilde
890000000004736,Vilde@aim.com,Vilde@aim.com,,Jazz_Vilde
890000000004737,vilde,vilde,,Jazz_Vilde
890000000004738,"Это Леннарт Вильде. Если вам есть что предложить, говорите после сигнала.","This is Lennart Vilde. If you have an offer, speak after the tone.",,Jazz_Vilde
890000000004739,"Леннарт на связи, привет...","Lennart here, hello...",,Jazz_Vilde
890000000004740,Я повторю...,Let me repeat myself...,,Jazz_Vilde
890000000004741,Ночная операция... Она пошла бы мне на пользу.,A night operation... That would suit me well.,,Jazz_Vilde
890000000004742,"Отлично, я поспешу.","Excellent, I'll hurry.",,Jazz_Vilde
890000000004743,Я был бы не против продлить контракт... Есть работа?,I wouldn't mind renewing the contract... Is there work?,,Jazz_Vilde
890000000004744,Отлично. Мы договорились.,Excellent. We have a deal.,,Jazz_Vilde
890000000004747,Грациелла «Грейс» Джирелли,"Graziella ""Grace"" Girelli",,Jazz_Grace
890000000004748,Грейс,Grace,,Jazz_Grace
890000000004749,ГРЕЙС,GRACE,,Jazz_Grace
890000000004750,"Wildfire. Итальянка, записанная американкой. Боится тараканов, пессимистка. Средние статы броска (Сила 67, Меткость 69, Ловкость рук 77), Лидерство 62. Любит Аллика; недолюбливает Реда, Рикошета и Лаву.","Wildfire mercenary. Italian-born, filed as American. Afraid of cockroaches, a pessimist. Modest throwing stats (67 Strength, 69 Marksmanship, 77 Dexterity), 62 Leadership. Fond of Allik; not fond of Red, Ricochet, or Lava.",,Jazz_Grace
890000000004751,Итальянка,The Italian,,Jazz_Grace
890000000004752,Grace@aim.com,Grace@aim.com,,Jazz_Grace
890000000004753,grace,grace,,Jazz_Grace
890000000004754,"Вы позвонили Грейс Джирелли, оставьте свое сообщение. Мама, если это ты... Да, я в порядке, и... нет, у меня нет времени для встречи с очередным милым молодым человеком. Я тебя люблю. Чао!","You've reached Grace Girelli. Leave your message. Mom, if that's you... Yes, I'm fine, and... no, I don't have time to meet another nice young man. Love you. Ciao!",,Jazz_Grace
890000000004755,Говорит Грейс Джирелли.,Grace Girelli speaking.,,Jazz_Grace
890000000004756,Я сказала...,I said...,,Jazz_Grace
890000000004757,"Кстати, я здорово управляюсь с ножами...","By the way, I'm very good with knives...",,Jazz_Grace
890000000004758,"Прекрасно. Берегитесь, плохиши, кто не спрятался, я не виновата!","Wonderful. Watch out, bad guys—ready or not, here I come!",,Jazz_Grace
890000000004759,"Срок моего контракта истек, но я могу остаться, пупсик, если без меня вы не справитесь.","My contract has expired, but I can stay, doll, if you can't manage without me.",,Jazz_Grace
890000000004760,Понято и принято.,Understood and accepted.,,Jazz_Grace
890000000004763,Рудольф Штайгер,Rudolf Steiger,,Jazz_Steiger
890000000004764,Штайгер,Steiger,,Jazz_Steiger
890000000004765,ШТАЙГЕР,STEIGER,,Jazz_Steiger
890000000004766,"Wildfire. Статы 75–85, Сила 69, Мудрость 90, Лидерство 69, Меткость 94. Плохо переносит жару. Любит Хеннинга, Лору и Гранти; недолюбливает Корда и Булла. Очень дорогой специалист.","Wildfire mercenary. Stats in the 75-85 range, 69 Strength, 90 Wisdom, 69 Leadership, 94 Marksmanship. Handles heat poorly. Fond of Henning, Laura, and Grunty; not fond of Cord or Bull. A very expensive specialist.",,Jazz_Steiger
890000000004767,Дорогой немец,The Expensive German,,Jazz_Steiger
890000000004768,Steiger@aim.com,Steiger@aim.com,,Jazz_Steiger
890000000004769,steiger,steiger,,Jazz_Steiger
890000000004770,"Говорит Рудольф Штайгер. Оставьте сообщение. Возможно, я перезвоню.",Rudolf Steiger speaking. Leave a message. I may call back.,,Jazz_Steiger
890000000004771,Привет...,Hello...,,Jazz_Steiger
890000000004772,Я сказал...,I said...,,Jazz_Steiger
890000000004773,"Мне есть, чем заняться...",I have things to do...,,Jazz_Steiger
890000000004774,"Отлично, уже еду.","Excellent, I'm on my way.",,Jazz_Steiger
890000000004775,Заинтересован в продлении контракта? Я бы не отказался...,Interested in renewing the contract? I wouldn't mind...,,Jazz_Steiger
890000000004776,Выпьем за долгое и взаимовыгодное сотрудничество...,A toast to a long and mutually profitable partnership...,,Jazz_Steiger
890000000004779,Люк «Лаки» Фабр,"Luc ""Lucky"" Fabre",,Jazz_Lucky
890000000004780,Лаки,Lucky,,Jazz_Lucky
890000000004781,ЛАКИ,LUCKY,,Jazz_Lucky
890000000004782,"Wildfire. Бельгиец-франкофон, ошибочно записанный французом. Статы 75–80, Лидерство 58, Меткость 88. Любит Барри; недолюбливает Вишеса и Банса.","Wildfire mercenary. A French-speaking Belgian mistakenly filed as French. Stats in the 75-80 range, 58 Leadership, 88 Marksmanship. Fond of Barry; not fond of Vicious or Buns.",,Jazz_Lucky
890000000004783,Бельгиец,Belgian,,Jazz_Lucky
890000000004784,Lucky@aim.com,Lucky@aim.com,,Jazz_Lucky
890000000004785,lucky,lucky,,Jazz_Lucky
890000000004786,"Это Люк Фабр, говорите, пожалуйста, после сигнала.",This is Luc Fabre. Please speak after the beep.,,Jazz_Lucky
890000000004787,Алло!,Hello!,,Jazz_Lucky
890000000004788,Я сказал...,I said...,,Jazz_Lucky
890000000004789,Я - оружие массового поражения...,I am a weapon of mass destruction...,,Jazz_Lucky
890000000004790,"D'accord, я согласен.","D'accord, I agree.",,Jazz_Lucky
890000000004791,Мой контракт... Мы его продлеваем?,My contract... are we extending it?,,Jazz_Lucky
890000000004792,D'accord. Я согласен.,D'accord. I agree.,,Jazz_Lucky
890000000004795,Доктор Лора Колин,Doctor Laura Colin,,Jazz_Laura
890000000004796,Лора,Laura,,Jazz_Laura
890000000004797,ЛОРА,LAURA,,Jazz_Laura
890000000004798,"Wildfire. Румынская цыганка. Статы 70–80, Ловкость 67, Меткость 82, Медицина 57 (при этом врач!), Взрывное дело 52 (лучшее среди Wildfire). Плохо переносит жару. Любит Штайгера и Монка; недолюбливает Тоску и Фокса.","Wildfire mercenary. A Romanian Roma woman. Stats in the 70-80 range, 67 Agility, 82 Marksmanship, 57 Medical (a doctor, at that), 52 Explosives (the highest among Wildfire recruits). Handles heat poorly. Fond of Steiger and Monk; not fond of Tosca or Fox.",,Jazz_Laura
890000000004799,Цыганский врач,The Roma Doctor,,Jazz_Laura
890000000004800,Laura@aim.com,Laura@aim.com,,Jazz_Laura
890000000004801,laura,laura,,Jazz_Laura
890000000004802,Это врач Лора Колин. В неотложных случаях вы можете отправить сообщение на мой пейджер.,"This is Dr. Laura Colin. In an emergency, you can send a message to my pager.",,Jazz_Laura
890000000004803,Алло?,Hello?,,Jazz_Laura
890000000004804,Я повторю.,I'll repeat that.,,Jazz_Laura
890000000004805,"Может быть, пока сделаем пару... растяжек, отжиманий? Другими словами, зарядку?","Maybe we could do a few... stretches and push-ups for now? Exercise, in other words?",,Jazz_Laura
890000000004806,"Да. Я думаю, этот контракт окажется интересным.",Yes. I think this contract will prove interesting.,,Jazz_Laura
890000000004807,"Возможно, вы согласитесь продлить контракт?",Perhaps you would agree to extend the contract?,,Jazz_Laura
890000000004808,Отлично. Мы договорились.,Excellent. We have a deal.,,Jazz_Laura
890000000004811,Эмиль «Эскимо» Кимос,"Emile ""Eskimo"" Kimos",,Jazz_Eskimo
890000000004812,Эскимо,Eskimo,,Jazz_Eskimo
890000000004813,ЭСКИМО,ESKIMO,,Jazz_Eskimo
890000000004814,"Night Ops. Повстанец, воевавший за Мигеля; схвачен и брошен Дейдранной в тюрьму Альмы. После освобождения присоединяется к игроку. Ненавидит арабов и жару. Любит Мигеля, Карлоса и Гамоса. Здоровье 97, Меткость 95.","Night Ops mercenary. A rebel who fought for Miguel; captured and thrown into the Alma prison by Deidranna. Joins the player after being freed. Hates Arabs and heat. Fond of Miguel, Carlos, and Gamos. 97 Health, 95 Marksmanship.",,Jazz_Eskimo
890000000004815,Пленный снайпер,The Imprisoned Sniper,,Jazz_Eskimo
890000000004816,Eskimo@arulco.reb,Eskimo@arulco.reb,,Jazz_Eskimo
890000000004817,eskimo,eskimo,,Jazz_Eskimo
890000000004818,Эскимо в камере... шучу. Перезвоните.,Eskimo's in the brig... just kidding. Call back.,,Jazz_Eskimo
890000000004819,Эскимо на связи. Свободен и рад этому.,"Eskimo here. Free, and happy about it.",,Jazz_Eskimo
890000000004820,Связь прервалась. Вернёмся к делу.,Connection dropped. Back to business.,,Jazz_Eskimo
890000000004821,Холодно только в имени.,The only cold thing about me is my name.,,Jazz_Eskimo
890000000004822,Спасибо за свободу. Я в деле.,Thanks for the freedom. I'm in.,,Jazz_Eskimo
890000000004823,Контракт заканчивается. Продлеваем?,My contract is ending. Are we renewing?,,Jazz_Eskimo
890000000004824,Остаюсь. Тюрьма научила меня терпению.,I'm staying. Prison taught me patience.,,Jazz_Eskimo
890000000004827,Игмус «Игги» Палков,"Igmus ""Iggy"" Palkov",,Jazz_Iggy
890000000004828,Игги,Iggy,,Jazz_Iggy
890000000004829,ИГГИ,IGGY,,Jazz_Iggy
890000000004830,"Русский наёмник, которого королева Дейдранна наняла в армию под командованием Майка ($2000/день). После убийства Майка и осознания режима Дейдранны дезертировал с совестью; позже сидит в баре и нанимается за $1950/день. Гордость и мораль сильные; мечтает о «Великой России». Эксперт тяжёлого оружия. Дружит с Иваном; Конрад его ценит; ненавидит Фиделя.","A Russian merc hired into Queen Deidranna's army under Mike ($2000/day). After Mike was killed he deserted with a guilty conscience; later hireable for $1950/day. Strong pride and morality; dreams of a ""Greater Russia."" Heavy Weapons Expert. Likes Ivan; liked by Conrad; dislikes Fidel.",,Jazz_Iggy
890000000004831,Тяжеловес из Сан-Моны,The San Mona Heavy,,Jazz_Iggy
890000000004832,Iggy@palkov.ru,Iggy@palkov.ru,,Jazz_Iggy
890000000004833,iggy,iggy,,Jazz_Iggy
890000000004834,Пока Фидель у вас — нет. С ним я не служу.,Not while Fidel's on the team. I don't serve with him.,,Jazz_Iggy
890000000004835,Иван уже здесь? Тогда своих не бросаю.,Ivan already here? Then I don't abandon my own.,,Jazz_Iggy
890000000004836,"Возьмите Ивана, если найдёте — свой человек.",Hire Ivan if you find him — one of ours.,,Jazz_Iggy
890000000004837,Палков. Позже — сейчас не у бара.,Palkov. Later — not at the bar right now.,,Jazz_Iggy
890000000004838,"Игги. Служил у Дейдранны — больше нет. Тысяча девятьсот пятьдесят в день, и я ваш.","Iggy. Worked for Deidranna — not anymore. Nineteen-fifty a day, and I'm yours.",,Jazz_Iggy
890000000004839,Связь пропала. Говорите.,Line dropped. Speak.,,Jazz_Iggy
890000000004840,Почему люди не могут быть как я? А?,Why can't more people be like me? Hm?,,Jazz_Iggy
890000000004841,Тяжёлое оружие со мной. Идём.,Heavy weapons with me. Let's move.,,Jazz_Iggy
890000000004842,Контракт кончается. Продлеваем — те же тысяча девятьсот пятьдесят?,Contract ending. Extend — same nineteen-fifty?,,Jazz_Iggy
890000000004843,"Остаюсь. Совесть уже чище, чем при королеве.",Staying. Conscience cleaner than under the Queen.,,Jazz_Iggy
890000000004844,Игги на месте.,Iggy here.,,Jazz_Iggy
890000000004845,Огонь!,Fire!,,Jazz_Iggy
890000000004846,Тяжёлое готово.,Heavy's ready.,,Jazz_Iggy
890000000004847,Этот я выиграл!,I win this one!,,Jazz_Iggy
890000000004848,Верните пепел Матушке России…,Return my ashes to Mother Russia…!,,Jazz_Iggy
890000000004849,Ранило… ещё держусь.,Hit… still holding.,,Jazz_Iggy
890000000004850,Предатели в секторе!,Traitors in the area!,,Jazz_Iggy
890000000004851,Опыт растёт.,Experience grows.,,Jazz_Iggy
890000000004852,Боекомплект на исходе!,Ammo running low!,,Jazz_Iggy
890000000004853,Внутри я тёплый и пушистый.,Inside I am warm and fuzzy.,,Jazz_Iggy
890000000004854,"Хорошо, что Фиделя тут нет.",Good thing Fidel's not here.,,Jazz_Iggy
890000000004855,Со своими — проще.,Easier with our own.,,Jazz_Iggy
890000000005100,Kwame Mensah,Kwame Mensah,,JAZZ_AME_01
890000000005101,Kwame,Kwame,,JAZZ_AME_01
890000000005102,KWAME,KWAME,,JAZZ_AME_01
890000000005103,"A polished brass whistle still hangs from Kwame Mensah's belt, rarely blown but always ready. It outlasted years of walking an Accra neighbourhood after dark and settling doorstep quarrels after the watch fund ran dry. Kwame would rather hear the whole story than win an argument. Formal weapons practice came to him in scraps, so he is happiest when someone makes the purpose plain.","A polished brass whistle still hangs from Kwame Mensah's belt, rarely blown but always ready. It outlasted years of walking an Accra neighbourhood after dark and settling doorstep quarrels after the watch fund ran dry. Kwame would rather hear the whole story than win an argument. Formal weapons practice came to him in scraps, so he is happiest when someone makes the purpose plain.",,JAZZ_AME_01
890000000005104,You're through. I'm listening.,You're through. I'm listening.,,JAZZ_AME_01
890000000005105,I'm looking for work. What do you have?,I'm looking for work. What do you have?,,JAZZ_AME_01
890000000005106,All right. Speak soon.,All right. Speak soon.,,JAZZ_AME_01
890000000005110,Jean-Baptiste Okoro,Jean-Baptiste Okoro,,JAZZ_AME_02
890000000005111,Jean,Jean,,JAZZ_AME_02
890000000005112,JEAN,JEAN,,JAZZ_AME_02
890000000005113,"The forests of Grand Chien once paid Jean-Baptiste Okoro's way, until a licensing dispute left his traps empty and his name unwelcome. He moves with a hunter's economy and dislikes anything that scatters birds before the work begins. Weathered shell cases ride in a leather pouch, keepsakes from lean seasons he survived without complaint. Crowded streets make him wary, but stillness brings out the best in him.","The forests of Grand Chien once paid Jean-Baptiste Okoro's way, until a licensing dispute left his traps empty and his name unwelcome. He moves with a hunter's economy and dislikes anything that scatters birds before the work begins. Weathered shell cases ride in a leather pouch, keepsakes from lean seasons he survived without complaint. Crowded streets make him wary, but stillness brings out the best in him.",,JAZZ_AME_02
890000000005114,You're through. I'm listening.,You're through. I'm listening.,,JAZZ_AME_02
890000000005115,I'm looking for work. What do you have?,I'm looking for work. What do you have?,,JAZZ_AME_02
890000000005116,All right. Speak soon.,All right. Speak soon.,,JAZZ_AME_02
890000000005120,Ibrahim Touré,Ibrahim Touré,,JAZZ_AME_03
890000000005121,Ibrahim,Ibrahim,,JAZZ_AME_03
890000000005122,IBRAHIM,IBRAHIM,,JAZZ_AME_03
890000000005123,"A worn police badge shares Ibrahim Touré's pocket with a spotless handkerchief folded for the next split lip. Both survived a Malian street post where tempers caused more trouble than weapons. Ibrahim can turn a shouting match down by speaking softly, though a distant target gives him fewer clues than an angry face. When panic spreads through a crowd, he looks for the person everyone else has overlooked.","A worn police badge shares Ibrahim Touré's pocket with a spotless handkerchief folded for the next split lip. Both survived a Malian street post where tempers caused more trouble than weapons. Ibrahim can turn a shouting match down by speaking softly, though a distant target gives him fewer clues than an angry face. When panic spreads through a crowd, he looks for the person everyone else has overlooked.",,JAZZ_AME_03
890000000005124,You're through. I'm listening.,You're through. I'm listening.,,JAZZ_AME_03
890000000005125,I'm looking for work. What do you have?,I'm looking for work. What do you have?,,JAZZ_AME_03
890000000005126,All right. Speak soon.,All right. Speak soon.,,JAZZ_AME_03
890000000005130,Sani Abubakar,Sani Abubakar,,JAZZ_AME_04
890000000005131,Sani,Sani,,JAZZ_AME_04
890000000005132,SANI,SANI,,JAZZ_AME_04
890000000005133,"Before anyone issued him a uniform, Sani Abubakar was hauling cement and forcing warped doors into place at a Nigerian barracks. Loud voices unsettle him more than he admits, yet his broad hands seldom abandon a task halfway through. A red carpenter's pencil lives behind his ear, and he marks every repaired hinge with a tiny cross. He has much to learn about danger, but none about carrying another person's share.","Before anyone issued him a uniform, Sani Abubakar was hauling cement and forcing warped doors into place at a Nigerian barracks. Loud voices unsettle him more than he admits, yet his broad hands seldom abandon a task halfway through. A red carpenter's pencil lives behind his ear, and he marks every repaired hinge with a tiny cross. He has much to learn about danger, but none about carrying another person's share.",,JAZZ_AME_04
890000000005134,You're through. I'm listening.,You're through. I'm listening.,,JAZZ_AME_04
890000000005135,I'm looking for work. What do you have?,I'm looking for work. What do you have?,,JAZZ_AME_04
890000000005136,All right. Speak soon.,All right. Speak soon.,,JAZZ_AME_04
890000000005140,Pierre Ndongo,Pierre Ndongo,,JAZZ_AME_05
890000000005141,Pierre,Pierre,,JAZZ_AME_05
890000000005142,PIERRE,PIERRE,,JAZZ_AME_05
890000000005143,"Old bus tickets fill Pierre Ndongo's breast pocket, sorted by route in neat paper bundles. They accumulated while he watched the same Congolese road until faces, debts, and detours arranged themselves into a private map. Pierre is slow to volunteer an opinion and quick to notice when a familiar traveller changes shoes. A weapon never felt as natural as remembering where people came from, so he listens before placing himself in danger.","Old bus tickets fill Pierre Ndongo's breast pocket, sorted by route in neat paper bundles. They accumulated while he watched the same Congolese road until faces, debts, and detours arranged themselves into a private map. Pierre is slow to volunteer an opinion and quick to notice when a familiar traveller changes shoes. A weapon never felt as natural as remembering where people came from, so he listens before placing himself in danger.",,JAZZ_AME_05
890000000005144,You're through. I'm listening.,You're through. I'm listening.,,JAZZ_AME_05
890000000005145,I'm looking for work. What do you have?,I'm looking for work. What do you have?,,JAZZ_AME_05
890000000005146,All right. Speak soon.,All right. Speak soon.,,JAZZ_AME_05
890000000005150,Moussa Diop,Moussa Diop,,JAZZ_AME_06
890000000005151,Moussa,Moussa,,JAZZ_AME_06
890000000005152,MOUSSA,MOUSSA,,JAZZ_AME_06
890000000005153,"The Winchester inherited from his grandfather is Moussa Diop's sole indulgence, polished nightly with linen worn almost transparent. Before paved roads drew younger hunters away, Senegalese game trails provided his living. Strangers find Moussa distant, but the bush brings a loose, unhurried grace to his step. He counts cartridges before leaving camp and regards a wasted shot as a failure of patience, not equipment.","The Winchester inherited from his grandfather is Moussa Diop's sole indulgence, polished nightly with linen worn almost transparent. Before paved roads drew younger hunters away, Senegalese game trails provided his living. Strangers find Moussa distant, but the bush brings a loose, unhurried grace to his step. He counts cartridges before leaving camp and regards a wasted shot as a failure of patience, not equipment.",,JAZZ_AME_06
890000000005154,You're through. I'm listening.,You're through. I'm listening.,,JAZZ_AME_06
890000000005155,I'm looking for work. What do you have?,I'm looking for work. What do you have?,,JAZZ_AME_06
890000000005156,All right. Speak soon.,All right. Speak soon.,,JAZZ_AME_06
890000000005160,Abel Getachew,Abel Getachew,,JAZZ_AME_07
890000000005161,Abel,Abel,,JAZZ_AME_07
890000000005162,ABEL,ABEL,,JAZZ_AME_07
890000000005163,"Every dawn Abel Getachew relaces his boots exactly as a sergeant once taught him, preserving a small ritual of unfinished service. He left an Ethiopian training ground before the drills could sand down his doubts. A demonstration stays with Abel after a single viewing, then eagerness spoils the result. His hands have not found a calm rhythm under pressure, but embarrassment only sends him back to practise.","Every dawn Abel Getachew relaces his boots exactly as a sergeant once taught him, preserving a small ritual of unfinished service. He left an Ethiopian training ground before the drills could sand down his doubts. A demonstration stays with Abel after a single viewing, then eagerness spoils the result. His hands have not found a calm rhythm under pressure, but embarrassment only sends him back to practise.",,JAZZ_AME_07
890000000005164,You're through. I'm listening.,You're through. I'm listening.,,JAZZ_AME_07
890000000005165,I'm looking for work. What do you have?,I'm looking for work. What do you have?,,JAZZ_AME_07
890000000005166,All right. Speak soon.,All right. Speak soon.,,JAZZ_AME_07
890000000005170,Thabo Molefe,Thabo Molefe,,JAZZ_AME_08
890000000005171,Thabo,Thabo,,JAZZ_AME_08
890000000005172,THABO,THABO,,JAZZ_AME_08
890000000005173,"Thabo Molefe guarded South African farmyards, sleeping among feed sacks with a double-barrelled gun within reach. He is deliberate rather than quick, a broad presence that makes a gate feel narrower. A chipped green enamel mug travels everywhere with him, because tea tastes wrong from tin. Nobody trusted Thabo with elaborate instructions, yet sudden noise never sends him running and a long night seldom draws a complaint.","Thabo Molefe guarded South African farmyards, sleeping among feed sacks with a double-barrelled gun within reach. He is deliberate rather than quick, a broad presence that makes a gate feel narrower. A chipped green enamel mug travels everywhere with him, because tea tastes wrong from tin. Nobody trusted Thabo with elaborate instructions, yet sudden noise never sends him running and a long night seldom draws a complaint.",,JAZZ_AME_08
890000000005174,You're through. I'm listening.,You're through. I'm listening.,,JAZZ_AME_08
890000000005175,I'm looking for work. What do you have?,I'm looking for work. What do you have?,,JAZZ_AME_08
890000000005176,All right. Speak soon.,All right. Speak soon.,,JAZZ_AME_08
890000000005180,Daniel Kiprop,Daniel Kiprop,,JAZZ_AME_09
890000000005181,Daniel,Daniel,,JAZZ_AME_09
890000000005182,DANIEL,DANIEL,,JAZZ_AME_09
890000000005183,"At first light Daniel Kiprop still presses two fingers to the ground, even when the only tracks belong to bicycles. A Kenyan ranger taught him to read the flicker of grass before other men heard a branch move. Bulky burdens tire Daniel, so he chooses cleaner routes through rough country. Fine rifles passed him by, but an early glimpse and a well-chosen position have often served him better.","At first light Daniel Kiprop still presses two fingers to the ground, even when the only tracks belong to bicycles. A Kenyan ranger taught him to read the flicker of grass before other men heard a branch move. Bulky burdens tire Daniel, so he chooses cleaner routes through rough country. Fine rifles passed him by, but an early glimpse and a well-chosen position have often served him better.",,JAZZ_AME_09
890000000005184,You're through. I'm listening.,You're through. I'm listening.,,JAZZ_AME_09
890000000005185,I'm looking for work. What do you have?,I'm looking for work. What do you have?,,JAZZ_AME_09
890000000005186,All right. Speak soon.,All right. Speak soon.,,JAZZ_AME_09
890000000005190,Emmanuel Kabongo,Emmanuel Kabongo,,JAZZ_AME_10
890000000005191,Emmanuel,Emmanuel,,JAZZ_AME_10
890000000005192,EMMANUEL,EMMANUEL,,JAZZ_AME_10
890000000005193,"When the main roads of Grand Chien became unsafe, Emmanuel Kabongo led couriers along creek beds and forgotten footpaths. He has no taste for speeches, though frightened companions naturally match his pace. A charcoal map, softened by sweat and repeated folding, stays tucked inside his shirt. Emmanuel handles a gun like a borrowed tool, but darkness has never made him forget which fork leads home.","When the main roads of Grand Chien became unsafe, Emmanuel Kabongo led couriers along creek beds and forgotten footpaths. He has no taste for speeches, though frightened companions naturally match his pace. A charcoal map, softened by sweat and repeated folding, stays tucked inside his shirt. Emmanuel handles a gun like a borrowed tool, but darkness has never made him forget which fork leads home.",,JAZZ_AME_10
890000000005194,You're through. I'm listening.,You're through. I'm listening.,,JAZZ_AME_10
890000000005195,I'm looking for work. What do you have?,I'm looking for work. What do you have?,,JAZZ_AME_10
890000000005196,All right. Speak soon.,All right. Speak soon.,,JAZZ_AME_10
890000000005200,Aisha Hassan,Aisha Hassan,,JAZZ_AME_11
890000000005201,Aisha,Aisha,,JAZZ_AME_11
890000000005202,AISHA,AISHA,,JAZZ_AME_11
890000000005203,"The brass token from Aisha Hassan's old dock locker hangs on a cord, its stamped edge polished by sleepless fingers. Years of crates slamming down beside her boots ended when she finally left the Kenyan port. Sharp sounds still catch Aisha's breath, and embarrassment can turn fright into a cutting reply. She is slight and unseasoned, but knows how to keep moving through cramped spaces when everyone is tired.","The brass token from Aisha Hassan's old dock locker hangs on a cord, its stamped edge polished by sleepless fingers. Years of crates slamming down beside her boots ended when she finally left the Kenyan port. Sharp sounds still catch Aisha's breath, and embarrassment can turn fright into a cutting reply. She is slight and unseasoned, but knows how to keep moving through cramped spaces when everyone is tired.",,JAZZ_AME_11
890000000005204,You're through. I'm listening.,You're through. I'm listening.,,JAZZ_AME_11
890000000005205,I'm looking for work. What do you have?,I'm looking for work. What do you have?,,JAZZ_AME_11
890000000005206,All right. Speak soon.,All right. Speak soon.,,JAZZ_AME_11
890000000005210,Amadou Keita,Amadou Keita,,JAZZ_AME_12
890000000005211,Amadou,Amadou,,JAZZ_AME_12
890000000005212,AMADOU,AMADOU,,JAZZ_AME_12
890000000005213,"Amadou Keita joined a village watch in Mali, where broken shutters and overturned carts usually mattered more than drills. A mine took a wagon apart in front of him, leaving a fear of disturbed soil that no teasing has cured. He tests each doubtful verge with a long walnut stick and explains exactly why. Amadou may choose the widest path around hidden danger, but once a threat is visible he meets it with plain, dependable effort.","Amadou Keita joined a village watch in Mali, where broken shutters and overturned carts usually mattered more than drills. A mine took a wagon apart in front of him, leaving a fear of disturbed soil that no teasing has cured. He tests each doubtful verge with a long walnut stick and explains exactly why. Amadou may choose the widest path around hidden danger, but once a threat is visible he meets it with plain, dependable effort.",,JAZZ_AME_12
890000000005214,You're through. I'm listening.,You're through. I'm listening.,,JAZZ_AME_12
890000000005215,I'm looking for work. What do you have?,I'm looking for work. What do you have?,,JAZZ_AME_12
890000000005216,All right. Speak soon.,All right. Speak soon.,,JAZZ_AME_12
890000000005220,Chidi Okonkwo,Chidi Okonkwo,,JAZZ_AME_13
890000000005221,Chidi,Chidi,,JAZZ_AME_13
890000000005222,CHIDI,CHIDI,,JAZZ_AME_13
890000000005223,"Tiny springs rattle in Chidi Okonkwo's matchbox, each sorted by feel and sound. The Nigerian army rejected him, so stubborn evidence crates behind a police station became his daily work. Latches made sense in a way marching never did, and a forgotten revolver eventually followed Chidi out. His fingers solve small mechanisms quickly, though a hard rush can leave him waiting for his pulse to settle.","Tiny springs rattle in Chidi Okonkwo's matchbox, each sorted by feel and sound. The Nigerian army rejected him, so stubborn evidence crates behind a police station became his daily work. Latches made sense in a way marching never did, and a forgotten revolver eventually followed Chidi out. His fingers solve small mechanisms quickly, though a hard rush can leave him waiting for his pulse to settle.",,JAZZ_AME_13
890000000005224,You're through. I'm listening.,You're through. I'm listening.,,JAZZ_AME_13
890000000005225,I'm looking for work. What do you have?,I'm looking for work. What do you have?,,JAZZ_AME_13
890000000005226,All right. Speak soon.,All right. Speak soon.,,JAZZ_AME_13
890000000005230,Lucien Mbarga,Lucien Mbarga,,JAZZ_AME_14
890000000005231,Lucien,Lucien,,JAZZ_AME_14
890000000005232,LUCIEN,LUCIEN,,JAZZ_AME_14
890000000005233,"An expired licence lies absurdly neat inside Lucien Mbarga's knife sheath after many wet seasons. It survived the day Grand Chien rangers confiscated his poaching gun and promised a cell next time. Lucien performs no regret for company, preferring to leave before questions grow specific. Empty-handed at distance, he falls back on the craft nobody managed to seize: moving without announcing himself.","An expired licence lies absurdly neat inside Lucien Mbarga's knife sheath after many wet seasons. It survived the day Grand Chien rangers confiscated his poaching gun and promised a cell next time. Lucien performs no regret for company, preferring to leave before questions grow specific. Empty-handed at distance, he falls back on the craft nobody managed to seize: moving without announcing himself.",,JAZZ_AME_14
890000000005234,You're through. I'm listening.,You're through. I'm listening.,,JAZZ_AME_14
890000000005235,I'm looking for work. What do you have?,I'm looking for work. What do you have?,,JAZZ_AME_14
890000000005236,All right. Speak soon.,All right. Speak soon.,,JAZZ_AME_14
890000000005240,Kofi Asante,Kofi Asante,,JAZZ_AME_15
890000000005241,Kofi,Kofi,,JAZZ_AME_15
890000000005242,KOFI,KOFI,,JAZZ_AME_15
890000000005243,"A blue nub of classroom chalk follows Kofi Asante wherever a blank board might accept a question. He educated himself from books abandoned beneath desks while guarding a Ghanaian school at night. Ideas come readily, while knots, catches, and unfamiliar tools can make Kofi's hands look borrowed. Being treated as useless stings him, but he learns from a mistake before repeating it himself.","A blue nub of classroom chalk follows Kofi Asante wherever a blank board might accept a question. He educated himself from books abandoned beneath desks while guarding a Ghanaian school at night. Ideas come readily, while knots, catches, and unfamiliar tools can make Kofi's hands look borrowed. Being treated as useless stings him, but he learns from a mistake before repeating it himself.",,JAZZ_AME_15
890000000005244,You're through. I'm listening.,You're through. I'm listening.,,JAZZ_AME_15
890000000005245,I'm looking for work. What do you have?,I'm looking for work. What do you have?,,JAZZ_AME_15
890000000005246,All right. Speak soon.,All right. Speak soon.,,JAZZ_AME_15
890000000005250,João Domingos,João Domingos,,JAZZ_AME_16
890000000005251,João,João,,JAZZ_AME_16
890000000005252,JOÃO,JOÃO,,JAZZ_AME_16
890000000005253,"One mine-struck cart was enough to shape João Domingos's years in an Angolan local watch. Loose earth slows him at once, and he refuses to disguise caution as some grand tactical instinct. A smooth iron bolt recovered from the wreck rolls between his fingers whenever a road feels wrong. Hidden danger can hold João back, but a threat he can see receives the full weight of a stubborn, unsentimental man.","One mine-struck cart was enough to shape João Domingos's years in an Angolan local watch. Loose earth slows him at once, and he refuses to disguise caution as some grand tactical instinct. A smooth iron bolt recovered from the wreck rolls between his fingers whenever a road feels wrong. Hidden danger can hold João back, but a threat he can see receives the full weight of a stubborn, unsentimental man.",,JAZZ_AME_16
890000000005254,You're through. I'm listening.,You're through. I'm listening.,,JAZZ_AME_16
890000000005255,I'm looking for work. What do you have?,I'm looking for work. What do you have?,,JAZZ_AME_16
890000000005256,All right. Speak soon.,All right. Speak soon.,,JAZZ_AME_16
890000000005260,Wanjiku Mwangi,Wanjiku Mwangi,,JAZZ_AME_17
890000000005261,Wanjiku,Wanjiku,,JAZZ_AME_17
890000000005262,WANJIKU,WANJIKU,,JAZZ_AME_17
890000000005263,"Blue threads tied to low branches tell Wanjiku Mwangi what the wind changed while she was away. A Kenyan ranger taught her fieldcraft through water runs, tracks, and long hours at the silent edge of a clearing. She is light on rough ground and sparing with conversation around boastful strangers. Heavy burdens expose her slight frame, yet Wanjiku holds a watch long after louder people grow restless.","Blue threads tied to low branches tell Wanjiku Mwangi what the wind changed while she was away. A Kenyan ranger taught her fieldcraft through water runs, tracks, and long hours at the silent edge of a clearing. She is light on rough ground and sparing with conversation around boastful strangers. Heavy burdens expose her slight frame, yet Wanjiku holds a watch long after louder people grow restless.",,JAZZ_AME_17
890000000005264,You're through. I'm listening.,You're through. I'm listening.,,JAZZ_AME_17
890000000005265,I'm looking for work. What do you have?,I'm looking for work. What do you have?,,JAZZ_AME_17
890000000005266,All right. Speak soon.,All right. Speak soon.,,JAZZ_AME_17
890000000005270,Serge Kouassi,Serge Kouassi,,JAZZ_AME_18
890000000005271,Serge,Serge,,JAZZ_AME_18
890000000005272,SERGE,SERGE,,JAZZ_AME_18
890000000005273,"Questions rather than repair figures fill the grease-stained shop notebook in Serge Kouassi's pocket. He grew up above his father's Grand Chien garage, surrounded by tools he never learned to love. Practical work makes Serge's hands fumble, while contradictions in a story catch him immediately. He believes thought can open doors that muscle cannot and sometimes forgets that a good idea still needs someone to turn the handle.","Questions rather than repair figures fill the grease-stained shop notebook in Serge Kouassi's pocket. He grew up above his father's Grand Chien garage, surrounded by tools he never learned to love. Practical work makes Serge's hands fumble, while contradictions in a story catch him immediately. He believes thought can open doors that muscle cannot and sometimes forgets that a good idea still needs someone to turn the handle.",,JAZZ_AME_18
890000000005274,You're through. I'm listening.,You're through. I'm listening.,,JAZZ_AME_18
890000000005275,I'm looking for work. What do you have?,I'm looking for work. What do you have?,,JAZZ_AME_18
890000000005276,All right. Speak soon.,All right. Speak soon.,,JAZZ_AME_18
890000000005280,Bongani Dlamini,Bongani Dlamini,,JAZZ_AME_19
890000000005281,Bongani,Bongani,,JAZZ_AME_19
890000000005282,BONGANI,BONGANI,,JAZZ_AME_19
890000000005283,"A dented tin lunch box has survived every fall Bongani Dlamini declines to discuss. It accompanied years of guarding a South African mining compound, carrying sacks by day and stealing sleep between alarms. Bongani rises slowly, speaks rarely, and sees no virtue in hurrying merely to impress someone. He will never be first around a corner, but once his bulk settles into a doorway, moving him becomes everybody else's problem.","A dented tin lunch box has survived every fall Bongani Dlamini declines to discuss. It accompanied years of guarding a South African mining compound, carrying sacks by day and stealing sleep between alarms. Bongani rises slowly, speaks rarely, and sees no virtue in hurrying merely to impress someone. He will never be first around a corner, but once his bulk settles into a doorway, moving him becomes everybody else's problem.",,JAZZ_AME_19
890000000005284,You're through. I'm listening.,You're through. I'm listening.,,JAZZ_AME_19
890000000005285,I'm looking for work. What do you have?,I'm looking for work. What do you have?,,JAZZ_AME_19
890000000005286,All right. Speak soon.,All right. Speak soon.,,JAZZ_AME_19
890000000005290,Idrissa Bah,Idrissa Bah,,JAZZ_AME_20
890000000005291,Idrissa,Idrissa,,JAZZ_AME_20
890000000005292,IDRISSA,IDRISSA,,JAZZ_AME_20
890000000005293,"White gloves dry over the back of Idrissa Bah's only chair every Sunday. They once conducted Senegalese traffic with more success than he ever found on a firing line. Confusion unsettles Idrissa until he can give it lanes, turns, and a place to stop. He is no hero of sudden violence, but a crowd often borrows its first calm moment from his precise gestures.","White gloves dry over the back of Idrissa Bah's only chair every Sunday. They once conducted Senegalese traffic with more success than he ever found on a firing line. Confusion unsettles Idrissa until he can give it lanes, turns, and a place to stop. He is no hero of sudden violence, but a crowd often borrows its first calm moment from his precise gestures.",,JAZZ_AME_20
890000000005294,You're through. I'm listening.,You're through. I'm listening.,,JAZZ_AME_20
890000000005295,I'm looking for work. What do you have?,I'm looking for work. What do you have?,,JAZZ_AME_20
890000000005296,All right. Speak soon.,All right. Speak soon.,,JAZZ_AME_20
890000000005300,Omar Diallo,Omar Diallo,,JAZZ_AME_21
890000000005301,Omar,Omar,,JAZZ_AME_21
890000000005302,OMAR,OMAR,,JAZZ_AME_21
890000000005303,"Pencil marks cover the inside of Omar Diallo's cartridge box, accounting for rounds that did not return. He deserted a Senegalese unit after an order treated lives as replaceable supplies. Omar keeps his distance from uniforms now and speaks only after watching a room settle. The path forward can make him hesitate, but once the rifle reaches his shoulder he wastes neither motion nor breath.","Pencil marks cover the inside of Omar Diallo's cartridge box, accounting for rounds that did not return. He deserted a Senegalese unit after an order treated lives as replaceable supplies. Omar keeps his distance from uniforms now and speaks only after watching a room settle. The path forward can make him hesitate, but once the rifle reaches his shoulder he wastes neither motion nor breath.",,JAZZ_AME_21
890000000005304,On the line.,On the line.,,JAZZ_AME_21
890000000005305,I'm listening. Tell me about the job.,I'm listening. Tell me about the job.,,JAZZ_AME_21
890000000005306,Understood. I'll be here.,Understood. I'll be here.,,JAZZ_AME_21
890000000005310,Bastien Lafontaine,Bastien Lafontaine,,JAZZ_AME_22
890000000005311,Bastien,Bastien,,JAZZ_AME_22
890000000005312,BASTIEN,BASTIEN,,JAZZ_AME_22
890000000005313,"Bastien Lafontaine learned his trade with a Grand Chien militia, covering alleys where walls seemed to close in during trouble. Cheap tobacco stains his fingers, but he saves the cigarette until everything has gone quiet. A rolling paper stays folded inside the oil rag he uses on his rifle, a private promise of rest. Bastien is not imaginative under changing orders, yet in a confined street his steady bursts arrive exactly where companions expect them.","Bastien Lafontaine learned his trade with a Grand Chien militia, covering alleys where walls seemed to close in during trouble. Cheap tobacco stains his fingers, but he saves the cigarette until everything has gone quiet. A rolling paper stays folded inside the oil rag he uses on his rifle, a private promise of rest. Bastien is not imaginative under changing orders, yet in a confined street his steady bursts arrive exactly where companions expect them.",,JAZZ_AME_22
890000000005314,On the line.,On the line.,,JAZZ_AME_22
890000000005315,I'm listening. Tell me about the job.,I'm listening. Tell me about the job.,,JAZZ_AME_22
890000000005316,Understood. I'll be here.,Understood. I'll be here.,,JAZZ_AME_22
890000000005320,"Chukwuemeka ""Emeka"" Obi","Chukwuemeka ""Emeka"" Obi",,JAZZ_AME_23
890000000005321,Emeka,Emeka,,JAZZ_AME_23
890000000005322,EMEKA,EMEKA,,JAZZ_AME_23
890000000005323,"Tea comes from Chukwuemeka “Emeka” Obi's shrapnel-dented tin cup, which nobody is allowed to repair. The dent outlived a Nigerian checkpoint erased after months behind its machine gun. Built for weight rather than delicacy, Emeka laughs first when a careful shot goes astray. He may not pick one point from the landscape elegantly, but knows how to make an entire stretch of ground feel unwelcoming.","Tea comes from Chukwuemeka “Emeka” Obi's shrapnel-dented tin cup, which nobody is allowed to repair. The dent outlived a Nigerian checkpoint erased after months behind its machine gun. Built for weight rather than delicacy, Emeka laughs first when a careful shot goes astray. He may not pick one point from the landscape elegantly, but knows how to make an entire stretch of ground feel unwelcoming.",,JAZZ_AME_23
890000000005324,On the line.,On the line.,,JAZZ_AME_23
890000000005325,I'm listening. Tell me about the job.,I'm listening. Tell me about the job.,,JAZZ_AME_23
890000000005326,Understood. I'll be here.,Understood. I'll be here.,,JAZZ_AME_23
890000000005330,Michel Kabeya,Michel Kabeya,,JAZZ_AME_24
890000000005331,Michel,Michel,,JAZZ_AME_24
890000000005332,MICHEL,MICHEL,,JAZZ_AME_24
890000000005333,"Michel Kabeya once unloaded riverboats in Congo, betting his lunch on whether a dented can would land inside a distant crate. The game eventually became a practical occupation involving objects no one wanted thrown back. He is loud over drinks and utterly silent before a toss, rubbing a copper pull ring threaded onto his belt. Michel trusts his arm, but never lingers to admire the place where its delivery comes down.","Michel Kabeya once unloaded riverboats in Congo, betting his lunch on whether a dented can would land inside a distant crate. The game eventually became a practical occupation involving objects no one wanted thrown back. He is loud over drinks and utterly silent before a toss, rubbing a copper pull ring threaded onto his belt. Michel trusts his arm, but never lingers to admire the place where its delivery comes down.",,JAZZ_AME_24
890000000005334,On the line.,On the line.,,JAZZ_AME_24
890000000005335,I'm listening. Tell me about the job.,I'm listening. Tell me about the job.,,JAZZ_AME_24
890000000005336,Understood. I'll be here.,Understood. I'll be here.,,JAZZ_AME_24
890000000005340,Juma Otieno,Juma Otieno,,JAZZ_AME_25
890000000005341,Juma,Juma,,JAZZ_AME_25
890000000005342,JUMA,JUMA,,JAZZ_AME_25
890000000005343,"A faded checked scarf covers Juma Otieno's mouth on the road, still faintly scented with his sister's soap. It crossed a Kenyan border where dust announced company before an engine arrived. Juma learned to relocate before a position became a trap and has little patience for theatrical last stands. Weight tires him quickly, but open ground sharpens his attention and seems to quicken every choice.","A faded checked scarf covers Juma Otieno's mouth on the road, still faintly scented with his sister's soap. It crossed a Kenyan border where dust announced company before an engine arrived. Juma learned to relocate before a position became a trap and has little patience for theatrical last stands. Weight tires him quickly, but open ground sharpens his attention and seems to quicken every choice.",,JAZZ_AME_25
890000000005344,On the line.,On the line.,,JAZZ_AME_25
890000000005345,I'm listening. Tell me about the job.,I'm listening. Tell me about the job.,,JAZZ_AME_25
890000000005346,Understood. I'll be here.,Understood. I'll be here.,,JAZZ_AME_25
890000000005350,Andile Nkosi,Andile Nkosi,,JAZZ_AME_26
890000000005351,Andile,Andile,,JAZZ_AME_26
890000000005352,ANDILE,ANDILE,,JAZZ_AME_26
890000000005353,"Blue electrical tape around Andile Nkosi's sling bears the plate number of the first truck he brought through untouched. South African convoy work taught him that careless fire could ruin cargo before an attacker reached it. Andile prefers routine, short instructions, and people who keep their hands to themselves. Sudden improvisation can leave him behind, but a revealed pattern brings disciplined restraint back to his weapon.","Blue electrical tape around Andile Nkosi's sling bears the plate number of the first truck he brought through untouched. South African convoy work taught him that careless fire could ruin cargo before an attacker reached it. Andile prefers routine, short instructions, and people who keep their hands to themselves. Sudden improvisation can leave him behind, but a revealed pattern brings disciplined restraint back to his weapon.",,JAZZ_AME_26
890000000005354,On the line.,On the line.,,JAZZ_AME_26
890000000005355,I'm listening. Tell me about the job.,I'm listening. Tell me about the job.,,JAZZ_AME_26
890000000005356,Understood. I'll be here.,Understood. I'll be here.,,JAZZ_AME_26
890000000005360,Sekou Camara,Sekou Camara,,JAZZ_AME_27
890000000005361,Sekou,Sekou,,JAZZ_AME_27
890000000005362,SEKOU,SEKOU,,JAZZ_AME_27
890000000005363,"A cracked compass needs one sharp tap from Sekou Camara before its needle remembers north. He carried it while patrolling the Malian desert, where an upright man against a pale horizon becomes everyone's landmark. Restlessness serves Sekou in open country and irritates patient companions. He lacks reach for distant contests, but crosses exposed ground fast enough to give slower people room to breathe.","A cracked compass needs one sharp tap from Sekou Camara before its needle remembers north. He carried it while patrolling the Malian desert, where an upright man against a pale horizon becomes everyone's landmark. Restlessness serves Sekou in open country and irritates patient companions. He lacks reach for distant contests, but crosses exposed ground fast enough to give slower people room to breathe.",,JAZZ_AME_27
890000000005364,On the line.,On the line.,,JAZZ_AME_27
890000000005365,I'm listening. Tell me about the job.,I'm listening. Tell me about the job.,,JAZZ_AME_27
890000000005366,Understood. I'll be here.,Understood. I'll be here.,,JAZZ_AME_27
890000000005370,Pascal Ngoma,Pascal Ngoma,,JAZZ_AME_28
890000000005371,Pascal,Pascal,,JAZZ_AME_28
890000000005372,PASCAL,PASCAL,,JAZZ_AME_28
890000000005373,"A ridiculous folding stool appears beneath Pascal Ngoma whenever waiting stretches past an hour. Grand Chien gun posts taught him to regard running as evidence of poor planning. Pascal is stubborn, durable, and happiest when a patch of ground becomes clearly his responsibility. New directions reach him slowly, but incoming noise rarely persuades him to leave the old one.","A ridiculous folding stool appears beneath Pascal Ngoma whenever waiting stretches past an hour. Grand Chien gun posts taught him to regard running as evidence of poor planning. Pascal is stubborn, durable, and happiest when a patch of ground becomes clearly his responsibility. New directions reach him slowly, but incoming noise rarely persuades him to leave the old one.",,JAZZ_AME_28
890000000005374,On the line.,On the line.,,JAZZ_AME_28
890000000005375,I'm listening. Tell me about the job.,I'm listening. Tell me about the job.,,JAZZ_AME_28
890000000005376,Understood. I'll be here.,Understood. I'll be here.,,JAZZ_AME_28
890000000005380,Kwesi Boateng,Kwesi Boateng,,JAZZ_AME_29
890000000005381,Kwesi,Kwesi,,JAZZ_AME_29
890000000005382,KWESI,KWESI,,JAZZ_AME_29
890000000005383,"Bottle caps fill Kwesi Boateng's old tobacco tin, shaken before work to hear whether his hand is steady. The habit began behind a Ghanaian warehouse, where he aimed empty bottles at a chalk circle after every shift. Heavier objects with shorter fuses eventually replaced the glass. Kwesi commits quickly but dislikes the seconds after impact, when the echo seems to search for whoever caused it.","Bottle caps fill Kwesi Boateng's old tobacco tin, shaken before work to hear whether his hand is steady. The habit began behind a Ghanaian warehouse, where he aimed empty bottles at a chalk circle after every shift. Heavier objects with shorter fuses eventually replaced the glass. Kwesi commits quickly but dislikes the seconds after impact, when the echo seems to search for whoever caused it.",,JAZZ_AME_29
890000000005384,On the line.,On the line.,,JAZZ_AME_29
890000000005385,I'm listening. Tell me about the job.,I'm listening. Tell me about the job.,,JAZZ_AME_29
890000000005386,Understood. I'll be here.,Understood. I'll be here.,,JAZZ_AME_29
890000000005390,Tesfaye Alemu,Tesfaye Alemu,,JAZZ_AME_30
890000000005391,Tesfaye,Tesfaye,,JAZZ_AME_30
890000000005392,TESFAYE,TESFAYE,,JAZZ_AME_30
890000000005393,"A smooth grey stone from his Ethiopian home valley rests in Tesfaye Alemu's palm, then disappears before the shot. There he learned that a hurried breath could carry farther than a footstep. Better rifles always belonged to somebody else, a fact Tesfaye accepts without bitterness. He is not made for prolonged punishment, but patience often lets him finish before endurance becomes the question.","A smooth grey stone from his Ethiopian home valley rests in Tesfaye Alemu's palm, then disappears before the shot. There he learned that a hurried breath could carry farther than a footstep. Better rifles always belonged to somebody else, a fact Tesfaye accepts without bitterness. He is not made for prolonged punishment, but patience often lets him finish before endurance becomes the question.",,JAZZ_AME_30
890000000005394,On the line.,On the line.,,JAZZ_AME_30
890000000005395,I'm listening. Tell me about the job.,I'm listening. Tell me about the job.,,JAZZ_AME_30
890000000005396,Understood. I'll be here.,Understood. I'll be here.,,JAZZ_AME_30
890000000005400,Rafael dos Santos,Rafael dos Santos,,JAZZ_AME_31
890000000005401,Rafael,Rafael,,JAZZ_AME_31
890000000005402,RAFAEL,RAFAEL,,JAZZ_AME_31
890000000005403,"A spare bootlace circles Rafael dos Santos's wrist, recalling the day a broken boot delayed an entire column. Angolan road crews rarely saw him understand a new drill before anyone else. Rather than pretend, Rafael repeated the motion until it belonged to him. Sudden changes make him rigid, but fatigue and dust do little to loosen a promise he has already made.","A spare bootlace circles Rafael dos Santos's wrist, recalling the day a broken boot delayed an entire column. Angolan road crews rarely saw him understand a new drill before anyone else. Rather than pretend, Rafael repeated the motion until it belonged to him. Sudden changes make him rigid, but fatigue and dust do little to loosen a promise he has already made.",,JAZZ_AME_31
890000000005404,On the line.,On the line.,,JAZZ_AME_31
890000000005405,I'm listening. Tell me about the job.,I'm listening. Tell me about the job.,,JAZZ_AME_31
890000000005406,Understood. I'll be here.,Understood. I'll be here.,,JAZZ_AME_31
890000000005410,Awa Sow,Awa Sow,,JAZZ_AME_32
890000000005411,Awa,Awa,,JAZZ_AME_32
890000000005412,AWA,AWA,,JAZZ_AME_32
890000000005413,"The bent key to Awa Sow's vanished dockside job taps against her thigh whenever someone explains her own work to her. Its Senegalese storehouse had passages too narrow for grand gestures. Awa learned to slip around trouble quickly without enjoying the sound of its arrival. Sustained noise wears at her composure, but close walls give that speed somewhere useful to go.","The bent key to Awa Sow's vanished dockside job taps against her thigh whenever someone explains her own work to her. Its Senegalese storehouse had passages too narrow for grand gestures. Awa learned to slip around trouble quickly without enjoying the sound of its arrival. Sustained noise wears at her composure, but close walls give that speed somewhere useful to go.",,JAZZ_AME_32
890000000005414,On the line.,On the line.,,JAZZ_AME_32
890000000005415,I'm listening. Tell me about the job.,I'm listening. Tell me about the job.,,JAZZ_AME_32
890000000005416,Understood. I'll be here.,Understood. I'll be here.,,JAZZ_AME_32
890000000005420,Claude Mvemba,Claude Mvemba,,JAZZ_AME_33
890000000005421,Claude,Claude,,JAZZ_AME_33
890000000005422,CLAUDE,CLAUDE,,JAZZ_AME_33
890000000005423,"A crushed silver-coloured cigarette case still shuts for Claude Mvemba with a satisfying click, though opening it needs a thumbnail. Grand Chien plantation work taught him to let most trouble come closer to the shotgun. Conversation bores Claude; cigarettes do not. Distant contests hold little appeal, but among sheds, fences, and cane he judges space with the ease of long habit.","A crushed silver-coloured cigarette case still shuts for Claude Mvemba with a satisfying click, though opening it needs a thumbnail. Grand Chien plantation work taught him to let most trouble come closer to the shotgun. Conversation bores Claude; cigarettes do not. Distant contests hold little appeal, but among sheds, fences, and cane he judges space with the ease of long habit.",,JAZZ_AME_33
890000000005424,On the line.,On the line.,,JAZZ_AME_33
890000000005425,I'm listening. Tell me about the job.,I'm listening. Tell me about the job.,,JAZZ_AME_33
890000000005426,Understood. I'll be here.,Understood. I'll be here.,,JAZZ_AME_33
890000000005430,Emeka Nwosu,Emeka Nwosu,,JAZZ_AME_34
890000000005431,Emeka,Emeka,,JAZZ_AME_34
890000000005432,EMEKA,EMEKA,,JAZZ_AME_34
890000000005433,"An empty ammunition box serves as Emeka Nwosu's chair and carries the label, “Do not relocate with owner.” Nigerian quay work first revealed that he could carry a machine gun farther than anyone else. Finesse never followed, but good humour did whenever the joke concerns his immovable size. Emeka struggles with delicate choices at distance, yet weight, recoil, and stubborn ground suit him perfectly.","An empty ammunition box serves as Emeka Nwosu's chair and carries the label, “Do not relocate with owner.” Nigerian quay work first revealed that he could carry a machine gun farther than anyone else. Finesse never followed, but good humour did whenever the joke concerns his immovable size. Emeka struggles with delicate choices at distance, yet weight, recoil, and stubborn ground suit him perfectly.",,JAZZ_AME_34
890000000005434,On the line.,On the line.,,JAZZ_AME_34
890000000005435,I'm listening. Tell me about the job.,I'm listening. Tell me about the job.,,JAZZ_AME_34
890000000005436,Understood. I'll be here.,Understood. I'll be here.,,JAZZ_AME_34
890000000005440,Samuel Cheruiyot,Samuel Cheruiyot,,JAZZ_AME_35
890000000005441,Samuel,Samuel,,JAZZ_AME_35
890000000005442,SAMUEL,SAMUEL,,JAZZ_AME_35
890000000005443,"A polished horn button from Samuel Cheruiyot's first hunting coat is sewn into his rifle sling. Kenyan trails taught him long before regulations or military vocabulary arrived. Outdoors Samuel is quick and watchful, taking the extra breath that impatient shooters resent. Barracks make him restless and sharp-tongued, but a horizon seems to reveal movement before everyone else has decided where to look.","A polished horn button from Samuel Cheruiyot's first hunting coat is sewn into his rifle sling. Kenyan trails taught him long before regulations or military vocabulary arrived. Outdoors Samuel is quick and watchful, taking the extra breath that impatient shooters resent. Barracks make him restless and sharp-tongued, but a horizon seems to reveal movement before everyone else has decided where to look.",,JAZZ_AME_35
890000000005444,On the line.,On the line.,,JAZZ_AME_35
890000000005445,I'm listening. Tell me about the job.,I'm listening. Tell me about the job.,,JAZZ_AME_35
890000000005446,Understood. I'll be here.,Understood. I'll be here.,,JAZZ_AME_35
890000000005450,Mamadou Traoré,Mamadou Traoré,,JAZZ_AME_36
890000000005451,Mamadou,Mamadou,,JAZZ_AME_36
890000000005452,MAMADOU,MAMADOU,,JAZZ_AME_36
890000000005453,"A mismatched screwdriver wrapped in red cloth shares Mamadou Traoré's pocket with a wire cutter. He began tending other men's weapons during quiet hours on a Malian road patrol. No gifted engineer, Mamadou simply remembers which small part caused trouble last time. Machinery yields to repetition rather than insight for him, but uncomplicated faults tend to stay fixed once his careful hands have visited.","A mismatched screwdriver wrapped in red cloth shares Mamadou Traoré's pocket with a wire cutter. He began tending other men's weapons during quiet hours on a Malian road patrol. No gifted engineer, Mamadou simply remembers which small part caused trouble last time. Machinery yields to repetition rather than insight for him, but uncomplicated faults tend to stay fixed once his careful hands have visited.",,JAZZ_AME_36
890000000005454,On the line.,On the line.,,JAZZ_AME_36
890000000005455,I'm listening. Tell me about the job.,I'm listening. Tell me about the job.,,JAZZ_AME_36
890000000005456,Understood. I'll be here.,Understood. I'll be here.,,JAZZ_AME_36
890000000005460,Felix Tshisekedi,Felix Tshisekedi,,JAZZ_AME_37
890000000005461,Felix,Felix,,JAZZ_AME_37
890000000005462,FELIX,FELIX,,JAZZ_AME_37
890000000005463,"A sliver of soap rides in Felix Tshisekedi's tin lid to scrub the iron smell from his hands. Congolese checkpoint shifts taught him to inherit empty canteens and unfinished chores without complaint. Felix tied the bandage, watched the road, and requested explanations later. He offers no remarkable flourish, but difficult days improve simply because he does not become another problem to solve.","A sliver of soap rides in Felix Tshisekedi's tin lid to scrub the iron smell from his hands. Congolese checkpoint shifts taught him to inherit empty canteens and unfinished chores without complaint. Felix tied the bandage, watched the road, and requested explanations later. He offers no remarkable flourish, but difficult days improve simply because he does not become another problem to solve.",,JAZZ_AME_37
890000000005464,On the line.,On the line.,,JAZZ_AME_37
890000000005465,I'm listening. Tell me about the job.,I'm listening. Tell me about the job.,,JAZZ_AME_37
890000000005466,Understood. I'll be here.,Understood. I'll be here.,,JAZZ_AME_37
890000000005470,Noah van Wyk,Noah van Wyk,,JAZZ_AME_38
890000000005471,Noah,Noah,,JAZZ_AME_38
890000000005472,NOAH,NOAH,,JAZZ_AME_38
890000000005473,"A pocket ledger mixes Noah van Wyk's planting dates with promises made to people, every fulfilled one neatly crossed through. South African neighbours once brought him quarrels about water, fences, and wandering cattle. Noah speaks without hurry, leaving silence to push where louder men would shout. He is capable rather than dazzling with a rifle, but tired companions often recover their sense when his plain voice gives the next step.","A pocket ledger mixes Noah van Wyk's planting dates with promises made to people, every fulfilled one neatly crossed through. South African neighbours once brought him quarrels about water, fences, and wandering cattle. Noah speaks without hurry, leaving silence to push where louder men would shout. He is capable rather than dazzling with a rifle, but tired companions often recover their sense when his plain voice gives the next step.",,JAZZ_AME_38
890000000005474,On the line.,On the line.,,JAZZ_AME_38
890000000005475,I'm listening. Tell me about the job.,I'm listening. Tell me about the job.,,JAZZ_AME_38
890000000005476,Understood. I'll be here.,Understood. I'll be here.,,JAZZ_AME_38
890000000005480,"Joseph ""Hyena"" Mukendi","Joseph ""Hyena"" Mukendi",,JAZZ_AME_39
890000000005481,Hyena,Hyena,,JAZZ_AME_39
890000000005482,HYENA,HYENA,,JAZZ_AME_39
890000000005483,"A dented pocket mirror lets Joseph “Hyena” Mukendi inspect a doorway without offering it his head. Grand Chien survivors remembered his ambush laugh before they remembered the face. Joseph fights with quick, practical cruelty and considers elegance a luxury for safer rooms. Nerve carries him through ugly moments, though his appetite for nearness can place him where a wiser man would never go.","A dented pocket mirror lets Joseph “Hyena” Mukendi inspect a doorway without offering it his head. Grand Chien survivors remembered his ambush laugh before they remembered the face. Joseph fights with quick, practical cruelty and considers elegance a luxury for safer rooms. Nerve carries him through ugly moments, though his appetite for nearness can place him where a wiser man would never go.",,JAZZ_AME_39
890000000005484,I'm here. Talk.,I'm here. Talk.,,JAZZ_AME_39
890000000005485,"If there's work, I'm listening.","If there's work, I'm listening.",,JAZZ_AME_39
890000000005486,Send the terms.,Send the terms.,,JAZZ_AME_39
890000000005490,Abraham Tekle,Abraham Tekle,,JAZZ_AME_40
890000000005491,Abraham,Abraham,,JAZZ_AME_40
890000000005492,ABRAHAM,ABRAHAM,,JAZZ_AME_40
890000000005493,"A faded wool cap becomes Abraham Tekle's tiny pillow every night, a comfort kept from colder bivouacs. It followed an Ethiopian mountain campaign that ended with more men walking home than marching. Defeat made Abraham quieter rather than bitter, and he waits for a clear sight instead of demanding one. He looks worn, but hardship has left both frame and attention surprisingly difficult to shake.","A faded wool cap becomes Abraham Tekle's tiny pillow every night, a comfort kept from colder bivouacs. It followed an Ethiopian mountain campaign that ended with more men walking home than marching. Defeat made Abraham quieter rather than bitter, and he waits for a clear sight instead of demanding one. He looks worn, but hardship has left both frame and attention surprisingly difficult to shake.",,JAZZ_AME_40
890000000005494,I'm here. Talk.,I'm here. Talk.,,JAZZ_AME_40
890000000005495,"If there's work, I'm listening.","If there's work, I'm listening.",,JAZZ_AME_40
890000000005496,Send the terms.,Send the terms.,,JAZZ_AME_40
890000000005500,"Sipho ""Anvil"" Khumalo","Sipho ""Anvil"" Khumalo",,JAZZ_AME_41
890000000005501,Anvil,Anvil,,JAZZ_AME_41
890000000005502,ANVIL,ANVIL,,JAZZ_AME_41
890000000005503,"His mother's tiny brass thimble glints absurdly between Sipho “Anvil” Khumalo's enormous fingers while he repairs webbing. A South African gun crew gave every oversized burden to his shoulders. Sipho thinks in straight lines, advances without grace, and claims no gift for a fine shot. He adapts slowly, but once the heavy barrel settles, neither recoil nor argument moves him easily.","His mother's tiny brass thimble glints absurdly between Sipho “Anvil” Khumalo's enormous fingers while he repairs webbing. A South African gun crew gave every oversized burden to his shoulders. Sipho thinks in straight lines, advances without grace, and claims no gift for a fine shot. He adapts slowly, but once the heavy barrel settles, neither recoil nor argument moves him easily.",,JAZZ_AME_41
890000000005504,I'm here. Talk.,I'm here. Talk.,,JAZZ_AME_41
890000000005505,"If there's work, I'm listening.","If there's work, I'm listening.",,JAZZ_AME_41
890000000005506,Send the terms.,Send the terms.,,JAZZ_AME_41
890000000005510,Boubacar Kane,Boubacar Kane,,JAZZ_AME_42
890000000005511,Boubacar,Boubacar,,JAZZ_AME_42
890000000005512,BOUBACAR,BOUBACAR,,JAZZ_AME_42
890000000005513,"Reserve service in Senegal taught Boubacar Kane that exhausted people remember reasons longer than shouted commands. He explains the purpose, checks the route himself, and lets silence replace ceremony. Orders go onto the clean inside of flattened cigarette packets, then the recipient must repeat them in ordinary words. Boubacar inspires trust gradually rather than dramatically, but confusion has a way of thinning out wherever his quiet routine takes hold.","Reserve service in Senegal taught Boubacar Kane that exhausted people remember reasons longer than shouted commands. He explains the purpose, checks the route himself, and lets silence replace ceremony. Orders go onto the clean inside of flattened cigarette packets, then the recipient must repeat them in ordinary words. Boubacar inspires trust gradually rather than dramatically, but confusion has a way of thinning out wherever his quiet routine takes hold.",,JAZZ_AME_42
890000000005514,I'm here. Talk.,I'm here. Talk.,,JAZZ_AME_42
890000000005515,"If there's work, I'm listening.","If there's work, I'm listening.",,JAZZ_AME_42
890000000005516,Send the terms.,Send the terms.,,JAZZ_AME_42
890000000005520,"Didier ""Smoke"" Mbemba","Didier ""Smoke"" Mbemba",,JAZZ_AME_43
890000000005521,Smoke,Smoke,,JAZZ_AME_43
890000000005522,SMOKE,SMOKE,,JAZZ_AME_43
890000000005523,"A scorched matchbox receives Didier “Smoke” Mbemba's fresh escape arrow before every job. The habit began in Congolese demolition work, where he repeatedly vanished behind dust of his own making. Sprinting is not among Didier's ambitions, so every loud solution starts with a chosen way out. He can be ponderous while others have options, but once silence is gone he becomes the calmest man in the noise.","A scorched matchbox receives Didier “Smoke” Mbemba's fresh escape arrow before every job. The habit began in Congolese demolition work, where he repeatedly vanished behind dust of his own making. Sprinting is not among Didier's ambitions, so every loud solution starts with a chosen way out. He can be ponderous while others have options, but once silence is gone he becomes the calmest man in the noise.",,JAZZ_AME_43
890000000005524,I'm here. Talk.,I'm here. Talk.,,JAZZ_AME_43
890000000005525,"If there's work, I'm listening.","If there's work, I'm listening.",,JAZZ_AME_43
890000000005526,Send the terms.,Send the terms.,,JAZZ_AME_43
890000000005530,Amina Yusuf,Amina Yusuf,,JAZZ_AME_44
890000000005531,Amina,Amina,,JAZZ_AME_44
890000000005532,AMINA,AMINA,,JAZZ_AME_44
890000000005533,"Spare bandages stay sealed in Amina Yusuf's waxed paper and are inspected whenever rain enters the seams. Nigerian service taught her that ammunition, sleep, and clean cloth all require conservation. Amina treats her rifle as a duty rather than a companion and keeps every burst brief. Her reserve feels severe across a table, but beside blood it becomes the steady distance needed to help.","Spare bandages stay sealed in Amina Yusuf's waxed paper and are inspected whenever rain enters the seams. Nigerian service taught her that ammunition, sleep, and clean cloth all require conservation. Amina treats her rifle as a duty rather than a companion and keeps every burst brief. Her reserve feels severe across a table, but beside blood it becomes the steady distance needed to help.",,JAZZ_AME_44
890000000005534,I'm here. Talk.,I'm here. Talk.,,JAZZ_AME_44
890000000005535,"If there's work, I'm listening.","If there's work, I'm listening.",,JAZZ_AME_44
890000000005536,Send the terms.,Send the terms.,,JAZZ_AME_44
890000000005540,Léopold Sassou,Léopold Sassou,,JAZZ_AME_45
890000000005541,Léopold,Léopold,,JAZZ_AME_45
890000000005542,LÉOPOLD,LÉOPOLD,,JAZZ_AME_45
890000000005543,"A fine cleaning brush and a corked drop of oil travel inside Sergeant Léopold Sassou's empty cigar tube. Grand Chien service meant rescuing rifles from dust, neglect, and owners who swore they had changed nothing. Solid and unsentimental, Léopold knows enough about simple faults to be dangerous to excuses. People rarely earn his smile, but a magazine seating cleanly can soften his entire face.","A fine cleaning brush and a corked drop of oil travel inside Sergeant Léopold Sassou's empty cigar tube. Grand Chien service meant rescuing rifles from dust, neglect, and owners who swore they had changed nothing. Solid and unsentimental, Léopold knows enough about simple faults to be dangerous to excuses. People rarely earn his smile, but a magazine seating cleanly can soften his entire face.",,JAZZ_AME_45
890000000005544,I'm here. Talk.,I'm here. Talk.,,JAZZ_AME_45
890000000005545,"If there's work, I'm listening.","If there's work, I'm listening.",,JAZZ_AME_45
890000000005546,Send the terms.,Send the terms.,,JAZZ_AME_45
890000000005550,Kofi Mensah,Kofi Mensah,,JAZZ_AME_46
890000000005551,Kofi,Kofi,,JAZZ_AME_46
890000000005552,KOFI,KOFI,,JAZZ_AME_46
890000000005553,"Coarse rope rides at Kofi Mensah's waist for repairing crate handles everyone else has abandoned. He went from a Ghanaian dock winch to guns that made ordinary men seek another pair of hands. Immensely built, Kofi changes direction slowly and never chases what can be pinned down. Subtle plans can outrun his understanding, but weight and recoil seem to arrive at his shoulders already tamed.","Coarse rope rides at Kofi Mensah's waist for repairing crate handles everyone else has abandoned. He went from a Ghanaian dock winch to guns that made ordinary men seek another pair of hands. Immensely built, Kofi changes direction slowly and never chases what can be pinned down. Subtle plans can outrun his understanding, but weight and recoil seem to arrive at his shoulders already tamed.",,JAZZ_AME_46
890000000005554,I'm here. Talk.,I'm here. Talk.,,JAZZ_AME_46
890000000005555,"If there's work, I'm listening.","If there's work, I'm listening.",,JAZZ_AME_46
890000000005556,Send the terms.,Send the terms.,,JAZZ_AME_46
890000000005560,"Hassan ""Scorpion"" Ibrahim","Hassan ""Scorpion"" Ibrahim",,JAZZ_AME_47
890000000005561,Scorpion,Scorpion,,JAZZ_AME_47
890000000005562,SCORPION,SCORPION,,JAZZ_AME_47
890000000005563,"Tiny scorpions with different expressions crowd Hassan “Scorpion” Ibrahim's matchbook margins. The nickname followed quick deliveries between Malian outposts once those arrivals began including explosive replies. Hassan moves lightly, throws with conviction, and keeps a sting ready for conversation. He understands timing better than caution and enjoys a well-placed blast enough to stand closer than sensible people prefer.","Tiny scorpions with different expressions crowd Hassan “Scorpion” Ibrahim's matchbook margins. The nickname followed quick deliveries between Malian outposts once those arrivals began including explosive replies. Hassan moves lightly, throws with conviction, and keeps a sting ready for conversation. He understands timing better than caution and enjoys a well-placed blast enough to stand closer than sensible people prefer.",,JAZZ_AME_47
890000000005564,I'm here. Talk.,I'm here. Talk.,,JAZZ_AME_47
890000000005565,"If there's work, I'm listening.","If there's work, I'm listening.",,JAZZ_AME_47
890000000005566,Send the terms.,Send the terms.,,JAZZ_AME_47
890000000005570,Patrick Omondi,Patrick Omondi,,JAZZ_AME_48
890000000005571,Patrick,Patrick,,JAZZ_AME_48
890000000005572,PATRICK,PATRICK,,JAZZ_AME_48
890000000005573,"Black cloth covers Patrick Omondi's luminous watch and rises only beneath a cupped hand. Years on Kenyan night posts made footsteps as distinct to him as daytime faces. Patrick speaks softly after sunset, drawing tired people closer instead of competing with the dark. In daylight he is merely composed and competent; at night, patience and quiet authority seem to arrive at the same point.","Black cloth covers Patrick Omondi's luminous watch and rises only beneath a cupped hand. Years on Kenyan night posts made footsteps as distinct to him as daytime faces. Patrick speaks softly after sunset, drawing tired people closer instead of competing with the dark. In daylight he is merely composed and competent; at night, patience and quiet authority seem to arrive at the same point.",,JAZZ_AME_48
890000000005574,I'm here. Talk.,I'm here. Talk.,,JAZZ_AME_48
890000000005575,"If there's work, I'm listening.","If there's work, I'm listening.",,JAZZ_AME_48
890000000005576,Send the terms.,Send the terms.,,JAZZ_AME_48
890000000005580,Dr. Fatoumata Sy,Dr. Fatoumata Sy,,JAZZ_AME_49
890000000005581,Fatoumata,Fatoumata,,JAZZ_AME_49
890000000005582,FATOUMATA,FATOUMATA,,JAZZ_AME_49
890000000005583,"A red fountain pen marks Fatoumata Sy's casualty notes and remains the one possession she refuses to lend. Senegalese field surgery taught her that clean water can feel more precious than ammunition. Fatoumata lowers her voice when a ward grows frantic, forcing everyone nearby to listen instead of shout. A pistol brings visible reluctance, but an uncovered wound replaces hesitation with exact, unsparing purpose.","A red fountain pen marks Fatoumata Sy's casualty notes and remains the one possession she refuses to lend. Senegalese field surgery taught her that clean water can feel more precious than ammunition. Fatoumata lowers her voice when a ward grows frantic, forcing everyone nearby to listen instead of shout. A pistol brings visible reluctance, but an uncovered wound replaces hesitation with exact, unsparing purpose.",,JAZZ_AME_49
890000000005584,I'm available. We can discuss a contract.,I'm available. We can discuss a contract.,,JAZZ_AME_49
890000000005585,Go ahead. Tell me what the job needs.,Go ahead. Tell me what the job needs.,,JAZZ_AME_49
890000000005586,Understood. I will wait for your terms.,Understood. I will wait for your terms.,,JAZZ_AME_49
890000000005590,Grace Wanjiru,Grace Wanjiru,,JAZZ_AME_50
890000000005591,Grace,Grace,,JAZZ_AME_50
890000000005592,GRACE,GRACE,,JAZZ_AME_50
890000000005593,"An old radio jingle follows Grace Wanjiru through folded dressings until breathing around a cot matches its rhythm. Kenyan nursing taught her this during nights when the infirmary generator failed. Grace carries no gun and never pretends suffering has become ordinary. Violence aimed at her remains frighteningly unfamiliar, but beside a patient she becomes the calm pair of hands everyone was looking for.","An old radio jingle follows Grace Wanjiru through folded dressings until breathing around a cot matches its rhythm. Kenyan nursing taught her this during nights when the infirmary generator failed. Grace carries no gun and never pretends suffering has become ordinary. Violence aimed at her remains frighteningly unfamiliar, but beside a patient she becomes the calm pair of hands everyone was looking for.",,JAZZ_AME_50
890000000005594,I'm available. We can discuss a contract.,I'm available. We can discuss a contract.,,JAZZ_AME_50
890000000005595,Go ahead. Tell me what the job needs.,Go ahead. Tell me what the job needs.,,JAZZ_AME_50
890000000005596,Understood. I will wait for your terms.,Understood. I will wait for your terms.,,JAZZ_AME_50
890000000005600,Dr. Emile Kabongo,Dr. Emile Kabongo,,JAZZ_AME_51
890000000005601,Emile,Emile,,JAZZ_AME_51
890000000005602,EMILE,EMILE,,JAZZ_AME_51
890000000005603,"A blunt carpenter's pencil sits behind Emile Kabongo's ear for sketching knots on wrappers and walls. Grand Chien road injuries often made him undo the generous mistakes of whoever reached a victim first. Emile teaches simple bandaging wherever he goes, patient with ignorance but not carelessness. Emergencies have aged his face and slowed his step, yet a difficult wound still brings remarkable clarity to hands and instructions.","A blunt carpenter's pencil sits behind Emile Kabongo's ear for sketching knots on wrappers and walls. Grand Chien road injuries often made him undo the generous mistakes of whoever reached a victim first. Emile teaches simple bandaging wherever he goes, patient with ignorance but not carelessness. Emergencies have aged his face and slowed his step, yet a difficult wound still brings remarkable clarity to hands and instructions.",,JAZZ_AME_51
890000000005604,I'm available. We can discuss a contract.,I'm available. We can discuss a contract.,,JAZZ_AME_51
890000000005605,Go ahead. Tell me what the job needs.,Go ahead. Tell me what the job needs.,,JAZZ_AME_51
890000000005606,Understood. I will wait for your terms.,Understood. I will wait for your terms.,,JAZZ_AME_51
890000000005610,Captain Amara Koné,Captain Amara Koné,,JAZZ_AME_52
890000000005611,Amara,Amara,,JAZZ_AME_52
890000000005612,AMARA,AMARA,,JAZZ_AME_52
890000000005613,"A battered kettle goes on before Captain Amara Koné's dawn lessons, and its whistle closes the session. Malian service taught her to turn nervous soldiers into people who understood why a drill mattered. Amara rejects parade-ground drama, giving an error explanation rather than humiliation. Her own body no longer demonstrates every movement gracefully, yet the habits she plants keep working when fear makes clever advice disappear.","A battered kettle goes on before Captain Amara Koné's dawn lessons, and its whistle closes the session. Malian service taught her to turn nervous soldiers into people who understood why a drill mattered. Amara rejects parade-ground drama, giving an error explanation rather than humiliation. Her own body no longer demonstrates every movement gracefully, yet the habits she plants keep working when fear makes clever advice disappear.",,JAZZ_AME_52
890000000005614,I'm available. We can discuss a contract.,I'm available. We can discuss a contract.,,JAZZ_AME_52
890000000005615,Go ahead. Tell me what the job needs.,Go ahead. Tell me what the job needs.,,JAZZ_AME_52
890000000005616,Understood. I will wait for your terms.,Understood. I will wait for your terms.,,JAZZ_AME_52
890000000005620,Sgt. Nadia Okonkwo,Sgt. Nadia Okonkwo,,JAZZ_AME_53
890000000005621,Nadia,Nadia,,JAZZ_AME_53
890000000005622,NADIA,NADIA,,JAZZ_AME_53
890000000005623,"A chipped wooden ruler draws Sergeant Nadia Okonkwo's sight lines in dust, on tables, or across a map. Teaching troops in Nigeria revealed that she diagnoses another shooter's mistake better than she displays perfection herself. Nadia's voice carries, but the lesson beneath it is precise and free of vanity. She cannot sustain every example demanded from younger bodies, yet pupils nearby soon stop snatching at the shot.","A chipped wooden ruler draws Sergeant Nadia Okonkwo's sight lines in dust, on tables, or across a map. Teaching troops in Nigeria revealed that she diagnoses another shooter's mistake better than she displays perfection herself. Nadia's voice carries, but the lesson beneath it is precise and free of vanity. She cannot sustain every example demanded from younger bodies, yet pupils nearby soon stop snatching at the shot.",,JAZZ_AME_53
890000000005624,I'm available. We can discuss a contract.,I'm available. We can discuss a contract.,,JAZZ_AME_53
890000000005625,Go ahead. Tell me what the job needs.,Go ahead. Tell me what the job needs.,,JAZZ_AME_53
890000000005626,Understood. I will wait for your terms.,Understood. I will wait for your terms.,,JAZZ_AME_53
890000000005630,Maj. Théodore Ngalula,Maj. Théodore Ngalula,,JAZZ_AME_54
890000000005631,Maj.,Maj.,,JAZZ_AME_54
890000000005632,MAJ.,MAJ.,,JAZZ_AME_54
890000000005633,"Wire holds one arm of Major Théodore Ngalula's folding spectacles, a temporary fix kept for years. His Grand Chien career was spent teaching groups to survive after exhaustion stripped away ceremony. Théodore repeats an explanation until it works in ordinary language, often repairing a loose buckle while he talks. He moves like an older man now, but flawed plans still reveal themselves to him with uncomfortable speed.","Wire holds one arm of Major Théodore Ngalula's folding spectacles, a temporary fix kept for years. His Grand Chien career was spent teaching groups to survive after exhaustion stripped away ceremony. Théodore repeats an explanation until it works in ordinary language, often repairing a loose buckle while he talks. He moves like an older man now, but flawed plans still reveal themselves to him with uncomfortable speed.",,JAZZ_AME_54
890000000005634,I'm available. We can discuss a contract.,I'm available. We can discuss a contract.,,JAZZ_AME_54
890000000005635,Go ahead. Tell me what the job needs.,Go ahead. Tell me what the job needs.,,JAZZ_AME_54
890000000005636,Understood. I will wait for your terms.,Understood. I will wait for your terms.,,JAZZ_AME_54
890000000005640,Issa Camara,Issa Camara,,JAZZ_AME_55
890000000005641,Issa,Issa,,JAZZ_AME_55
890000000005642,ISSA,ISSA,,JAZZ_AME_55
890000000005643,"A smooth wooden bead slides beneath Issa Camara's thumb along the rifle sling during long waits. Heat on a northern Senegalese road taught him how a careful shot can end an afternoon's danger. Issa accepts his narrow frame and leaves rushing to people built for it. He suffers quickly when a position becomes a brawl, but few prevent the quiet moment from turning into one as well.","A smooth wooden bead slides beneath Issa Camara's thumb along the rifle sling during long waits. Heat on a northern Senegalese road taught him how a careful shot can end an afternoon's danger. Issa accepts his narrow frame and leaves rushing to people built for it. He suffers quickly when a position becomes a brawl, but few prevent the quiet moment from turning into one as well.",,JAZZ_AME_55
890000000005644,I'm available. We can discuss a contract.,I'm available. We can discuss a contract.,,JAZZ_AME_55
890000000005645,Go ahead. Tell me what the job needs.,Go ahead. Tell me what the job needs.,,JAZZ_AME_55
890000000005646,Understood. I will wait for your terms.,Understood. I will wait for your terms.,,JAZZ_AME_55
890000000005650,Lindiwe Mokoena,Lindiwe Mokoena,,JAZZ_AME_56
890000000005651,Lindiwe,Lindiwe,,JAZZ_AME_56
890000000005652,LINDIWE,LINDIWE,,JAZZ_AME_56
890000000005653,"A tiny jar of matte black paint covers every fresh glint on Lindiwe Mokoena's metal before dusk. South African night observation taught her how a bright scratch betrays more than a careless footstep. Lindiwe is reserved and careful not to confuse courage with carrying too much. Daylight bustle drains her quickly, but darkness narrows the world into patient shapes she can read with unusual confidence.","A tiny jar of matte black paint covers every fresh glint on Lindiwe Mokoena's metal before dusk. South African night observation taught her how a bright scratch betrays more than a careless footstep. Lindiwe is reserved and careful not to confuse courage with carrying too much. Daylight bustle drains her quickly, but darkness narrows the world into patient shapes she can read with unusual confidence.",,JAZZ_AME_56
890000000005654,I'm available. We can discuss a contract.,I'm available. We can discuss a contract.,,JAZZ_AME_56
890000000005655,Go ahead. Tell me what the job needs.,Go ahead. Tell me what the job needs.,,JAZZ_AME_56
890000000005656,Understood. I will wait for your terms.,Understood. I will wait for your terms.,,JAZZ_AME_56
890000000005660,Bakary Diarra,Bakary Diarra,,JAZZ_AME_57
890000000005661,Bakary,Bakary,,JAZZ_AME_57
890000000005662,BAKARY,BAKARY,,JAZZ_AME_57
890000000005663,"A cotton-lined cigarette tin holds Bakary Diarra's detonators and receives a nervous tap before work. He acquired them by trading away his pistol during years handling Malian road charges. Wires obey sequence while gunfire does not, a distinction Bakary takes seriously. Beside a device he understands he is composed, but uncontrolled danger exposes how much confidence depends on preparing the ground himself.","A cotton-lined cigarette tin holds Bakary Diarra's detonators and receives a nervous tap before work. He acquired them by trading away his pistol during years handling Malian road charges. Wires obey sequence while gunfire does not, a distinction Bakary takes seriously. Beside a device he understands he is composed, but uncontrolled danger exposes how much confidence depends on preparing the ground himself.",,JAZZ_AME_57
890000000005664,I'm available. We can discuss a contract.,I'm available. We can discuss a contract.,,JAZZ_AME_57
890000000005665,Go ahead. Tell me what the job needs.,Go ahead. Tell me what the job needs.,,JAZZ_AME_57
890000000005666,Understood. I will wait for your terms.,Understood. I will wait for your terms.,,JAZZ_AME_57
890000000005670,Marie-Claire Mbala,Marie-Claire Mbala,,JAZZ_AME_58
890000000005671,Marie,Marie,,JAZZ_AME_58
890000000005672,MARIE,MARIE,,JAZZ_AME_58
890000000005673,"A tailor's tape coils in Marie-Claire Mbala's left pocket, measuring fuse without trusting footsteps. Congolese quarry charges taught her that explosives reward plain measurement and punish romantic language. Her manner is dry, and every newcomer must identify the exit before touching a wire. Marie-Claire leans too close when puzzled, but once a device reveals its logic, hesitation no longer wastes anyone's time.","A tailor's tape coils in Marie-Claire Mbala's left pocket, measuring fuse without trusting footsteps. Congolese quarry charges taught her that explosives reward plain measurement and punish romantic language. Her manner is dry, and every newcomer must identify the exit before touching a wire. Marie-Claire leans too close when puzzled, but once a device reveals its logic, hesitation no longer wastes anyone's time.",,JAZZ_AME_58
890000000005674,I'm available. We can discuss a contract.,I'm available. We can discuss a contract.,,JAZZ_AME_58
890000000005675,Go ahead. Tell me what the job needs.,Go ahead. Tell me what the job needs.,,JAZZ_AME_58
890000000005676,Understood. I will wait for your terms.,Understood. I will wait for your terms.,,JAZZ_AME_58
890000000005680,Ousmane Fall,Ousmane Fall,,JAZZ_AME_59
890000000005681,Ousmane,Ousmane,,JAZZ_AME_59
890000000005682,OUSMANE,OUSMANE,,JAZZ_AME_59
890000000005683,"A magnetised teaspoon gathers screws from the dust beside Ousmane Fall's tools. Senegalese buses taught him the same enemies later found in weapons: dirt, haste, and proud owners. Ousmane wants no heroics and finds solid cover honestly when bullets move. He looks awkward in a fight, but afterward is often the first person everyone needs and the last foolish enough to boast.","A magnetised teaspoon gathers screws from the dust beside Ousmane Fall's tools. Senegalese buses taught him the same enemies later found in weapons: dirt, haste, and proud owners. Ousmane wants no heroics and finds solid cover honestly when bullets move. He looks awkward in a fight, but afterward is often the first person everyone needs and the last foolish enough to boast.",,JAZZ_AME_59
890000000005684,I'm available. We can discuss a contract.,I'm available. We can discuss a contract.,,JAZZ_AME_59
890000000005685,Go ahead. Tell me what the job needs.,Go ahead. Tell me what the job needs.,,JAZZ_AME_59
890000000005686,Understood. I will wait for your terms.,Understood. I will wait for your terms.,,JAZZ_AME_59
890000000005690,Jean-Pierre Kalala,Jean-Pierre Kalala,,JAZZ_AME_60
890000000005691,Jean,Jean,,JAZZ_AME_60
890000000005692,JEAN,JEAN,,JAZZ_AME_60
890000000005693,"A blue shop rag is knotted around Jean-Pierre Kalala's wrist, wiping each tool before it returns to place. At his Grand Chien garage, footsteps revealed a customer's failed home repair before the man crossed the floor. Jean-Pierre listens to locks with the patience once reserved for stubborn engines. He is slow and uncomfortable with gunfire, but a closed mechanism seldom keeps its secrets for long.","A blue shop rag is knotted around Jean-Pierre Kalala's wrist, wiping each tool before it returns to place. At his Grand Chien garage, footsteps revealed a customer's failed home repair before the man crossed the floor. Jean-Pierre listens to locks with the patience once reserved for stubborn engines. He is slow and uncomfortable with gunfire, but a closed mechanism seldom keeps its secrets for long.",,JAZZ_AME_60
890000000005694,I'm available. We can discuss a contract.,I'm available. We can discuss a contract.,,JAZZ_AME_60
890000000005695,Go ahead. Tell me what the job needs.,Go ahead. Tell me what the job needs.,,JAZZ_AME_60
890000000005696,Understood. I will wait for your terms.,Understood. I will wait for your terms.,,JAZZ_AME_60
890000000005914,Take that!,Take that!,,jazz-units:items.lua:VoiceResponse AME
890000000005915,Die!,Die!,,jazz-units:items.lua:VoiceResponse AME
890000000005916,MEURS!,MEURS!,,jazz-units:items.lua:VoiceResponse AME
890000000005917,Take that!,Take that!,,jazz-units:items.lua:VoiceResponse AME
890000000005918,Die!,Die!,,jazz-units:items.lua:VoiceResponse AME
890000000005919,I have no cover here!,I have no cover here!,,jazz-units:items.lua:VoiceResponse AME
890000000005920,You won't break our spirit.,You won't break our spirit.,,jazz-units:items.lua:VoiceResponse AME
890000000005921,Huh? Enemies!,Huh? Enemies!,,jazz-units:items.lua:VoiceResponse AME
890000000005922,Alerte! Alerte!,Alerte! Alerte!,,jazz-units:items.lua:VoiceResponse AME
890000000005923,They are all over me!,They are all over me!,,jazz-units:items.lua:VoiceResponse AME
890000000005924,We will water the soil with the blood of you all!,We will water the soil with the blood of you all!,,jazz-units:items.lua:VoiceResponse AME
890000000005925,"You will pay, foreign dogs. Now it is us that will bring the pain.","You will pay, foreign dogs. Now it is us that will bring the pain.",,jazz-units:items.lua:VoiceResponse AME
890000000005926,I have no cover here!,I have no cover here!,,jazz-units:items.lua:VoiceResponse AME
890000000005927,I have no cover here!,I have no cover here!,,jazz-units:items.lua:VoiceResponse AME
890000000005928,I have no cover here!,I have no cover here!,,jazz-units:items.lua:VoiceResponse AME
890000000005929,Je suis blessé!,Je suis blessé!,,jazz-units:items.lua:VoiceResponse AME
890000000005930,"Uff, that hurt!","Uff, that hurt!",,jazz-units:items.lua:VoiceResponse AME
890000000005931,Je suis blessé!,Je suis blessé!,,jazz-units:items.lua:VoiceResponse AME
890000000005932,Je suis blessé!,Je suis blessé!,,jazz-units:items.lua:VoiceResponse AME
890000000005933,Je suis blessé!,Je suis blessé!,,jazz-units:items.lua:VoiceResponse AME
890000000005934,Take that!,Take that!,,jazz-units:items.lua:VoiceResponse AME
890000000005935,Huh? Enemies!,Huh? Enemies!,,jazz-units:items.lua:VoiceResponse AME
890000000005936,We will water the soil with the blood of you all!,We will water the soil with the blood of you all!,,jazz-units:items.lua:VoiceResponse AME
890000000005937,"Damn, they are hard to get. We need to aim better.","Damn, they are hard to get. We need to aim better.",,jazz-units:items.lua:VoiceResponse AME
890000000005938,Je suis blessé!,Je suis blessé!,,jazz-units:items.lua:VoiceResponse AME
890000000005939,"Uff, that hurt!","Uff, that hurt!",,jazz-units:items.lua:VoiceResponse AME
890000000005940,Je suis blessé!,Je suis blessé!,,jazz-units:items.lua:VoiceResponse AME
890000000005941,(heavy breath),(heavy breath),,jazz-units:items.lua:VoiceResponse AME
890000000005942,Keeping my head down!,Keeping my head down!,,jazz-units:items.lua:VoiceResponse AME
890000000005943,Take this!,Take this!,,jazz-units:items.lua:VoiceResponse AME
890000000005944,Suppressive fire!,Suppressive fire!,,jazz-units:items.lua:VoiceResponse AME
890000000005945,(climbing),(climbing),,jazz-units:items.lua:VoiceResponse AME
890000000005946,(jumping over something),(jumping over something),,jazz-units:items.lua:VoiceResponse AME
890000000005947,They are all over me!,They are all over me!,,jazz-units:items.lua:VoiceResponse AME
890000000005948,They are all over me!,They are all over me!,,jazz-units:items.lua:VoiceResponse AME
890000000005949,Keeping my head down!,Keeping my head down!,,jazz-units:items.lua:VoiceResponse AME
890000000005950,(coughing),(coughing),,jazz-units:items.lua:VoiceResponse AME
890000000005951,"That was a beloved pet, you bastards.","That was a beloved pet, you bastards.",,jazz-units:items.lua:VoiceResponse AME
890000000005952,Take that!,Take that!,,jazz-units:items.lua:VoiceResponse AME
890000000005953,Die!,Die!,,jazz-units:items.lua:VoiceResponse AME
890000000005954,MEURS!,MEURS!,,jazz-units:items.lua:VoiceResponse AME
890000000005955,Take that!,Take that!,,jazz-units:items.lua:VoiceResponse AME
890000000005956,Die!,Die!,,jazz-units:items.lua:VoiceResponse AME
890000000005957,They have breached my position!,They have breached my position!,,jazz-units:items.lua:VoiceResponse AME
890000000005958,Watch out. We are taking heavy fire.,Watch out. We are taking heavy fire.,,jazz-units:items.lua:VoiceResponse AME
890000000005959,Sound the alarm!,Sound the alarm!,,jazz-units:items.lua:VoiceResponse AME
890000000005960,Alert! Man your stations!,Alert! Man your stations!,,jazz-units:items.lua:VoiceResponse AME
890000000005961,They have me in a pincer.,They have me in a pincer.,,jazz-units:items.lua:VoiceResponse AME
890000000005962,They are taking casualties!,They are taking casualties!,,jazz-units:items.lua:VoiceResponse AME
890000000005963,Good! Keep it up!,Good! Keep it up!,,jazz-units:items.lua:VoiceResponse AME
890000000005964,They have breached my position!,They have breached my position!,,jazz-units:items.lua:VoiceResponse AME
890000000005965,They have breached my position!,They have breached my position!,,jazz-units:items.lua:VoiceResponse AME
890000000005966,They have breached my position!,They have breached my position!,,jazz-units:items.lua:VoiceResponse AME
890000000005967,Agh.,Agh.,,jazz-units:items.lua:VoiceResponse AME
890000000005968,Ouch.,Ouch.,,jazz-units:items.lua:VoiceResponse AME
890000000005969,I'm hit!,I'm hit!,,jazz-units:items.lua:VoiceResponse AME
890000000005970,I'm hit!,I'm hit!,,jazz-units:items.lua:VoiceResponse AME
890000000005971,I'm hit!,I'm hit!,,jazz-units:items.lua:VoiceResponse AME
890000000005972,Take that!,Take that!,,jazz-units:items.lua:VoiceResponse AME
890000000005973,Sound the alarm!,Sound the alarm!,,jazz-units:items.lua:VoiceResponse AME
890000000005974,They are taking casualties!,They are taking casualties!,,jazz-units:items.lua:VoiceResponse AME
890000000005975,Good. Now they know our might.,Good. Now they know our might.,,jazz-units:items.lua:VoiceResponse AME
890000000005976,Agh Ugh!,Agh Ugh!,,jazz-units:items.lua:VoiceResponse AME
890000000005977,Hagh Agh!,Hagh Agh!,,jazz-units:items.lua:VoiceResponse AME
890000000005978,(heavy breath),(heavy breath),,jazz-units:items.lua:VoiceResponse AME
890000000005979,(heavy breath),(heavy breath),,jazz-units:items.lua:VoiceResponse AME
890000000005980,Digging in!,Digging in!,,jazz-units:items.lua:VoiceResponse AME
890000000005981,Take this!,Take this!,,jazz-units:items.lua:VoiceResponse AME
890000000005982,Suppressive fire!,Suppressive fire!,,jazz-units:items.lua:VoiceResponse AME
890000000005983,(climbing),(climbing),,jazz-units:items.lua:VoiceResponse AME
890000000005984,(jumping over something),(jumping over something),,jazz-units:items.lua:VoiceResponse AME
890000000005985,Huh?,Huh?,,jazz-units:items.lua:VoiceResponse AME
890000000005986,They have me in a pincer.,They have me in a pincer.,,jazz-units:items.lua:VoiceResponse AME
890000000005987,Digging in!,Digging in!,,jazz-units:items.lua:VoiceResponse AME
890000000005988,(coughing),(coughing),,jazz-units:items.lua:VoiceResponse AME
890000000005989,"At least, we won't have to clean out the wildlife after the battle.","At least, we won't have to clean out the wildlife after the battle.",,jazz-units:items.lua:VoiceResponse AME
890000000005990,For all we have lost!,For all we have lost!,,jazz-units:items.lua:VoiceResponse AME
890000000005991,You will all pay!,You will all pay!,,jazz-units:items.lua:VoiceResponse AME
890000000005992,Take that!,Take that!,,jazz-units:items.lua:VoiceResponse AME
890000000005993,For all we have lost!,For all we have lost!,,jazz-units:items.lua:VoiceResponse AME
890000000005994,You will all pay!,You will all pay!,,jazz-units:items.lua:VoiceResponse AME
890000000005995,I have no protection against the enemy's attacks!,I have no protection against the enemy's attacks!,,jazz-units:items.lua:VoiceResponse AME
890000000005996,Fight harder!,Fight harder!,,jazz-units:items.lua:VoiceResponse AME
890000000005997,We are under attack!,We are under attack!,,jazz-units:items.lua:VoiceResponse AME
890000000005998,Enemies!,Enemies!,,jazz-units:items.lua:VoiceResponse AME
890000000005999,They come from all sides!,They come from all sides!,,jazz-units:items.lua:VoiceResponse AME
890000000006000,We are winning!,We are winning!,,jazz-units:items.lua:VoiceResponse AME
890000000006001,I am proud of all of you.,I am proud of all of you.,,jazz-units:items.lua:VoiceResponse AME
890000000006002,I have no protection against the enemy's attacks!,I have no protection against the enemy's attacks!,,jazz-units:items.lua:VoiceResponse AME
890000000006003,I have no protection against the enemy's attacks!,I have no protection against the enemy's attacks!,,jazz-units:items.lua:VoiceResponse AME
890000000006004,I have no protection against the enemy's attacks!,I have no protection against the enemy's attacks!,,jazz-units:items.lua:VoiceResponse AME
890000000006005,Agh.,Agh.,,jazz-units:items.lua:VoiceResponse AME
890000000006006,Ouch.,Ouch.,,jazz-units:items.lua:VoiceResponse AME
890000000006007,Je suis blessé!,Je suis blessé!,,jazz-units:items.lua:VoiceResponse AME
890000000006008,Je suis blessé!,Je suis blessé!,,jazz-units:items.lua:VoiceResponse AME
890000000006009,Je suis blessé!,Je suis blessé!,,jazz-units:items.lua:VoiceResponse AME
890000000006010,For all we have lost!,For all we have lost!,,jazz-units:items.lua:VoiceResponse AME
890000000006011,We are under attack!,We are under attack!,,jazz-units:items.lua:VoiceResponse AME
890000000006012,We are winning!,We are winning!,,jazz-units:items.lua:VoiceResponse AME
890000000006013,We are doing well! Keep it up!,We are doing well! Keep it up!,,jazz-units:items.lua:VoiceResponse AME
890000000006014,Agh Ugh!,Agh Ugh!,,jazz-units:items.lua:VoiceResponse AME
890000000006015,Hagh Agh!,Hagh Agh!,,jazz-units:items.lua:VoiceResponse AME
890000000006016,(heavy breath),(heavy breath),,jazz-units:items.lua:VoiceResponse AME
890000000006017,(heavy breath),(heavy breath),,jazz-units:items.lua:VoiceResponse AME
890000000006018,Laying low!,Laying low!,,jazz-units:items.lua:VoiceResponse AME
890000000006019,Let's see how you like this!,Let's see how you like this!,,jazz-units:items.lua:VoiceResponse AME
890000000006020,Suppressive fire!,Suppressive fire!,,jazz-units:items.lua:VoiceResponse AME
890000000006021,(climbing),(climbing),,jazz-units:items.lua:VoiceResponse AME
890000000006022,(jumping over something),(jumping over something),,jazz-units:items.lua:VoiceResponse AME
890000000006023,Huh?,Huh?,,jazz-units:items.lua:VoiceResponse AME
890000000006024,They come from all sides!,They come from all sides!,,jazz-units:items.lua:VoiceResponse AME
890000000006025,Laying low!,Laying low!,,jazz-units:items.lua:VoiceResponse AME
890000000006026,(coughing),(coughing),,jazz-units:items.lua:VoiceResponse AME
890000000006027,You are nothing but butchers!,You are nothing but butchers!,,jazz-units:items.lua:VoiceResponse AME
890000000006202,Тортон «Мясо» Джонс,"Thorton ""Meat"" Jones",,Jazz_Meat
890000000006203,Мясо,Meat,,Jazz_Meat
890000000006204,МЯСО,MEAT,,Jazz_Meat
890000000006205,"Dexterity 68, Agility 54, Wisdom 29, Strength 98, Mechanical 59, Explosives 64. Агрессивен и туповат, но взрывчатку носит и ставит без страха. Дружит с Быком; странно запал на Тоску. Его недолюбливают почти все местные из Арулько.","68 Dexterity, 54 Agility, 29 Wisdom, 98 Strength, 59 Mechanical, 64 Explosives. Aggressive and none too bright, but carries and plants explosives without a hint of fear. Friends with Bull; has a weird crush on Tosca. Widely disliked by Arulco locals.",,Jazz_Meat
890000000006206,Гора,The Mountain,,Jazz_Meat
890000000006207,Meat@merc.com,Meat@merc.com,,Jazz_Meat
890000000006208,meat,meat,,Jazz_Meat
890000000006209,Meat offline.,Meat offline.,,Jazz_Meat
890000000006210,Meat here.,Meat here.,,Jazz_Meat
890000000006211,Continue.,Continue.,,Jazz_Meat
890000000006212,Waiting.,Waiting.,,Jazz_Meat
890000000006213,Hired.,Hired.,,Jazz_Meat
890000000006214,Contract ending?,Contract ending?,,Jazz_Meat
890000000006215,Staying.,Staying.,,Jazz_Meat
890000000006216,Карлос Дасуза,Carlos Dasouza,,Jazz_Carlos
890000000006217,Карлос,Carlos,,Jazz_Carlos
890000000006300,Стефан Ротман.,Stefan Rothman.,,jazz-units:items.lua:VoiceResponse
890000000006301,Стычка.,Firefight.,,jazz-units:items.lua:VoiceResponse
890000000006302,Пора отрабатывать свой хлеб.,Time to earn my keep.,,jazz-units:items.lua:VoiceResponse
890000000006303,Мишень ликвидирована.,Target eliminated.,,jazz-units:items.lua:VoiceResponse
890000000006304,Не знаю...смогу ли я выжить.,I don't know... if I'll survive.,,jazz-units:items.lua:VoiceResponse
890000000006305,Меня клиенты и почище обрабатывали.,I've had clients treat me much rougher.,,jazz-units:items.lua:VoiceResponse
890000000006306,Перезаряжай!,Reload!,,jazz-units:items.lua:VoiceResponse
890000000006307,Пора отрабатывать свой хлеб.,Time to earn my keep.,,jazz-units:items.lua:VoiceResponse
890000000006308,Пора заняться чем-нибудь еще.,Time to do something else.,,jazz-units:items.lua:VoiceResponse
890000000006309,Учиться никогда не поздно.,It's never too late to learn.,,jazz-units:items.lua:VoiceResponse
890000000006310,Статик полный дебил. Он опасен и может навредить нашим.,Static is a complete idiot. He's dangerous and could hurt our people.,,jazz-units:items.lua:VoiceResponse
890000000006311,"Мне очень нравится, как работает Лава. Есть в ее таланте что-то... сексуальное.",I really like the way Lava works. There's something... sexy about her talent.,,jazz-units:items.lua:VoiceResponse
890000000006312,"Да, это доктор Квинтен.","Yes, Dr. Quinten speaking.",,jazz-units:items.lua:VoiceResponse
890000000006313,"Смотрите, кто пришел!",Look who showed up!,,jazz-units:items.lua:VoiceResponse
890000000006314,"Ого, смотрите, кого к нам принесло!","Well, well, look what the cat dragged in!",,jazz-units:items.lua:VoiceResponse
890000000006315,Минус один.,One down.,,jazz-units:items.lua:VoiceResponse
890000000006316,"Вышибли из меня все дерьмо! Похоже, мне не выбраться. Без дерьма-то.",They beat the shit out of me! Looks like I'm not getting out of this one. Not without my shit.,,jazz-units:items.lua:VoiceResponse
890000000006317,"Ааа, так меня не затормозить!",Aaaah... That won't slow me down!,,jazz-units:items.lua:VoiceResponse
890000000006318,Нужен патрон!,I need a round!,,jazz-units:items.lua:VoiceResponse
890000000006319,"Ого, смотрите, кого к нам принесло!","Well, well, look what the cat dragged in!",,jazz-units:items.lua:VoiceResponse
890000000006320,Мне надо заняться чем-то еще!,I need something else to do!,,jazz-units:items.lua:VoiceResponse
890000000006321,Я всегда любил учиться.,I've always loved learning.,,jazz-units:items.lua:VoiceResponse
890000000006322,"Анаболик... Мозгов, как в пожарной машине.",Steroid... About as smart as a fire truck.,,jazz-units:items.lua:VoiceResponse
890000000006323,Отличная работа.,Great work.,,jazz-units:items.lua:VoiceResponse
890000000006324,Без этого было нельзя. Я уже встал и готов к работе.,It had to be done. I'm back on my feet and ready for work.,,jazz-units:items.lua:VoiceResponse
890000000006325,Опять проблемы!,Trouble again!,,jazz-units:items.lua:VoiceResponse
890000000006326,Время поставить кое-кого на место.,Time to put someone in their place.,,jazz-units:items.lua:VoiceResponse
890000000006327,"Так тебя, и вот этак!",Take that—and that!,,jazz-units:items.lua:VoiceResponse
890000000006328,"Ох, круто меня отымели, друг... Очень круто...","Oh, man, they really screwed me... Real bad...",,jazz-units:items.lua:VoiceResponse
890000000006329,Да фигня! Я в порядке.,It's nothing! I'm fine.,,jazz-units:items.lua:VoiceResponse
890000000006330,Что-то у меня ружье полегчало!,My gun feels kinda light!,,jazz-units:items.lua:VoiceResponse
890000000006331,Время поставить кое-кого на место.,Time to put someone in their place.,,jazz-units:items.lua:VoiceResponse
890000000006332,Я здесь обо всем позаботился.,I've taken care of everything here.,,jazz-units:items.lua:VoiceResponse
890000000006333,"Моргнуть не успеешь, как я боссом стану!","Before you know it, I'll be the boss!",,jazz-units:items.lua:VoiceResponse
890000000006334,"А-а-а, наш маленький сладенький Бифи хочет свою сладенькую бутылочку? Ой, не могу, ну что за котеночек! Дать бы ему по заднице.","Aww, does sweet little Biffy want his sweet little bottle? Oh, I can't—what a kitten! Someone ought to spank him.",,jazz-units:items.lua:VoiceResponse
890000000006335,"Точно, Бритва! Ты мой идеал!","That's right, Razor! You're my hero!",,jazz-units:items.lua:VoiceResponse
890000000006336,"Я проснулась, и могу начать с того места, где кончила. Эээ.. Закончила.","I'm awake, and I can pick up where I came... uh, left off.",,jazz-units:items.lua:VoiceResponse
890000000006337,Ой!,Oh!,,jazz-units:items.lua:VoiceResponse
890000000006338,"О, non, я позволила себе надеяться, что на этот раз мы не должны их  встретить!","Oh, non, I let myself hope we wouldn't have to meet them this time!",,jazz-units:items.lua:VoiceResponse
890000000006339,Я кого-то убила!,I killed someone!,,jazz-units:items.lua:VoiceResponse
890000000006340,Не хочу умирать... только не здесь... не дайте мне здесь умереть.,I don't want to die... not here... don't let me die here.,,jazz-units:items.lua:VoiceResponse
890000000006341,"На мгновение мне показалось, что я - среди ангелов. Теперь я вижу, что по-прежнему пребываю в преисподней. Мои страдания безграничны!",For a moment I thought I was among angels. Now I see I'm still in hell. My suffering knows no bounds!,,jazz-units:items.lua:VoiceResponse
890000000006342,В моем ружье нет патронов!,My gun's out of ammo!,,jazz-units:items.lua:VoiceResponse
890000000006343,"О, non, я позволила себе надеяться, что на этот раз мы не должны их  встретить!","Oh, non, I let myself hope we wouldn't have to meet them this time!",,jazz-units:items.lua:VoiceResponse
890000000006344,Могу я что-нибудь еще сделать?,Anything else I can do?,,jazz-units:items.lua:VoiceResponse
890000000006345,Я двигаюсь вперед.,I'm moving up.,,jazz-units:items.lua:VoiceResponse
890000000006346,"Эта Лава, она просто не женщина. Она - живое оскорбление всему женскому полу!",That Lava is no woman. She's a living insult to the entire female sex!,,jazz-units:items.lua:VoiceResponse
890000000006347,"Потрясающе, Биф! Ну разве удивительно, что ты мне нравишься... я хочу сказать, что мне так нравится с тобой работать!","Amazing, Biff! Is it any wonder I like you... I mean, that I like working with you so much!",,jazz-units:items.lua:VoiceResponse
890000000006348,Готов к выполнению задания.,Ready for the mission.,,jazz-units:items.lua:VoiceResponse
890000000006349,Вижу солдата.,I see a soldier.,,jazz-units:items.lua:VoiceResponse
890000000006350,Я готов к схватке.,I'm ready for a fight.,,jazz-units:items.lua:VoiceResponse
890000000006351,Сдохни!,Die!,,jazz-units:items.lua:VoiceResponse
890000000006352,Темно. Кругом темно...Позовите врача.,It's dark. Dark all around... Call a doctor.,,jazz-units:items.lua:VoiceResponse
890000000006353,Ничего не выйдет!,This won't work!,,jazz-units:items.lua:VoiceResponse
890000000006354,Надо перезарядить.,Need to reload.,,jazz-units:items.lua:VoiceResponse
890000000006355,Я готов к схватке.,I'm ready for a fight.,,jazz-units:items.lua:VoiceResponse
890000000006356,Куда теперь?,Where to now?,,jazz-units:items.lua:VoiceResponse
890000000006357,Я становлюсь опытнее.,I'm gaining experience.,,jazz-units:items.lua:VoiceResponse
890000000006358,"Мне не нравится, что с нами Игги. Предателям нельзя доверять.",I don't like having Iggy with us. Traitors can't be trusted.,,jazz-units:items.lua:VoiceResponse
890000000006359,"Отлично, Карлос.","Excellent, Carlos.",,jazz-units:items.lua:VoiceResponse
890000000006360,Gaston à l'appareil.,Gaston à l'appareil.,,jazz-units:items.lua:VoiceResponse
890000000006361,Вот и жлоб.,And there's the boor.,,jazz-units:items.lua:VoiceResponse
890000000006362,Вот и жлоб.,And there's the boor.,,jazz-units:items.lua:VoiceResponse
890000000006363,Свободен... делов-то.,Done... no big deal.,,jazz-units:items.lua:VoiceResponse
890000000006364,Конец...,The end...,,jazz-units:items.lua:VoiceResponse
890000000006365,Ранен!,Wounded!,,jazz-units:items.lua:VoiceResponse
890000000006366,Скучно жить с пустой обоймой.,Life is dull with an empty magazine.,,jazz-units:items.lua:VoiceResponse
890000000006367,Наконец-то можно поразвлечься.,"Finally, some fun.",,jazz-units:items.lua:VoiceResponse
890000000006368,"Америка! Страна без культуры. Эти люди просто летят на яркий свет, словно мотыльки.",America! A country without culture. These people just fly toward bright lights like moths.,,jazz-units:items.lua:VoiceResponse
890000000006369,Я это заслужил.,I earned this.,,jazz-units:items.lua:VoiceResponse
890000000006370,Этот Злобный... Он издевается над языком наших отцов. Я не могу выносить это словесное убийство.,That Malice... He butchers the language of our forefathers. I cannot stand this verbal murder.,,jazz-units:items.lua:VoiceResponse
890000000006371,"Тоска, ты полна затаенной страсти.","Tosca, you are full of pent-up passion.",,jazz-units:items.lua:VoiceResponse
890000000006372,"Говорит Кирк Стивенсон. Известный по кличке Статик. Раньше я говорил только кличку, и все думали, что у меня плохой видеотелефон.","This is Kirk Stevenson, better known as Static. I used to go only by my nickname, and everyone thought I had a bad video phone.",,jazz-units:items.lua:VoiceResponse
890000000006373,Лысые здесь.,The baldies are here.,,jazz-units:items.lua:VoiceResponse
890000000006374,"Они рядом, чувак.","They're close, man.",,jazz-units:items.lua:VoiceResponse
890000000006375,Шеф-повар Статик к Вашим услугам.,Chef Static at your service.,,jazz-units:items.lua:VoiceResponse
890000000006376,"Да жахнуло меня, чувак...Мне бы врача...А?","Damn, that hit me, man... I could use a doctor... Huh?",,jazz-units:items.lua:VoiceResponse
890000000006377,"Отходняк затянется, однозначно.",This comedown is definitely going to take a while.,,jazz-units:items.lua:VoiceResponse
890000000006378,"Барабан пуст, чувак.","Cylinder's empty, man.",,jazz-units:items.lua:VoiceResponse
890000000006379,"Они рядом, чувак.","They're close, man.",,jazz-units:items.lua:VoiceResponse
890000000006380,"Чувак, задание готово!","Mission accomplished, man!",,jazz-units:items.lua:VoiceResponse
890000000006381,"Я это, силу необыкновенную чувствую, чувак. Опыт привалил.","Man, I'm feeling some serious power. Must be all that experience.",,jazz-units:items.lua:VoiceResponse
890000000006382,"Ларри стал какой-то не такой. Совсем не наш чувак. Когда-то он был крутым пацаном, а сейчас... Чмо какое-то.","Larry's changed. He's not one of us anymore. Used to be a cool guy, and now... what a loser.",,jazz-units:items.lua:VoiceResponse
890000000006383,"Ларри свойский чувак. Вот вроде, не думает головой, и вдруг, раз, и у него получается.","Larry's a cool guy. Looks like he never thinks, then—bam!—somehow he pulls it off.",,jazz-units:items.lua:VoiceResponse
890000000006384,Доктор Клиффорд Хайбол...,Dr. Clifford Hyball...,,jazz-units:items.lua:VoiceResponse
890000000006385,Вражеские элементы!,Hostile elements!,,jazz-units:items.lua:VoiceResponse
890000000006386,Добро пожаловать! Я вас давно жду.,Welcome! I've been expecting you.,,jazz-units:items.lua:VoiceResponse
890000000006387,Вернуть отправителю.,Return to sender.,,jazz-units:items.lua:VoiceResponse
890000000006388,Хреново кровотечение!,Damn... I'm bleeding out!,,jazz-units:items.lua:VoiceResponse
890000000006389,Ааааа... Вот это массаж!,Aaaah... Now that's a massage!,,jazz-units:items.lua:VoiceResponse
890000000006390,Мне нужны патроны!,I need ammo!,,jazz-units:items.lua:VoiceResponse
890000000006391,Добро пожаловать! Я вас давно жду.,Welcome! I've been expecting you.,,jazz-units:items.lua:VoiceResponse
890000000006392,Задание выполнено.,Objective completed.,,jazz-units:items.lua:VoiceResponse
890000000006393,"Я знал, что у меня есть еще кое-какой потенциал.",I knew I still had some untapped potential.,,jazz-units:items.lua:VoiceResponse
890000000006394,Только не это.,Not this.,,jazz-units:items.lua:VoiceResponse
890000000006395,Отличная работа.,Great work.,,jazz-units:items.lua:VoiceResponse
890000000006396,Да?,Yeah?,,jazz-units:items.lua:VoiceResponse
890000000006397,Враги.,Enemies.,,jazz-units:items.lua:VoiceResponse
890000000006398,Этого я и ждал!,This is what I've been waiting for!,,jazz-units:items.lua:VoiceResponse
890000000006399,"Лежи, не дергайся.",Lie still. Don't move.,,jazz-units:items.lua:VoiceResponse
890000000006400,Я ухожу...,I'm leaving...,,jazz-units:items.lua:VoiceResponse
890000000006401,"Со стороны страшнее, чем по правде!",Looks worse than it feels!,,jazz-units:items.lua:VoiceResponse
890000000006402,Перезарядить надо.,Need to reload.,,jazz-units:items.lua:VoiceResponse
890000000006403,Этого я и ждал!,This is what I've been waiting for!,,jazz-units:items.lua:VoiceResponse
890000000006404,Готово!,Done!,,jazz-units:items.lua:VoiceResponse
890000000006405,Тяжелая работа и честная жизнь всегда себя оправдывают.,Hard work and an honest life always pay off.,,jazz-units:items.lua:VoiceResponse
890000000006406,"Может, нам пора избавиться от балласта? Ты как думаешь, БИФ?","Maybe it's time to lose the dead weight. What do you think, BIFF?",,jazz-units:items.lua:VoiceResponse
890000000006407,Гвоздь - молодец.,Nails did good.,,jazz-units:items.lua:VoiceResponse
890000000006408,"Мясо проснулся и трудится, как трутень... Эээ, пчела.","Meat is awake and working like a drone... Uh, a bee.",,jazz-units:items.lua:VoiceResponse
890000000006409,Хочешь поиграть?,Wanna play?,,jazz-units:items.lua:VoiceResponse
890000000006410,Дайте мне их... это будет как крылышки у мух отрывать!,Give them to me... it'll be like pulling the wings off flies!,,jazz-units:items.lua:VoiceResponse
890000000006411,Мясу хорошо!,Meat is good!,,jazz-units:items.lua:VoiceResponse
890000000006412,"Я буду скоро с тобой, мамочка! Мясо идет домой!","I'll be with you soon, Mama! Meat is coming home!",,jazz-units:items.lua:VoiceResponse
890000000006413,Они хотели сделать Мясу больно.,They tried to hurt Meat.,,jazz-units:items.lua:VoiceResponse
890000000006414,Патронов в винтовке нет!,Rifle's out of bullets!,,jazz-units:items.lua:VoiceResponse
890000000006415,Дайте мне их... это будет как крылышки у мух отрывать!,Give them to me... it'll be like pulling the wings off flies!,,jazz-units:items.lua:VoiceResponse
890000000006416,Мясу нечем заняться.,Meat needs something to do.,,jazz-units:items.lua:VoiceResponse
890000000006417,"Мясо учится, медленно.",Meat learns slowly.,,jazz-units:items.lua:VoiceResponse
890000000006418,Только не это.,Not this.,,jazz-units:items.lua:VoiceResponse
890000000006419,"Да, Бык МОЛОДЕЦ! А Мясо - лучший Быку друг!","Yes, Bull GOOD! Meat is Bull's best friend!",,jazz-units:items.lua:VoiceResponse
890000000006420,Я готов.,I am ready.,,jazz-units:items.lua:VoiceResponse
890000000006421,Солдаты королевы.,The Queen's soldiers.,,jazz-units:items.lua:VoiceResponse
890000000006422,Враги показались.,Enemies spotted.,,jazz-units:items.lua:VoiceResponse
890000000006423,Предатель мертв.,The traitor is dead.,,jazz-units:items.lua:VoiceResponse
890000000006424,Какое мучение... Чувствую холод смерти.,What agony... I feel death's cold.,,jazz-units:items.lua:VoiceResponse
890000000006425,Ну почему всегда мне?,Why is it always me?,,jazz-units:items.lua:VoiceResponse
890000000006426,Надо перезарядить.,Need to reload.,,jazz-units:items.lua:VoiceResponse
890000000006427,Враги показались.,Enemies spotted.,,jazz-units:items.lua:VoiceResponse
890000000006428,Я жду приказа.,Awaiting orders.,,jazz-units:items.lua:VoiceResponse
890000000006429,Я стал умнее.,I got smarter.,,jazz-units:items.lua:VoiceResponse
890000000006430,"Я не доверяю Игги. Он был враг, стал друг. Что он будет завтра? Нельзя быть уверенным.","I don't trust Iggy. He was an enemy, became a friend. What will he be tomorrow? You can never be sure.",,jazz-units:items.lua:VoiceResponse
890000000006431,Я уважаю Мигеля. Он самый лучший.,I respect Miguel. He's the best.,,jazz-units:items.lua:VoiceResponse
890000000006432,"О'кей, я готов.","Okay, I'm ready.",,jazz-units:items.lua:VoiceResponse
890000000006433,У нас неприятности.,We've got trouble.,,jazz-units:items.lua:VoiceResponse
890000000006434,"Так и знал, что это была временная передышка.",I knew it was only a temporary reprieve.,,jazz-units:items.lua:VoiceResponse
890000000006435,Готов.,Ready.,,jazz-units:items.lua:VoiceResponse
890000000006436,"Я везучий... выживу. Вот только больно, зараза!","I'm lucky... I'll make it. Damn, it hurts!",,jazz-units:items.lua:VoiceResponse
890000000006437,Я этого не заслужил.,I don't deserve this.,,jazz-units:items.lua:VoiceResponse
890000000006438,Мне нужны патроны.,I need ammo.,,jazz-units:items.lua:VoiceResponse
890000000006439,"Так и знал, что это была временная передышка.",I knew it was only a temporary reprieve.,,jazz-units:items.lua:VoiceResponse
890000000006440,Приказ выполнен.,Orders carried out.,,jazz-units:items.lua:VoiceResponse
890000000006441,"Да я так профи стану, как два пальца...",At this rate I'll be a pro in no time...,,jazz-units:items.lua:VoiceResponse
890000000006442,Только не это.,Not this.,,jazz-units:items.lua:VoiceResponse
890000000006443,Динамо - крут!,Dynamo rocks!,,jazz-units:items.lua:VoiceResponse
890000000006444,"Эй, я выспался.","Hey, I got some sleep.",,jazz-units:items.lua:VoiceResponse
890000000006445,Вижу мишень.,Target in sight.,,jazz-units:items.lua:VoiceResponse
890000000006446,Сейчас я их замочу.,I'll waste them.,,jazz-units:items.lua:VoiceResponse
890000000006447,Уничтожен!,Eliminated!,,jazz-units:items.lua:VoiceResponse
890000000006448,Идите... бросьте меня...,Go... leave me...,,jazz-units:items.lua:VoiceResponse
890000000006449,От ФБР мне круче доставалось.,The FBI hit me harder than that.,,jazz-units:items.lua:VoiceResponse
890000000006450,Нужны патроны.,Need ammo.,,jazz-units:items.lua:VoiceResponse
890000000006451,Сейчас я их замочу.,I'll waste them.,,jazz-units:items.lua:VoiceResponse
890000000006452,Задание выполнено. Что будем делать?,Mission accomplished. What's next?,,jazz-units:items.lua:VoiceResponse
890000000006453,Без труда ни хрена из пруда не выловишь...,You don't get jack without putting in the work...,,jazz-units:items.lua:VoiceResponse
890000000006454,С этой Фло таким как я невозможно работать. Она не идет мне на встречу. Я готов ее просто пристрелить.,I can't work with Flo. She won't meet me halfway. I'm ready to just shoot her.,,jazz-units:items.lua:VoiceResponse
890000000006455,Маг! Так держать!,Magic! Keep it up!,,jazz-units:items.lua:VoiceResponse
890000000006456,Моя работать.,Me work.,,jazz-units:items.lua:VoiceResponse
890000000006457,Нехороший человек!,Bad man!,,jazz-units:items.lua:VoiceResponse
890000000006458,Нехороший человек!,Bad man!,,jazz-units:items.lua:VoiceResponse
890000000006459,Твой помирай!,You die!,,jazz-units:items.lua:VoiceResponse
890000000006460,Моя совсем плохая!,Me very bad!,,jazz-units:items.lua:VoiceResponse
890000000006461,"Моя плохо, совсем плохо, однако.",Me hurt bad. Very bad.,,jazz-units:items.lua:VoiceResponse
890000000006462,"Пуля... Нет больше пуля, однако!",Bullet... No more bullet!,,jazz-units:items.lua:VoiceResponse
890000000006463,Вижу врагов!,See enemies!,,jazz-units:items.lua:VoiceResponse
890000000006464,Моя все сделать!,Me do everything!,,jazz-units:items.lua:VoiceResponse
890000000006465,Моя готова.,Me ready.,,jazz-units:items.lua:VoiceResponse
890000000006466,Только не это.,Not this.,,jazz-units:items.lua:VoiceResponse
890000000006467,Отличная работа.,Great work.,,jazz-units:items.lua:VoiceResponse
890000000006468,"Алле, алле!","Allez, allez!",,jazz-units:items.lua:VoiceResponse
890000000006469,Вотта они!,There they are!,,jazz-units:items.lua:VoiceResponse
890000000006470,"Тута эти гады. Надо хвост подобрать, сейчас начаться может.",Bastards here. Tail down. Trouble start now.,,jazz-units:items.lua:VoiceResponse
890000000006471,"Пока, ты!","Bye, you!",,jazz-units:items.lua:VoiceResponse
890000000006472,Настали для Злобного последние минуточки... Хочу один остаться.,Vicious is on his last legs... I want to be alone.,,jazz-units:items.lua:VoiceResponse
890000000006473,Оххохошеньки!,Owww!,,jazz-units:items.lua:VoiceResponse
890000000006474,Ружье кушать просит.,Gun is hungry.,,jazz-units:items.lua:VoiceResponse
890000000006475,"Тута эти гады. Надо хвост подобрать, сейчас начаться может.",Bastards here. Tail down. Trouble start now.,,jazz-units:items.lua:VoiceResponse
890000000006476,Сделал все.,Did it all.,,jazz-units:items.lua:VoiceResponse
890000000006477,Я молодец!,Me did good!,,jazz-units:items.lua:VoiceResponse
890000000006478,Только не это.,Not this.,,jazz-units:items.lua:VoiceResponse
890000000006479,"Лиска, она замечательная! И смотрится в деле что надо, тоже.","Fox, she wonderful! Looks good in action too.",,jazz-units:items.lua:VoiceResponse
890000000006480,Доброе утро. Возобновляю выполнение задания.,Good morning. Resuming the assignment.,,jazz-units:items.lua:VoiceResponse
890000000006481,Тревога!,Alert!,,jazz-units:items.lua:VoiceResponse
890000000006482,Черт... Я только было успокоился.,Damn... I'd only just calmed down.,,jazz-units:items.lua:VoiceResponse
890000000006483,Это я.,That was me.,,jazz-units:items.lua:VoiceResponse
890000000006484,"Боже мой! Как больно, мама!","Oh my God! It hurts, Mama!",,jazz-units:items.lua:VoiceResponse
890000000006485,Мне надо переодеть штаны.,I need to change my pants.,,jazz-units:items.lua:VoiceResponse
890000000006486,Патроны! Патроны кончились!,Ammo! I'm out of ammo!,,jazz-units:items.lua:VoiceResponse
890000000006487,Черт... Я только было успокоился.,Damn... I'd only just calmed down.,,jazz-units:items.lua:VoiceResponse
890000000006488,Еще одно выполненное задание.,Another job done.,,jazz-units:items.lua:VoiceResponse
890000000006489,Теперь я им покажу.,Now I'll show them.,,jazz-units:items.lua:VoiceResponse
890000000006490,"Нечего меня за нос водить. Ларри взялся за старое. Наркоман, а мне с ним работать?",Don't jerk me around. Larry's using again. A junkie—and I'm supposed to work with him?,,jazz-units:items.lua:VoiceResponse
890000000006491,"Вот это да, Ларри! Я же говорил, что у тебя получится.","Way to go, Larry! Told you you could do it.",,jazz-units:items.lua:VoiceResponse
890000000006492,Я проснулся и готов работать с максимальной отдачей.,I'm awake and ready to give it my all.,,jazz-units:items.lua:VoiceResponse
890000000006493,Обнаружен враг.,Enemy detected.,,jazz-units:items.lua:VoiceResponse
890000000006494,Силы врага в пределах прямой видимости.,Enemy forces within line of sight.,,jazz-units:items.lua:VoiceResponse
890000000006495,Враг убит.,Enemy down.,,jazz-units:items.lua:VoiceResponse
890000000006496,Эти раны просто необходимо перевязать... A мне нужно немного аспирина.,These wounds need dressing... and I need some aspirin.,,jazz-units:items.lua:VoiceResponse
890000000006497,Мои раны незначительны. Невосстановимых поражений быть не должно.,My wounds are minor. There should be no permanent damage.,,jazz-units:items.lua:VoiceResponse
890000000006498,Мне нужны боеприпасы к оружию.,I need ammunition.,,jazz-units:items.lua:VoiceResponse
890000000006499,Силы врага в пределах прямой видимости.,Enemy forces within line of sight.,,jazz-units:items.lua:VoiceResponse
890000000006500,Задание выполнено. Жду приказаний.,Task complete. Awaiting orders.,,jazz-units:items.lua
890000000006501,"Всегда можно найти, в чем стать лучше.",There's always something to get better at.,,jazz-units:items.lua
890000000006502,Только не это.,Anything but that.,,jazz-units:items.lua
890000000006503,"Просто еще один пример того, как отлично работает Волк.",Just another example of how well Wolf works.,,jazz-units:items.lua
890000000006504,Теперь я работаю.,I'm on the job now.,,jazz-units:items.lua
890000000006505,Ничтожество!,Pathetic!,,jazz-units:items.lua
890000000006506,Мастер на все руки,Jack of All Trades,,jazz:CharacterEffect/JackOfAllTrades.lua
890000000006507,Любые спутниковые операции выполняются примерно на <em>33% быстрее</em>.,Any satellite operations complete about <em>33% faster</em>.,,jazz:CharacterEffect/JackOfAllTrades.lua
890000000006508,Мне больно. Очень больно.,It hurts. It hurts a lot.,,jazz-units:items.lua
890000000006509,"Больно, Мистер Джек.","It hurts, Mr. Jack.",,jazz-units:items.lua
890000000006510,Ищу пулю. Нет больше пуля.,Looking for a bullet. No more bullet.,,jazz-units:items.lua
890000000006511,Вижу их! Вижу эти ничтожества!,I see them! I see those wretches!,,jazz-units:items.lua
890000000006512,"Я закончил, босс.","I'm finished, boss.",,jazz-units:VoiceResponse Jazz_Gamos
890000000006513,У меня все в порядке.,I'm all right.,,jazz-units:VoiceResponse Jazz_Gamos
890000000006514,Только не это.,Anything but that.,,jazz-units:items.lua
890000000006515,Отличная работа.,Excellent work.,,jazz-units:items.lua
890000000006516,Я включился.,I'm switched on.,,jazz-units:items.lua:VoiceResponse
890000000006517,Солдаты.,Soldiers.,,jazz-units:items.lua:VoiceResponse
890000000006518,"Я знал, что они близко.",I knew they were close.,,jazz-units:items.lua:VoiceResponse
890000000006519,Пока!,Bye!,,jazz-units:items.lua:VoiceResponse
890000000006520,"Плохи мои дела... Не думаю, что теперь смогу отомстить. Передайте моей жене: мне жаль, что так вышло с нашим сыном. Умоляю, чтобы она меня простила.",I'm in bad shape... I don't think I'll get my revenge now. Tell my wife: I'm sorry about what happened to our son. I beg her to forgive me.,,jazz-units:items.lua:VoiceResponse
890000000006521,Во снах со мной и хуже вещи делали.,They've done worse things to me in my dreams.,,jazz-units:items.lua:VoiceResponse
890000000006522,У меня больше патронов не осталось.,I have no ammunition left.,,jazz-units:items.lua:VoiceResponse
890000000006523,"Я знал, что они близко.",I knew they were close.,,jazz-units:items.lua:VoiceResponse
890000000006524,Закончил. Я готов.,Done. I'm ready.,,jazz-units:items.lua:VoiceResponse
890000000006525,Я работаю все лучше. Я буду готов.,I'm getting better and better. I'll be ready.,,jazz-units:items.lua:VoiceResponse
890000000006526,"Этот Мясо, животное, он просто тупое чмо. Хоть бы его пристрелил  кто-нибудь.","That Meat is an animal, a brainless asshole. I wish someone would shoot him.",,jazz-units:items.lua:VoiceResponse
890000000006527,"Ты хорошо поработал, Шенк!","Good work, Shank!",,jazz-units:items.lua:VoiceResponse
890000000006528,На связи.,Standing by.,,jazz-units:items.lua:VoiceResponse
890000000006529,Неприятности.,Trouble.,,jazz-units:items.lua:VoiceResponse
890000000006530,Неприятности.,Trouble.,,jazz-units:items.lua:VoiceResponse
890000000006531,Еще один клиент для капеллана.,Another client for the chaplain.,,jazz-units:items.lua:VoiceResponse
890000000006532,Конец...,The end...,,jazz-units:items.lua:VoiceResponse
890000000006533,Ранен!,Wounded!,,jazz-units:items.lua:VoiceResponse
890000000006534,У меня все! Нужны патроны.,That's it! I need ammo.,,jazz-units:items.lua:VoiceResponse
890000000006535,Цели здесь.,Targets are here.,,jazz-units:items.lua:VoiceResponse
890000000006536,Жду.,Waiting.,,jazz-units:items.lua:VoiceResponse
890000000006537,Это приходит с опытом.,It comes with experience.,,jazz-units:items.lua:VoiceResponse
890000000006538,"Не пойму, чего несет этот Тревор. Шел бы он обратно в кенгурячью задницу!",Can't make head or tail of what Trevor says. He should crawl back up a kangaroo's ass!,,jazz-units:items.lua:VoiceResponse
890000000006539,Этот парень может любого вояку за пояс заткнуть.,That guy can outfight any soldier.,,jazz-units:items.lua:VoiceResponse
890000000006540,"Не удивлюсь, если куски этого безумца долетели до Халифа.",Wouldn't surprise me if pieces of that madman reached Khalif.,,jazz-units:items.lua:VoiceResponse
890000000006541,Контакт!,Contact!,,jazz-units:items.lua:VoiceResponse
890000000006542,Это было делом времени.,It was only a matter of time.,,jazz-units:items.lua:VoiceResponse
890000000006543,Не проблема.,No problem.,,jazz-units:items.lua:VoiceResponse
890000000006544,Я готов... к смерти.,I'm ready... to die.,,jazz-units:items.lua:VoiceResponse
890000000006545,Бывало и хуже.,I've had worse.,,jazz-units:items.lua:VoiceResponse
890000000006546,Это незаряжено.,It's unloaded.,,jazz-units:items.lua:VoiceResponse
890000000006547,Это было делом времени.,It was only a matter of time.,,jazz-units:items.lua:VoiceResponse
890000000006548,Я готов к работе.,I'm ready for work.,,jazz-units:items.lua:VoiceResponse
890000000006549,Я потихоньку учусь.,"I'm learning, little by little.",,jazz-units:items.lua:VoiceResponse
890000000006550,Только не это.,Not this.,,jazz-units:items.lua:VoiceResponse
890000000006551,Отличная работа.,Great work.,,jazz-units:items.lua:VoiceResponse
890000000006552,Петушок пропел. Иду прямо на работу.,The rooster crowed. Straight to work.,,jazz-units:items.lua:VoiceResponse
890000000006553,Покойник.,Dead man.,,jazz-units:items.lua:VoiceResponse
890000000006554,Пора убивать!,Time to kill!,,jazz-units:items.lua:VoiceResponse
890000000006555,Расчистили!,Clear!,,jazz-units:items.lua:VoiceResponse
890000000006556,"Оуууу... Ох, господи, мне так последний раз было, когда я попробовал починить папашин шредер, знаешь.","Ohhh... Oh, God, the last time I felt like this was when I tried to fix dad's shredder, you know.",,jazz-units:items.lua:VoiceResponse
890000000006557,"Я в порядке, потому что, типа, удары по голове до меня не доходят. В смысле, до вреда не доводят.","I'm fine, 'cause, like, blows to the head don't get through to me. I mean, they don't do any real harm.",,jazz-units:items.lua:VoiceResponse
890000000006558,"Сдается, у меня винтовка пустая.",Looks like my rifle is empty.,,jazz-units:items.lua:VoiceResponse
890000000006559,Пора убивать!,Time to kill!,,jazz-units:items.lua:VoiceResponse
890000000006560,Закончил.,Finished.,,jazz-units:items.lua:VoiceResponse
890000000006561,Я стараюсь!,I'm trying!,,jazz-units:items.lua:VoiceResponse
890000000006562,"Если я раз поймаю этого комуняку Ивана - не в форме, я хочу сказать, - он у меня весь будет красный с синим, русский, твою мать!","If I ever catch that commie Ivan—out of uniform, I mean—he'll be red and blue all over, you Russian bastard!",,jazz-units:items.lua:VoiceResponse
890000000006563,"Вики такая девка, знаешь? В смысле... и с тормозами она классно  справляется.","Vicki's quite a girl, you know? I mean... she's pretty good with brakes, too.",,jazz-units:items.lua:VoiceResponse
890000000006564,"Как раз то, что мне нужно! Приступаю с того места, где закончил.",Just what I need! Picking up where I left off.,,jazz-units:items.lua:VoiceResponse
890000000006565,Опять плохие новости!,Bad news again!,,jazz-units:items.lua:VoiceResponse
890000000006566,Они здеееесь!,They're heeeere!,,jazz-units:items.lua:VoiceResponse
890000000006567,"Лучше ты, чем я.",Better you than me.,,jazz-units:items.lua:VoiceResponse
890000000006568,"Похоже, я умираю... Я вижу яркий свет... о, боже, скажи мне, что это просто спецэффекты.","Looks like I'm dying... I see a bright light... Oh God, tell me it's just special effects.",,jazz-units:items.lua:VoiceResponse
890000000006569,"Ну прямо как в начальной школе, опять поехали.",Just like grade school. Here we go again.,,jazz-units:items.lua:VoiceResponse
890000000006570,Магазин пустой. Нет патронов.,Magazine's empty. No ammo.,,jazz-units:items.lua:VoiceResponse
890000000006571,Они здеееесь!,They're heeeere!,,jazz-units:items.lua:VoiceResponse
890000000006572,Что-нибудь еще?,Anything else?,,jazz-units:items.lua:VoiceResponse
890000000006573,"В любом случае, неплохое начало.","Not a bad start, anyway.",,jazz-units:items.lua:VoiceResponse
890000000006574,Только не это.,Not this.,,jazz-units:items.lua:VoiceResponse
890000000006575,Отличная работа.,Great work.,,jazz-units:items.lua:VoiceResponse
890000000006576,"Все в порядке. Ни в одном глазу. Не волнуйся. Я помню, что мне надо делать.",Everything's fine. Stone-cold sober. Don't worry. I remember what I'm supposed to do.,,jazz-units:items.lua:VoiceResponse
890000000006577,Незваный гость.,Uninvited guest.,,jazz-units:items.lua:VoiceResponse
890000000006578,Шевелитесь! Неприятель.,Move it! Enemy.,,jazz-units:items.lua:VoiceResponse
890000000006579,Добрался я до них.,I got to them.,,jazz-units:items.lua:VoiceResponse
890000000006580,Так твою растак! Больно!,Son of a— That hurts!,,jazz-units:items.lua:VoiceResponse
890000000006581,Да мне это как об стенку горох!,That doesn't even faze me!,,jazz-units:items.lua:VoiceResponse
890000000006582,Патроны вышли.,Out of ammo.,,jazz-units:items.lua:VoiceResponse
890000000006583,Шевелитесь! Неприятель.,Move it! Enemy.,,jazz-units:items.lua:VoiceResponse
890000000006584,"Так, с этим - все. Что дальше?","All right, that's done. What's next?",,jazz-units:items.lua:VoiceResponse
890000000006585,Скоро пора.,Won't be long now.,,jazz-units:items.lua:VoiceResponse
890000000006586,"Сидней - пижон недоделанный, думает, он лучше всех. Свинья.",Sidney's a half-baked poser who thinks he's better than everyone. Pig.,,jazz-units:items.lua:VoiceResponse
890000000006587,"Ну что за парень, Злобный! Я знал, в тебе что-то есть!","Vicious, what a guy! Knew you had something in you!",,jazz-units:items.lua:VoiceResponse
890000000006588,"Мог бы еще поспать, но вот, уже работаю!","Could've slept some more, but here I am, already working!",,jazz-units:items.lua:VoiceResponse
890000000006589,Кто то есть.,Someone's there.,,jazz-units:items.lua:VoiceResponse
890000000006590,Пора браться за работу.,Time to get to work.,,jazz-units:items.lua:VoiceResponse
890000000006591,Не стоит благодарности.,Don't mention it.,,jazz-units:items.lua:VoiceResponse
890000000006592,Я готов... тебе придется меня спасти. Я тебе нужен.,I'm done for... you'll have to save me. You need me.,,jazz-units:items.lua:VoiceResponse
890000000006593,Как наутро после хорошего мордобоя.,Feels like the morning after a good brawl.,,jazz-units:items.lua:VoiceResponse
890000000006594,Свинец нужен!,I need lead!,,jazz-units:items.lua:VoiceResponse
890000000006595,Пора браться за работу.,Time to get to work.,,jazz-units:items.lua:VoiceResponse
890000000006596,Готово.,Done.,,jazz-units:items.lua:VoiceResponse
890000000006597,"Я думал, лучше пойдет.",I thought that would go better.,,jazz-units:items.lua:VoiceResponse
890000000006598,"Эй, слушай и запоминай. Сдоба - пижонка, каких свет не видывал, и я не обещаю, что сумею удержать свою винтовку, пока она так лачивается. Нервишки не в порядке, понимаешь?","Listen and remember. Buns is the biggest poser I've ever seen, and I don't promise I can keep my rifle off her while she's posing like that. Nerves aren't good, you know?",,jazz-units:items.lua:VoiceResponse
890000000006599,Ред - он такой!,That's Red for you!,,jazz-units:items.lua:VoiceResponse
890000000006600,К выполнению задания готов.,Ready for duty.,,jazz-units:items.lua:VoiceResponse
890000000006601,Вижу подонков!,I see the bastards!,,jazz-units:items.lua:VoiceResponse
890000000006602,Всегда хотел в этом поучаствовать... И вот он случай.,I've always wanted in on this... and now's my chance.,,jazz-units:items.lua:VoiceResponse
890000000006603,Это тебе за Арулько!,This is for Arulco!,,jazz-units:items.lua:VoiceResponse
890000000006604,"Кровь... Я, кажется, не выживу...",Blood... I don't think I'll survive...,,jazz-units:items.lua:VoiceResponse
890000000006605,"Да, хорошо меня избили.","Yeah, they beat me up pretty good.",,jazz-units:items.lua:VoiceResponse
890000000006606,Кончились патроны.,Out of ammo.,,jazz-units:items.lua:VoiceResponse
890000000006607,Всегда хотел в этом поучаствовать... И вот он случай.,I've always wanted in on this... and now's my chance.,,jazz-units:items.lua:VoiceResponse
890000000006608,Задание выполнено. Ожидаю следующего.,Assignment complete. Awaiting the next one.,,jazz-units:items.lua:VoiceResponse
890000000006609,С опытом приходит мастерство!,Skill comes with experience!,,jazz-units:items.lua:VoiceResponse
890000000006610,Только не это.,Not this.,,jazz-units:items.lua:VoiceResponse
890000000006611,Отличная работа.,Great work.,,jazz-units:items.lua:VoiceResponse
890000000006612,На связи.,Standing by.,,jazz-units:items.lua:VoiceResponse
890000000006613,Черти!,Devils!,,jazz-units:items.lua:VoiceResponse
890000000006614,Черти!,Devils!,,jazz-units:items.lua:VoiceResponse
890000000006615,Есть!,Yes!,,jazz-units:items.lua:VoiceResponse
890000000006616,Конец...,The end...,,jazz-units:items.lua:VoiceResponse
890000000006617,Ранен!,Wounded!,,jazz-units:items.lua:VoiceResponse
890000000006618,Мне бы еще свинца.,Could use some more lead.,,jazz-units:items.lua:VoiceResponse
890000000006619,"Шпана! Ну, пора представиться.",Riffraff! Time to introduce myself.,,jazz-units:items.lua:VoiceResponse
890000000006620,"Завязывайте курить кубинские сигары, это до добра не доведет. Мы еще поставим этого парня на колени. Это может случиться в любой момент. Увидите!",Quit smoking Cuban cigars; it'll do you no good. We'll still bring this guy to his knees. It could happen any moment. You'll see!,,jazz-units:items.lua:VoiceResponse
890000000006621,"Кто сказал, что я стар?",Who said I'm old?,,jazz-units:items.lua:VoiceResponse
890000000006622,"Похоже, этот Иван сочувствует коммунистам. Он говорит, словно один из этих русских. Я лучше буду держаться от него подальше.",Looks like Ivan sympathizes with the communists. Talks like one of those Russians. Better keep my distance.,,jazz-units:items.lua:VoiceResponse
890000000006623,Только посмотри на Гаса. Вот настоящий солдат.,Just look at Gus. Now there's a real soldier.,,jazz-units:items.lua:VoiceResponse
890000000006624,[WIP] Александра «Бенни» Бенедикт,Alexandra “Benny” Benedict,,jazz-units:items.lua:VoiceResponse
890000000006625,Бенни,Benny,,jazz-units:items.lua:VoiceResponse
890000000006626,БЕННИ,BENNY,,jazz-units:items.lua:VoiceResponse
890000000006627,work in progress,work in progress,,jazz-units:items.lua:VoiceResponse
890000000006628,Взломщица с Халифа,Burglar from Khalif,,jazz-units:items.lua:VoiceResponse
890000000006629,Benny@khalif.sj,Benny@khalif.sj,,jazz-units:items.lua:VoiceResponse
890000000006630,benny,benny,,jazz-units:items.lua:VoiceResponse
890000000006631,Бенни на линии позже.,Benny will be back on the line later.,,jazz-units:items.lua:VoiceResponse
890000000006632,Бенедикт. Говорите.,Benedict speaking. Go ahead.,,jazz-units:items.lua:VoiceResponse
890000000006633,Связь прервалась.,We got cut off.,,jazz-units:items.lua:VoiceResponse
890000000006634,Жду.,Waiting.,,jazz-units:items.lua:VoiceResponse
890000000006635,Идём.,Let's go.,,jazz-units:items.lua:VoiceResponse
890000000006636,Контракт заканчивается?,The contract's ending?,,jazz-units:items.lua:VoiceResponse
890000000006637,Остаюсь.,I'm staying.,,jazz-units:items.lua:VoiceResponse
890000000006650,Саймон Грандье,Simon Grandier,,jazz-units:items.lua:VoiceResponse
890000000006651,Саймон,Simon,,jazz-units:items.lua:VoiceResponse
890000000006652,САЙМОН,SIMON,,jazz-units:items.lua:VoiceResponse
890000000006653,work in progress,work in progress,,jazz-units:items.lua:VoiceResponse
890000000006654,Снайпер с Халифа,Sniper from Khalif,,jazz-units:items.lua:VoiceResponse
890000000006655,Simon@khalif.sj,Simon@khalif.sj,,jazz-units:items.lua:VoiceResponse
890000000006656,simon,simon,,jazz-units:items.lua:VoiceResponse
890000000006657,Грандье недоступен.,Grandier is unavailable.,,jazz-units:items.lua:VoiceResponse
890000000006658,Саймон Грандье. Слушаю.,Simon Grandier speaking. I'm listening.,,jazz-units:items.lua:VoiceResponse
890000000006659,Связь прервалась.,We got cut off.,,jazz-units:items.lua:VoiceResponse
890000000006660,Жду.,Waiting.,,jazz-units:items.lua:VoiceResponse
890000000006661,Идём.,Let's go.,,jazz-units:items.lua:VoiceResponse
890000000006662,Контракт заканчивается?,The contract's ending?,,jazz-units:items.lua:VoiceResponse
890000000006663,Остаюсь.,I'm staying.,,jazz-units:items.lua:VoiceResponse
890000000007000,На связи.,Standing by.,,jazz-units:items.lua:VoiceResponse
890000000007001,На связи.,Standing by.,,jazz-units:items.lua:VoiceResponse
890000000007002,Тихо.,Quiet.,,jazz-units:items.lua:VoiceResponse
890000000007003,Тихо.,Quiet.,,jazz-units:items.lua:VoiceResponse
890000000007004,Тихо.,Quiet.,,jazz-units:items.lua:VoiceResponse
890000000007005,Есть.,On it.,,jazz-units:items.lua:VoiceResponse
890000000007006,Есть.,On it.,,jazz-units:items.lua:VoiceResponse
890000000007007,Есть.,On it.,,jazz-units:items.lua:VoiceResponse
890000000007008,Двигаюсь.,Moving.,,jazz-units:items.lua:VoiceResponse
890000000007009,Двигаюсь.,Moving.,,jazz-units:items.lua:VoiceResponse
890000000007010,Двигаюсь.,Moving.,,jazz-units:items.lua:VoiceResponse
890000000007011,Крадусь.,Sneaking.,,jazz-units:items.lua:VoiceResponse
890000000007012,Крадусь.,Sneaking.,,jazz-units:items.lua:VoiceResponse
890000000007013,Крадусь.,Sneaking.,,jazz-units:items.lua:VoiceResponse
890000000007014,С вами.,With you.,,jazz-units:items.lua:VoiceResponse
890000000007015,С вами.,With you.,,jazz-units:items.lua:VoiceResponse
890000000007016,С вами.,With you.,,jazz-units:items.lua:VoiceResponse
890000000007017,Есть цель!,Target spotted!,,jazz-units:items.lua:VoiceResponse
890000000007018,Тихо сниму.,I'll take them out quietly.,,jazz-units:items.lua:VoiceResponse
890000000007019,Тихо сниму.,I'll take them out quietly.,,jazz-units:items.lua:VoiceResponse
890000000007020,Сложный выстрел.,Tough shot.,,jazz-units:items.lua:VoiceResponse
890000000007021,Плохой угол.,Bad angle.,,jazz-units:items.lua:VoiceResponse
890000000007022,Вижу их!,I see them!,,jazz-units:items.lua:VoiceResponse
890000000007023,Вижу их!,I see them!,,jazz-units:items.lua:VoiceResponse
890000000007024,Их много!,There's a lot of them!,,jazz-units:items.lua:VoiceResponse
890000000007025,Готов.,Ready.,,jazz-units:items.lua:VoiceResponse
890000000007026,Патроны кончились.,Out of ammo.,,jazz-units:items.lua:VoiceResponse
890000000007027,Клин!,Jammed!,,jazz-units:items.lua:VoiceResponse
890000000007028,Аргх!,Argh!,,jazz-units:items.lua:VoiceResponse
890000000007029,Аргх!,Argh!,,jazz-units:items.lua:VoiceResponse
890000000007030,Ранен!,Wounded!,,jazz-units:items.lua:VoiceResponse
890000000007031,Плохо…,This is bad...,,jazz-units:items.lua:VoiceResponse
890000000007032,К бою!,Prepare for battle!,,jazz-units:items.lua:VoiceResponse
890000000007033,Чисто.,Clean.,,jazz-units:items.lua:VoiceResponse
890000000007034,Ещё остались.,There are more left.,,jazz-units:items.lua:VoiceResponse
890000000007035,Жду.,Waiting.,,jazz-units:items.lua:VoiceResponse
890000000007036,Жду.,Waiting.,,jazz-units:items.lua:VoiceResponse
890000000007037,Прячусь.,I'm hiding.,,jazz-units:items.lua:VoiceResponse
890000000007038,Прячусь.,I'm hiding.,,jazz-units:items.lua:VoiceResponse
890000000007039,Интересно…,Interesting...,,jazz-units:items.lua:VoiceResponse
890000000007040,Интересно…,Interesting...,,jazz-units:items.lua:VoiceResponse
890000000007041,Закрыто.,Locked.,,jazz-units:items.lua:VoiceResponse
890000000007042,Устал…,Tired...,,jazz-units:items.lua:VoiceResponse
890000000007043,(пыхтит),(huffing),,jazz-units:items.lua:VoiceResponse
890000000007044,Спасибо.,Thanks.,,jazz-units:items.lua:VoiceResponse
890000000007045,Не сейчас.,There be plenty of time later for that.,,jazz-units:items.lua:VoiceResponse
890000000007046,Готово.,Done.,,jazz-units:items.lua:VoiceResponse
890000000007047,В укрытие!,Take cover!,,jazz-units:items.lua:VoiceResponse
890000000007048,Граната!,Grenade!,,jazz-units:items.lua:VoiceResponse
890000000007049,Очередь!,Burst!,,jazz-units:items.lua:VoiceResponse
890000000007050,(лезет),(climbing),,jazz-units:items.lua:VoiceResponse
890000000007051,(прыжок),(jump),,jazz-units:items.lua:VoiceResponse
890000000007052,Что?!,What?!,,jazz-units:items.lua:VoiceResponse
890000000007053,Опасно!,Dangerous!,,jazz-units:items.lua:VoiceResponse
890000000007054,Держу сектор.,Holding this sector.,,jazz-units:items.lua:VoiceResponse
890000000007055,Наготове.,Ready.,,jazz-units:items.lua:VoiceResponse
890000000007056,(кашляет),(coughs),,jazz-units:items.lua:VoiceResponse
890000000007057,Почти…,Almost...,,jazz-units:items.lua:VoiceResponse
890000000007058,Зверь!,Beast!,,jazz-units:items.lua:VoiceResponse
890000000007059,Есть идея.,I've got an idea.,,jazz-units:items.lua:VoiceResponse
890000000007060,Сделано.,Done.,,jazz-units:items.lua:VoiceResponse
890000000007061,Не вышло.,Didn't work.,,jazz-units:items.lua:VoiceResponse
890000000007062,На связи.,Standing by.,,jazz-units:items.lua:VoiceResponse
890000000007063,На связи.,Standing by.,,jazz-units:items.lua:VoiceResponse
890000000007064,Тихо.,Quiet.,,jazz-units:items.lua:VoiceResponse
890000000007065,Тихо.,Quiet.,,jazz-units:items.lua:VoiceResponse
890000000007066,Тихо.,Quiet.,,jazz-units:items.lua:VoiceResponse
890000000007067,Есть.,On it.,,jazz-units:items.lua:VoiceResponse
890000000007068,Есть.,On it.,,jazz-units:items.lua:VoiceResponse
890000000007069,Есть.,On it.,,jazz-units:items.lua:VoiceResponse
890000000007070,Двигаюсь.,Moving.,,jazz-units:items.lua:VoiceResponse
890000000007071,Двигаюсь.,Moving.,,jazz-units:items.lua:VoiceResponse
890000000007072,Двигаюсь.,Moving.,,jazz-units:items.lua:VoiceResponse
890000000007073,Крадусь.,Sneaking.,,jazz-units:items.lua:VoiceResponse
890000000007074,Крадусь.,Sneaking.,,jazz-units:items.lua:VoiceResponse
890000000007075,Крадусь.,Sneaking.,,jazz-units:items.lua:VoiceResponse
890000000007076,С вами.,With you.,,jazz-units:items.lua:VoiceResponse
890000000007077,С вами.,With you.,,jazz-units:items.lua:VoiceResponse
890000000007078,С вами.,With you.,,jazz-units:items.lua:VoiceResponse
890000000007079,Есть цель!,Target spotted!,,jazz-units:items.lua:VoiceResponse
890000000007080,Тихо сниму.,I'll take them out quietly.,,jazz-units:items.lua:VoiceResponse
890000000007081,Тихо сниму.,I'll take them out quietly.,,jazz-units:items.lua:VoiceResponse
890000000007082,Сложный выстрел.,Tough shot.,,jazz-units:items.lua:VoiceResponse
890000000007083,Плохой угол.,Bad angle.,,jazz-units:items.lua:VoiceResponse
890000000007084,Вижу их!,I see them!,,jazz-units:items.lua:VoiceResponse
890000000007085,Вижу их!,I see them!,,jazz-units:items.lua:VoiceResponse
890000000007086,Их много!,There's a lot of them!,,jazz-units:items.lua:VoiceResponse
890000000007087,Готов.,Ready.,,jazz-units:items.lua:VoiceResponse
890000000007088,Патроны кончились.,Out of ammo.,,jazz-units:items.lua:VoiceResponse
890000000007089,Клин!,Jammed!,,jazz-units:items.lua:VoiceResponse
890000000007090,Аргх!,Argh!,,jazz-units:items.lua:VoiceResponse
890000000007091,Аргх!,Argh!,,jazz-units:items.lua:VoiceResponse
890000000007092,Ранен!,Wounded!,,jazz-units:items.lua:VoiceResponse
890000000007093,Плохо…,This is bad...,,jazz-units:items.lua:VoiceResponse
890000000007094,Контакт!,Contact!,,jazz-units:items.lua:VoiceResponse
890000000007095,Чисто.,Clean.,,jazz-units:items.lua:VoiceResponse
890000000007096,Ещё остались.,There are more left.,,jazz-units:items.lua:VoiceResponse
890000000007097,Жду.,Waiting.,,jazz-units:items.lua:VoiceResponse
890000000007098,Жду.,Waiting.,,jazz-units:items.lua:VoiceResponse
890000000007099,Прячусь.,I'm hiding.,,jazz-units:items.lua:VoiceResponse
890000000007100,Прячусь.,I'm hiding.,,jazz-units:items.lua:VoiceResponse
890000000007101,Интересно…,Interesting...,,jazz-units:items.lua:VoiceResponse
890000000007102,Интересно…,Interesting...,,jazz-units:items.lua:VoiceResponse
890000000007103,Закрыто.,Locked.,,jazz-units:items.lua:VoiceResponse
890000000007104,Устал…,Tired...,,jazz-units:items.lua:VoiceResponse
890000000007105,(пыхтит),(huffing),,jazz-units:items.lua:VoiceResponse
890000000007106,Спасибо.,Thanks.,,jazz-units:items.lua:VoiceResponse
890000000007107,Не сейчас.,There be plenty of time later for that.,,jazz-units:items.lua:VoiceResponse
890000000007108,Готово.,Done.,,jazz-units:items.lua:VoiceResponse
890000000007109,В укрытие!,Take cover!,,jazz-units:items.lua:VoiceResponse
890000000007110,Граната!,Grenade!,,jazz-units:items.lua:VoiceResponse
890000000007111,Очередь!,Burst!,,jazz-units:items.lua:VoiceResponse
890000000007112,(лезет),(climbing),,jazz-units:items.lua:VoiceResponse
890000000007113,(прыжок),(jump),,jazz-units:items.lua:VoiceResponse
890000000007114,Что?!,What?!,,jazz-units:items.lua:VoiceResponse
890000000007115,Опасно!,Dangerous!,,jazz-units:items.lua:VoiceResponse
890000000007116,Держу сектор.,Holding this sector.,,jazz-units:items.lua:VoiceResponse
890000000007117,Наготове.,Ready.,,jazz-units:items.lua:VoiceResponse
890000000007118,(кашляет),(coughs),,jazz-units:items.lua:VoiceResponse
890000000007119,Почти…,Almost...,,jazz-units:items.lua:VoiceResponse
890000000007120,Зверь!,Beast!,,jazz-units:items.lua:VoiceResponse
890000000007121,Есть идея.,I've got an idea.,,jazz-units:items.lua:VoiceResponse
890000000007122,Сделано.,Done.,,jazz-units:items.lua:VoiceResponse
890000000007123,Не вышло.,Didn't work.,,jazz-units:items.lua:VoiceResponse
890000000007124,На связи.,Standing by.,,jazz-units:items.lua:VoiceResponse
890000000007125,На связи.,Standing by.,,jazz-units:items.lua:VoiceResponse
890000000007126,Тихо.,Quiet.,,jazz-units:items.lua:VoiceResponse
890000000007127,Тихо.,Quiet.,,jazz-units:items.lua:VoiceResponse
890000000007128,Тихо.,Quiet.,,jazz-units:items.lua:VoiceResponse
890000000007129,Есть.,On it.,,jazz-units:items.lua:VoiceResponse
890000000007130,Есть.,On it.,,jazz-units:items.lua:VoiceResponse
890000000007131,Есть.,On it.,,jazz-units:items.lua:VoiceResponse
890000000007132,Двигаюсь.,Moving.,,jazz-units:items.lua:VoiceResponse
890000000007133,Двигаюсь.,Moving.,,jazz-units:items.lua:VoiceResponse
890000000007134,Двигаюсь.,Moving.,,jazz-units:items.lua:VoiceResponse
890000000007135,Крадусь.,Sneaking.,,jazz-units:items.lua:VoiceResponse
890000000007136,Крадусь.,Sneaking.,,jazz-units:items.lua:VoiceResponse
890000000007137,Крадусь.,Sneaking.,,jazz-units:items.lua:VoiceResponse
890000000007138,С вами.,With you.,,jazz-units:items.lua:VoiceResponse
890000000007139,С вами.,With you.,,jazz-units:items.lua:VoiceResponse
890000000007140,С вами.,With you.,,jazz-units:items.lua:VoiceResponse
890000000007141,Есть цель!,Target spotted!,,jazz-units:items.lua:VoiceResponse
890000000007142,Тихо сниму.,I'll take them out quietly.,,jazz-units:items.lua:VoiceResponse
890000000007143,Тихо сниму.,I'll take them out quietly.,,jazz-units:items.lua:VoiceResponse
890000000007144,Сложный выстрел.,Tough shot.,,jazz-units:items.lua:VoiceResponse
890000000007145,Плохой угол.,Bad angle.,,jazz-units:items.lua:VoiceResponse
890000000007146,Вижу их!,I see them!,,jazz-units:items.lua:VoiceResponse
890000000007147,Вижу их!,I see them!,,jazz-units:items.lua:VoiceResponse
890000000007148,Их много!,There's a lot of them!,,jazz-units:items.lua:VoiceResponse
890000000007149,Готов.,Ready.,,jazz-units:items.lua:VoiceResponse
890000000007150,Патроны кончились.,Out of ammo.,,jazz-units:items.lua:VoiceResponse
890000000007151,Клин!,Jammed!,,jazz-units:items.lua:VoiceResponse
890000000007152,Аргх!,Argh!,,jazz-units:items.lua:VoiceResponse
890000000007153,Аргх!,Argh!,,jazz-units:items.lua:VoiceResponse
890000000007154,Ранен!,Wounded!,,jazz-units:items.lua:VoiceResponse
890000000007155,Плохо…,This is bad...,,jazz-units:items.lua:VoiceResponse
890000000007156,К бою!,Prepare for battle!,,jazz-units:items.lua:VoiceResponse
890000000007157,Чисто.,Clean.,,jazz-units:items.lua:VoiceResponse
890000000007158,Ещё остались.,There are more left.,,jazz-units:items.lua:VoiceResponse
890000000007159,Жду.,Waiting.,,jazz-units:items.lua:VoiceResponse
890000000007160,Жду.,Waiting.,,jazz-units:items.lua:VoiceResponse
890000000007161,Прячусь.,I'm hiding.,,jazz-units:items.lua:VoiceResponse
890000000007162,Прячусь.,I'm hiding.,,jazz-units:items.lua:VoiceResponse
890000000007163,Интересно…,Interesting...,,jazz-units:items.lua:VoiceResponse
890000000007164,Интересно…,Interesting...,,jazz-units:items.lua:VoiceResponse
890000000007165,Закрыто.,Locked.,,jazz-units:items.lua:VoiceResponse
890000000007166,Устал…,Tired...,,jazz-units:items.lua:VoiceResponse
890000000007167,(пыхтит),(huffing),,jazz-units:items.lua:VoiceResponse
890000000007168,Спасибо.,Thanks.,,jazz-units:items.lua:VoiceResponse
890000000007169,Не сейчас.,There be plenty of time later for that.,,jazz-units:items.lua:VoiceResponse
890000000007170,Готово.,Done.,,jazz-units:items.lua:VoiceResponse
890000000007171,В укрытие!,Take cover!,,jazz-units:items.lua:VoiceResponse
890000000007172,Граната!,Grenade!,,jazz-units:items.lua:VoiceResponse
890000000007173,Очередь!,Burst!,,jazz-units:items.lua:VoiceResponse
890000000007174,(лезет),(climbing),,jazz-units:items.lua:VoiceResponse
890000000007175,(прыжок),(jump),,jazz-units:items.lua:VoiceResponse
890000000007176,Что?!,What?!,,jazz-units:items.lua:VoiceResponse
890000000007177,Опасно!,Dangerous!,,jazz-units:items.lua:VoiceResponse
890000000007178,Держу сектор.,Holding this sector.,,jazz-units:items.lua:VoiceResponse
890000000007179,Наготове.,Ready.,,jazz-units:items.lua:VoiceResponse
890000000007180,(кашляет),(coughs),,jazz-units:items.lua:VoiceResponse
890000000007181,Почти…,Almost...,,jazz-units:items.lua:VoiceResponse
890000000007182,Зверь!,Beast!,,jazz-units:items.lua:VoiceResponse
890000000007183,Есть идея.,I've got an idea.,,jazz-units:items.lua:VoiceResponse
890000000007184,Сделано.,Done.,,jazz-units:items.lua:VoiceResponse
890000000007185,Не вышло.,Didn't work.,,jazz-units:items.lua:VoiceResponse
890000000007186,На связи.,Standing by.,,jazz-units:items.lua:VoiceResponse
890000000007187,На связи.,Standing by.,,jazz-units:items.lua:VoiceResponse
890000000007188,Тихо.,Quiet.,,jazz-units:items.lua:VoiceResponse
890000000007189,Тихо.,Quiet.,,jazz-units:items.lua:VoiceResponse
890000000007190,Тихо.,Quiet.,,jazz-units:items.lua:VoiceResponse
890000000007191,Есть.,On it.,,jazz-units:items.lua:VoiceResponse
890000000007192,Есть.,On it.,,jazz-units:items.lua:VoiceResponse
890000000007193,Есть.,On it.,,jazz-units:items.lua:VoiceResponse
890000000007194,Двигаюсь.,Moving.,,jazz-units:items.lua:VoiceResponse
890000000007195,Двигаюсь.,Moving.,,jazz-units:items.lua:VoiceResponse
890000000007196,Двигаюсь.,Moving.,,jazz-units:items.lua:VoiceResponse
890000000007197,Крадусь.,Sneaking.,,jazz-units:items.lua:VoiceResponse
890000000007198,Крадусь.,Sneaking.,,jazz-units:items.lua:VoiceResponse
890000000007199,Крадусь.,Sneaking.,,jazz-units:items.lua:VoiceResponse
890000000007200,С вами.,With you.,,jazz-units:items.lua:VoiceResponse
890000000007201,С вами.,With you.,,jazz-units:items.lua:VoiceResponse
890000000007202,С вами.,With you.,,jazz-units:items.lua:VoiceResponse
890000000007203,Есть цель!,Target spotted!,,jazz-units:items.lua:VoiceResponse
890000000007204,Тихо сниму.,I'll take them out quietly.,,jazz-units:items.lua:VoiceResponse
890000000007205,Тихо сниму.,I'll take them out quietly.,,jazz-units:items.lua:VoiceResponse
890000000007206,Сложный выстрел.,Tough shot.,,jazz-units:items.lua:VoiceResponse
890000000007207,Плохой угол.,Bad angle.,,jazz-units:items.lua:VoiceResponse
890000000007208,Вижу их!,I see them!,,jazz-units:items.lua:VoiceResponse
890000000007209,Вижу их!,I see them!,,jazz-units:items.lua:VoiceResponse
890000000007210,Их много!,There's a lot of them!,,jazz-units:items.lua:VoiceResponse
890000000007211,Готов.,Ready.,,jazz-units:items.lua:VoiceResponse
890000000007212,Патроны кончились.,Out of ammo.,,jazz-units:items.lua:VoiceResponse
890000000007213,Клин!,Jammed!,,jazz-units:items.lua:VoiceResponse
890000000007214,Аргх!,Argh!,,jazz-units:items.lua:VoiceResponse
890000000007215,Аргх!,Argh!,,jazz-units:items.lua:VoiceResponse
890000000007216,Ранен!,Wounded!,,jazz-units:items.lua:VoiceResponse
890000000007217,Плохо…,This is bad...,,jazz-units:items.lua:VoiceResponse
890000000007218,К бою!,Prepare for battle!,,jazz-units:items.lua:VoiceResponse
890000000007219,Чисто.,Clean.,,jazz-units:items.lua:VoiceResponse
890000000007220,Ещё остались.,There are more left.,,jazz-units:items.lua:VoiceResponse
890000000007221,Жду.,Waiting.,,jazz-units:items.lua:VoiceResponse
890000000007222,Жду.,Waiting.,,jazz-units:items.lua:VoiceResponse
890000000007223,Прячусь.,I'm hiding.,,jazz-units:items.lua:VoiceResponse
890000000007224,Прячусь.,I'm hiding.,,jazz-units:items.lua:VoiceResponse
890000000007225,Интересно…,Interesting...,,jazz-units:items.lua:VoiceResponse
890000000007226,Интересно…,Interesting...,,jazz-units:items.lua:VoiceResponse
890000000007227,Закрыто.,Locked.,,jazz-units:items.lua:VoiceResponse
890000000007228,Устал…,Tired...,,jazz-units:items.lua:VoiceResponse
890000000007229,(пыхтит),(huffing),,jazz-units:items.lua:VoiceResponse
890000000007230,Спасибо.,Thanks.,,jazz-units:items.lua:VoiceResponse
890000000007231,Не сейчас.,There be plenty of time later for that.,,jazz-units:items.lua:VoiceResponse
890000000007232,Готово.,Done.,,jazz-units:items.lua:VoiceResponse
890000000007233,В укрытие!,Take cover!,,jazz-units:items.lua:VoiceResponse
890000000007234,Граната!,Grenade!,,jazz-units:items.lua:VoiceResponse
890000000007235,Очередь!,Burst!,,jazz-units:items.lua:VoiceResponse
890000000007236,(лезет),(climbing),,jazz-units:items.lua:VoiceResponse
890000000007237,(прыжок),(jump),,jazz-units:items.lua:VoiceResponse
890000000007238,Что?!,What?!,,jazz-units:items.lua:VoiceResponse
890000000007239,Опасно!,Dangerous!,,jazz-units:items.lua:VoiceResponse
890000000007240,Держу сектор.,Holding this sector.,,jazz-units:items.lua:VoiceResponse
890000000007241,Наготове.,Ready.,,jazz-units:items.lua:VoiceResponse
890000000007242,(кашляет),(coughs),,jazz-units:items.lua:VoiceResponse
890000000007243,Почти…,Almost...,,jazz-units:items.lua:VoiceResponse
890000000007244,Зверь!,Beast!,,jazz-units:items.lua:VoiceResponse
890000000007245,Есть идея.,I've got an idea.,,jazz-units:items.lua:VoiceResponse
890000000007246,Сделано.,Done.,,jazz-units:items.lua:VoiceResponse
890000000007247,Не вышло.,Didn't work.,,jazz-units:items.lua:VoiceResponse
890000000007248,На связи.,Standing by.,,jazz-units:items.lua:VoiceResponse
890000000007249,На связи.,Standing by.,,jazz-units:items.lua:VoiceResponse
890000000007250,Тихо.,Quiet.,,jazz-units:items.lua:VoiceResponse
890000000007251,Тихо.,Quiet.,,jazz-units:items.lua:VoiceResponse
890000000007252,Тихо.,Quiet.,,jazz-units:items.lua:VoiceResponse
890000000007253,Есть.,On it.,,jazz-units:items.lua:VoiceResponse
890000000007254,Есть.,On it.,,jazz-units:items.lua:VoiceResponse
890000000007255,Есть.,On it.,,jazz-units:items.lua:VoiceResponse
890000000007256,Двигаюсь.,Moving.,,jazz-units:items.lua:VoiceResponse
890000000007257,Двигаюсь.,Moving.,,jazz-units:items.lua:VoiceResponse
890000000007258,Двигаюсь.,Moving.,,jazz-units:items.lua:VoiceResponse
890000000007259,Крадусь.,Sneaking.,,jazz-units:items.lua:VoiceResponse
890000000007260,Крадусь.,Sneaking.,,jazz-units:items.lua:VoiceResponse
890000000007261,Крадусь.,Sneaking.,,jazz-units:items.lua:VoiceResponse
890000000007262,С вами.,With you.,,jazz-units:items.lua:VoiceResponse
890000000007263,С вами.,With you.,,jazz-units:items.lua:VoiceResponse
890000000007264,С вами.,With you.,,jazz-units:items.lua:VoiceResponse
890000000007265,Есть цель!,Target spotted!,,jazz-units:items.lua:VoiceResponse
890000000007266,Тихо сниму.,I'll take them out quietly.,,jazz-units:items.lua:VoiceResponse
890000000007267,Тихо сниму.,I'll take them out quietly.,,jazz-units:items.lua:VoiceResponse
890000000007268,Сложный выстрел.,Tough shot.,,jazz-units:items.lua:VoiceResponse
890000000007269,Плохой угол.,Bad angle.,,jazz-units:items.lua:VoiceResponse
890000000007270,Вижу их!,I see them!,,jazz-units:items.lua:VoiceResponse
890000000007271,Вижу их!,I see them!,,jazz-units:items.lua:VoiceResponse
890000000007272,Их много!,There's a lot of them!,,jazz-units:items.lua:VoiceResponse
890000000007273,Готов.,Ready.,,jazz-units:items.lua:VoiceResponse
890000000007274,Патроны кончились.,Out of ammo.,,jazz-units:items.lua:VoiceResponse
890000000007275,Клин!,Jammed!,,jazz-units:items.lua:VoiceResponse
890000000007276,Аргх!,Argh!,,jazz-units:items.lua:VoiceResponse
890000000007277,Аргх!,Argh!,,jazz-units:items.lua:VoiceResponse
890000000007278,Ранен!,Wounded!,,jazz-units:items.lua:VoiceResponse
890000000007279,Плохо…,This is bad...,,jazz-units:items.lua:VoiceResponse
890000000007280,К бою!,Prepare for battle!,,jazz-units:items.lua:VoiceResponse
890000000007281,Чисто.,Clean.,,jazz-units:items.lua:VoiceResponse
890000000007282,Ещё остались.,There are more left.,,jazz-units:items.lua:VoiceResponse
890000000007283,Жду.,Waiting.,,jazz-units:items.lua:VoiceResponse
890000000007284,Жду.,Waiting.,,jazz-units:items.lua:VoiceResponse
890000000007285,Прячусь.,I'm hiding.,,jazz-units:items.lua:VoiceResponse
890000000007286,Прячусь.,I'm hiding.,,jazz-units:items.lua:VoiceResponse
890000000007287,Интересно…,Interesting...,,jazz-units:items.lua:VoiceResponse
890000000007288,Интересно…,Interesting...,,jazz-units:items.lua:VoiceResponse
890000000007289,Закрыто.,Locked.,,jazz-units:items.lua:VoiceResponse
890000000007290,Устал…,Tired...,,jazz-units:items.lua:VoiceResponse
890000000007291,(пыхтит),(huffing),,jazz-units:items.lua:VoiceResponse
890000000007292,Спасибо.,Thanks.,,jazz-units:items.lua:VoiceResponse
890000000007293,Не сейчас.,There be plenty of time later for that.,,jazz-units:items.lua:VoiceResponse
890000000007294,Готово.,Done.,,jazz-units:items.lua:VoiceResponse
890000000007295,В укрытие!,Take cover!,,jazz-units:items.lua:VoiceResponse
890000000007296,Граната!,Grenade!,,jazz-units:items.lua:VoiceResponse
890000000007297,Очередь!,Burst!,,jazz-units:items.lua:VoiceResponse
890000000007298,(лезет),(climbing),,jazz-units:items.lua:VoiceResponse
890000000007299,(прыжок),(jump),,jazz-units:items.lua:VoiceResponse
890000000007300,Что?!,What?!,,jazz-units:items.lua:VoiceResponse
890000000007301,Опасно!,Dangerous!,,jazz-units:items.lua:VoiceResponse
890000000007302,Держу сектор.,Holding this sector.,,jazz-units:items.lua:VoiceResponse
890000000007303,Наготове.,Ready.,,jazz-units:items.lua:VoiceResponse
890000000007304,(кашляет),(coughs),,jazz-units:items.lua:VoiceResponse
890000000007305,Почти…,Almost...,,jazz-units:items.lua:VoiceResponse
890000000007306,Зверь!,Beast!,,jazz-units:items.lua:VoiceResponse
890000000007307,Есть идея.,I've got an idea.,,jazz-units:items.lua:VoiceResponse
890000000007308,Сделано.,Done.,,jazz-units:items.lua:VoiceResponse
890000000007309,Не вышло.,Didn't work.,,jazz-units:items.lua:VoiceResponse
890000000007310,На связи.,Standing by.,,jazz-units:items.lua:VoiceResponse
890000000007311,На связи.,Standing by.,,jazz-units:items.lua:VoiceResponse
890000000007312,Тихо.,Quiet.,,jazz-units:items.lua:VoiceResponse
890000000007313,Тихо.,Quiet.,,jazz-units:items.lua:VoiceResponse
890000000007314,Тихо.,Quiet.,,jazz-units:items.lua:VoiceResponse
890000000007315,Есть.,On it.,,jazz-units:items.lua:VoiceResponse
890000000007316,Есть.,On it.,,jazz-units:items.lua:VoiceResponse
890000000007317,Есть.,On it.,,jazz-units:items.lua:VoiceResponse
890000000007318,Двигаюсь.,Moving.,,jazz-units:items.lua:VoiceResponse
890000000007319,Двигаюсь.,Moving.,,jazz-units:items.lua:VoiceResponse
890000000007320,Двигаюсь.,Moving.,,jazz-units:items.lua:VoiceResponse
890000000007321,Крадусь.,Sneaking.,,jazz-units:items.lua:VoiceResponse
890000000007322,Крадусь.,Sneaking.,,jazz-units:items.lua:VoiceResponse
890000000007323,Крадусь.,Sneaking.,,jazz-units:items.lua:VoiceResponse
890000000007324,С вами.,With you.,,jazz-units:items.lua:VoiceResponse
890000000007325,С вами.,With you.,,jazz-units:items.lua:VoiceResponse
890000000007326,С вами.,With you.,,jazz-units:items.lua:VoiceResponse
890000000007327,Есть цель!,Target spotted!,,jazz-units:items.lua:VoiceResponse
890000000007328,Тихо сниму.,I'll take them out quietly.,,jazz-units:items.lua:VoiceResponse
890000000007329,Тихо сниму.,I'll take them out quietly.,,jazz-units:items.lua:VoiceResponse
890000000007330,Сложный выстрел.,Tough shot.,,jazz-units:items.lua:VoiceResponse
890000000007331,Плохой угол.,Bad angle.,,jazz-units:items.lua:VoiceResponse
890000000007332,Вижу их!,I see them!,,jazz-units:items.lua:VoiceResponse
890000000007333,Вижу их!,I see them!,,jazz-units:items.lua:VoiceResponse
890000000007334,Их много!,There's a lot of them!,,jazz-units:items.lua:VoiceResponse
890000000007335,Готов.,Ready.,,jazz-units:items.lua:VoiceResponse
890000000007336,Патроны кончились.,Out of ammo.,,jazz-units:items.lua:VoiceResponse
890000000007337,Клин!,Jammed!,,jazz-units:items.lua:VoiceResponse
890000000007338,Аргх!,Argh!,,jazz-units:items.lua:VoiceResponse
890000000007339,Аргх!,Argh!,,jazz-units:items.lua:VoiceResponse
890000000007340,Ранен!,Wounded!,,jazz-units:items.lua:VoiceResponse
890000000007341,Плохо…,This is bad...,,jazz-units:items.lua:VoiceResponse
890000000007342,К бою!,Prepare for battle!,,jazz-units:items.lua:VoiceResponse
890000000007343,Чисто.,Clean.,,jazz-units:items.lua:VoiceResponse
890000000007344,Ещё остались.,There are more left.,,jazz-units:items.lua:VoiceResponse
890000000007345,Жду.,Waiting.,,jazz-units:items.lua:VoiceResponse
890000000007346,Жду.,Waiting.,,jazz-units:items.lua:VoiceResponse
890000000007347,Прячусь.,I'm hiding.,,jazz-units:items.lua:VoiceResponse
890000000007348,Прячусь.,I'm hiding.,,jazz-units:items.lua:VoiceResponse
890000000007349,Интересно…,Interesting...,,jazz-units:items.lua:VoiceResponse
890000000007350,Интересно…,Interesting...,,jazz-units:items.lua:VoiceResponse
890000000007351,Закрыто.,Locked.,,jazz-units:items.lua:VoiceResponse
890000000007352,Устал…,Tired...,,jazz-units:items.lua:VoiceResponse
890000000007353,(пыхтит),(huffing),,jazz-units:items.lua:VoiceResponse
890000000007354,Спасибо.,Thanks.,,jazz-units:items.lua:VoiceResponse
890000000007355,Не сейчас.,There be plenty of time later for that.,,jazz-units:items.lua:VoiceResponse
890000000007356,Готово.,Done.,,jazz-units:items.lua:VoiceResponse
890000000007357,В укрытие!,Take cover!,,jazz-units:items.lua:VoiceResponse
890000000007358,Граната!,Grenade!,,jazz-units:items.lua:VoiceResponse
890000000007359,Очередь!,Burst!,,jazz-units:items.lua:VoiceResponse
890000000007360,(лезет),(climbing),,jazz-units:items.lua:VoiceResponse
890000000007361,(прыжок),(jump),,jazz-units:items.lua:VoiceResponse
890000000007362,Что?!,What?!,,jazz-units:items.lua:VoiceResponse
890000000007363,Опасно!,Dangerous!,,jazz-units:items.lua:VoiceResponse
890000000007364,Держу сектор.,Holding this sector.,,jazz-units:items.lua:VoiceResponse
890000000007365,Наготове.,Ready.,,jazz-units:items.lua:VoiceResponse
890000000007366,(кашляет),(coughs),,jazz-units:items.lua:VoiceResponse
890000000007367,Почти…,Almost...,,jazz-units:items.lua:VoiceResponse
890000000007368,Зверь!,Beast!,,jazz-units:items.lua:VoiceResponse
890000000007369,Есть идея.,I've got an idea.,,jazz-units:items.lua:VoiceResponse
890000000007370,Сделано.,Done.,,jazz-units:items.lua:VoiceResponse
890000000007371,Не вышло.,Didn't work.,,jazz-units:items.lua:VoiceResponse
890000000007372,На связи.,Standing by.,,jazz-units:items.lua:VoiceResponse
890000000007373,На связи.,Standing by.,,jazz-units:items.lua:VoiceResponse
890000000007374,Тихо.,Quiet.,,jazz-units:items.lua:VoiceResponse
890000000007375,Тихо.,Quiet.,,jazz-units:items.lua:VoiceResponse
890000000007376,Тихо.,Quiet.,,jazz-units:items.lua:VoiceResponse
890000000007377,Есть.,On it.,,jazz-units:items.lua:VoiceResponse
890000000007378,Есть.,On it.,,jazz-units:items.lua:VoiceResponse
890000000007379,Есть.,On it.,,jazz-units:items.lua:VoiceResponse
890000000007380,Двигаюсь.,Moving.,,jazz-units:items.lua:VoiceResponse
890000000007381,Двигаюсь.,Moving.,,jazz-units:items.lua:VoiceResponse
890000000007382,Двигаюсь.,Moving.,,jazz-units:items.lua:VoiceResponse
890000000007383,Крадусь.,Sneaking.,,jazz-units:items.lua:VoiceResponse
890000000007384,Крадусь.,Sneaking.,,jazz-units:items.lua:VoiceResponse
890000000007385,Крадусь.,Sneaking.,,jazz-units:items.lua:VoiceResponse
890000000007386,С вами.,With you.,,jazz-units:items.lua:VoiceResponse
890000000007387,С вами.,With you.,,jazz-units:items.lua:VoiceResponse
890000000007388,С вами.,With you.,,jazz-units:items.lua:VoiceResponse
890000000007389,Есть цель!,Target spotted!,,jazz-units:items.lua:VoiceResponse
890000000007390,Тихо сниму.,I'll take them out quietly.,,jazz-units:items.lua:VoiceResponse
890000000007391,Тихо сниму.,I'll take them out quietly.,,jazz-units:items.lua:VoiceResponse
890000000007392,Сложный выстрел.,Tough shot.,,jazz-units:items.lua:VoiceResponse
890000000007393,Плохой угол.,Bad angle.,,jazz-units:items.lua:VoiceResponse
890000000007394,Вижу их!,I see them!,,jazz-units:items.lua:VoiceResponse
890000000007395,Вижу их!,I see them!,,jazz-units:items.lua:VoiceResponse
890000000007396,Их много!,There's a lot of them!,,jazz-units:items.lua:VoiceResponse
890000000007397,Готов.,Ready.,,jazz-units:items.lua:VoiceResponse
890000000007398,Патроны кончились.,Out of ammo.,,jazz-units:items.lua:VoiceResponse
890000000007399,Клин!,Jammed!,,jazz-units:items.lua:VoiceResponse
890000000007400,Аргх!,Argh!,,jazz-units:items.lua:VoiceResponse
890000000007401,Аргх!,Argh!,,jazz-units:items.lua:VoiceResponse
890000000007402,Ранен!,Wounded!,,jazz-units:items.lua:VoiceResponse
890000000007403,Плохо…,This is bad...,,jazz-units:items.lua:VoiceResponse
890000000007404,К бою!,Prepare for battle!,,jazz-units:items.lua:VoiceResponse
890000000007405,Чисто.,Clean.,,jazz-units:items.lua:VoiceResponse
890000000007406,Ещё остались.,There are more left.,,jazz-units:items.lua:VoiceResponse
890000000007407,Жду.,Waiting.,,jazz-units:items.lua:VoiceResponse
890000000007408,Жду.,Waiting.,,jazz-units:items.lua:VoiceResponse
890000000007409,Прячусь.,I'm hiding.,,jazz-units:items.lua:VoiceResponse
890000000007410,Прячусь.,I'm hiding.,,jazz-units:items.lua:VoiceResponse
890000000007411,Интересно…,Interesting...,,jazz-units:items.lua:VoiceResponse
890000000007412,Интересно…,Interesting...,,jazz-units:items.lua:VoiceResponse
890000000007413,Закрыто.,Locked.,,jazz-units:items.lua:VoiceResponse
890000000007414,Устал…,Tired...,,jazz-units:items.lua:VoiceResponse
890000000007415,(пыхтит),(huffing),,jazz-units:items.lua:VoiceResponse
890000000007416,Спасибо.,Thanks.,,jazz-units:items.lua:VoiceResponse
890000000007417,Не сейчас.,There be plenty of time later for that.,,jazz-units:items.lua:VoiceResponse
890000000007418,Готово.,Done.,,jazz-units:items.lua:VoiceResponse
890000000007419,В укрытие!,Take cover!,,jazz-units:items.lua:VoiceResponse
890000000007420,Граната!,Grenade!,,jazz-units:items.lua:VoiceResponse
890000000007421,Очередь!,Burst!,,jazz-units:items.lua:VoiceResponse
890000000007422,(лезет),(climbing),,jazz-units:items.lua:VoiceResponse
890000000007423,(прыжок),(jump),,jazz-units:items.lua:VoiceResponse
890000000007424,Что?!,What?!,,jazz-units:items.lua:VoiceResponse
890000000007425,Опасно!,Dangerous!,,jazz-units:items.lua:VoiceResponse
890000000007426,Держу сектор.,Holding this sector.,,jazz-units:items.lua:VoiceResponse
890000000007427,Наготове.,Ready.,,jazz-units:items.lua:VoiceResponse
890000000007428,(кашляет),(coughs),,jazz-units:items.lua:VoiceResponse
890000000007429,Почти…,Almost...,,jazz-units:items.lua:VoiceResponse
890000000007430,Зверь!,Beast!,,jazz-units:items.lua:VoiceResponse
890000000007431,Есть идея.,I've got an idea.,,jazz-units:items.lua:VoiceResponse
890000000007432,Сделано.,Done.,,jazz-units:items.lua:VoiceResponse
890000000007433,Не вышло.,Didn't work.,,jazz-units:items.lua:VoiceResponse
890000000007434,На связи.,Standing by.,,jazz-units:items.lua:VoiceResponse
890000000007435,На связи.,Standing by.,,jazz-units:items.lua:VoiceResponse
890000000007436,Тихо.,Quiet.,,jazz-units:items.lua:VoiceResponse
890000000007437,Тихо.,Quiet.,,jazz-units:items.lua:VoiceResponse
890000000007438,Тихо.,Quiet.,,jazz-units:items.lua:VoiceResponse
890000000007439,Есть.,On it.,,jazz-units:items.lua:VoiceResponse
890000000007440,Есть.,On it.,,jazz-units:items.lua:VoiceResponse
890000000007441,Есть.,On it.,,jazz-units:items.lua:VoiceResponse
890000000007442,Двигаюсь.,Moving.,,jazz-units:items.lua:VoiceResponse
890000000007443,Двигаюсь.,Moving.,,jazz-units:items.lua:VoiceResponse
890000000007444,Двигаюсь.,Moving.,,jazz-units:items.lua:VoiceResponse
890000000007445,Крадусь.,Sneaking.,,jazz-units:items.lua:VoiceResponse
890000000007446,Крадусь.,Sneaking.,,jazz-units:items.lua:VoiceResponse
890000000007447,Крадусь.,Sneaking.,,jazz-units:items.lua:VoiceResponse
890000000007448,С вами.,With you.,,jazz-units:items.lua:VoiceResponse
890000000007449,С вами.,With you.,,jazz-units:items.lua:VoiceResponse
890000000007450,С вами.,With you.,,jazz-units:items.lua:VoiceResponse
890000000007451,Есть цель!,Target spotted!,,jazz-units:items.lua:VoiceResponse
890000000007452,Тихо сниму.,I'll take them out quietly.,,jazz-units:items.lua:VoiceResponse
890000000007453,Тихо сниму.,I'll take them out quietly.,,jazz-units:items.lua:VoiceResponse
890000000007454,Сложный выстрел.,Tough shot.,,jazz-units:items.lua:VoiceResponse
890000000007455,Плохой угол.,Bad angle.,,jazz-units:items.lua:VoiceResponse
890000000007456,Вижу их!,I see them!,,jazz-units:items.lua:VoiceResponse
890000000007457,Вижу их!,I see them!,,jazz-units:items.lua:VoiceResponse
890000000007458,Их много!,There's a lot of them!,,jazz-units:items.lua:VoiceResponse
890000000007459,Готов.,Ready.,,jazz-units:items.lua:VoiceResponse
890000000007460,Патроны кончились.,Out of ammo.,,jazz-units:items.lua:VoiceResponse
890000000007461,Клин!,Jammed!,,jazz-units:items.lua:VoiceResponse
890000000007462,Аргх!,Argh!,,jazz-units:items.lua:VoiceResponse
890000000007463,Аргх!,Argh!,,jazz-units:items.lua:VoiceResponse
890000000007464,Ранен!,Wounded!,,jazz-units:items.lua:VoiceResponse
890000000007465,Плохо…,This is bad...,,jazz-units:items.lua:VoiceResponse
890000000007466,К бою!,Prepare for battle!,,jazz-units:items.lua:VoiceResponse
890000000007467,Чисто.,Clean.,,jazz-units:items.lua:VoiceResponse
890000000007468,Ещё остались.,There are more left.,,jazz-units:items.lua:VoiceResponse
890000000007469,Жду.,Waiting.,,jazz-units:items.lua:VoiceResponse
890000000007470,Жду.,Waiting.,,jazz-units:items.lua:VoiceResponse
890000000007471,Прячусь.,I'm hiding.,,jazz-units:items.lua:VoiceResponse
890000000007472,Прячусь.,I'm hiding.,,jazz-units:items.lua:VoiceResponse
890000000007473,Интересно…,Interesting...,,jazz-units:items.lua:VoiceResponse
890000000007474,Интересно…,Interesting...,,jazz-units:items.lua:VoiceResponse
890000000007475,Закрыто.,Locked.,,jazz-units:items.lua:VoiceResponse
890000000007476,Устал…,Tired...,,jazz-units:items.lua:VoiceResponse
890000000007477,(пыхтит),(huffing),,jazz-units:items.lua:VoiceResponse
890000000007478,Спасибо.,Thanks.,,jazz-units:items.lua:VoiceResponse
890000000007479,Не сейчас.,There be plenty of time later for that.,,jazz-units:items.lua:VoiceResponse
890000000007480,Готово.,Done.,,jazz-units:items.lua:VoiceResponse
890000000007481,В укрытие!,Take cover!,,jazz-units:items.lua:VoiceResponse
890000000007482,Граната!,Grenade!,,jazz-units:items.lua:VoiceResponse
890000000007483,Очередь!,Burst!,,jazz-units:items.lua:VoiceResponse
890000000007484,(лезет),(climbing),,jazz-units:items.lua:VoiceResponse
890000000007485,(прыжок),(jump),,jazz-units:items.lua:VoiceResponse
890000000007486,Что?!,What?!,,jazz-units:items.lua:VoiceResponse
890000000007487,Опасно!,Dangerous!,,jazz-units:items.lua:VoiceResponse
890000000007488,Держу сектор.,Holding this sector.,,jazz-units:items.lua:VoiceResponse
890000000007489,Наготове.,Ready.,,jazz-units:items.lua:VoiceResponse
890000000007490,(кашляет),(coughs),,jazz-units:items.lua:VoiceResponse
890000000007491,Почти…,Almost...,,jazz-units:items.lua:VoiceResponse
890000000007492,Зверь!,Beast!,,jazz-units:items.lua:VoiceResponse
890000000007493,Есть идея.,I've got an idea.,,jazz-units:items.lua:VoiceResponse
890000000007494,Сделано.,Done.,,jazz-units:items.lua:VoiceResponse
890000000007495,Не вышло.,Didn't work.,,jazz-units:items.lua:VoiceResponse
890000000007496,На связи.,Standing by.,,jazz-units:items.lua:VoiceResponse
890000000007497,На связи.,Standing by.,,jazz-units:items.lua:VoiceResponse
890000000007498,Тихо.,Quiet.,,jazz-units:items.lua:VoiceResponse
890000000007499,Тихо.,Quiet.,,jazz-units:items.lua:VoiceResponse
890000000007500,Тихо.,Quiet.,,jazz-units:items.lua:VoiceResponse
890000000007501,Есть.,On it.,,jazz-units:items.lua:VoiceResponse
890000000007502,Есть.,On it.,,jazz-units:items.lua:VoiceResponse
890000000007503,Есть.,On it.,,jazz-units:items.lua:VoiceResponse
890000000007504,Двигаюсь.,Moving.,,jazz-units:items.lua:VoiceResponse
890000000007505,Двигаюсь.,Moving.,,jazz-units:items.lua:VoiceResponse
890000000007506,Двигаюсь.,Moving.,,jazz-units:items.lua:VoiceResponse
890000000007507,Крадусь.,Sneaking.,,jazz-units:items.lua:VoiceResponse
890000000007508,Крадусь.,Sneaking.,,jazz-units:items.lua:VoiceResponse
890000000007509,Крадусь.,Sneaking.,,jazz-units:items.lua:VoiceResponse
890000000007510,С вами.,With you.,,jazz-units:items.lua:VoiceResponse
890000000007511,С вами.,With you.,,jazz-units:items.lua:VoiceResponse
890000000007512,С вами.,With you.,,jazz-units:items.lua:VoiceResponse
890000000007513,Есть цель!,Target spotted!,,jazz-units:items.lua:VoiceResponse
890000000007514,Тихо сниму.,I'll take them out quietly.,,jazz-units:items.lua:VoiceResponse
890000000007515,Тихо сниму.,I'll take them out quietly.,,jazz-units:items.lua:VoiceResponse
890000000007516,Сложный выстрел.,Tough shot.,,jazz-units:items.lua:VoiceResponse
890000000007517,Плохой угол.,Bad angle.,,jazz-units:items.lua:VoiceResponse
890000000007518,Вижу их!,I see them!,,jazz-units:items.lua:VoiceResponse
890000000007519,Вижу их!,I see them!,,jazz-units:items.lua:VoiceResponse
890000000007520,Их много!,There's a lot of them!,,jazz-units:items.lua:VoiceResponse
890000000007521,Готов.,Ready.,,jazz-units:items.lua:VoiceResponse
890000000007522,Патроны на исходе!,Running low on ammo!,,jazz-units:items.lua:VoiceResponse
890000000007523,Клин!,Jammed!,,jazz-units:items.lua:VoiceResponse
890000000007524,Аргх!,Argh!,,jazz-units:items.lua:VoiceResponse
890000000007525,Аргх!,Argh!,,jazz-units:items.lua:VoiceResponse
890000000007526,Ранен!,Wounded!,,jazz-units:items.lua:VoiceResponse
890000000007527,Плохо…,This is bad...,,jazz-units:items.lua:VoiceResponse
890000000007528,К бою!,Prepare for battle!,,jazz-units:items.lua:VoiceResponse
890000000007529,Чисто.,Clean.,,jazz-units:items.lua:VoiceResponse
890000000007530,Ещё остались.,There are more left.,,jazz-units:items.lua:VoiceResponse
890000000007531,Жду.,Waiting.,,jazz-units:items.lua:VoiceResponse
890000000007532,Жду.,Waiting.,,jazz-units:items.lua:VoiceResponse
890000000007533,Прячусь.,I'm hiding.,,jazz-units:items.lua:VoiceResponse
890000000007534,Прячусь.,I'm hiding.,,jazz-units:items.lua:VoiceResponse
890000000007535,Интересно…,Interesting...,,jazz-units:items.lua:VoiceResponse
890000000007536,Интересно…,Interesting...,,jazz-units:items.lua:VoiceResponse
890000000007537,Закрыто.,Locked.,,jazz-units:items.lua:VoiceResponse
890000000007538,Устал…,Tired...,,jazz-units:items.lua:VoiceResponse
890000000007539,(пыхтит),(huffing),,jazz-units:items.lua:VoiceResponse
890000000007540,Спасибо.,Thanks.,,jazz-units:items.lua:VoiceResponse
890000000007541,Не сейчас.,There be plenty of time later for that.,,jazz-units:items.lua:VoiceResponse
890000000007542,Готово.,Done.,,jazz-units:items.lua:VoiceResponse
890000000007543,В укрытие!,Take cover!,,jazz-units:items.lua:VoiceResponse
890000000007544,Граната!,Grenade!,,jazz-units:items.lua:VoiceResponse
890000000007545,Очередь!,Burst!,,jazz-units:items.lua:VoiceResponse
890000000007546,(лезет),(climbing),,jazz-units:items.lua:VoiceResponse
890000000007547,(прыжок),(jump),,jazz-units:items.lua:VoiceResponse
890000000007548,Что?!,What?!,,jazz-units:items.lua:VoiceResponse
890000000007549,Опасно!,Dangerous!,,jazz-units:items.lua:VoiceResponse
890000000007550,Держу сектор.,Holding this sector.,,jazz-units:items.lua:VoiceResponse
890000000007551,Наготове.,Ready.,,jazz-units:items.lua:VoiceResponse
890000000007552,(кашляет),(coughs),,jazz-units:items.lua:VoiceResponse
890000000007553,Почти…,Almost...,,jazz-units:items.lua:VoiceResponse
890000000007554,Зверь!,Beast!,,jazz-units:items.lua:VoiceResponse
890000000007555,Есть идея.,I've got an idea.,,jazz-units:items.lua:VoiceResponse
890000000007556,Сделано.,Done.,,jazz-units:items.lua:VoiceResponse
890000000007557,Не вышло.,Didn't work.,,jazz-units:items.lua:VoiceResponse
890000000007558,На связи.,Standing by.,,jazz-units:items.lua:VoiceResponse
890000000007559,На связи.,Standing by.,,jazz-units:items.lua:VoiceResponse
890000000007560,Тихо.,Quiet.,,jazz-units:items.lua:VoiceResponse
890000000007561,Тихо.,Quiet.,,jazz-units:items.lua:VoiceResponse
890000000007562,Тихо.,Quiet.,,jazz-units:items.lua:VoiceResponse
890000000007563,Есть.,On it.,,jazz-units:items.lua:VoiceResponse
890000000007564,Есть.,On it.,,jazz-units:items.lua:VoiceResponse
890000000007565,Есть.,On it.,,jazz-units:items.lua:VoiceResponse
890000000007566,Двигаюсь.,Moving.,,jazz-units:items.lua:VoiceResponse
890000000007567,Двигаюсь.,Moving.,,jazz-units:items.lua:VoiceResponse
890000000007568,Двигаюсь.,Moving.,,jazz-units:items.lua:VoiceResponse
890000000007569,Крадусь.,Sneaking.,,jazz-units:items.lua:VoiceResponse
890000000007570,Крадусь.,Sneaking.,,jazz-units:items.lua:VoiceResponse
890000000007571,Крадусь.,Sneaking.,,jazz-units:items.lua:VoiceResponse
890000000007572,С вами.,With you.,,jazz-units:items.lua:VoiceResponse
890000000007573,С вами.,With you.,,jazz-units:items.lua:VoiceResponse
890000000007574,С вами.,With you.,,jazz-units:items.lua:VoiceResponse
890000000007575,Есть цель!,Target spotted!,,jazz-units:items.lua:VoiceResponse
890000000007576,Тихо сниму.,I'll take them out quietly.,,jazz-units:items.lua:VoiceResponse
890000000007577,Тихо сниму.,I'll take them out quietly.,,jazz-units:items.lua:VoiceResponse
890000000007578,Сложный выстрел.,Tough shot.,,jazz-units:items.lua:VoiceResponse
890000000007579,Плохой угол.,Bad angle.,,jazz-units:items.lua:VoiceResponse
890000000007580,Вижу их!,I see them!,,jazz-units:items.lua:VoiceResponse
890000000007581,Вижу их!,I see them!,,jazz-units:items.lua:VoiceResponse
890000000007582,Их много!,There's a lot of them!,,jazz-units:items.lua:VoiceResponse
890000000007583,Готов.,Ready.,,jazz-units:items.lua:VoiceResponse
890000000007584,Патроны кончились.,Out of ammo.,,jazz-units:items.lua:VoiceResponse
890000000007585,Клин!,Jammed!,,jazz-units:items.lua:VoiceResponse
890000000007586,Аргх!,Argh!,,jazz-units:items.lua:VoiceResponse
890000000007587,Аргх!,Argh!,,jazz-units:items.lua:VoiceResponse
890000000007588,Ранен!,Wounded!,,jazz-units:items.lua:VoiceResponse
890000000007589,Плохо…,This is bad...,,jazz-units:items.lua:VoiceResponse
890000000007590,К бою!,Prepare for battle!,,jazz-units:items.lua:VoiceResponse
890000000007591,Чисто.,Clean.,,jazz-units:items.lua:VoiceResponse
890000000007592,Ещё остались.,There are more left.,,jazz-units:items.lua:VoiceResponse
890000000007593,Жду.,Waiting.,,jazz-units:items.lua:VoiceResponse
890000000007594,Жду.,Waiting.,,jazz-units:items.lua:VoiceResponse
890000000007595,Прячусь.,I'm hiding.,,jazz-units:items.lua:VoiceResponse
890000000007596,Прячусь.,I'm hiding.,,jazz-units:items.lua:VoiceResponse
890000000007597,Интересно…,Interesting...,,jazz-units:items.lua:VoiceResponse
890000000007598,Интересно…,Interesting...,,jazz-units:items.lua:VoiceResponse
890000000007599,Закрыто.,Locked.,,jazz-units:items.lua:VoiceResponse
890000000007600,Устал…,Tired...,,jazz-units:items.lua:VoiceResponse
890000000007601,(пыхтит),(huffing),,jazz-units:items.lua:VoiceResponse
890000000007602,Спасибо.,Thanks.,,jazz-units:items.lua:VoiceResponse
890000000007603,Не сейчас.,There be plenty of time later for that.,,jazz-units:items.lua:VoiceResponse
890000000007604,Готово.,Done.,,jazz-units:items.lua:VoiceResponse
890000000007605,В укрытие!,Take cover!,,jazz-units:items.lua:VoiceResponse
890000000007606,Граната!,Grenade!,,jazz-units:items.lua:VoiceResponse
890000000007607,Очередь!,Burst!,,jazz-units:items.lua:VoiceResponse
890000000007608,(лезет),(climbing),,jazz-units:items.lua:VoiceResponse
890000000007609,(прыжок),(jump),,jazz-units:items.lua:VoiceResponse
890000000007610,Что?!,What?!,,jazz-units:items.lua:VoiceResponse
890000000007611,Опасно!,Dangerous!,,jazz-units:items.lua:VoiceResponse
890000000007612,Держу сектор.,Holding this sector.,,jazz-units:items.lua:VoiceResponse
890000000007613,Наготове.,Ready.,,jazz-units:items.lua:VoiceResponse
890000000007614,(кашляет),(coughs),,jazz-units:items.lua:VoiceResponse
890000000007615,Почти…,Almost...,,jazz-units:items.lua:VoiceResponse
890000000007616,Зверь!,Beast!,,jazz-units:items.lua:VoiceResponse
890000000007617,Есть идея.,I've got an idea.,,jazz-units:items.lua:VoiceResponse
890000000007618,Сделано.,Done.,,jazz-units:items.lua:VoiceResponse
890000000007619,Не вышло.,Didn't work.,,jazz-units:items.lua:VoiceResponse
890000000007620,На связи.,Standing by.,,jazz-units:items.lua:VoiceResponse
890000000007621,На связи.,Standing by.,,jazz-units:items.lua:VoiceResponse
890000000007622,Тихо.,Quiet.,,jazz-units:items.lua:VoiceResponse
890000000007623,Тихо.,Quiet.,,jazz-units:items.lua:VoiceResponse
890000000007624,Тихо.,Quiet.,,jazz-units:items.lua:VoiceResponse
890000000007625,Есть.,On it.,,jazz-units:items.lua:VoiceResponse
890000000007626,Есть.,On it.,,jazz-units:items.lua:VoiceResponse
890000000007627,Есть.,On it.,,jazz-units:items.lua:VoiceResponse
890000000007628,Двигаюсь.,Moving.,,jazz-units:items.lua:VoiceResponse
890000000007629,Двигаюсь.,Moving.,,jazz-units:items.lua:VoiceResponse
890000000007630,Двигаюсь.,Moving.,,jazz-units:items.lua:VoiceResponse
890000000007631,Крадусь.,Sneaking.,,jazz-units:items.lua:VoiceResponse
890000000007632,Крадусь.,Sneaking.,,jazz-units:items.lua:VoiceResponse
890000000007633,Крадусь.,Sneaking.,,jazz-units:items.lua:VoiceResponse
890000000007634,Моя тоже.,Me too.,,jazz-units:items.lua:VoiceResponse
890000000007635,Моя тоже.,Me too.,,jazz-units:items.lua:VoiceResponse
890000000007636,Моя тоже.,Me too.,,jazz-units:items.lua:VoiceResponse
890000000007637,Твой помирай!,You die!,,jazz-units:items.lua:VoiceResponse
890000000007638,"Тс-с-с! Моя что-то слышал, однако.",Shh! Me hear something.,,jazz-units:items.lua:VoiceResponse
890000000007639,"Тс-с-с! Моя что-то слышал, однако.",Shh! Me hear something.,,jazz-units:items.lua:VoiceResponse
890000000007640,"Что-то совсем темно стало, однако...",It's getting very dark...,,jazz-units:items.lua:VoiceResponse
890000000007641,Моя не понимай.,Me no understand.,,jazz-units:items.lua:VoiceResponse
890000000007642,Нехороший человек!,Bad man!,,jazz-units:items.lua:VoiceResponse
890000000007643,Вижу врагов!,See enemies!,,jazz-units:items.lua:VoiceResponse
890000000007644,"Их слишком много, однако.",Too many of them.,,jazz-units:items.lua:VoiceResponse
890000000007645,"Задавил блоха, однако!","Squashed flea, yes!",,jazz-units:items.lua:VoiceResponse
890000000007646,"Пуля... Нет больше пуля, однако!",Bullet... No more bullet!,,jazz-units:items.lua:VoiceResponse
890000000007647,"Плохой ружье - заело, однако!",Bad gun—jammed!,,jazz-units:items.lua:VoiceResponse
890000000007648,Аргх!,Argh!,,jazz-units:items.lua:VoiceResponse
890000000007649,Аргх!,Argh!,,jazz-units:items.lua:VoiceResponse
890000000007650,Моя совсем плохая!,Me very bad!,,jazz-units:items.lua:VoiceResponse
890000000007651,"Моя скучай по дому, однако.",Me miss home.,,jazz-units:items.lua:VoiceResponse
890000000007652,Моя работать.,Me work.,,jazz-units:items.lua:VoiceResponse
890000000007653,Злой человек умер!,Bad man dead!,,jazz-units:items.lua:VoiceResponse
890000000007654,Злые люди близко!,Bad people close!,,jazz-units:items.lua:VoiceResponse
890000000007655,Жду.,Waiting.,,jazz-units:items.lua:VoiceResponse
890000000007656,Жду.,Waiting.,,jazz-units:items.lua:VoiceResponse
890000000007657,"Тс-с-с! Моя что-то слышал, однако.",Shh! Me hear something.,,jazz-units:items.lua:VoiceResponse
890000000007658,"Тс-с-с! Моя что-то слышал, однако.",Shh! Me hear something.,,jazz-units:items.lua:VoiceResponse
890000000007659,Моя нашел!,Me found!,,jazz-units:items.lua:VoiceResponse
890000000007660,"Моя что-то видеть, однако.",Me see something.,,jazz-units:items.lua:VoiceResponse
890000000007661,Закрыто.,Locked.,,jazz-units:items.lua:VoiceResponse
890000000007662,Моя ложись спать.,Me go sleep.,,jazz-units:items.lua:VoiceResponse
890000000007663,"Моя дышать плохо, однако.",Me breathe bad.,,jazz-units:items.lua:VoiceResponse
890000000007664,Хороший люди!,Good people!,,jazz-units:items.lua:VoiceResponse
890000000007665,Нет.,No.,,jazz-units:items.lua:VoiceResponse
890000000007666,Моя все сделать!,Me do everything!,,jazz-units:items.lua:VoiceResponse
890000000007667,"Самолет полетел, однако!",Plane's coming!,,jazz-units:items.lua:VoiceResponse
890000000007668,Твой помирай!,You die!,,jazz-units:items.lua:VoiceResponse
890000000007669,Твой помирай!,You die!,,jazz-units:items.lua:VoiceResponse
890000000007670,"Моя дышать плохо, однако.",Me breathe bad.,,jazz-units:items.lua:VoiceResponse
890000000007671,"Моя дышать плохо, однако.",Me breathe bad.,,jazz-units:items.lua:VoiceResponse
890000000007672,"Тс-с-с! Моя что-то слышал, однако.",Shh! Me hear something.,,jazz-units:items.lua:VoiceResponse
890000000007673,"Моя это не нравится, однако.",Me no like this.,,jazz-units:items.lua:VoiceResponse
890000000007674,Злые люди еще здесь!,Bad men still here!,,jazz-units:items.lua:VoiceResponse
890000000007675,Злые люди еще здесь!,Bad men still here!,,jazz-units:items.lua:VoiceResponse
890000000007676,(кашляет),(coughs),,jazz-units:items.lua:VoiceResponse
890000000007677,Твоя промазал! Моя нет.,You missed! Me not.,,jazz-units:items.lua:VoiceResponse
890000000007678,Собака!,Dog!,,jazz-units:items.lua:VoiceResponse
890000000007679,Моя все сделать!,Me do everything!,,jazz-units:items.lua:VoiceResponse
890000000007680,"Что случилось, однако?",What happened?,,jazz-units:items.lua:VoiceResponse
890000000007681,Хорошо.,Good.,,jazz-units:items.lua:VoiceResponse
890000000007682,На связи.,Standing by.,,jazz-units:items.lua:VoiceResponse
890000000007683,На связи.,Standing by.,,jazz-units:items.lua:VoiceResponse
890000000007684,Тихо.,Quiet.,,jazz-units:items.lua:VoiceResponse
890000000007685,Тихо.,Quiet.,,jazz-units:items.lua:VoiceResponse
890000000007686,Тихо.,Quiet.,,jazz-units:items.lua:VoiceResponse
890000000007687,Есть.,On it.,,jazz-units:items.lua:VoiceResponse
890000000007688,Есть.,On it.,,jazz-units:items.lua:VoiceResponse
890000000007689,Есть.,On it.,,jazz-units:items.lua:VoiceResponse
890000000007690,Двигаюсь.,Moving.,,jazz-units:items.lua:VoiceResponse
890000000007691,Двигаюсь.,Moving.,,jazz-units:items.lua:VoiceResponse
890000000007692,Двигаюсь.,Moving.,,jazz-units:items.lua:VoiceResponse
890000000007693,Крадусь.,Sneaking.,,jazz-units:items.lua:VoiceResponse
890000000007694,Крадусь.,Sneaking.,,jazz-units:items.lua:VoiceResponse
890000000007695,Крадусь.,Sneaking.,,jazz-units:items.lua:VoiceResponse
890000000007696,С вами.,With you.,,jazz-units:items.lua:VoiceResponse
890000000007697,С вами.,With you.,,jazz-units:items.lua:VoiceResponse
890000000007698,С вами.,With you.,,jazz-units:items.lua:VoiceResponse
890000000007699,Есть цель!,Target spotted!,,jazz-units:items.lua:VoiceResponse
890000000007700,Тихо сниму.,I'll take them out quietly.,,jazz-units:items.lua:VoiceResponse
890000000007701,Тихо сниму.,I'll take them out quietly.,,jazz-units:items.lua:VoiceResponse
890000000007702,Сложный выстрел.,Tough shot.,,jazz-units:items.lua:VoiceResponse
890000000007703,Плохой угол.,Bad angle.,,jazz-units:items.lua:VoiceResponse
890000000007704,Вижу их!,I see them!,,jazz-units:items.lua:VoiceResponse
890000000007705,Вижу их!,I see them!,,jazz-units:items.lua:VoiceResponse
890000000007706,Их много!,There's a lot of them!,,jazz-units:items.lua:VoiceResponse
890000000007707,Готов.,Ready.,,jazz-units:items.lua:VoiceResponse
890000000007708,Патроны кончились.,Out of ammo.,,jazz-units:items.lua:VoiceResponse
890000000007709,Клин!,Jammed!,,jazz-units:items.lua:VoiceResponse
890000000007710,Аргх!,Argh!,,jazz-units:items.lua:VoiceResponse
890000000007711,Аргх!,Argh!,,jazz-units:items.lua:VoiceResponse
890000000007712,Ранен!,Wounded!,,jazz-units:items.lua:VoiceResponse
890000000007713,Плохо…,This is bad...,,jazz-units:items.lua:VoiceResponse
890000000007714,К бою!,Prepare for battle!,,jazz-units:items.lua:VoiceResponse
890000000007715,Чисто.,Clean.,,jazz-units:items.lua:VoiceResponse
890000000007716,Ещё остались.,There are more left.,,jazz-units:items.lua:VoiceResponse
890000000007717,Жду.,Waiting.,,jazz-units:items.lua:VoiceResponse
890000000007718,Жду.,Waiting.,,jazz-units:items.lua:VoiceResponse
890000000007719,Прячусь.,I'm hiding.,,jazz-units:items.lua:VoiceResponse
890000000007720,Прячусь.,I'm hiding.,,jazz-units:items.lua:VoiceResponse
890000000007721,Интересно…,Interesting...,,jazz-units:items.lua:VoiceResponse
890000000007722,Интересно…,Interesting...,,jazz-units:items.lua:VoiceResponse
890000000007723,Закрыто.,Locked.,,jazz-units:items.lua:VoiceResponse
890000000007724,Устал…,Tired...,,jazz-units:items.lua:VoiceResponse
890000000007725,(пыхтит),(huffing),,jazz-units:items.lua:VoiceResponse
890000000007726,Спасибо.,Thanks.,,jazz-units:items.lua:VoiceResponse
890000000007727,Не сейчас.,There be plenty of time later for that.,,jazz-units:items.lua:VoiceResponse
890000000007728,Готово.,Done.,,jazz-units:items.lua:VoiceResponse
890000000007729,В укрытие!,Take cover!,,jazz-units:items.lua:VoiceResponse
890000000007730,Граната!,Grenade!,,jazz-units:items.lua:VoiceResponse
890000000007731,Очередь!,Burst!,,jazz-units:items.lua:VoiceResponse
890000000007732,(лезет),(climbing),,jazz-units:items.lua:VoiceResponse
890000000007733,(прыжок),(jump),,jazz-units:items.lua:VoiceResponse
890000000007734,Что?!,What?!,,jazz-units:items.lua:VoiceResponse
890000000007735,Опасно!,Dangerous!,,jazz-units:items.lua:VoiceResponse
890000000007736,Держу сектор.,Holding this sector.,,jazz-units:items.lua:VoiceResponse
890000000007737,Наготове.,Ready.,,jazz-units:items.lua:VoiceResponse
890000000007738,(кашляет),(coughs),,jazz-units:items.lua:VoiceResponse
890000000007739,Почти…,Almost...,,jazz-units:items.lua:VoiceResponse
890000000007740,Зверь!,Beast!,,jazz-units:items.lua:VoiceResponse
890000000007741,Есть идея.,I've got an idea.,,jazz-units:items.lua:VoiceResponse
890000000007742,Сделано.,Done.,,jazz-units:items.lua:VoiceResponse
890000000007743,Не вышло.,Didn't work.,,jazz-units:items.lua:VoiceResponse
890000000007744,На связи.,Standing by.,,jazz-units:items.lua:VoiceResponse
890000000007745,На связи.,Standing by.,,jazz-units:items.lua:VoiceResponse
890000000007746,Тихо.,Quiet.,,jazz-units:items.lua:VoiceResponse
890000000007747,Тихо.,Quiet.,,jazz-units:items.lua:VoiceResponse
890000000007748,Тихо.,Quiet.,,jazz-units:items.lua:VoiceResponse
890000000007749,Есть.,On it.,,jazz-units:items.lua:VoiceResponse
890000000007750,Есть.,On it.,,jazz-units:items.lua:VoiceResponse
890000000007751,Есть.,On it.,,jazz-units:items.lua:VoiceResponse
890000000007752,Двигаюсь.,Moving.,,jazz-units:items.lua:VoiceResponse
890000000007753,Двигаюсь.,Moving.,,jazz-units:items.lua:VoiceResponse
890000000007754,Двигаюсь.,Moving.,,jazz-units:items.lua:VoiceResponse
890000000007755,Крадусь.,Sneaking.,,jazz-units:items.lua:VoiceResponse
890000000007756,Крадусь.,Sneaking.,,jazz-units:items.lua:VoiceResponse
890000000007757,Крадусь.,Sneaking.,,jazz-units:items.lua:VoiceResponse
890000000007758,С вами.,With you.,,jazz-units:items.lua:VoiceResponse
890000000007759,С вами.,With you.,,jazz-units:items.lua:VoiceResponse
890000000007760,С вами.,With you.,,jazz-units:items.lua:VoiceResponse
890000000007761,Есть цель!,Target spotted!,,jazz-units:items.lua:VoiceResponse
890000000007762,Тихо сниму.,I'll take them out quietly.,,jazz-units:items.lua:VoiceResponse
890000000007763,Тихо сниму.,I'll take them out quietly.,,jazz-units:items.lua:VoiceResponse
890000000007764,Сложный выстрел.,Tough shot.,,jazz-units:items.lua:VoiceResponse
890000000007765,Плохой угол.,Bad angle.,,jazz-units:items.lua:VoiceResponse
890000000007766,Вижу их!,I see them!,,jazz-units:items.lua:VoiceResponse
890000000007767,Вижу их!,I see them!,,jazz-units:items.lua:VoiceResponse
890000000007768,Их много!,There's a lot of them!,,jazz-units:items.lua:VoiceResponse
890000000007769,Готов.,Ready.,,jazz-units:items.lua:VoiceResponse
890000000007770,Патроны кончились.,Out of ammo.,,jazz-units:items.lua:VoiceResponse
890000000007771,Клин!,Jammed!,,jazz-units:items.lua:VoiceResponse
890000000007772,Аргх!,Argh!,,jazz-units:items.lua:VoiceResponse
890000000007773,Аргх!,Argh!,,jazz-units:items.lua:VoiceResponse
890000000007774,Ранен!,Wounded!,,jazz-units:items.lua:VoiceResponse
890000000007775,Плохо…,This is bad...,,jazz-units:items.lua:VoiceResponse
890000000007776,К бою!,Prepare for battle!,,jazz-units:items.lua:VoiceResponse
890000000007777,Чисто.,Clean.,,jazz-units:items.lua:VoiceResponse
890000000007778,Ещё остались.,There are more left.,,jazz-units:items.lua:VoiceResponse
890000000007779,Жду.,Waiting.,,jazz-units:items.lua:VoiceResponse
890000000007780,Жду.,Waiting.,,jazz-units:items.lua:VoiceResponse
890000000007781,Прячусь.,I'm hiding.,,jazz-units:items.lua:VoiceResponse
890000000007782,Прячусь.,I'm hiding.,,jazz-units:items.lua:VoiceResponse
890000000007783,Интересно…,Interesting...,,jazz-units:items.lua:VoiceResponse
890000000007784,Интересно…,Interesting...,,jazz-units:items.lua:VoiceResponse
890000000007785,Закрыто.,Locked.,,jazz-units:items.lua:VoiceResponse
890000000007786,Устал…,Tired...,,jazz-units:items.lua:VoiceResponse
890000000007787,(пыхтит),(huffing),,jazz-units:items.lua:VoiceResponse
890000000007788,Спасибо.,Thanks.,,jazz-units:items.lua:VoiceResponse
890000000007789,Не сейчас.,There be plenty of time later for that.,,jazz-units:items.lua:VoiceResponse
890000000007790,Готово.,Done.,,jazz-units:items.lua:VoiceResponse
890000000007791,В укрытие!,Take cover!,,jazz-units:items.lua:VoiceResponse
890000000007792,Граната!,Grenade!,,jazz-units:items.lua:VoiceResponse
890000000007793,Очередь!,Burst!,,jazz-units:items.lua:VoiceResponse
890000000007794,(лезет),(climbing),,jazz-units:items.lua:VoiceResponse
890000000007795,(прыжок),(jump),,jazz-units:items.lua:VoiceResponse
890000000007796,Что?!,What?!,,jazz-units:items.lua:VoiceResponse
890000000007797,Опасно!,Dangerous!,,jazz-units:items.lua:VoiceResponse
890000000007798,Держу сектор.,Holding this sector.,,jazz-units:items.lua:VoiceResponse
890000000007799,Наготове.,Ready.,,jazz-units:items.lua:VoiceResponse
890000000007800,(кашляет),(coughs),,jazz-units:items.lua:VoiceResponse
890000000007801,Почти…,Almost...,,jazz-units:items.lua:VoiceResponse
890000000007802,Зверь!,Beast!,,jazz-units:items.lua:VoiceResponse
890000000007803,Есть идея.,I've got an idea.,,jazz-units:items.lua:VoiceResponse
890000000007804,Сделано.,Done.,,jazz-units:items.lua:VoiceResponse
890000000007805,Не вышло.,Didn't work.,,jazz-units:items.lua:VoiceResponse
890000000007806,На связи.,Standing by.,,jazz-units:items.lua:VoiceResponse
890000000007807,На связи.,Standing by.,,jazz-units:items.lua:VoiceResponse
890000000007808,Тихо.,Quiet.,,jazz-units:items.lua:VoiceResponse
890000000007809,Тихо.,Quiet.,,jazz-units:items.lua:VoiceResponse
890000000007810,Тихо.,Quiet.,,jazz-units:items.lua:VoiceResponse
890000000007811,Есть.,On it.,,jazz-units:items.lua:VoiceResponse
890000000007812,Есть.,On it.,,jazz-units:items.lua:VoiceResponse
890000000007813,Есть.,On it.,,jazz-units:items.lua:VoiceResponse
890000000007814,Двигаюсь.,Moving.,,jazz-units:items.lua:VoiceResponse
890000000007815,Двигаюсь.,Moving.,,jazz-units:items.lua:VoiceResponse
890000000007816,Двигаюсь.,Moving.,,jazz-units:items.lua:VoiceResponse
890000000007817,Крадусь.,Sneaking.,,jazz-units:items.lua:VoiceResponse
890000000007818,Крадусь.,Sneaking.,,jazz-units:items.lua:VoiceResponse
890000000007819,Крадусь.,Sneaking.,,jazz-units:items.lua:VoiceResponse
890000000007820,Запишите и меня.,Count me in.,,jazz-units:items.lua:VoiceResponse
890000000007821,Запишите и меня.,Count me in.,,jazz-units:items.lua:VoiceResponse
890000000007822,Запишите и меня.,Count me in.,,jazz-units:items.lua:VoiceResponse
890000000007823,Свободен... делов-то.,Done... no big deal.,,jazz-units:items.lua:VoiceResponse
890000000007824,Мне неспокойно: я слышу странные звуки.,I'm uneasy. I hear strange noises.,,jazz-units:items.lua:VoiceResponse
890000000007825,Мне неспокойно: я слышу странные звуки.,I'm uneasy. I hear strange noises.,,jazz-units:items.lua:VoiceResponse
890000000007826,Туда только ураган снесет.,Only a hurricane could blow me there.,,jazz-units:items.lua:VoiceResponse
890000000007827,Это невозможно.,That is impossible.,,jazz-units:items.lua:VoiceResponse
890000000007828,Вот и жлоб.,And there's the boor.,,jazz-units:items.lua:VoiceResponse
890000000007829,Наконец-то можно поразвлечься.,"Finally, some fun.",,jazz-units:items.lua:VoiceResponse
890000000007830,Меня поражает их агрессивность.,Their aggression amazes me.,,jazz-units:items.lua:VoiceResponse
890000000007831,Я ухожу отсюда. Биф невыносим и глуп. Я бы не доверил этому парню даже автомобиль припарковать.,I'm getting out of here. Biff is unbearable and stupid. I wouldn't trust him to park a car.,,jazz-units:items.lua:VoiceResponse
890000000007832,Скучно жить с пустой обоймой.,Life is dull with an empty magazine.,,jazz-units:items.lua:VoiceResponse
890000000007833,Боже мой... это оружие неисправно.,My God... this weapon is broken.,,jazz-units:items.lua:VoiceResponse
890000000007834,Аргх!,Argh!,,jazz-units:items.lua:VoiceResponse
890000000007835,Аргх!,Argh!,,jazz-units:items.lua:VoiceResponse
890000000007836,Умираю... но не сдаюсь...,Dying... but not surrendering...,,jazz-units:items.lua:VoiceResponse
890000000007837,Мне надоело. Надоела эта безысходность.,I've had enough. Enough of this hopelessness.,,jazz-units:items.lua:VoiceResponse
890000000007838,К бою!,Prepare for battle!,,jazz-units:items.lua:VoiceResponse
890000000007839,Им всем крышка. Мы снова победили.,They're all finished. We won again.,,jazz-units:items.lua:VoiceResponse
890000000007840,Мы здесь не одни.,We're not alone here.,,jazz-units:items.lua:VoiceResponse
890000000007841,"Америка! Страна без культуры. Эти люди просто летят на яркий свет, словно мотыльки.",America! A country without culture. These people just fly toward bright lights like moths.,,jazz-units:items.lua:VoiceResponse
890000000007842,"Америка! Страна без культуры. Эти люди просто летят на яркий свет, словно мотыльки.",America! A country without culture. These people just fly toward bright lights like moths.,,jazz-units:items.lua:VoiceResponse
890000000007843,Мне неспокойно: я слышу странные звуки.,I'm uneasy. I hear strange noises.,,jazz-units:items.lua:VoiceResponse
890000000007844,Мне неспокойно: я слышу странные звуки.,I'm uneasy. I hear strange noises.,,jazz-units:items.lua:VoiceResponse
890000000007845,Я что-то заметил.,I noticed something.,,jazz-units:items.lua:VoiceResponse
890000000007846,Это можно взять.,We can take this.,,jazz-units:items.lua:VoiceResponse
890000000007847,Закрыто.,Locked.,,jazz-units:items.lua:VoiceResponse
890000000007848,Усталость - худший из врагов.,Fatigue is the worst enemy.,,jazz-units:items.lua:VoiceResponse
890000000007849,Нечем... дышать.,Can't... breathe.,,jazz-units:items.lua:VoiceResponse
890000000007850,Гастон ее просто покорил. Это было очевидно.,Gaston simply won her over. It was obvious.,,jazz-units:items.lua:VoiceResponse
890000000007851,Это просто смешно.,This is ridiculous.,,jazz-units:items.lua:VoiceResponse
890000000007852,Закончил выполнение.,Job's done.,,jazz-units:items.lua:VoiceResponse
890000000007853,Самолет нас заметил. Они целятся в меня.,The plane spotted us. They're aiming at me.,,jazz-units:items.lua:VoiceResponse
890000000007854,Свободен... делов-то.,Done... no big deal.,,jazz-units:items.lua:VoiceResponse
890000000007855,Свободен... делов-то.,Done... no big deal.,,jazz-units:items.lua:VoiceResponse
890000000007856,Нечем... дышать.,Can't... breathe.,,jazz-units:items.lua:VoiceResponse
890000000007857,Нечем... дышать.,Can't... breathe.,,jazz-units:items.lua:VoiceResponse
890000000007858,Мне неспокойно: я слышу странные звуки.,I'm uneasy. I hear strange noises.,,jazz-units:items.lua:VoiceResponse
890000000007859,"Нельзя забывать, что здесь опасно.",Let's not forget this place is dangerous.,,jazz-units:items.lua:VoiceResponse
890000000007860,"Я, Гастон Кавалье, должен быть начеку, ради тех, кто уже не с нами.","I, Gaston Cavalier, must remain vigilant for those no longer with us.",,jazz-units:items.lua:VoiceResponse
890000000007861,"Я, Гастон Кавалье, должен быть начеку, ради тех, кто уже не с нами.","I, Gaston Cavalier, must remain vigilant for those no longer with us.",,jazz-units:items.lua:VoiceResponse
890000000007862,(кашляет),(coughs),,jazz-units:items.lua:VoiceResponse
890000000007863,"Ха... ты умрешь, некомпетентный!","Ha... you will die, incompetent fool!",,jazz-units:items.lua:VoiceResponse
890000000007864,"Я слышу, кошка мяучит.",I hear a cat meowing.,,jazz-units:items.lua:VoiceResponse
890000000007865,Закончил выполнение.,Job's done.,,jazz-units:items.lua:VoiceResponse
890000000007866,"Похоже, ты удивлен?",Surprised?,,jazz-units:items.lua:VoiceResponse
890000000007867,Неужели очевидная глупость этого пугает только меня?,Am I the only one frightened by the sheer stupidity of this?,,jazz-units:items.lua:VoiceResponse
890000000007868,На связи.,Standing by.,,jazz-units:items.lua:VoiceResponse
890000000007869,На связи.,Standing by.,,jazz-units:items.lua:VoiceResponse
890000000007870,Тихо.,Quiet.,,jazz-units:items.lua:VoiceResponse
890000000007871,Тихо.,Quiet.,,jazz-units:items.lua:VoiceResponse
890000000007872,Тихо.,Quiet.,,jazz-units:items.lua:VoiceResponse
890000000007873,Есть.,On it.,,jazz-units:items.lua:VoiceResponse
890000000007874,Есть.,On it.,,jazz-units:items.lua:VoiceResponse
890000000007875,Есть.,On it.,,jazz-units:items.lua:VoiceResponse
890000000007876,Двигаюсь.,Moving.,,jazz-units:items.lua:VoiceResponse
890000000007877,Двигаюсь.,Moving.,,jazz-units:items.lua:VoiceResponse
890000000007878,Двигаюсь.,Moving.,,jazz-units:items.lua:VoiceResponse
890000000007879,Крадусь.,Sneaking.,,jazz-units:items.lua:VoiceResponse
890000000007880,Крадусь.,Sneaking.,,jazz-units:items.lua:VoiceResponse
890000000007881,Крадусь.,Sneaking.,,jazz-units:items.lua:VoiceResponse
890000000007882,Во-во дело говоришь!,Now that's what I'm talking about!,,jazz-units:items.lua:VoiceResponse
890000000007883,Во-во дело говоришь!,Now that's what I'm talking about!,,jazz-units:items.lua:VoiceResponse
890000000007884,Во-во дело говоришь!,Now that's what I'm talking about!,,jazz-units:items.lua:VoiceResponse
890000000007885,"И звать тебя теперь ""двухсотый""!",They'll call you Cargo 200 now!,,jazz-units:items.lua:VoiceResponse
890000000007886,А ну тихо!,"Quiet, now!",,jazz-units:items.lua:VoiceResponse
890000000007887,А ну тихо!,"Quiet, now!",,jazz-units:items.lua:VoiceResponse
890000000007888,Ты в уме?,Are you out of your mind?,,jazz-units:items.lua:VoiceResponse
890000000007889,Ты знаешь... никак!,You know... not a chance!,,jazz-units:items.lua:VoiceResponse
890000000007890,Опп-а! Вижу цель.,"Well, well! Target spotted.",,jazz-units:items.lua:VoiceResponse
890000000007891,Начнем что ли?,Shall we get started?,,jazz-units:items.lua:VoiceResponse
890000000007892,"Тю-ю! В очередь, сукины дети!","Ha! Get in line, you sons of bitches!",,jazz-units:items.lua:VoiceResponse
890000000007893,"И звать тебя теперь ""двухсотый""!",They'll call you Cargo 200 now!,,jazz-units:items.lua:VoiceResponse
890000000007894,"И рад бы, да стрелять нечем.","I'd love to, but I've got nothing to shoot with.",,jazz-units:items.lua:VoiceResponse
890000000007895,В самый подходящий момент! Это хуже афганской берданки!,Perfect timing! This is worse than an Afghan Berdan rifle!,,jazz-units:items.lua:VoiceResponse
890000000007896,Аргх!,Argh!,,jazz-units:items.lua:VoiceResponse
890000000007897,Аргх!,Argh!,,jazz-units:items.lua:VoiceResponse
890000000007898,Е-мое! Больно!,Holy hell! That hurts!,,jazz-units:items.lua:VoiceResponse
890000000007899,Да-а! С таким командиром навоюешь пожалуй!,"Yeah! With a commander like you, we're really going places!",,jazz-units:items.lua:VoiceResponse
890000000007900,"Ну вот, а теперь и повоевать можно!","There, now we can get back to fighting!",,jazz-units:items.lua:VoiceResponse
890000000007901,И сразу тихо так стало! Хор-рошо!,"And just like that, it's quiet! Gooood.",,jazz-units:items.lua:VoiceResponse
890000000007902,"Пару ""шмелей"" бы сюда на зачистку... Ну да придется самим.",A couple of Shmel launchers would clear this place... Guess we'll have to do it ourselves.,,jazz-units:items.lua:VoiceResponse
890000000007903,"Ну, до дяди ему далеко... Но паренек толковый.",He has a long way to go before he matches his uncle... But the kid's capable.,,jazz-units:items.lua:VoiceResponse
890000000007904,"Ну, до дяди ему далеко... Но паренек толковый.",He has a long way to go before he matches his uncle... But the kid's capable.,,jazz-units:items.lua:VoiceResponse
890000000007905,А ну тихо!,"Quiet, now!",,jazz-units:items.lua:VoiceResponse
890000000007906,А ну тихо!,"Quiet, now!",,jazz-units:items.lua:VoiceResponse
890000000007907,Че-т нашел.,Found somethin'.,,jazz-units:items.lua:VoiceResponse
890000000007908,"Чужое. Халява. Взять-взять! Хы! Фильм ""ДМБ"" смотрел?","Not ours. Free stuff. Take, take! Heh! Ever seen the movie DMB?",,jazz-units:items.lua:VoiceResponse
890000000007909,Закрыто.,Locked.,,jazz-units:items.lua:VoiceResponse
890000000007910,Меня не кантовать... При пожаре выносить первым...,"Do not tip... In case of fire, carry me out first...",,jazz-units:items.lua:VoiceResponse
890000000007911,"Выключаюсь, однако!",Fading out!,,jazz-units:items.lua:VoiceResponse
890000000007912,А хорошие люди есть не только в России!,There are good people outside Russia too!,,jazz-units:items.lua:VoiceResponse
890000000007913,"Никак нет, товарищ генерал!","No, Comrade General!",,jazz-units:items.lua:VoiceResponse
890000000007914,Все. Сделал.,That's it. Done.,,jazz-units:items.lua:VoiceResponse
890000000007915,Ложись!,Get down!,,jazz-units:items.lua:VoiceResponse
890000000007916,"И звать тебя теперь ""двухсотый""!",They'll call you Cargo 200 now!,,jazz-units:items.lua:VoiceResponse
890000000007917,"И звать тебя теперь ""двухсотый""!",They'll call you Cargo 200 now!,,jazz-units:items.lua:VoiceResponse
890000000007918,"Выключаюсь, однако!",Fading out!,,jazz-units:items.lua:VoiceResponse
890000000007919,"Выключаюсь, однако!",Fading out!,,jazz-units:items.lua:VoiceResponse
890000000007920,А ну тихо!,"Quiet, now!",,jazz-units:items.lua:VoiceResponse
890000000007921,Опасно!,Dangerous!,,jazz-units:items.lua:VoiceResponse
890000000007922,Этт еще не все!,That's not all!,,jazz-units:items.lua:VoiceResponse
890000000007923,Этт еще не все!,That's not all!,,jazz-units:items.lua:VoiceResponse
890000000007924,(кашляет),(coughs),,jazz-units:items.lua:VoiceResponse
890000000007925,Ч-чижики!,J-jeez!,,jazz-units:items.lua:VoiceResponse
890000000007926,"Эх... Ну, здравствуй, Мурзик!","Ah... Hello, Murzik!",,jazz-units:items.lua:VoiceResponse
890000000007927,Все. Сделал.,That's it. Done.,,jazz-units:items.lua:VoiceResponse
890000000007928,"Стареем, что ли? Да ну, быть не может!","Getting old, are we? Nah, can't be!",,jazz-units:items.lua:VoiceResponse
890000000007929,А ты еще раз подумай!,Think again!,,jazz-units:items.lua:VoiceResponse
890000000007930,На связи.,Standing by.,,jazz-units:items.lua:VoiceResponse
890000000007931,На связи.,Standing by.,,jazz-units:items.lua:VoiceResponse
890000000007932,Тихо.,Quiet.,,jazz-units:items.lua:VoiceResponse
890000000007933,Тихо.,Quiet.,,jazz-units:items.lua:VoiceResponse
890000000007934,Тихо.,Quiet.,,jazz-units:items.lua:VoiceResponse
890000000007935,Есть.,On it.,,jazz-units:items.lua:VoiceResponse
890000000007936,Есть.,On it.,,jazz-units:items.lua:VoiceResponse
890000000007937,Есть.,On it.,,jazz-units:items.lua:VoiceResponse
890000000007938,Двигаюсь.,Moving.,,jazz-units:items.lua:VoiceResponse
890000000007939,Двигаюсь.,Moving.,,jazz-units:items.lua:VoiceResponse
890000000007940,Двигаюсь.,Moving.,,jazz-units:items.lua:VoiceResponse
890000000007941,Крадусь.,Sneaking.,,jazz-units:items.lua:VoiceResponse
890000000007942,Крадусь.,Sneaking.,,jazz-units:items.lua:VoiceResponse
890000000007943,Крадусь.,Sneaking.,,jazz-units:items.lua:VoiceResponse
890000000007944,С вами.,With you.,,jazz-units:items.lua:VoiceResponse
890000000007945,С вами.,With you.,,jazz-units:items.lua:VoiceResponse
890000000007946,С вами.,With you.,,jazz-units:items.lua:VoiceResponse
890000000007947,Есть цель!,Target spotted!,,jazz-units:items.lua:VoiceResponse
890000000007948,Тихо сниму.,I'll take them out quietly.,,jazz-units:items.lua:VoiceResponse
890000000007949,Тихо сниму.,I'll take them out quietly.,,jazz-units:items.lua:VoiceResponse
890000000007950,Сложный выстрел.,Tough shot.,,jazz-units:items.lua:VoiceResponse
890000000007951,Плохой угол.,Bad angle.,,jazz-units:items.lua:VoiceResponse
890000000007952,Вижу их!,I see them!,,jazz-units:items.lua:VoiceResponse
890000000007953,Вижу их!,I see them!,,jazz-units:items.lua:VoiceResponse
890000000007954,Их много!,There's a lot of them!,,jazz-units:items.lua:VoiceResponse
890000000007955,Готов.,Ready.,,jazz-units:items.lua:VoiceResponse
890000000007956,Патроны кончились.,Out of ammo.,,jazz-units:items.lua:VoiceResponse
890000000007957,Клин!,Jammed!,,jazz-units:items.lua:VoiceResponse
890000000007958,Аргх!,Argh!,,jazz-units:items.lua:VoiceResponse
890000000007959,Аргх!,Argh!,,jazz-units:items.lua:VoiceResponse
890000000007960,Ранен!,Wounded!,,jazz-units:items.lua:VoiceResponse
890000000007961,Плохо…,This is bad...,,jazz-units:items.lua:VoiceResponse
890000000007962,К бою!,Prepare for battle!,,jazz-units:items.lua:VoiceResponse
890000000007963,Чисто.,Clean.,,jazz-units:items.lua:VoiceResponse
890000000007964,Ещё остались.,There are more left.,,jazz-units:items.lua:VoiceResponse
890000000007965,Жду.,Waiting.,,jazz-units:items.lua:VoiceResponse
890000000007966,Жду.,Waiting.,,jazz-units:items.lua:VoiceResponse
890000000007967,Прячусь.,I'm hiding.,,jazz-units:items.lua:VoiceResponse
890000000007968,Прячусь.,I'm hiding.,,jazz-units:items.lua:VoiceResponse
890000000007969,Интересно…,Interesting...,,jazz-units:items.lua:VoiceResponse
890000000007970,Интересно…,Interesting...,,jazz-units:items.lua:VoiceResponse
890000000007971,Закрыто.,Locked.,,jazz-units:items.lua:VoiceResponse
890000000007972,Устал…,Tired...,,jazz-units:items.lua:VoiceResponse
890000000007973,(пыхтит),(huffing),,jazz-units:items.lua:VoiceResponse
890000000007974,Спасибо.,Thanks.,,jazz-units:items.lua:VoiceResponse
890000000007975,Не сейчас.,There be plenty of time later for that.,,jazz-units:items.lua:VoiceResponse
890000000007976,Готово.,Done.,,jazz-units:items.lua:VoiceResponse
890000000007977,В укрытие!,Take cover!,,jazz-units:items.lua:VoiceResponse
890000000007978,Граната!,Grenade!,,jazz-units:items.lua:VoiceResponse
890000000007979,Очередь!,Burst!,,jazz-units:items.lua:VoiceResponse
890000000007980,(лезет),(climbing),,jazz-units:items.lua:VoiceResponse
890000000007981,(прыжок),(jump),,jazz-units:items.lua:VoiceResponse
890000000007982,Что?!,What?!,,jazz-units:items.lua:VoiceResponse
890000000007983,Опасно!,Dangerous!,,jazz-units:items.lua:VoiceResponse
890000000007984,Держу сектор.,Holding this sector.,,jazz-units:items.lua:VoiceResponse
890000000007985,Наготове.,Ready.,,jazz-units:items.lua:VoiceResponse
890000000007986,(кашляет),(coughs),,jazz-units:items.lua:VoiceResponse
890000000007987,Почти…,Almost...,,jazz-units:items.lua:VoiceResponse
890000000007988,Зверь!,Beast!,,jazz-units:items.lua:VoiceResponse
890000000007989,Есть идея.,I've got an idea.,,jazz-units:items.lua:VoiceResponse
890000000007990,Сделано.,Done.,,jazz-units:items.lua:VoiceResponse
890000000007991,Не вышло.,Didn't work.,,jazz-units:items.lua:VoiceResponse
890000000007992,На связи.,Standing by.,,jazz-units:items.lua:VoiceResponse
890000000007993,На связи.,Standing by.,,jazz-units:items.lua:VoiceResponse
890000000007994,Тихо.,Quiet.,,jazz-units:items.lua:VoiceResponse
890000000007995,Тихо.,Quiet.,,jazz-units:items.lua:VoiceResponse
890000000007996,Тихо.,Quiet.,,jazz-units:items.lua:VoiceResponse
890000000007997,Есть.,On it.,,jazz-units:items.lua:VoiceResponse
890000000007998,Есть.,On it.,,jazz-units:items.lua:VoiceResponse
890000000007999,Есть.,On it.,,jazz-units:items.lua:VoiceResponse
890000000008000,Двигаюсь.,Moving.,,jazz-units:items.lua:VoiceResponse
890000000008001,Двигаюсь.,Moving.,,jazz-units:items.lua:VoiceResponse
890000000008002,Двигаюсь.,Moving.,,jazz-units:items.lua:VoiceResponse
890000000008003,Крадусь.,Sneaking.,,jazz-units:items.lua:VoiceResponse
890000000008004,Крадусь.,Sneaking.,,jazz-units:items.lua:VoiceResponse
890000000008005,Крадусь.,Sneaking.,,jazz-units:items.lua:VoiceResponse
890000000008006,С вами.,With you.,,jazz-units:items.lua:VoiceResponse
890000000008007,С вами.,With you.,,jazz-units:items.lua:VoiceResponse
890000000008008,С вами.,With you.,,jazz-units:items.lua:VoiceResponse
890000000008009,Есть цель!,Target spotted!,,jazz-units:items.lua:VoiceResponse
890000000008010,Тихо сниму.,I'll take them out quietly.,,jazz-units:items.lua:VoiceResponse
890000000008011,Тихо сниму.,I'll take them out quietly.,,jazz-units:items.lua:VoiceResponse
890000000008012,Сложный выстрел.,Tough shot.,,jazz-units:items.lua:VoiceResponse
890000000008013,Плохой угол.,Bad angle.,,jazz-units:items.lua:VoiceResponse
890000000008014,Вижу их!,I see them!,,jazz-units:items.lua:VoiceResponse
890000000008015,Вижу их!,I see them!,,jazz-units:items.lua:VoiceResponse
890000000008016,Их много!,There's a lot of them!,,jazz-units:items.lua:VoiceResponse
890000000008017,Готов.,Ready.,,jazz-units:items.lua:VoiceResponse
890000000008018,Патроны кончились.,Out of ammo.,,jazz-units:items.lua:VoiceResponse
890000000008019,Клин!,Jammed!,,jazz-units:items.lua:VoiceResponse
890000000008020,Аргх!,Argh!,,jazz-units:items.lua:VoiceResponse
890000000008021,Аргх!,Argh!,,jazz-units:items.lua:VoiceResponse
890000000008022,Ранен!,Wounded!,,jazz-units:items.lua:VoiceResponse
890000000008023,Плохо…,This is bad...,,jazz-units:items.lua:VoiceResponse
890000000008024,К бою!,Prepare for battle!,,jazz-units:items.lua:VoiceResponse
890000000008025,Чисто.,Clean.,,jazz-units:items.lua:VoiceResponse
890000000008026,Ещё остались.,There are more left.,,jazz-units:items.lua:VoiceResponse
890000000008027,Жду.,Waiting.,,jazz-units:items.lua:VoiceResponse
890000000008028,Жду.,Waiting.,,jazz-units:items.lua:VoiceResponse
890000000008029,Прячусь.,I'm hiding.,,jazz-units:items.lua:VoiceResponse
890000000008030,Прячусь.,I'm hiding.,,jazz-units:items.lua:VoiceResponse
890000000008031,Интересно…,Interesting...,,jazz-units:items.lua:VoiceResponse
890000000008032,Интересно…,Interesting...,,jazz-units:items.lua:VoiceResponse
890000000008033,Закрыто.,Locked.,,jazz-units:items.lua:VoiceResponse
890000000008034,Устал…,Tired...,,jazz-units:items.lua:VoiceResponse
890000000008035,(пыхтит),(huffing),,jazz-units:items.lua:VoiceResponse
890000000008036,Спасибо.,Thanks.,,jazz-units:items.lua:VoiceResponse
890000000008037,Не сейчас.,There be plenty of time later for that.,,jazz-units:items.lua:VoiceResponse
890000000008038,Готово.,Done.,,jazz-units:items.lua:VoiceResponse
890000000008039,В укрытие!,Take cover!,,jazz-units:items.lua:VoiceResponse
890000000008040,Граната!,Grenade!,,jazz-units:items.lua:VoiceResponse
890000000008041,Очередь!,Burst!,,jazz-units:items.lua:VoiceResponse
890000000008042,(лезет),(climbing),,jazz-units:items.lua:VoiceResponse
890000000008043,(прыжок),(jump),,jazz-units:items.lua:VoiceResponse
890000000008044,Что?!,What?!,,jazz-units:items.lua:VoiceResponse
890000000008045,Опасно!,Dangerous!,,jazz-units:items.lua:VoiceResponse
890000000008046,Держу сектор.,Holding this sector.,,jazz-units:items.lua:VoiceResponse
890000000008047,Наготове.,Ready.,,jazz-units:items.lua:VoiceResponse
890000000008048,(кашляет),(coughs),,jazz-units:items.lua:VoiceResponse
890000000008049,Почти…,Almost...,,jazz-units:items.lua:VoiceResponse
890000000008050,Зверь!,Beast!,,jazz-units:items.lua:VoiceResponse
890000000008051,Есть идея.,I've got an idea.,,jazz-units:items.lua:VoiceResponse
890000000008052,Сделано.,Done.,,jazz-units:items.lua:VoiceResponse
890000000008053,Не вышло.,Didn't work.,,jazz-units:items.lua:VoiceResponse
890000000008054,На связи.,Standing by.,,jazz-units:items.lua:VoiceResponse
890000000008055,На связи.,Standing by.,,jazz-units:items.lua:VoiceResponse
890000000008056,Тихо.,Quiet.,,jazz-units:items.lua:VoiceResponse
890000000008057,Тихо.,Quiet.,,jazz-units:items.lua:VoiceResponse
890000000008058,Тихо.,Quiet.,,jazz-units:items.lua:VoiceResponse
890000000008059,Есть.,On it.,,jazz-units:items.lua:VoiceResponse
890000000008060,Есть.,On it.,,jazz-units:items.lua:VoiceResponse
890000000008061,Есть.,On it.,,jazz-units:items.lua:VoiceResponse
890000000008062,Двигаюсь.,Moving.,,jazz-units:items.lua:VoiceResponse
890000000008063,Двигаюсь.,Moving.,,jazz-units:items.lua:VoiceResponse
890000000008064,Двигаюсь.,Moving.,,jazz-units:items.lua:VoiceResponse
890000000008065,Крадусь.,Sneaking.,,jazz-units:items.lua:VoiceResponse
890000000008066,Крадусь.,Sneaking.,,jazz-units:items.lua:VoiceResponse
890000000008067,Крадусь.,Sneaking.,,jazz-units:items.lua:VoiceResponse
890000000008068,С вами.,With you.,,jazz-units:items.lua:VoiceResponse
890000000008069,С вами.,With you.,,jazz-units:items.lua:VoiceResponse
890000000008070,С вами.,With you.,,jazz-units:items.lua:VoiceResponse
890000000008071,Есть цель!,Target spotted!,,jazz-units:items.lua:VoiceResponse
890000000008072,Тихо сниму.,I'll take them out quietly.,,jazz-units:items.lua:VoiceResponse
890000000008073,Тихо сниму.,I'll take them out quietly.,,jazz-units:items.lua:VoiceResponse
890000000008074,Сложный выстрел.,Tough shot.,,jazz-units:items.lua:VoiceResponse
890000000008075,Плохой угол.,Bad angle.,,jazz-units:items.lua:VoiceResponse
890000000008076,Вижу их!,I see them!,,jazz-units:items.lua:VoiceResponse
890000000008077,Вижу их!,I see them!,,jazz-units:items.lua:VoiceResponse
890000000008078,Их много!,There's a lot of them!,,jazz-units:items.lua:VoiceResponse
890000000008079,Готов.,Ready.,,jazz-units:items.lua:VoiceResponse
890000000008080,Патроны кончились.,Out of ammo.,,jazz-units:items.lua:VoiceResponse
890000000008081,Клин!,Jammed!,,jazz-units:items.lua:VoiceResponse
890000000008082,Аргх!,Argh!,,jazz-units:items.lua:VoiceResponse
890000000008083,Аргх!,Argh!,,jazz-units:items.lua:VoiceResponse
890000000008084,Ранен!,Wounded!,,jazz-units:items.lua:VoiceResponse
890000000008085,Плохо…,This is bad...,,jazz-units:items.lua:VoiceResponse
890000000008086,К бою!,Prepare for battle!,,jazz-units:items.lua:VoiceResponse
890000000008087,Чисто.,Clean.,,jazz-units:items.lua:VoiceResponse
890000000008088,Ещё остались.,There are more left.,,jazz-units:items.lua:VoiceResponse
890000000008089,Жду.,Waiting.,,jazz-units:items.lua:VoiceResponse
890000000008090,Жду.,Waiting.,,jazz-units:items.lua:VoiceResponse
890000000008091,Прячусь.,I'm hiding.,,jazz-units:items.lua:VoiceResponse
890000000008092,Прячусь.,I'm hiding.,,jazz-units:items.lua:VoiceResponse
890000000008093,Интересно…,Interesting...,,jazz-units:items.lua:VoiceResponse
890000000008094,Интересно…,Interesting...,,jazz-units:items.lua:VoiceResponse
890000000008095,Закрыто.,Locked.,,jazz-units:items.lua:VoiceResponse
890000000008096,Устал…,Tired...,,jazz-units:items.lua:VoiceResponse
890000000008097,(пыхтит),(huffing),,jazz-units:items.lua:VoiceResponse
890000000008098,Спасибо.,Thanks.,,jazz-units:items.lua:VoiceResponse
890000000008099,Не сейчас.,There be plenty of time later for that.,,jazz-units:items.lua:VoiceResponse
890000000008100,Готово.,Done.,,jazz-units:items.lua:VoiceResponse
890000000008101,В укрытие!,Take cover!,,jazz-units:items.lua:VoiceResponse
890000000008102,Граната!,Grenade!,,jazz-units:items.lua:VoiceResponse
890000000008103,Очередь!,Burst!,,jazz-units:items.lua:VoiceResponse
890000000008104,(лезет),(climbing),,jazz-units:items.lua:VoiceResponse
890000000008105,(прыжок),(jump),,jazz-units:items.lua:VoiceResponse
890000000008106,Что?!,What?!,,jazz-units:items.lua:VoiceResponse
890000000008107,Опасно!,Dangerous!,,jazz-units:items.lua:VoiceResponse
890000000008108,Держу сектор.,Holding this sector.,,jazz-units:items.lua:VoiceResponse
890000000008109,Наготове.,Ready.,,jazz-units:items.lua:VoiceResponse
890000000008110,(кашляет),(coughs),,jazz-units:items.lua:VoiceResponse
890000000008111,Почти…,Almost...,,jazz-units:items.lua:VoiceResponse
890000000008112,Зверь!,Beast!,,jazz-units:items.lua:VoiceResponse
890000000008113,Есть идея.,I've got an idea.,,jazz-units:items.lua:VoiceResponse
890000000008114,Сделано.,Done.,,jazz-units:items.lua:VoiceResponse
890000000008115,Не вышло.,Didn't work.,,jazz-units:items.lua:VoiceResponse
890000000008116,На связи.,Standing by.,,jazz-units:items.lua:VoiceResponse
890000000008117,На связи.,Standing by.,,jazz-units:items.lua:VoiceResponse
890000000008118,Тихо.,Quiet.,,jazz-units:items.lua:VoiceResponse
890000000008119,Тихо.,Quiet.,,jazz-units:items.lua:VoiceResponse
890000000008120,Тихо.,Quiet.,,jazz-units:items.lua:VoiceResponse
890000000008121,Есть.,On it.,,jazz-units:items.lua:VoiceResponse
890000000008122,Есть.,On it.,,jazz-units:items.lua:VoiceResponse
890000000008123,Есть.,On it.,,jazz-units:items.lua:VoiceResponse
890000000008124,Двигаюсь.,Moving.,,jazz-units:items.lua:VoiceResponse
890000000008125,Двигаюсь.,Moving.,,jazz-units:items.lua:VoiceResponse
890000000008126,Двигаюсь.,Moving.,,jazz-units:items.lua:VoiceResponse
890000000008127,Крадусь.,Sneaking.,,jazz-units:items.lua:VoiceResponse
890000000008128,Крадусь.,Sneaking.,,jazz-units:items.lua:VoiceResponse
890000000008129,Крадусь.,Sneaking.,,jazz-units:items.lua:VoiceResponse
890000000008130,И меня посчитайте.,Count me in.,,jazz-units:items.lua:VoiceResponse
890000000008131,И меня посчитайте.,Count me in.,,jazz-units:items.lua:VoiceResponse
890000000008132,И меня посчитайте.,Count me in.,,jazz-units:items.lua:VoiceResponse
890000000008133,Еще один клиент для капеллана.,Another client for the chaplain.,,jazz-units:items.lua:VoiceResponse
890000000008134,Какой-то шум.,Some kind of noise.,,jazz-units:items.lua:VoiceResponse
890000000008135,Какой-то шум.,Some kind of noise.,,jazz-units:items.lua:VoiceResponse
890000000008136,Не выйдет. Ничего не видно.,No chance. Can't see a thing.,,jazz-units:items.lua:VoiceResponse
890000000008137,"Не хочется говорить, но это бесполезно.","Hate to say it, but this is pointless.",,jazz-units:items.lua:VoiceResponse
890000000008138,Неприятности.,Trouble.,,jazz-units:items.lua:VoiceResponse
890000000008139,Цели здесь.,Targets are here.,,jazz-units:items.lua:VoiceResponse
890000000008140,Вот дерьмо собачье! Я по уши увяз.,Dogshit! I'm in it up to my ears.,,jazz-units:items.lua:VoiceResponse
890000000008141,Еще один клиент для капеллана.,Another client for the chaplain.,,jazz-units:items.lua:VoiceResponse
890000000008142,У меня все! Нужны патроны.,That's it! I need ammo.,,jazz-units:items.lua:VoiceResponse
890000000008143,Оружие заклинило!,Weapon's jammed!,,jazz-units:items.lua:VoiceResponse
890000000008144,Аргх!,Argh!,,jazz-units:items.lua:VoiceResponse
890000000008145,Аргх!,Argh!,,jazz-units:items.lua:VoiceResponse
890000000008146,Плохо. Кровь льет как из ведра.,Bad. Blood's pouring out.,,jazz-units:items.lua:VoiceResponse
890000000008147,"Эх, жизнь собачья!","Ah, it's a dog's life!",,jazz-units:items.lua:VoiceResponse
890000000008148,К бою!,Prepare for battle!,,jazz-units:items.lua:VoiceResponse
890000000008149,Их здесь словно никогда и не было.,It's as if they were never here.,,jazz-units:items.lua:VoiceResponse
890000000008150,Сейчас тут заварится каша.,Things are about to get messy.,,jazz-units:items.lua:VoiceResponse
890000000008151,Жду.,Waiting.,,jazz-units:items.lua:VoiceResponse
890000000008152,Жду.,Waiting.,,jazz-units:items.lua:VoiceResponse
890000000008153,Какой-то шум.,Some kind of noise.,,jazz-units:items.lua:VoiceResponse
890000000008154,Какой-то шум.,Some kind of noise.,,jazz-units:items.lua:VoiceResponse
890000000008155,Вот!,There!,,jazz-units:items.lua:VoiceResponse
890000000008156,Это что?,What's this?,,jazz-units:items.lua:VoiceResponse
890000000008157,Закрыто.,Locked.,,jazz-units:items.lua:VoiceResponse
890000000008158,Пора залезть в спальный мешок...,Time to crawl into the sleeping bag...,,jazz-units:items.lua:VoiceResponse
890000000008159,Дайте... отдышаться.,Let me... catch my breath.,,jazz-units:items.lua:VoiceResponse
890000000008160,Это было забавно.,That was fun.,,jazz-units:items.lua:VoiceResponse
890000000008161,"Надеюсь, ты не настаиваешь.",I hope you're not insisting.,,jazz-units:items.lua:VoiceResponse
890000000008162,Я закончил.,I'm done.,,jazz-units:items.lua:VoiceResponse
890000000008163,Осторожно! Эти птички хотят на нас нагадить.,Watch out! Those birds want to crap on us.,,jazz-units:items.lua:VoiceResponse
890000000008164,Еще один клиент для капеллана.,Another client for the chaplain.,,jazz-units:items.lua:VoiceResponse
890000000008165,Еще один клиент для капеллана.,Another client for the chaplain.,,jazz-units:items.lua:VoiceResponse
890000000008166,Дайте... отдышаться.,Let me... catch my breath.,,jazz-units:items.lua:VoiceResponse
890000000008167,Дайте... отдышаться.,Let me... catch my breath.,,jazz-units:items.lua:VoiceResponse
890000000008168,Какой-то шум.,Some kind of noise.,,jazz-units:items.lua:VoiceResponse
890000000008169,Скорее! Я чувствую недоброе.,Hurry! I've got a bad feeling.,,jazz-units:items.lua:VoiceResponse
890000000008170,Мы не всех еще перебили. Помните об этом.,We haven't killed them all yet. Remember that.,,jazz-units:items.lua:VoiceResponse
890000000008171,Мы не всех еще перебили. Помните об этом.,We haven't killed them all yet. Remember that.,,jazz-units:items.lua:VoiceResponse
890000000008172,(кашляет),(coughs),,jazz-units:items.lua:VoiceResponse
890000000008173,Мазилы!,Missed me!,,jazz-units:items.lua:VoiceResponse
890000000008174,У нас четвероногие проблемы!,We've got four-legged trouble!,,jazz-units:items.lua:VoiceResponse
890000000008175,Я закончил.,I'm done.,,jazz-units:items.lua:VoiceResponse
890000000008176,Разойдитесь. Здесь не на что смотреть.,Move along. Nothing to see here.,,jazz-units:items.lua:VoiceResponse
890000000008177,От этого за версту разит глупостью.,This reeks of stupidity from a mile away.,,jazz-units:items.lua:VoiceResponse
890000000008178,На связи.,Standing by.,,jazz-units:items.lua:VoiceResponse
890000000008179,На связи.,Standing by.,,jazz-units:items.lua:VoiceResponse
890000000008180,Тихо.,Quiet.,,jazz-units:items.lua:VoiceResponse
890000000008181,Тихо.,Quiet.,,jazz-units:items.lua:VoiceResponse
890000000008182,Тихо.,Quiet.,,jazz-units:items.lua:VoiceResponse
890000000008183,Есть.,On it.,,jazz-units:items.lua:VoiceResponse
890000000008184,Есть.,On it.,,jazz-units:items.lua:VoiceResponse
890000000008185,Есть.,On it.,,jazz-units:items.lua:VoiceResponse
890000000008186,Двигаюсь.,Moving.,,jazz-units:items.lua:VoiceResponse
890000000008187,Двигаюсь.,Moving.,,jazz-units:items.lua:VoiceResponse
890000000008188,Двигаюсь.,Moving.,,jazz-units:items.lua:VoiceResponse
890000000008189,Крадусь.,Sneaking.,,jazz-units:items.lua:VoiceResponse
890000000008190,Крадусь.,Sneaking.,,jazz-units:items.lua:VoiceResponse
890000000008191,Крадусь.,Sneaking.,,jazz-units:items.lua:VoiceResponse
890000000008192,С вами.,With you.,,jazz-units:items.lua:VoiceResponse
890000000008193,С вами.,With you.,,jazz-units:items.lua:VoiceResponse
890000000008194,С вами.,With you.,,jazz-units:items.lua:VoiceResponse
890000000008195,Есть цель!,Target spotted!,,jazz-units:items.lua:VoiceResponse
890000000008196,Тихо сниму.,I'll take them out quietly.,,jazz-units:items.lua:VoiceResponse
890000000008197,Тихо сниму.,I'll take them out quietly.,,jazz-units:items.lua:VoiceResponse
890000000008198,Сложный выстрел.,Tough shot.,,jazz-units:items.lua:VoiceResponse
890000000008199,Плохой угол.,Bad angle.,,jazz-units:items.lua:VoiceResponse
890000000008200,Вижу их!,I see them!,,jazz-units:items.lua:VoiceResponse
890000000008201,Вижу их!,I see them!,,jazz-units:items.lua:VoiceResponse
890000000008202,Их много!,There's a lot of them!,,jazz-units:items.lua:VoiceResponse
890000000008203,Готов.,Ready.,,jazz-units:items.lua:VoiceResponse
890000000008204,Патроны кончились.,Out of ammo.,,jazz-units:items.lua:VoiceResponse
890000000008205,Клин!,Jammed!,,jazz-units:items.lua:VoiceResponse
890000000008206,Аргх!,Argh!,,jazz-units:items.lua:VoiceResponse
890000000008207,Аргх!,Argh!,,jazz-units:items.lua:VoiceResponse
890000000008208,Ранен!,Wounded!,,jazz-units:items.lua:VoiceResponse
890000000008209,Плохо…,This is bad...,,jazz-units:items.lua:VoiceResponse
890000000008210,К бою!,Prepare for battle!,,jazz-units:items.lua:VoiceResponse
890000000008211,Чисто.,Clean.,,jazz-units:items.lua:VoiceResponse
890000000008212,Ещё остались.,There are more left.,,jazz-units:items.lua:VoiceResponse
890000000008213,Жду.,Waiting.,,jazz-units:items.lua:VoiceResponse
890000000008214,Жду.,Waiting.,,jazz-units:items.lua:VoiceResponse
890000000008215,Прячусь.,I'm hiding.,,jazz-units:items.lua:VoiceResponse
890000000008216,Прячусь.,I'm hiding.,,jazz-units:items.lua:VoiceResponse
890000000008217,Интересно…,Interesting...,,jazz-units:items.lua:VoiceResponse
890000000008218,Интересно…,Interesting...,,jazz-units:items.lua:VoiceResponse
890000000008219,Закрыто.,Locked.,,jazz-units:items.lua:VoiceResponse
890000000008220,Устал…,Tired...,,jazz-units:items.lua:VoiceResponse
890000000008221,(пыхтит),(huffing),,jazz-units:items.lua:VoiceResponse
890000000008222,Спасибо.,Thanks.,,jazz-units:items.lua:VoiceResponse
890000000008223,Не сейчас.,There be plenty of time later for that.,,jazz-units:items.lua:VoiceResponse
890000000008224,Готово.,Done.,,jazz-units:items.lua:VoiceResponse
890000000008225,В укрытие!,Take cover!,,jazz-units:items.lua:VoiceResponse
890000000008226,Граната!,Grenade!,,jazz-units:items.lua:VoiceResponse
890000000008227,Очередь!,Burst!,,jazz-units:items.lua:VoiceResponse
890000000008228,(лезет),(climbing),,jazz-units:items.lua:VoiceResponse
890000000008229,(прыжок),(jump),,jazz-units:items.lua:VoiceResponse
890000000008230,Что?!,What?!,,jazz-units:items.lua:VoiceResponse
890000000008231,Опасно!,Dangerous!,,jazz-units:items.lua:VoiceResponse
890000000008232,Держу сектор.,Holding this sector.,,jazz-units:items.lua:VoiceResponse
890000000008233,Наготове.,Ready.,,jazz-units:items.lua:VoiceResponse
890000000008234,(кашляет),(coughs),,jazz-units:items.lua:VoiceResponse
890000000008235,Почти…,Almost...,,jazz-units:items.lua:VoiceResponse
890000000008236,Зверь!,Beast!,,jazz-units:items.lua:VoiceResponse
890000000008237,Есть идея.,I've got an idea.,,jazz-units:items.lua:VoiceResponse
890000000008238,Сделано.,Done.,,jazz-units:items.lua:VoiceResponse
890000000008239,Не вышло.,Didn't work.,,jazz-units:items.lua:VoiceResponse
890000000008240,На связи.,Standing by.,,jazz-units:items.lua:VoiceResponse
890000000008241,На связи.,Standing by.,,jazz-units:items.lua:VoiceResponse
890000000008242,Тихо.,Quiet.,,jazz-units:items.lua:VoiceResponse
890000000008243,Тихо.,Quiet.,,jazz-units:items.lua:VoiceResponse
890000000008244,Тихо.,Quiet.,,jazz-units:items.lua:VoiceResponse
890000000008245,Есть.,On it.,,jazz-units:items.lua:VoiceResponse
890000000008246,Есть.,On it.,,jazz-units:items.lua:VoiceResponse
890000000008247,Есть.,On it.,,jazz-units:items.lua:VoiceResponse
890000000008248,Двигаюсь.,Moving.,,jazz-units:items.lua:VoiceResponse
890000000008249,Двигаюсь.,Moving.,,jazz-units:items.lua:VoiceResponse
890000000008250,Двигаюсь.,Moving.,,jazz-units:items.lua:VoiceResponse
890000000008251,Крадусь.,Sneaking.,,jazz-units:items.lua:VoiceResponse
890000000008252,Крадусь.,Sneaking.,,jazz-units:items.lua:VoiceResponse
890000000008253,Крадусь.,Sneaking.,,jazz-units:items.lua:VoiceResponse
890000000008254,Тоже!,Me too!,,jazz-units:items.lua:VoiceResponse
890000000008255,Тоже!,Me too!,,jazz-units:items.lua:VoiceResponse
890000000008256,Тоже!,Me too!,,jazz-units:items.lua:VoiceResponse
890000000008257,Есть!,Yes!,,jazz-units:items.lua:VoiceResponse
890000000008258,Что это был за звук?,What was that sound?,,jazz-units:items.lua:VoiceResponse
890000000008259,Что это был за звук?,What was that sound?,,jazz-units:items.lua:VoiceResponse
890000000008260,"Это что, шутка? То есть, э-э, кто-нибудь другой туда не может пальнуть?","Is this a joke? I mean, uh, can't somebody else take that shot?",,jazz-units:items.lua:VoiceResponse
890000000008261,"Тут есть какой-то секрет, которого я не знаю?",Is there some secret here I don't know about?,,jazz-units:items.lua:VoiceResponse
890000000008262,Черти!,Devils!,,jazz-units:items.lua:VoiceResponse
890000000008263,"Шпана! Ну, пора представиться.",Riffraff! Time to introduce myself.,,jazz-units:items.lua:VoiceResponse
890000000008264,Помощь мне бы не помешала.,I could use some help.,,jazz-units:items.lua:VoiceResponse
890000000008265,"Мы с этим Рикошетом друг друга просто не выносим. Я не могу оставаться с ним. Это идет вразрез со всеми моими убеждениями. У меня бы отобрали мой замечательный ярко-оранжевый патрульный жилет, если бы узнали об этом.",Ricochet and I simply can't stand each other. I can't stay with him. It goes against everything I believe in. They'd take away my lovely bright-orange patrol vest if they found out.,,jazz-units:items.lua:VoiceResponse
890000000008266,Мне бы еще свинца.,Could use some more lead.,,jazz-units:items.lua:VoiceResponse
890000000008267,"Надо починить эту штуку, пока она кого-нибудь не убила. Точнее, меня.","Need to fix this thing before it kills someone. Me, specifically.",,jazz-units:items.lua:VoiceResponse
890000000008268,Аргх!,Argh!,,jazz-units:items.lua:VoiceResponse
890000000008269,Аргх!,Argh!,,jazz-units:items.lua:VoiceResponse
890000000008270,Ох! На этот раз мне не повезло. Мэри... Я скоро буду с тобой... Если по дороге не заблужусь...,Oh! My luck ran out this time. Mary... I'll be with you soon... if I don't get lost on the way...,,jazz-units:items.lua:VoiceResponse
890000000008271,Хочу тебе сказать... Это не похоже на старые добрые Соединенные Штаты...,Let me tell you... this doesn't feel like the good old United States...,,jazz-units:items.lua:VoiceResponse
890000000008272,К бою!,Prepare for battle!,,jazz-units:items.lua:VoiceResponse
890000000008273,"И это все? Я думал, расправиться с ними будет значительно труднее.",Is that all? I thought they'd be much harder to deal with.,,jazz-units:items.lua:VoiceResponse
890000000008274,Эти черти где-то здесь. Они всегда вертятся поблизости.,Those devils are somewhere around here. They're always lurking nearby.,,jazz-units:items.lua:VoiceResponse
890000000008275,"Завязывайте курить кубинские сигары, это до добра не доведет. Мы еще поставим этого парня на колени. Это может случиться в любой момент. Увидите!",Quit smoking Cuban cigars; it'll do you no good. We'll still bring this guy to his knees. It could happen any moment. You'll see!,,jazz-units:items.lua:VoiceResponse
890000000008276,"Завязывайте курить кубинские сигары, это до добра не доведет. Мы еще поставим этого парня на колени. Это может случиться в любой момент. Увидите!",Quit smoking Cuban cigars; it'll do you no good. We'll still bring this guy to his knees. It could happen any moment. You'll see!,,jazz-units:items.lua:VoiceResponse
890000000008277,Что это был за звук?,What was that sound?,,jazz-units:items.lua:VoiceResponse
890000000008278,Что это был за звук?,What was that sound?,,jazz-units:items.lua:VoiceResponse
890000000008279,Там что-то есть.,Spotted something over there.,,jazz-units:items.lua:VoiceResponse
890000000008280,Что это?,What is it?,,jazz-units:items.lua:VoiceResponse
890000000008281,Закрыто.,Locked.,,jazz-units:items.lua:VoiceResponse
890000000008282,Я скоро отрублюсь. Меня ноги уже не держат.,I'm about to pass out. My legs won't hold me.,,jazz-units:items.lua:VoiceResponse
890000000008283,Куда спешим? У нас еще есть время. Есть!,Why the rush? We still have time. Yes!,,jazz-units:items.lua:VoiceResponse
890000000008284,Ничего себе арбузы!,Now those are some melons!,,jazz-units:items.lua:VoiceResponse
890000000008285,НЕТ! Я всю жизнь мечтал сказать это своей жене.,NO! I've dreamed of saying that to my wife my whole life.,,jazz-units:items.lua:VoiceResponse
890000000008286,"Расписываюсь в выполнении задания, шеф. Что дальше?","Signing off on the completed assignment, boss. What's next?",,jazz-units:items.lua:VoiceResponse
890000000008287,Камикадзе атакуют!,Kamikazes are attacking!,,jazz-units:items.lua:VoiceResponse
890000000008288,Есть!,Yes!,,jazz-units:items.lua:VoiceResponse
890000000008289,Есть!,Yes!,,jazz-units:items.lua:VoiceResponse
890000000008290,Куда спешим? У нас еще есть время. Есть!,Why the rush? We still have time. Yes!,,jazz-units:items.lua:VoiceResponse
890000000008291,Куда спешим? У нас еще есть время. Есть!,Why the rush? We still have time. Yes!,,jazz-units:items.lua:VoiceResponse
890000000008292,Что это был за звук?,What was that sound?,,jazz-units:items.lua:VoiceResponse
890000000008293,Здесь пахнет бедой.,Smells like trouble.,,jazz-units:items.lua:VoiceResponse
890000000008294,"Кто-нибудь считал? Я не уверен, что мы нашли всех.",Did anyone count? I'm not sure we found them all.,,jazz-units:items.lua:VoiceResponse
890000000008295,"Кто-нибудь считал? Я не уверен, что мы нашли всех.",Did anyone count? I'm not sure we found them all.,,jazz-units:items.lua:VoiceResponse
890000000008296,(кашляет),(coughs),,jazz-units:items.lua:VoiceResponse
890000000008297,"Ох... Сердце стучит, как кузнечный молот...",Oh... My heart's pounding like a forge hammer...,,jazz-units:items.lua:VoiceResponse
890000000008298,Вот во что превращаются милые котята!,So that's what cute little kittens grow into!,,jazz-units:items.lua:VoiceResponse
890000000008299,"Расписываюсь в выполнении задания, шеф. Что дальше?","Signing off on the completed assignment, boss. What's next?",,jazz-units:items.lua:VoiceResponse
890000000008300,И к чему все это было?,And what was all that for?,,jazz-units:items.lua:VoiceResponse
890000000008301,"Ты что, с Луны свалился?","What, did you fall off the Moon?",,jazz-units:items.lua:VoiceResponse
890000000008302,На связи.,Standing by.,,jazz-units:items.lua:VoiceResponse
890000000008303,На связи.,Standing by.,,jazz-units:items.lua:VoiceResponse
890000000008304,Тихо.,Quiet.,,jazz-units:items.lua:VoiceResponse
890000000008305,Тихо.,Quiet.,,jazz-units:items.lua:VoiceResponse
890000000008306,Тихо.,Quiet.,,jazz-units:items.lua:VoiceResponse
890000000008307,Есть.,On it.,,jazz-units:items.lua:VoiceResponse
890000000008308,Есть.,On it.,,jazz-units:items.lua:VoiceResponse
890000000008309,Есть.,On it.,,jazz-units:items.lua:VoiceResponse
890000000008310,Двигаюсь.,Moving.,,jazz-units:items.lua:VoiceResponse
890000000008311,Двигаюсь.,Moving.,,jazz-units:items.lua:VoiceResponse
890000000008312,Двигаюсь.,Moving.,,jazz-units:items.lua:VoiceResponse
890000000008313,Крадусь.,Sneaking.,,jazz-units:items.lua:VoiceResponse
890000000008314,Крадусь.,Sneaking.,,jazz-units:items.lua:VoiceResponse
890000000008315,Крадусь.,Sneaking.,,jazz-units:items.lua:VoiceResponse
890000000008316,С вами.,With you.,,jazz-units:items.lua:VoiceResponse
890000000008317,С вами.,With you.,,jazz-units:items.lua:VoiceResponse
890000000008318,С вами.,With you.,,jazz-units:items.lua:VoiceResponse
890000000008319,Есть цель!,Target spotted!,,jazz-units:items.lua:VoiceResponse
890000000008320,Тихо сниму.,I'll take them out quietly.,,jazz-units:items.lua:VoiceResponse
890000000008321,Тихо сниму.,I'll take them out quietly.,,jazz-units:items.lua:VoiceResponse
890000000008322,Сложный выстрел.,Tough shot.,,jazz-units:items.lua:VoiceResponse
890000000008323,Плохой угол.,Bad angle.,,jazz-units:items.lua:VoiceResponse
890000000008324,Вижу их!,I see them!,,jazz-units:items.lua:VoiceResponse
890000000008325,Вижу их!,I see them!,,jazz-units:items.lua:VoiceResponse
890000000008326,Их много!,There's a lot of them!,,jazz-units:items.lua:VoiceResponse
890000000008327,Готов.,Ready.,,jazz-units:items.lua:VoiceResponse
890000000008328,Патроны на исходе!,Running low on ammo!,,jazz-units:items.lua:VoiceResponse
890000000008329,Клин!,Jammed!,,jazz-units:items.lua:VoiceResponse
890000000008330,Аргх!,Argh!,,jazz-units:items.lua:VoiceResponse
890000000008331,Аргх!,Argh!,,jazz-units:items.lua:VoiceResponse
890000000008332,Ранен!,Wounded!,,jazz-units:items.lua:VoiceResponse
890000000008333,Плохо…,This is bad...,,jazz-units:items.lua:VoiceResponse
890000000008334,Контакт!,Contact!,,jazz-units:items.lua:VoiceResponse
890000000008335,Чисто.,Clean.,,jazz-units:items.lua:VoiceResponse
890000000008336,Ещё остались.,There are more left.,,jazz-units:items.lua:VoiceResponse
890000000008337,Жду.,Waiting.,,jazz-units:items.lua:VoiceResponse
890000000008338,Жду.,Waiting.,,jazz-units:items.lua:VoiceResponse
890000000008339,Прячусь.,I'm hiding.,,jazz-units:items.lua:VoiceResponse
890000000008340,Прячусь.,I'm hiding.,,jazz-units:items.lua:VoiceResponse
890000000008341,Интересно…,Interesting...,,jazz-units:items.lua:VoiceResponse
890000000008342,Интересно…,Interesting...,,jazz-units:items.lua:VoiceResponse
890000000008343,Закрыто.,Locked.,,jazz-units:items.lua:VoiceResponse
890000000008344,Устал…,Tired...,,jazz-units:items.lua:VoiceResponse
890000000008345,(пыхтит),(huffing),,jazz-units:items.lua:VoiceResponse
890000000008346,Спасибо.,Thanks.,,jazz-units:items.lua:VoiceResponse
890000000008347,Не сейчас.,There be plenty of time later for that.,,jazz-units:items.lua:VoiceResponse
890000000008348,Готово.,Done.,,jazz-units:items.lua:VoiceResponse
890000000008349,В укрытие!,Take cover!,,jazz-units:items.lua:VoiceResponse
890000000008350,Граната!,Grenade!,,jazz-units:items.lua:VoiceResponse
890000000008351,Очередь!,Burst!,,jazz-units:items.lua:VoiceResponse
890000000008352,(лезет),(climbing),,jazz-units:items.lua:VoiceResponse
890000000008353,(прыжок),(jump),,jazz-units:items.lua:VoiceResponse
890000000008354,Что?!,What?!,,jazz-units:items.lua:VoiceResponse
890000000008355,Опасно!,Dangerous!,,jazz-units:items.lua:VoiceResponse
890000000008356,Держу сектор.,Holding this sector.,,jazz-units:items.lua:VoiceResponse
890000000008357,Наготове.,Ready.,,jazz-units:items.lua:VoiceResponse
890000000008358,(кашляет),(coughs),,jazz-units:items.lua:VoiceResponse
890000000008359,Почти…,Almost...,,jazz-units:items.lua:VoiceResponse
890000000008360,Зверь!,Beast!,,jazz-units:items.lua:VoiceResponse
890000000008361,Есть идея.,I've got an idea.,,jazz-units:items.lua:VoiceResponse
890000000008362,Сделано.,Done.,,jazz-units:items.lua:VoiceResponse
890000000008363,Не вышло.,Didn't work.,,jazz-units:items.lua:VoiceResponse
890000000008364,Только не это.,Not this.,,jazz-units:items.lua:VoiceResponse
890000000008365,На связи.,Standing by.,,jazz-units:items.lua:VoiceResponse
890000000008366,На связи.,Standing by.,,jazz-units:items.lua:VoiceResponse
890000000008367,Тихо.,Quiet.,,jazz-units:items.lua:VoiceResponse
890000000008368,Тихо.,Quiet.,,jazz-units:items.lua:VoiceResponse
890000000008369,Тихо.,Quiet.,,jazz-units:items.lua:VoiceResponse
890000000008370,Есть.,On it.,,jazz-units:items.lua:VoiceResponse
890000000008371,Есть.,On it.,,jazz-units:items.lua:VoiceResponse
890000000008372,Есть.,On it.,,jazz-units:items.lua:VoiceResponse
890000000008373,Двигаюсь.,Moving.,,jazz-units:items.lua:VoiceResponse
890000000008374,Двигаюсь.,Moving.,,jazz-units:items.lua:VoiceResponse
890000000008375,Двигаюсь.,Moving.,,jazz-units:items.lua:VoiceResponse
890000000008376,Крадусь.,Sneaking.,,jazz-units:items.lua:VoiceResponse
890000000008377,Крадусь.,Sneaking.,,jazz-units:items.lua:VoiceResponse
890000000008378,Крадусь.,Sneaking.,,jazz-units:items.lua:VoiceResponse
890000000008379,С вами.,With you.,,jazz-units:items.lua:VoiceResponse
890000000008380,С вами.,With you.,,jazz-units:items.lua:VoiceResponse
890000000008381,С вами.,With you.,,jazz-units:items.lua:VoiceResponse
890000000008382,Есть цель!,Target spotted!,,jazz-units:items.lua:VoiceResponse
890000000008383,Тихо сниму.,I'll take them out quietly.,,jazz-units:items.lua:VoiceResponse
890000000008384,Тихо сниму.,I'll take them out quietly.,,jazz-units:items.lua:VoiceResponse
890000000008385,Сложный выстрел.,Tough shot.,,jazz-units:items.lua:VoiceResponse
890000000008386,Плохой угол.,Bad angle.,,jazz-units:items.lua:VoiceResponse
890000000008387,Вижу их!,I see them!,,jazz-units:items.lua:VoiceResponse
890000000008388,Вижу их!,I see them!,,jazz-units:items.lua:VoiceResponse
890000000008389,Их много!,There's a lot of them!,,jazz-units:items.lua:VoiceResponse
890000000008390,Готов.,Ready.,,jazz-units:items.lua:VoiceResponse
890000000008391,Патроны кончились.,Out of ammo.,,jazz-units:items.lua:VoiceResponse
890000000008392,Клин!,Jammed!,,jazz-units:items.lua:VoiceResponse
890000000008393,Аргх!,Argh!,,jazz-units:items.lua:VoiceResponse
890000000008394,Аргх!,Argh!,,jazz-units:items.lua:VoiceResponse
890000000008395,Ранен!,Wounded!,,jazz-units:items.lua:VoiceResponse
890000000008396,Плохо…,This is bad...,,jazz-units:items.lua:VoiceResponse
890000000008397,К бою!,Prepare for battle!,,jazz-units:items.lua:VoiceResponse
890000000008398,Чисто.,Clean.,,jazz-units:items.lua:VoiceResponse
890000000008399,Ещё остались.,There are more left.,,jazz-units:items.lua:VoiceResponse
890000000008400,Жду.,Waiting.,,jazz-units:items.lua:VoiceResponse
890000000008401,Жду.,Waiting.,,jazz-units:items.lua:VoiceResponse
890000000008402,Прячусь.,I'm hiding.,,jazz-units:items.lua:VoiceResponse
890000000008403,Прячусь.,I'm hiding.,,jazz-units:items.lua:VoiceResponse
890000000008404,Интересно…,Interesting...,,jazz-units:items.lua:VoiceResponse
890000000008405,Интересно…,Interesting...,,jazz-units:items.lua:VoiceResponse
890000000008406,Закрыто.,Locked.,,jazz-units:items.lua:VoiceResponse
890000000008407,Устал…,Tired...,,jazz-units:items.lua:VoiceResponse
890000000008408,(пыхтит),(huffing),,jazz-units:items.lua:VoiceResponse
890000000008409,Спасибо.,Thanks.,,jazz-units:items.lua:VoiceResponse
890000000008410,Не сейчас.,There be plenty of time later for that.,,jazz-units:items.lua:VoiceResponse
890000000008411,Готово.,Done.,,jazz-units:items.lua:VoiceResponse
890000000008412,В укрытие!,Take cover!,,jazz-units:items.lua:VoiceResponse
890000000008413,Граната!,Grenade!,,jazz-units:items.lua:VoiceResponse
890000000008414,Очередь!,Burst!,,jazz-units:items.lua:VoiceResponse
890000000008415,(лезет),(climbing),,jazz-units:items.lua:VoiceResponse
890000000008416,(прыжок),(jump),,jazz-units:items.lua:VoiceResponse
890000000008417,Что?!,What?!,,jazz-units:items.lua:VoiceResponse
890000000008418,Опасно!,Dangerous!,,jazz-units:items.lua:VoiceResponse
890000000008419,Держу сектор.,Holding this sector.,,jazz-units:items.lua:VoiceResponse
890000000008420,Наготове.,Ready.,,jazz-units:items.lua:VoiceResponse
890000000008421,(кашляет),(coughs),,jazz-units:items.lua:VoiceResponse
890000000008422,Почти…,Almost...,,jazz-units:items.lua:VoiceResponse
890000000008423,Зверь!,Beast!,,jazz-units:items.lua:VoiceResponse
890000000008424,Есть идея.,I've got an idea.,,jazz-units:items.lua:VoiceResponse
890000000008425,Сделано.,Done.,,jazz-units:items.lua:VoiceResponse
890000000008426,Не вышло.,Didn't work.,,jazz-units:items.lua:VoiceResponse
890000000008427,На связи.,Standing by.,,jazz-units:items.lua:VoiceResponse
890000000008428,На связи.,Standing by.,,jazz-units:items.lua:VoiceResponse
890000000008429,Тихо.,Quiet.,,jazz-units:items.lua:VoiceResponse
890000000008430,Тихо.,Quiet.,,jazz-units:items.lua:VoiceResponse
890000000008431,Тихо.,Quiet.,,jazz-units:items.lua:VoiceResponse
890000000008432,Есть.,On it.,,jazz-units:items.lua:VoiceResponse
890000000008433,Есть.,On it.,,jazz-units:items.lua:VoiceResponse
890000000008434,Есть.,On it.,,jazz-units:items.lua:VoiceResponse
890000000008435,Двигаюсь.,Moving.,,jazz-units:items.lua:VoiceResponse
890000000008436,Двигаюсь.,Moving.,,jazz-units:items.lua:VoiceResponse
890000000008437,Двигаюсь.,Moving.,,jazz-units:items.lua:VoiceResponse
890000000008438,Крадусь.,Sneaking.,,jazz-units:items.lua:VoiceResponse
890000000008439,Крадусь.,Sneaking.,,jazz-units:items.lua:VoiceResponse
890000000008440,Крадусь.,Sneaking.,,jazz-units:items.lua:VoiceResponse
890000000008441,С вами.,With you.,,jazz-units:items.lua:VoiceResponse
890000000008442,С вами.,With you.,,jazz-units:items.lua:VoiceResponse
890000000008443,С вами.,With you.,,jazz-units:items.lua:VoiceResponse
890000000008444,Есть цель!,Target spotted!,,jazz-units:items.lua:VoiceResponse
890000000008445,Тихо сниму.,I'll take them out quietly.,,jazz-units:items.lua:VoiceResponse
890000000008446,Тихо сниму.,I'll take them out quietly.,,jazz-units:items.lua:VoiceResponse
890000000008447,Сложный выстрел.,Tough shot.,,jazz-units:items.lua:VoiceResponse
890000000008448,Плохой угол.,Bad angle.,,jazz-units:items.lua:VoiceResponse
890000000008449,Вижу их!,I see them!,,jazz-units:items.lua:VoiceResponse
890000000008450,Вижу их!,I see them!,,jazz-units:items.lua:VoiceResponse
890000000008451,Их много!,There's a lot of them!,,jazz-units:items.lua:VoiceResponse
890000000008452,Готов.,Ready.,,jazz-units:items.lua:VoiceResponse
890000000008453,Патроны кончились.,Out of ammo.,,jazz-units:items.lua:VoiceResponse
890000000008454,Клин!,Jammed!,,jazz-units:items.lua:VoiceResponse
890000000008455,Аргх!,Argh!,,jazz-units:items.lua:VoiceResponse
890000000008456,Аргх!,Argh!,,jazz-units:items.lua:VoiceResponse
890000000008457,Ранен!,Wounded!,,jazz-units:items.lua:VoiceResponse
890000000008458,Плохо…,This is bad...,,jazz-units:items.lua:VoiceResponse
890000000008459,К бою!,Prepare for battle!,,jazz-units:items.lua:VoiceResponse
890000000008460,Чисто.,Clean.,,jazz-units:items.lua:VoiceResponse
890000000008461,Ещё остались.,There are more left.,,jazz-units:items.lua:VoiceResponse
890000000008462,Жду.,Waiting.,,jazz-units:items.lua:VoiceResponse
890000000008463,Жду.,Waiting.,,jazz-units:items.lua:VoiceResponse
890000000008464,Прячусь.,I'm hiding.,,jazz-units:items.lua:VoiceResponse
890000000008465,Прячусь.,I'm hiding.,,jazz-units:items.lua:VoiceResponse
890000000008466,Интересно…,Interesting...,,jazz-units:items.lua:VoiceResponse
890000000008467,Интересно…,Interesting...,,jazz-units:items.lua:VoiceResponse
890000000008468,Закрыто.,Locked.,,jazz-units:items.lua:VoiceResponse
890000000008469,Устал…,Tired...,,jazz-units:items.lua:VoiceResponse
890000000008470,(пыхтит),(huffing),,jazz-units:items.lua:VoiceResponse
890000000008471,Спасибо.,Thanks.,,jazz-units:items.lua:VoiceResponse
890000000008472,Не сейчас.,There be plenty of time later for that.,,jazz-units:items.lua:VoiceResponse
890000000008473,Готово.,Done.,,jazz-units:items.lua:VoiceResponse
890000000008474,В укрытие!,Take cover!,,jazz-units:items.lua:VoiceResponse
890000000008475,Граната!,Grenade!,,jazz-units:items.lua:VoiceResponse
890000000008476,Очередь!,Burst!,,jazz-units:items.lua:VoiceResponse
890000000008477,(лезет),(climbing),,jazz-units:items.lua:VoiceResponse
890000000008478,(прыжок),(jump),,jazz-units:items.lua:VoiceResponse
890000000008479,Что?!,What?!,,jazz-units:items.lua:VoiceResponse
890000000008480,Опасно!,Dangerous!,,jazz-units:items.lua:VoiceResponse
890000000008481,Держу сектор.,Holding this sector.,,jazz-units:items.lua:VoiceResponse
890000000008482,Наготове.,Ready.,,jazz-units:items.lua:VoiceResponse
890000000008483,(кашляет),(coughs),,jazz-units:items.lua:VoiceResponse
890000000008484,Почти…,Almost...,,jazz-units:items.lua:VoiceResponse
890000000008485,Зверь!,Beast!,,jazz-units:items.lua:VoiceResponse
890000000008486,Есть идея.,I've got an idea.,,jazz-units:items.lua:VoiceResponse
890000000008487,Сделано.,Done.,,jazz-units:items.lua:VoiceResponse
890000000008488,Не вышло.,Didn't work.,,jazz-units:items.lua:VoiceResponse
890000000008489,На связи.,Standing by.,,jazz-units:items.lua:VoiceResponse
890000000008490,На связи.,Standing by.,,jazz-units:items.lua:VoiceResponse
890000000008491,Тихо.,Quiet.,,jazz-units:items.lua:VoiceResponse
890000000008492,Тихо.,Quiet.,,jazz-units:items.lua:VoiceResponse
890000000008493,Тихо.,Quiet.,,jazz-units:items.lua:VoiceResponse
890000000008494,Есть.,On it.,,jazz-units:items.lua:VoiceResponse
890000000008495,Есть.,On it.,,jazz-units:items.lua:VoiceResponse
890000000008496,Есть.,On it.,,jazz-units:items.lua:VoiceResponse
890000000008497,Двигаюсь.,Moving.,,jazz-units:items.lua:VoiceResponse
890000000008498,Двигаюсь.,Moving.,,jazz-units:items.lua:VoiceResponse
890000000008499,Двигаюсь.,Moving.,,jazz-units:items.lua:VoiceResponse
890000000008500,Крадусь.,Sneaking.,,jazz-units:items.lua:VoiceResponse
890000000008501,Крадусь.,Sneaking.,,jazz-units:items.lua:VoiceResponse
890000000008502,Крадусь.,Sneaking.,,jazz-units:items.lua:VoiceResponse
890000000008503,С вами.,With you.,,jazz-units:items.lua:VoiceResponse
890000000008504,С вами.,With you.,,jazz-units:items.lua:VoiceResponse
890000000008505,С вами.,With you.,,jazz-units:items.lua:VoiceResponse
890000000008506,Есть цель!,Target spotted!,,jazz-units:items.lua:VoiceResponse
890000000008507,Тихо сниму.,I'll take them out quietly.,,jazz-units:items.lua:VoiceResponse
890000000008508,Тихо сниму.,I'll take them out quietly.,,jazz-units:items.lua:VoiceResponse
890000000008509,Сложный выстрел.,Tough shot.,,jazz-units:items.lua:VoiceResponse
890000000008510,Плохой угол.,Bad angle.,,jazz-units:items.lua:VoiceResponse
890000000008511,Вижу их!,I see them!,,jazz-units:items.lua:VoiceResponse
890000000008512,Вижу их!,I see them!,,jazz-units:items.lua:VoiceResponse
890000000008513,Их много!,There's a lot of them!,,jazz-units:items.lua:VoiceResponse
890000000008514,Готов.,Ready.,,jazz-units:items.lua:VoiceResponse
890000000008515,Патроны кончились.,Out of ammo.,,jazz-units:items.lua:VoiceResponse
890000000008516,Клин!,Jammed!,,jazz-units:items.lua:VoiceResponse
890000000008517,Аргх!,Argh!,,jazz-units:items.lua:VoiceResponse
890000000008518,Аргх!,Argh!,,jazz-units:items.lua:VoiceResponse
890000000008519,Ранен!,Wounded!,,jazz-units:items.lua:VoiceResponse
890000000008520,Плохо…,This is bad...,,jazz-units:items.lua:VoiceResponse
890000000008521,К бою!,Prepare for battle!,,jazz-units:items.lua:VoiceResponse
890000000008522,Чисто.,Clean.,,jazz-units:items.lua:VoiceResponse
890000000008523,Ещё остались.,There are more left.,,jazz-units:items.lua:VoiceResponse
890000000008524,Жду.,Waiting.,,jazz-units:items.lua:VoiceResponse
890000000008525,Жду.,Waiting.,,jazz-units:items.lua:VoiceResponse
890000000008526,Прячусь.,I'm hiding.,,jazz-units:items.lua:VoiceResponse
890000000008527,Прячусь.,I'm hiding.,,jazz-units:items.lua:VoiceResponse
890000000008528,Интересно…,Interesting...,,jazz-units:items.lua:VoiceResponse
890000000008529,Интересно…,Interesting...,,jazz-units:items.lua:VoiceResponse
890000000008530,Закрыто.,Locked.,,jazz-units:items.lua:VoiceResponse
890000000008531,Устал…,Tired...,,jazz-units:items.lua:VoiceResponse
890000000008532,(пыхтит),(huffing),,jazz-units:items.lua:VoiceResponse
890000000008533,Спасибо.,Thanks.,,jazz-units:items.lua:VoiceResponse
890000000008534,Не сейчас.,There be plenty of time later for that.,,jazz-units:items.lua:VoiceResponse
890000000008535,Готово.,Done.,,jazz-units:items.lua:VoiceResponse
890000000008536,В укрытие!,Take cover!,,jazz-units:items.lua:VoiceResponse
890000000008537,Граната!,Grenade!,,jazz-units:items.lua:VoiceResponse
890000000008538,Очередь!,Burst!,,jazz-units:items.lua:VoiceResponse
890000000008539,(лезет),(climbing),,jazz-units:items.lua:VoiceResponse
890000000008540,(прыжок),(jump),,jazz-units:items.lua:VoiceResponse
890000000008541,Что?!,What?!,,jazz-units:items.lua:VoiceResponse
890000000008542,Опасно!,Dangerous!,,jazz-units:items.lua:VoiceResponse
890000000008543,Держу сектор.,Holding this sector.,,jazz-units:items.lua:VoiceResponse
890000000008544,Наготове.,Ready.,,jazz-units:items.lua:VoiceResponse
890000000008545,(кашляет),(coughs),,jazz-units:items.lua:VoiceResponse
890000000008546,Почти…,Almost...,,jazz-units:items.lua:VoiceResponse
890000000008547,Зверь!,Beast!,,jazz-units:items.lua:VoiceResponse
890000000008548,Есть идея.,I've got an idea.,,jazz-units:items.lua:VoiceResponse
890000000008549,Сделано.,Done.,,jazz-units:items.lua:VoiceResponse
890000000008550,Не вышло.,Didn't work.,,jazz-units:items.lua:VoiceResponse
890000000008551,На связи.,Standing by.,,jazz-units:items.lua:VoiceResponse
890000000008552,На связи.,Standing by.,,jazz-units:items.lua:VoiceResponse
890000000008553,Тихо.,Quiet.,,jazz-units:items.lua:VoiceResponse
890000000008554,Тихо.,Quiet.,,jazz-units:items.lua:VoiceResponse
890000000008555,Тихо.,Quiet.,,jazz-units:items.lua:VoiceResponse
890000000008556,Есть.,On it.,,jazz-units:items.lua:VoiceResponse
890000000008557,Есть.,On it.,,jazz-units:items.lua:VoiceResponse
890000000008558,Есть.,On it.,,jazz-units:items.lua:VoiceResponse
890000000008559,Двигаюсь.,Moving.,,jazz-units:items.lua:VoiceResponse
890000000008560,Двигаюсь.,Moving.,,jazz-units:items.lua:VoiceResponse
890000000008561,Двигаюсь.,Moving.,,jazz-units:items.lua:VoiceResponse
890000000008562,Крадусь.,Sneaking.,,jazz-units:items.lua:VoiceResponse
890000000008563,Крадусь.,Sneaking.,,jazz-units:items.lua:VoiceResponse
890000000008564,Крадусь.,Sneaking.,,jazz-units:items.lua:VoiceResponse
890000000008565,С вами.,With you.,,jazz-units:items.lua:VoiceResponse
890000000008566,С вами.,With you.,,jazz-units:items.lua:VoiceResponse
890000000008567,С вами.,With you.,,jazz-units:items.lua:VoiceResponse
890000000008568,Есть цель!,Target spotted!,,jazz-units:items.lua:VoiceResponse
890000000008569,Тихо сниму.,I'll take them out quietly.,,jazz-units:items.lua:VoiceResponse
890000000008570,Тихо сниму.,I'll take them out quietly.,,jazz-units:items.lua:VoiceResponse
890000000008571,Сложный выстрел.,Tough shot.,,jazz-units:items.lua:VoiceResponse
890000000008572,Плохой угол.,Bad angle.,,jazz-units:items.lua:VoiceResponse
890000000008573,Вижу их!,I see them!,,jazz-units:items.lua:VoiceResponse
890000000008574,Вижу их!,I see them!,,jazz-units:items.lua:VoiceResponse
890000000008575,Их много!,There's a lot of them!,,jazz-units:items.lua:VoiceResponse
890000000008576,Готов.,Ready.,,jazz-units:items.lua:VoiceResponse
890000000008577,Патроны кончились.,Out of ammo.,,jazz-units:items.lua:VoiceResponse
890000000008578,Клин!,Jammed!,,jazz-units:items.lua:VoiceResponse
890000000008579,Аргх!,Argh!,,jazz-units:items.lua:VoiceResponse
890000000008580,Аргх!,Argh!,,jazz-units:items.lua:VoiceResponse
890000000008581,Ранен!,Wounded!,,jazz-units:items.lua:VoiceResponse
890000000008582,Плохо…,This is bad...,,jazz-units:items.lua:VoiceResponse
890000000008583,К бою!,Prepare for battle!,,jazz-units:items.lua:VoiceResponse
890000000008584,Чисто.,Clean.,,jazz-units:items.lua:VoiceResponse
890000000008585,Ещё остались.,There are more left.,,jazz-units:items.lua:VoiceResponse
890000000008586,Жду.,Waiting.,,jazz-units:items.lua:VoiceResponse
890000000008587,Жду.,Waiting.,,jazz-units:items.lua:VoiceResponse
890000000008588,Прячусь.,I'm hiding.,,jazz-units:items.lua:VoiceResponse
890000000008589,Прячусь.,I'm hiding.,,jazz-units:items.lua:VoiceResponse
890000000008590,Интересно…,Interesting...,,jazz-units:items.lua:VoiceResponse
890000000008591,Интересно…,Interesting...,,jazz-units:items.lua:VoiceResponse
890000000008592,Закрыто.,Locked.,,jazz-units:items.lua:VoiceResponse
890000000008593,Устал…,Tired...,,jazz-units:items.lua:VoiceResponse
890000000008594,(пыхтит),(huffing),,jazz-units:items.lua:VoiceResponse
890000000008595,Спасибо.,Thanks.,,jazz-units:items.lua:VoiceResponse
890000000008596,Не сейчас.,There be plenty of time later for that.,,jazz-units:items.lua:VoiceResponse
890000000008597,Готово.,Done.,,jazz-units:items.lua:VoiceResponse
890000000008598,В укрытие!,Take cover!,,jazz-units:items.lua:VoiceResponse
890000000008599,Граната!,Grenade!,,jazz-units:items.lua:VoiceResponse
890000000008600,Очередь!,Burst!,,jazz-units:items.lua:VoiceResponse
890000000008601,(лезет),(climbing),,jazz-units:items.lua:VoiceResponse
890000000008602,(прыжок),(jump),,jazz-units:items.lua:VoiceResponse
890000000008603,Что?!,What?!,,jazz-units:items.lua:VoiceResponse
890000000008604,Опасно!,Dangerous!,,jazz-units:items.lua:VoiceResponse
890000000008605,Держу сектор.,Holding this sector.,,jazz-units:items.lua:VoiceResponse
890000000008606,Наготове.,Ready.,,jazz-units:items.lua:VoiceResponse
890000000008607,(кашляет),(coughs),,jazz-units:items.lua:VoiceResponse
890000000008608,Почти…,Almost...,,jazz-units:items.lua:VoiceResponse
890000000008609,Зверь!,Beast!,,jazz-units:items.lua:VoiceResponse
890000000008610,Есть идея.,I've got an idea.,,jazz-units:items.lua:VoiceResponse
890000000008611,Сделано.,Done.,,jazz-units:items.lua:VoiceResponse
890000000008612,Не вышло.,Didn't work.,,jazz-units:items.lua:VoiceResponse
890000000008613,На связи.,Standing by.,,jazz-units:items.lua:VoiceResponse
890000000008614,На связи.,Standing by.,,jazz-units:items.lua:VoiceResponse
890000000008615,Тихо.,Quiet.,,jazz-units:items.lua:VoiceResponse
890000000008616,Тихо.,Quiet.,,jazz-units:items.lua:VoiceResponse
890000000008617,Тихо.,Quiet.,,jazz-units:items.lua:VoiceResponse
890000000008618,Есть.,On it.,,jazz-units:items.lua:VoiceResponse
890000000008619,Есть.,On it.,,jazz-units:items.lua:VoiceResponse
890000000008620,Есть.,On it.,,jazz-units:items.lua:VoiceResponse
890000000008621,Двигаюсь.,Moving.,,jazz-units:items.lua:VoiceResponse
890000000008622,Двигаюсь.,Moving.,,jazz-units:items.lua:VoiceResponse
890000000008623,Двигаюсь.,Moving.,,jazz-units:items.lua:VoiceResponse
890000000008624,Крадусь.,Sneaking.,,jazz-units:items.lua:VoiceResponse
890000000008625,Крадусь.,Sneaking.,,jazz-units:items.lua:VoiceResponse
890000000008626,Крадусь.,Sneaking.,,jazz-units:items.lua:VoiceResponse
890000000008627,С вами.,With you.,,jazz-units:items.lua:VoiceResponse
890000000008628,С вами.,With you.,,jazz-units:items.lua:VoiceResponse
890000000008629,С вами.,With you.,,jazz-units:items.lua:VoiceResponse
890000000008630,Есть цель!,Target spotted!,,jazz-units:items.lua:VoiceResponse
890000000008631,Тихо сниму.,I'll take them out quietly.,,jazz-units:items.lua:VoiceResponse
890000000008632,Тихо сниму.,I'll take them out quietly.,,jazz-units:items.lua:VoiceResponse
890000000008633,Сложный выстрел.,Tough shot.,,jazz-units:items.lua:VoiceResponse
890000000008634,Плохой угол.,Bad angle.,,jazz-units:items.lua:VoiceResponse
890000000008635,Вижу их!,I see them!,,jazz-units:items.lua:VoiceResponse
890000000008636,Вижу их!,I see them!,,jazz-units:items.lua:VoiceResponse
890000000008637,Их много!,There's a lot of them!,,jazz-units:items.lua:VoiceResponse
890000000008638,Готов.,Ready.,,jazz-units:items.lua:VoiceResponse
890000000008639,Патроны кончились.,Out of ammo.,,jazz-units:items.lua:VoiceResponse
890000000008640,Клин!,Jammed!,,jazz-units:items.lua:VoiceResponse
890000000008641,Аргх!,Argh!,,jazz-units:items.lua:VoiceResponse
890000000008642,Аргх!,Argh!,,jazz-units:items.lua:VoiceResponse
890000000008643,Ранен!,Wounded!,,jazz-units:items.lua:VoiceResponse
890000000008644,Плохо…,This is bad...,,jazz-units:items.lua:VoiceResponse
890000000008645,К бою!,Prepare for battle!,,jazz-units:items.lua:VoiceResponse
890000000008646,Чисто.,Clean.,,jazz-units:items.lua:VoiceResponse
890000000008647,Ещё остались.,There are more left.,,jazz-units:items.lua:VoiceResponse
890000000008648,Жду.,Waiting.,,jazz-units:items.lua:VoiceResponse
890000000008649,Жду.,Waiting.,,jazz-units:items.lua:VoiceResponse
890000000008650,Прячусь.,I'm hiding.,,jazz-units:items.lua:VoiceResponse
890000000008651,Прячусь.,I'm hiding.,,jazz-units:items.lua:VoiceResponse
890000000008652,Интересно…,Interesting...,,jazz-units:items.lua:VoiceResponse
890000000008653,Интересно…,Interesting...,,jazz-units:items.lua:VoiceResponse
890000000008654,Закрыто.,Locked.,,jazz-units:items.lua:VoiceResponse
890000000008655,Устал…,Tired...,,jazz-units:items.lua:VoiceResponse
890000000008656,(пыхтит),(huffing),,jazz-units:items.lua:VoiceResponse
890000000008657,Спасибо.,Thanks.,,jazz-units:items.lua:VoiceResponse
890000000008658,Не сейчас.,There be plenty of time later for that.,,jazz-units:items.lua:VoiceResponse
890000000008659,Готово.,Done.,,jazz-units:items.lua:VoiceResponse
890000000008660,В укрытие!,Take cover!,,jazz-units:items.lua:VoiceResponse
890000000008661,Граната!,Grenade!,,jazz-units:items.lua:VoiceResponse
890000000008662,Очередь!,Burst!,,jazz-units:items.lua:VoiceResponse
890000000008663,(лезет),(climbing),,jazz-units:items.lua:VoiceResponse
890000000008664,(прыжок),(jump),,jazz-units:items.lua:VoiceResponse
890000000008665,Что?!,What?!,,jazz-units:items.lua:VoiceResponse
890000000008666,Опасно!,Dangerous!,,jazz-units:items.lua:VoiceResponse
890000000008667,Держу сектор.,Holding this sector.,,jazz-units:items.lua:VoiceResponse
890000000008668,Наготове.,Ready.,,jazz-units:items.lua:VoiceResponse
890000000008669,(кашляет),(coughs),,jazz-units:items.lua:VoiceResponse
890000000008670,Почти…,Almost...,,jazz-units:items.lua:VoiceResponse
890000000008671,Зверь!,Beast!,,jazz-units:items.lua:VoiceResponse
890000000008672,Есть идея.,I've got an idea.,,jazz-units:items.lua:VoiceResponse
890000000008673,Сделано.,Done.,,jazz-units:items.lua:VoiceResponse
890000000008674,Не вышло.,Didn't work.,,jazz-units:items.lua:VoiceResponse
890000000008675,На связи.,Standing by.,,jazz-units:items.lua:VoiceResponse
890000000008676,На связи.,Standing by.,,jazz-units:items.lua:VoiceResponse
890000000008677,Тихо.,Quiet.,,jazz-units:items.lua:VoiceResponse
890000000008678,Тихо.,Quiet.,,jazz-units:items.lua:VoiceResponse
890000000008679,Тихо.,Quiet.,,jazz-units:items.lua:VoiceResponse
890000000008680,Есть.,On it.,,jazz-units:items.lua:VoiceResponse
890000000008681,Есть.,On it.,,jazz-units:items.lua:VoiceResponse
890000000008682,Есть.,On it.,,jazz-units:items.lua:VoiceResponse
890000000008683,Двигаюсь.,Moving.,,jazz-units:items.lua:VoiceResponse
890000000008684,Двигаюсь.,Moving.,,jazz-units:items.lua:VoiceResponse
890000000008685,Двигаюсь.,Moving.,,jazz-units:items.lua:VoiceResponse
890000000008686,Крадусь.,Sneaking.,,jazz-units:items.lua:VoiceResponse
890000000008687,Крадусь.,Sneaking.,,jazz-units:items.lua:VoiceResponse
890000000008688,Крадусь.,Sneaking.,,jazz-units:items.lua:VoiceResponse
890000000008689,С вами.,With you.,,jazz-units:items.lua:VoiceResponse
890000000008690,С вами.,With you.,,jazz-units:items.lua:VoiceResponse
890000000008691,С вами.,With you.,,jazz-units:items.lua:VoiceResponse
890000000008692,Есть цель!,Target spotted!,,jazz-units:items.lua:VoiceResponse
890000000008693,Тихо сниму.,I'll take them out quietly.,,jazz-units:items.lua:VoiceResponse
890000000008694,Тихо сниму.,I'll take them out quietly.,,jazz-units:items.lua:VoiceResponse
890000000008695,Сложный выстрел.,Tough shot.,,jazz-units:items.lua:VoiceResponse
890000000008696,Плохой угол.,Bad angle.,,jazz-units:items.lua:VoiceResponse
890000000008697,Вижу их!,I see them!,,jazz-units:items.lua:VoiceResponse
890000000008698,Вижу их!,I see them!,,jazz-units:items.lua:VoiceResponse
890000000008699,Их много!,There's a lot of them!,,jazz-units:items.lua:VoiceResponse
890000000008700,Готов.,Ready.,,jazz-units:items.lua:VoiceResponse
890000000008701,Патроны кончились.,Out of ammo.,,jazz-units:items.lua:VoiceResponse
890000000008702,Клин!,Jammed!,,jazz-units:items.lua:VoiceResponse
890000000008703,Аргх!,Argh!,,jazz-units:items.lua:VoiceResponse
890000000008704,Аргх!,Argh!,,jazz-units:items.lua:VoiceResponse
890000000008705,Ранен!,Wounded!,,jazz-units:items.lua:VoiceResponse
890000000008706,Плохо…,This is bad...,,jazz-units:items.lua:VoiceResponse
890000000008707,К бою!,Prepare for battle!,,jazz-units:items.lua:VoiceResponse
890000000008708,Чисто.,Clean.,,jazz-units:items.lua:VoiceResponse
890000000008709,Ещё остались.,There are more left.,,jazz-units:items.lua:VoiceResponse
890000000008710,Жду.,Waiting.,,jazz-units:items.lua:VoiceResponse
890000000008711,Жду.,Waiting.,,jazz-units:items.lua:VoiceResponse
890000000008712,Прячусь.,I'm hiding.,,jazz-units:items.lua:VoiceResponse
890000000008713,Прячусь.,I'm hiding.,,jazz-units:items.lua:VoiceResponse
890000000008714,Интересно…,Interesting...,,jazz-units:items.lua:VoiceResponse
890000000008715,Интересно…,Interesting...,,jazz-units:items.lua:VoiceResponse
890000000008716,Закрыто.,Locked.,,jazz-units:items.lua:VoiceResponse
890000000008717,Устал…,Tired...,,jazz-units:items.lua:VoiceResponse
890000000008718,(пыхтит),(huffing),,jazz-units:items.lua:VoiceResponse
890000000008719,Спасибо.,Thanks.,,jazz-units:items.lua:VoiceResponse
890000000008720,Не сейчас.,There be plenty of time later for that.,,jazz-units:items.lua:VoiceResponse
890000000008721,Готово.,Done.,,jazz-units:items.lua:VoiceResponse
890000000008722,В укрытие!,Take cover!,,jazz-units:items.lua:VoiceResponse
890000000008723,Граната!,Grenade!,,jazz-units:items.lua:VoiceResponse
890000000008724,Очередь!,Burst!,,jazz-units:items.lua:VoiceResponse
890000000008725,(лезет),(climbing),,jazz-units:items.lua:VoiceResponse
890000000008726,(прыжок),(jump),,jazz-units:items.lua:VoiceResponse
890000000008727,Что?!,What?!,,jazz-units:items.lua:VoiceResponse
890000000008728,Опасно!,Dangerous!,,jazz-units:items.lua:VoiceResponse
890000000008729,Держу сектор.,Holding this sector.,,jazz-units:items.lua:VoiceResponse
890000000008730,Наготове.,Ready.,,jazz-units:items.lua:VoiceResponse
890000000008731,(кашляет),(coughs),,jazz-units:items.lua:VoiceResponse
890000000008732,Почти…,Almost...,,jazz-units:items.lua:VoiceResponse
890000000008733,Зверь!,Beast!,,jazz-units:items.lua:VoiceResponse
890000000008734,Есть идея.,I've got an idea.,,jazz-units:items.lua:VoiceResponse
890000000008735,Сделано.,Done.,,jazz-units:items.lua:VoiceResponse
890000000008736,Не вышло.,Didn't work.,,jazz-units:items.lua:VoiceResponse
890000000008737,На связи.,Standing by.,,jazz-units:items.lua:VoiceResponse
890000000008738,На связи.,Standing by.,,jazz-units:items.lua:VoiceResponse
890000000008739,Тихо.,Quiet.,,jazz-units:items.lua:VoiceResponse
890000000008740,Тихо.,Quiet.,,jazz-units:items.lua:VoiceResponse
890000000008741,Тихо.,Quiet.,,jazz-units:items.lua:VoiceResponse
890000000008742,Есть.,On it.,,jazz-units:items.lua:VoiceResponse
890000000008743,Есть.,On it.,,jazz-units:items.lua:VoiceResponse
890000000008744,Есть.,On it.,,jazz-units:items.lua:VoiceResponse
890000000008745,Двигаюсь.,Moving.,,jazz-units:items.lua:VoiceResponse
890000000008746,Двигаюсь.,Moving.,,jazz-units:items.lua:VoiceResponse
890000000008747,Двигаюсь.,Moving.,,jazz-units:items.lua:VoiceResponse
890000000008748,Крадусь.,Sneaking.,,jazz-units:items.lua:VoiceResponse
890000000008749,Крадусь.,Sneaking.,,jazz-units:items.lua:VoiceResponse
890000000008750,Крадусь.,Sneaking.,,jazz-units:items.lua:VoiceResponse
890000000008751,С вами.,With you.,,jazz-units:items.lua:VoiceResponse
890000000008752,С вами.,With you.,,jazz-units:items.lua:VoiceResponse
890000000008753,С вами.,With you.,,jazz-units:items.lua:VoiceResponse
890000000008754,Есть цель!,Target spotted!,,jazz-units:items.lua:VoiceResponse
890000000008755,Тихо сниму.,I'll take them out quietly.,,jazz-units:items.lua:VoiceResponse
890000000008756,Тихо сниму.,I'll take them out quietly.,,jazz-units:items.lua:VoiceResponse
890000000008757,Сложный выстрел.,Tough shot.,,jazz-units:items.lua:VoiceResponse
890000000008758,Плохой угол.,Bad angle.,,jazz-units:items.lua:VoiceResponse
890000000008759,Вижу их!,I see them!,,jazz-units:items.lua:VoiceResponse
890000000008760,Вижу их!,I see them!,,jazz-units:items.lua:VoiceResponse
890000000008761,Их много!,There's a lot of them!,,jazz-units:items.lua:VoiceResponse
890000000008762,Готов.,Ready.,,jazz-units:items.lua:VoiceResponse
890000000008763,Патроны кончились.,Out of ammo.,,jazz-units:items.lua:VoiceResponse
890000000008764,Клин!,Jammed!,,jazz-units:items.lua:VoiceResponse
890000000008765,Аргх!,Argh!,,jazz-units:items.lua:VoiceResponse
890000000008766,Аргх!,Argh!,,jazz-units:items.lua:VoiceResponse
890000000008767,Ранен!,Wounded!,,jazz-units:items.lua:VoiceResponse
890000000008768,Плохо…,This is bad...,,jazz-units:items.lua:VoiceResponse
890000000008769,К бою!,Prepare for battle!,,jazz-units:items.lua:VoiceResponse
890000000008770,Чисто.,Clean.,,jazz-units:items.lua:VoiceResponse
890000000008771,Ещё остались.,There are more left.,,jazz-units:items.lua:VoiceResponse
890000000008772,Жду.,Waiting.,,jazz-units:items.lua:VoiceResponse
890000000008773,Жду.,Waiting.,,jazz-units:items.lua:VoiceResponse
890000000008774,Прячусь.,I'm hiding.,,jazz-units:items.lua:VoiceResponse
890000000008775,Прячусь.,I'm hiding.,,jazz-units:items.lua:VoiceResponse
890000000008776,Интересно…,Interesting...,,jazz-units:items.lua:VoiceResponse
890000000008777,Интересно…,Interesting...,,jazz-units:items.lua:VoiceResponse
890000000008778,Закрыто.,Locked.,,jazz-units:items.lua:VoiceResponse
890000000008779,Устал…,Tired...,,jazz-units:items.lua:VoiceResponse
890000000008780,(пыхтит),(huffing),,jazz-units:items.lua:VoiceResponse
890000000008781,Спасибо.,Thanks.,,jazz-units:items.lua:VoiceResponse
890000000008782,Не сейчас.,There be plenty of time later for that.,,jazz-units:items.lua:VoiceResponse
890000000008783,Готово.,Done.,,jazz-units:items.lua:VoiceResponse
890000000008784,В укрытие!,Take cover!,,jazz-units:items.lua:VoiceResponse
890000000008785,Граната!,Grenade!,,jazz-units:items.lua:VoiceResponse
890000000008786,Очередь!,Burst!,,jazz-units:items.lua:VoiceResponse
890000000008787,(лезет),(climbing),,jazz-units:items.lua:VoiceResponse
890000000008788,(прыжок),(jump),,jazz-units:items.lua:VoiceResponse
890000000008789,Что?!,What?!,,jazz-units:items.lua:VoiceResponse
890000000008790,Опасно!,Dangerous!,,jazz-units:items.lua:VoiceResponse
890000000008791,Держу сектор.,Holding this sector.,,jazz-units:items.lua:VoiceResponse
890000000008792,Наготове.,Ready.,,jazz-units:items.lua:VoiceResponse
890000000008793,(кашляет),(coughs),,jazz-units:items.lua:VoiceResponse
890000000008794,Почти…,Almost...,,jazz-units:items.lua:VoiceResponse
890000000008795,Зверь!,Beast!,,jazz-units:items.lua:VoiceResponse
890000000008796,Есть идея.,I've got an idea.,,jazz-units:items.lua:VoiceResponse
890000000008797,Сделано.,Done.,,jazz-units:items.lua:VoiceResponse
890000000008798,Не вышло.,Didn't work.,,jazz-units:items.lua:VoiceResponse
890000000008799,На связи.,Standing by.,,jazz-units:items.lua:VoiceResponse
890000000008800,На связи.,Standing by.,,jazz-units:items.lua:VoiceResponse
890000000008801,Тихо.,Quiet.,,jazz-units:items.lua:VoiceResponse
890000000008802,Тихо.,Quiet.,,jazz-units:items.lua:VoiceResponse
890000000008803,Тихо.,Quiet.,,jazz-units:items.lua:VoiceResponse
890000000008804,Есть.,On it.,,jazz-units:items.lua:VoiceResponse
890000000008805,Есть.,On it.,,jazz-units:items.lua:VoiceResponse
890000000008806,Есть.,On it.,,jazz-units:items.lua:VoiceResponse
890000000008807,Двигаюсь.,Moving.,,jazz-units:items.lua:VoiceResponse
890000000008808,Двигаюсь.,Moving.,,jazz-units:items.lua:VoiceResponse
890000000008809,Двигаюсь.,Moving.,,jazz-units:items.lua:VoiceResponse
890000000008810,Крадусь.,Sneaking.,,jazz-units:items.lua:VoiceResponse
890000000008811,Крадусь.,Sneaking.,,jazz-units:items.lua:VoiceResponse
890000000008812,Крадусь.,Sneaking.,,jazz-units:items.lua:VoiceResponse
890000000008813,С вами.,With you.,,jazz-units:items.lua:VoiceResponse
890000000008814,С вами.,With you.,,jazz-units:items.lua:VoiceResponse
890000000008815,С вами.,With you.,,jazz-units:items.lua:VoiceResponse
890000000008816,Есть цель!,Target spotted!,,jazz-units:items.lua:VoiceResponse
890000000008817,Тихо сниму.,I'll take them out quietly.,,jazz-units:items.lua:VoiceResponse
890000000008818,Тихо сниму.,I'll take them out quietly.,,jazz-units:items.lua:VoiceResponse
890000000008819,Сложный выстрел.,Tough shot.,,jazz-units:items.lua:VoiceResponse
890000000008820,Плохой угол.,Bad angle.,,jazz-units:items.lua:VoiceResponse
890000000008821,Вижу их!,I see them!,,jazz-units:items.lua:VoiceResponse
890000000008822,Вижу их!,I see them!,,jazz-units:items.lua:VoiceResponse
890000000008823,Их много!,There's a lot of them!,,jazz-units:items.lua:VoiceResponse
890000000008824,Готов.,Ready.,,jazz-units:items.lua:VoiceResponse
890000000008825,Патроны кончились.,Out of ammo.,,jazz-units:items.lua:VoiceResponse
890000000008826,Клин!,Jammed!,,jazz-units:items.lua:VoiceResponse
890000000008827,Аргх!,Argh!,,jazz-units:items.lua:VoiceResponse
890000000008828,Аргх!,Argh!,,jazz-units:items.lua:VoiceResponse
890000000008829,Ранен!,Wounded!,,jazz-units:items.lua:VoiceResponse
890000000008830,Плохо…,This is bad...,,jazz-units:items.lua:VoiceResponse
890000000008831,К бою!,Prepare for battle!,,jazz-units:items.lua:VoiceResponse
890000000008832,Чисто.,Clean.,,jazz-units:items.lua:VoiceResponse
890000000008833,Ещё остались.,There are more left.,,jazz-units:items.lua:VoiceResponse
890000000008834,Жду.,Waiting.,,jazz-units:items.lua:VoiceResponse
890000000008835,Жду.,Waiting.,,jazz-units:items.lua:VoiceResponse
890000000008836,Прячусь.,I'm hiding.,,jazz-units:items.lua:VoiceResponse
890000000008837,Прячусь.,I'm hiding.,,jazz-units:items.lua:VoiceResponse
890000000008838,Интересно…,Interesting...,,jazz-units:items.lua:VoiceResponse
890000000008839,Интересно…,Interesting...,,jazz-units:items.lua:VoiceResponse
890000000008840,Закрыто.,Locked.,,jazz-units:items.lua:VoiceResponse
890000000008841,Устал…,Tired...,,jazz-units:items.lua:VoiceResponse
890000000008842,(пыхтит),(huffing),,jazz-units:items.lua:VoiceResponse
890000000008843,Спасибо.,Thanks.,,jazz-units:items.lua:VoiceResponse
890000000008844,Не сейчас.,There be plenty of time later for that.,,jazz-units:items.lua:VoiceResponse
890000000008845,Готово.,Done.,,jazz-units:items.lua:VoiceResponse
890000000008846,В укрытие!,Take cover!,,jazz-units:items.lua:VoiceResponse
890000000008847,Граната!,Grenade!,,jazz-units:items.lua:VoiceResponse
890000000008848,Очередь!,Burst!,,jazz-units:items.lua:VoiceResponse
890000000008849,(лезет),(climbing),,jazz-units:items.lua:VoiceResponse
890000000008850,(прыжок),(jump),,jazz-units:items.lua:VoiceResponse
890000000008851,Что?!,What?!,,jazz-units:items.lua:VoiceResponse
890000000008852,Опасно!,Dangerous!,,jazz-units:items.lua:VoiceResponse
890000000008853,Держу сектор.,Holding this sector.,,jazz-units:items.lua:VoiceResponse
890000000008854,Наготове.,Ready.,,jazz-units:items.lua:VoiceResponse
890000000008855,(кашляет),(coughs),,jazz-units:items.lua:VoiceResponse
890000000008856,Почти…,Almost...,,jazz-units:items.lua:VoiceResponse
890000000008857,Зверь!,Beast!,,jazz-units:items.lua:VoiceResponse
890000000008858,Есть идея.,I've got an idea.,,jazz-units:items.lua:VoiceResponse
890000000008859,Сделано.,Done.,,jazz-units:items.lua:VoiceResponse
890000000008860,Не вышло.,Didn't work.,,jazz-units:items.lua:VoiceResponse
890000000008861,На связи.,Standing by.,,jazz-units:items.lua:VoiceResponse
890000000008862,На связи.,Standing by.,,jazz-units:items.lua:VoiceResponse
890000000008863,Тихо.,Quiet.,,jazz-units:items.lua:VoiceResponse
890000000008864,Тихо.,Quiet.,,jazz-units:items.lua:VoiceResponse
890000000008865,Тихо.,Quiet.,,jazz-units:items.lua:VoiceResponse
890000000008866,Есть.,On it.,,jazz-units:items.lua:VoiceResponse
890000000008867,Есть.,On it.,,jazz-units:items.lua:VoiceResponse
890000000008868,Есть.,On it.,,jazz-units:items.lua:VoiceResponse
890000000008869,Двигаюсь.,Moving.,,jazz-units:items.lua:VoiceResponse
890000000008870,Двигаюсь.,Moving.,,jazz-units:items.lua:VoiceResponse
890000000008871,Двигаюсь.,Moving.,,jazz-units:items.lua:VoiceResponse
890000000008872,Крадусь.,Sneaking.,,jazz-units:items.lua:VoiceResponse
890000000008873,Крадусь.,Sneaking.,,jazz-units:items.lua:VoiceResponse
890000000008874,Крадусь.,Sneaking.,,jazz-units:items.lua:VoiceResponse
890000000008875,С вами.,With you.,,jazz-units:items.lua:VoiceResponse
890000000008876,С вами.,With you.,,jazz-units:items.lua:VoiceResponse
890000000008877,С вами.,With you.,,jazz-units:items.lua:VoiceResponse
890000000008878,Есть цель!,Target spotted!,,jazz-units:items.lua:VoiceResponse
890000000008879,Тихо сниму.,I'll take them out quietly.,,jazz-units:items.lua:VoiceResponse
890000000008880,Тихо сниму.,I'll take them out quietly.,,jazz-units:items.lua:VoiceResponse
890000000008881,Сложный выстрел.,Tough shot.,,jazz-units:items.lua:VoiceResponse
890000000008882,Плохой угол.,Bad angle.,,jazz-units:items.lua:VoiceResponse
890000000008883,Вижу их!,I see them!,,jazz-units:items.lua:VoiceResponse
890000000008884,Вижу их!,I see them!,,jazz-units:items.lua:VoiceResponse
890000000008885,Их много!,There's a lot of them!,,jazz-units:items.lua:VoiceResponse
890000000008886,Готов.,Ready.,,jazz-units:items.lua:VoiceResponse
890000000008887,Патроны кончились.,Out of ammo.,,jazz-units:items.lua:VoiceResponse
890000000008888,Клин!,Jammed!,,jazz-units:items.lua:VoiceResponse
890000000008889,Аргх!,Argh!,,jazz-units:items.lua:VoiceResponse
890000000008890,Аргх!,Argh!,,jazz-units:items.lua:VoiceResponse
890000000008891,Ранен!,Wounded!,,jazz-units:items.lua:VoiceResponse
890000000008892,Плохо…,This is bad...,,jazz-units:items.lua:VoiceResponse
890000000008893,К бою!,Prepare for battle!,,jazz-units:items.lua:VoiceResponse
890000000008894,Чисто.,Clean.,,jazz-units:items.lua:VoiceResponse
890000000008895,Ещё остались.,There are more left.,,jazz-units:items.lua:VoiceResponse
890000000008896,Жду.,Waiting.,,jazz-units:items.lua:VoiceResponse
890000000008897,Жду.,Waiting.,,jazz-units:items.lua:VoiceResponse
890000000008898,Прячусь.,I'm hiding.,,jazz-units:items.lua:VoiceResponse
890000000008899,Прячусь.,I'm hiding.,,jazz-units:items.lua:VoiceResponse
890000000008900,Интересно…,Interesting...,,jazz-units:items.lua:VoiceResponse
890000000008901,Интересно…,Interesting...,,jazz-units:items.lua:VoiceResponse
890000000008902,Закрыто.,Locked.,,jazz-units:items.lua:VoiceResponse
890000000008903,Устал…,Tired...,,jazz-units:items.lua:VoiceResponse
890000000008904,(пыхтит),(huffing),,jazz-units:items.lua:VoiceResponse
890000000008905,Спасибо.,Thanks.,,jazz-units:items.lua:VoiceResponse
890000000008906,Не сейчас.,There be plenty of time later for that.,,jazz-units:items.lua:VoiceResponse
890000000008907,Готово.,Done.,,jazz-units:items.lua:VoiceResponse
890000000008908,В укрытие!,Take cover!,,jazz-units:items.lua:VoiceResponse
890000000008909,Граната!,Grenade!,,jazz-units:items.lua:VoiceResponse
890000000008910,Очередь!,Burst!,,jazz-units:items.lua:VoiceResponse
890000000008911,(лезет),(climbing),,jazz-units:items.lua:VoiceResponse
890000000008912,(прыжок),(jump),,jazz-units:items.lua:VoiceResponse
890000000008913,Что?!,What?!,,jazz-units:items.lua:VoiceResponse
890000000008914,Опасно!,Dangerous!,,jazz-units:items.lua:VoiceResponse
890000000008915,Держу сектор.,Holding this sector.,,jazz-units:items.lua:VoiceResponse
890000000008916,Наготове.,Ready.,,jazz-units:items.lua:VoiceResponse
890000000008917,(кашляет),(coughs),,jazz-units:items.lua:VoiceResponse
890000000008918,Почти…,Almost...,,jazz-units:items.lua:VoiceResponse
890000000008919,Зверь!,Beast!,,jazz-units:items.lua:VoiceResponse
890000000008920,Есть идея.,I've got an idea.,,jazz-units:items.lua:VoiceResponse
890000000008921,Сделано.,Done.,,jazz-units:items.lua:VoiceResponse
890000000008922,Не вышло.,Didn't work.,,jazz-units:items.lua:VoiceResponse
890000000008923,На связи.,Standing by.,,jazz-units:items.lua:VoiceResponse
890000000008924,На связи.,Standing by.,,jazz-units:items.lua:VoiceResponse
890000000008925,Тихо.,Quiet.,,jazz-units:items.lua:VoiceResponse
890000000008926,Тихо.,Quiet.,,jazz-units:items.lua:VoiceResponse
890000000008927,Тихо.,Quiet.,,jazz-units:items.lua:VoiceResponse
890000000008928,Есть.,On it.,,jazz-units:items.lua:VoiceResponse
890000000008929,Есть.,On it.,,jazz-units:items.lua:VoiceResponse
890000000008930,Есть.,On it.,,jazz-units:items.lua:VoiceResponse
890000000008931,Двигаюсь.,Moving.,,jazz-units:items.lua:VoiceResponse
890000000008932,Двигаюсь.,Moving.,,jazz-units:items.lua:VoiceResponse
890000000008933,Двигаюсь.,Moving.,,jazz-units:items.lua:VoiceResponse
890000000008934,Крадусь.,Sneaking.,,jazz-units:items.lua:VoiceResponse
890000000008935,Крадусь.,Sneaking.,,jazz-units:items.lua:VoiceResponse
890000000008936,Крадусь.,Sneaking.,,jazz-units:items.lua:VoiceResponse
890000000008937,С вами.,With you.,,jazz-units:items.lua:VoiceResponse
890000000008938,С вами.,With you.,,jazz-units:items.lua:VoiceResponse
890000000008939,С вами.,With you.,,jazz-units:items.lua:VoiceResponse
890000000008940,Есть цель!,Target spotted!,,jazz-units:items.lua:VoiceResponse
890000000008941,Тихо сниму.,I'll take them out quietly.,,jazz-units:items.lua:VoiceResponse
890000000008942,Тихо сниму.,I'll take them out quietly.,,jazz-units:items.lua:VoiceResponse
890000000008943,Сложный выстрел.,Tough shot.,,jazz-units:items.lua:VoiceResponse
890000000008944,Плохой угол.,Bad angle.,,jazz-units:items.lua:VoiceResponse
890000000008945,Вижу их!,I see them!,,jazz-units:items.lua:VoiceResponse
890000000008946,Вижу их!,I see them!,,jazz-units:items.lua:VoiceResponse
890000000008947,Их много!,There's a lot of them!,,jazz-units:items.lua:VoiceResponse
890000000008948,Готов.,Ready.,,jazz-units:items.lua:VoiceResponse
890000000008949,Патроны кончились.,Out of ammo.,,jazz-units:items.lua:VoiceResponse
890000000008950,Клин!,Jammed!,,jazz-units:items.lua:VoiceResponse
890000000008951,Аргх!,Argh!,,jazz-units:items.lua:VoiceResponse
890000000008952,Аргх!,Argh!,,jazz-units:items.lua:VoiceResponse
890000000008953,Ранен!,Wounded!,,jazz-units:items.lua:VoiceResponse
890000000008954,Плохо…,This is bad...,,jazz-units:items.lua:VoiceResponse
890000000008955,К бою!,Prepare for battle!,,jazz-units:items.lua:VoiceResponse
890000000008956,Чисто.,Clean.,,jazz-units:items.lua:VoiceResponse
890000000008957,Ещё остались.,There are more left.,,jazz-units:items.lua:VoiceResponse
890000000008958,Жду.,Waiting.,,jazz-units:items.lua:VoiceResponse
890000000008959,Жду.,Waiting.,,jazz-units:items.lua:VoiceResponse
890000000008960,Прячусь.,I'm hiding.,,jazz-units:items.lua:VoiceResponse
890000000008961,Прячусь.,I'm hiding.,,jazz-units:items.lua:VoiceResponse
890000000008962,Интересно…,Interesting...,,jazz-units:items.lua:VoiceResponse
890000000008963,Интересно…,Interesting...,,jazz-units:items.lua:VoiceResponse
890000000008964,Закрыто.,Locked.,,jazz-units:items.lua:VoiceResponse
890000000008965,Устал…,Tired...,,jazz-units:items.lua:VoiceResponse
890000000008966,(пыхтит),(huffing),,jazz-units:items.lua:VoiceResponse
890000000008967,Спасибо.,Thanks.,,jazz-units:items.lua:VoiceResponse
890000000008968,Не сейчас.,There be plenty of time later for that.,,jazz-units:items.lua:VoiceResponse
890000000008969,Готово.,Done.,,jazz-units:items.lua:VoiceResponse
890000000008970,В укрытие!,Take cover!,,jazz-units:items.lua:VoiceResponse
890000000008971,Граната!,Grenade!,,jazz-units:items.lua:VoiceResponse
890000000008972,Очередь!,Burst!,,jazz-units:items.lua:VoiceResponse
890000000008973,(лезет),(climbing),,jazz-units:items.lua:VoiceResponse
890000000008974,(прыжок),(jump),,jazz-units:items.lua:VoiceResponse
890000000008975,Что?!,What?!,,jazz-units:items.lua:VoiceResponse
890000000008976,Опасно!,Dangerous!,,jazz-units:items.lua:VoiceResponse
890000000008977,Держу сектор.,Holding this sector.,,jazz-units:items.lua:VoiceResponse
890000000008978,Наготове.,Ready.,,jazz-units:items.lua:VoiceResponse
890000000008979,(кашляет),(coughs),,jazz-units:items.lua:VoiceResponse
890000000008980,Почти…,Almost...,,jazz-units:items.lua:VoiceResponse
890000000008981,Зверь!,Beast!,,jazz-units:items.lua:VoiceResponse
890000000008982,Есть идея.,I've got an idea.,,jazz-units:items.lua:VoiceResponse
890000000008983,Сделано.,Done.,,jazz-units:items.lua:VoiceResponse
890000000008984,Не вышло.,Didn't work.,,jazz-units:items.lua:VoiceResponse
890000000008985,На связи.,Standing by.,,jazz-units:items.lua:VoiceResponse
890000000008986,На связи.,Standing by.,,jazz-units:items.lua:VoiceResponse
890000000008987,Тихо.,Quiet.,,jazz-units:items.lua:VoiceResponse
890000000008988,Тихо.,Quiet.,,jazz-units:items.lua:VoiceResponse
890000000008989,Тихо.,Quiet.,,jazz-units:items.lua:VoiceResponse
890000000008990,Есть.,On it.,,jazz-units:items.lua:VoiceResponse
890000000008991,Есть.,On it.,,jazz-units:items.lua:VoiceResponse
890000000008992,Есть.,On it.,,jazz-units:items.lua:VoiceResponse
890000000008993,Двигаюсь.,Moving.,,jazz-units:items.lua:VoiceResponse
890000000008994,Двигаюсь.,Moving.,,jazz-units:items.lua:VoiceResponse
890000000008995,Двигаюсь.,Moving.,,jazz-units:items.lua:VoiceResponse
890000000008996,Крадусь.,Sneaking.,,jazz-units:items.lua:VoiceResponse
890000000008997,Крадусь.,Sneaking.,,jazz-units:items.lua:VoiceResponse
890000000008998,Крадусь.,Sneaking.,,jazz-units:items.lua:VoiceResponse
890000000008999,С вами.,With you.,,jazz-units:items.lua:VoiceResponse
890000000009000,С вами.,With you.,,jazz-units:items.lua:VoiceResponse
890000000009001,С вами.,With you.,,jazz-units:items.lua:VoiceResponse
890000000009002,Есть цель!,Target spotted!,,jazz-units:items.lua:VoiceResponse
890000000009003,Тихо сниму.,I'll take them out quietly.,,jazz-units:items.lua:VoiceResponse
890000000009004,Тихо сниму.,I'll take them out quietly.,,jazz-units:items.lua:VoiceResponse
890000000009005,Сложный выстрел.,Tough shot.,,jazz-units:items.lua:VoiceResponse
890000000009006,Плохой угол.,Bad angle.,,jazz-units:items.lua:VoiceResponse
890000000009007,Вижу их!,I see them!,,jazz-units:items.lua:VoiceResponse
890000000009008,Вижу их!,I see them!,,jazz-units:items.lua:VoiceResponse
890000000009009,Их много!,There's a lot of them!,,jazz-units:items.lua:VoiceResponse
890000000009010,Готов.,Ready.,,jazz-units:items.lua:VoiceResponse
890000000009011,Патроны кончились.,Out of ammo.,,jazz-units:items.lua:VoiceResponse
890000000009012,Клин!,Jammed!,,jazz-units:items.lua:VoiceResponse
890000000009013,Аргх!,Argh!,,jazz-units:items.lua:VoiceResponse
890000000009014,Аргх!,Argh!,,jazz-units:items.lua:VoiceResponse
890000000009015,Ранен!,Wounded!,,jazz-units:items.lua:VoiceResponse
890000000009016,Плохо…,This is bad...,,jazz-units:items.lua:VoiceResponse
890000000009017,К бою!,Prepare for battle!,,jazz-units:items.lua:VoiceResponse
890000000009018,Чисто.,Clean.,,jazz-units:items.lua:VoiceResponse
890000000009019,Ещё остались.,There are more left.,,jazz-units:items.lua:VoiceResponse
890000000009020,Жду.,Waiting.,,jazz-units:items.lua:VoiceResponse
890000000009021,Жду.,Waiting.,,jazz-units:items.lua:VoiceResponse
890000000009022,Прячусь.,I'm hiding.,,jazz-units:items.lua:VoiceResponse
890000000009023,Прячусь.,I'm hiding.,,jazz-units:items.lua:VoiceResponse
890000000009024,Интересно…,Interesting...,,jazz-units:items.lua:VoiceResponse
890000000009025,Интересно…,Interesting...,,jazz-units:items.lua:VoiceResponse
890000000009026,Закрыто.,Locked.,,jazz-units:items.lua:VoiceResponse
890000000009027,Устал…,Tired...,,jazz-units:items.lua:VoiceResponse
890000000009028,(пыхтит),(huffing),,jazz-units:items.lua:VoiceResponse
890000000009029,Спасибо.,Thanks.,,jazz-units:items.lua:VoiceResponse
890000000009030,Не сейчас.,There be plenty of time later for that.,,jazz-units:items.lua:VoiceResponse
890000000009031,Готово.,Done.,,jazz-units:items.lua:VoiceResponse
890000000009032,В укрытие!,Take cover!,,jazz-units:items.lua:VoiceResponse
890000000009033,Граната!,Grenade!,,jazz-units:items.lua:VoiceResponse
890000000009034,Очередь!,Burst!,,jazz-units:items.lua:VoiceResponse
890000000009035,(лезет),(climbing),,jazz-units:items.lua:VoiceResponse
890000000009036,(прыжок),(jump),,jazz-units:items.lua:VoiceResponse
890000000009037,Что?!,What?!,,jazz-units:items.lua:VoiceResponse
890000000009038,Опасно!,Dangerous!,,jazz-units:items.lua:VoiceResponse
890000000009039,Держу сектор.,Holding this sector.,,jazz-units:items.lua:VoiceResponse
890000000009040,Наготове.,Ready.,,jazz-units:items.lua:VoiceResponse
890000000009041,(кашляет),(coughs),,jazz-units:items.lua:VoiceResponse
890000000009042,Почти…,Almost...,,jazz-units:items.lua:VoiceResponse
890000000009043,Зверь!,Beast!,,jazz-units:items.lua:VoiceResponse
890000000009044,Есть идея.,I've got an idea.,,jazz-units:items.lua:VoiceResponse
890000000009045,Сделано.,Done.,,jazz-units:items.lua:VoiceResponse
890000000009046,Не вышло.,Didn't work.,,jazz-units:items.lua:VoiceResponse
890000000009047,На связи.,Standing by.,,jazz-units:items.lua:VoiceResponse
890000000009048,На связи.,Standing by.,,jazz-units:items.lua:VoiceResponse
890000000009049,На связи.,Standing by.,,jazz-units:items.lua:VoiceResponse
890000000009050,Тихо.,Quiet.,,jazz-units:items.lua:VoiceResponse
890000000009051,Тихо.,Quiet.,,jazz-units:items.lua:VoiceResponse
890000000009052,Тихо.,Quiet.,,jazz-units:items.lua:VoiceResponse
890000000009053,Есть.,On it.,,jazz-units:items.lua:VoiceResponse
890000000009054,Есть.,On it.,,jazz-units:items.lua:VoiceResponse
890000000009055,Есть.,On it.,,jazz-units:items.lua:VoiceResponse
890000000009056,Двигаюсь.,Moving.,,jazz-units:items.lua:VoiceResponse
890000000009057,Двигаюсь.,Moving.,,jazz-units:items.lua:VoiceResponse
890000000009058,Двигаюсь.,Moving.,,jazz-units:items.lua:VoiceResponse
890000000009059,Крадусь.,Sneaking.,,jazz-units:items.lua:VoiceResponse
890000000009060,Крадусь.,Sneaking.,,jazz-units:items.lua:VoiceResponse
890000000009061,Крадусь.,Sneaking.,,jazz-units:items.lua:VoiceResponse
890000000009062,Это было бы неплохо.,That would be nice.,,jazz-units:items.lua:VoiceResponse
890000000009063,Это было бы неплохо.,That would be nice.,,jazz-units:items.lua:VoiceResponse
890000000009064,Это было бы неплохо.,That would be nice.,,jazz-units:items.lua:VoiceResponse
890000000009065,Мишень!,Target!,,jazz-units:items.lua:VoiceResponse
890000000009066,Мишень!,Target!,,jazz-units:items.lua:VoiceResponse
890000000009067,Отдохни!,Rest up!,,jazz-units:items.lua:VoiceResponse
890000000009068,"Пф! Топают, как слоны.",Pfft! They stomp like elephants.,,jazz-units:items.lua:VoiceResponse
890000000009069,"Пф! Топают, как слоны.",Pfft! They stomp like elephants.,,jazz-units:items.lua:VoiceResponse
890000000009070,"Вообще-то я взломщик, а не снайпер. Припоминаешь?","Actually, I'm a lockpicker, not a sniper. Remember?",,jazz-units:items.lua:VoiceResponse
890000000009071,С таким снаряжением эта задача невыполнима.,This job is impossible with this equipment.,,jazz-units:items.lua:VoiceResponse
890000000009072,Мишень!,Target!,,jazz-units:items.lua:VoiceResponse
890000000009073,Кто хочет пострелять?,Who wants to shoot something?,,jazz-units:items.lua:VoiceResponse
890000000009074,"Та-ак, где моя большая пушка?","Riiight, where's my big gun?",,jazz-units:items.lua:VoiceResponse
890000000009075,Отдохни!,Rest up!,,jazz-units:items.lua:VoiceResponse
890000000009076,Отдохни!,Rest up!,,jazz-units:items.lua:VoiceResponse
890000000009077,"Умник, обойма пустая!","Smartass, the magazine is empty!",,jazz-units:items.lua:VoiceResponse
890000000009078,"Умник, обойма пустая!","Smartass, the magazine is empty!",,jazz-units:items.lua:VoiceResponse
890000000009079,Техника просто супер.,The gear is just fantastic.,,jazz-units:items.lua:VoiceResponse
890000000009080,Аргх!,Argh!,,jazz-units:items.lua:VoiceResponse
890000000009081,Аргх!,Argh!,,jazz-units:items.lua:VoiceResponse
890000000009082,Дело дрянь.,We're in trouble.,,jazz-units:items.lua:VoiceResponse
890000000009083,Меня подбили…,I've been hit...,,jazz-units:items.lua:VoiceResponse
890000000009084,"Да-а, я всегда знала, что жить вредно, но никогда не думала, что до такой степени.","Yeah, I always knew living was bad for your health, but I never thought it was this bad.",,jazz-units:items.lua:VoiceResponse
890000000009085,К бою!,Prepare for battle!,,jazz-units:items.lua:VoiceResponse
890000000009086,Кто хочет пострелять?,Who wants to shoot something?,,jazz-units:items.lua:VoiceResponse
890000000009087,Вот теперь тут чисто.,Now it's clear.,,jazz-units:items.lua:VoiceResponse
890000000009088,Здесь что-то слишком тихо...,It's a little too quiet here...,,jazz-units:items.lua:VoiceResponse
890000000009089,Конец…,The end...,,jazz-units:items.lua:VoiceResponse
890000000009090,"Может чем болтать, лучше подумаем, как побыстрее здесь все закончить и вернуться в цивилизованный мир?","Instead of talking, why don't we figure out how to finish this quickly and get back to civilization?",,jazz-units:items.lua:VoiceResponse
890000000009091,"Может чем болтать, лучше подумаем, как побыстрее здесь все закончить и вернуться в цивилизованный мир?","Instead of talking, why don't we figure out how to finish this quickly and get back to civilization?",,jazz-units:items.lua:VoiceResponse
890000000009092,"Может чем болтать, лучше подумаем, как побыстрее здесь все закончить и вернуться в цивилизованный мир?","Instead of talking, why don't we figure out how to finish this quickly and get back to civilization?",,jazz-units:items.lua:VoiceResponse
890000000009093,"Пф! Топают, как слоны.",Pfft! They stomp like elephants.,,jazz-units:items.lua:VoiceResponse
890000000009094,"Пф! Топают, как слоны.",Pfft! They stomp like elephants.,,jazz-units:items.lua:VoiceResponse
890000000009095,Люблю учиться!,I love learning!,,jazz-units:items.lua:VoiceResponse
890000000009096,Похоже вещичка ищет хозяина.,Looks like this little thing is looking for an owner.,,jazz-units:items.lua:VoiceResponse
890000000009097,Взять или не взять?,"To take, or not to take?",,jazz-units:items.lua:VoiceResponse
890000000009098,Закрыто.,Locked.,,jazz-units:items.lua:VoiceResponse
890000000009099,"Ао-х! Время видеть сны, начальник.","Aah! Time to dream, boss.",,jazz-units:items.lua:VoiceResponse
890000000009100,Фу-у-у... Кислородную подушку. Срочно.,Ugh... Oxygen. Now.,,jazz-units:items.lua:VoiceResponse
890000000009101,Всегда приятно поговорить с умным человеком.,Always nice to have a conversation with an intelligent person.,,jazz-units:items.lua:VoiceResponse
890000000009102,Не сейчас.,There be plenty of time later for that.,,jazz-units:items.lua:VoiceResponse
890000000009103,С этим все.,That's that.,,jazz-units:items.lua:VoiceResponse
890000000009104,Ложись!,Get down!,,jazz-units:items.lua:VoiceResponse
890000000009105,Отдохни!,Rest up!,,jazz-units:items.lua:VoiceResponse
890000000009106,Отдохни!,Rest up!,,jazz-units:items.lua:VoiceResponse
890000000009107,Фу-у-у... Кислородную подушку. Срочно.,Ugh... Oxygen. Now.,,jazz-units:items.lua:VoiceResponse
890000000009108,Фу-у-у... Кислородную подушку. Срочно.,Ugh... Oxygen. Now.,,jazz-units:items.lua:VoiceResponse
890000000009109,"Пф! Топают, как слоны.",Pfft! They stomp like elephants.,,jazz-units:items.lua:VoiceResponse
890000000009110,Опасно!,Dangerous!,,jazz-units:items.lua:VoiceResponse
890000000009111,Я бы пока не торопилась расслабляться.,I wouldn't relax just yet.,,jazz-units:items.lua:VoiceResponse
890000000009112,Я бы пока не торопилась расслабляться.,I wouldn't relax just yet.,,jazz-units:items.lua:VoiceResponse
890000000009113,(кашляет),(coughs),,jazz-units:items.lua:VoiceResponse
890000000009114,Черт.,Damn.,,jazz-units:items.lua:VoiceResponse
890000000009115,"Ки-иска, мрр!","Kitty, purr!",,jazz-units:items.lua:VoiceResponse
890000000009116,С этим все.,That's that.,,jazz-units:items.lua:VoiceResponse
890000000009117,С этим все.,That's that.,,jazz-units:items.lua:VoiceResponse
890000000009118,С таким снаряжением эта задача невыполнима.,This job is impossible with this equipment.,,jazz-units:items.lua:VoiceResponse
890000000009119,Только не это.,Not this.,,jazz-units:items.lua:VoiceResponse
890000000009120,"Так держать, коллега!","Keep it up, colleague!",,jazz-units:items.lua:VoiceResponse
890000000009121,На связи.,Standing by.,,jazz-units:items.lua:VoiceResponse
890000000009122,На связи.,Standing by.,,jazz-units:items.lua:VoiceResponse
890000000009123,На связи.,Standing by.,,jazz-units:items.lua:VoiceResponse
890000000009124,Тихо.,Quiet.,,jazz-units:items.lua:VoiceResponse
890000000009125,Тихо.,Quiet.,,jazz-units:items.lua:VoiceResponse
890000000009126,Тихо.,Quiet.,,jazz-units:items.lua:VoiceResponse
890000000009127,Есть.,On it.,,jazz-units:items.lua:VoiceResponse
890000000009128,Есть.,On it.,,jazz-units:items.lua:VoiceResponse
890000000009129,Есть.,On it.,,jazz-units:items.lua:VoiceResponse
890000000009130,Двигаюсь.,Moving.,,jazz-units:items.lua:VoiceResponse
890000000009131,Двигаюсь.,Moving.,,jazz-units:items.lua:VoiceResponse
890000000009132,Двигаюсь.,Moving.,,jazz-units:items.lua:VoiceResponse
890000000009133,Крадусь.,Sneaking.,,jazz-units:items.lua:VoiceResponse
890000000009134,Крадусь.,Sneaking.,,jazz-units:items.lua:VoiceResponse
890000000009135,Крадусь.,Sneaking.,,jazz-units:items.lua:VoiceResponse
890000000009136,Согласен.,Agreed.,,jazz-units:items.lua:VoiceResponse
890000000009137,Согласен.,Agreed.,,jazz-units:items.lua:VoiceResponse
890000000009138,Согласен.,Agreed.,,jazz-units:items.lua:VoiceResponse
890000000009139,Объект.,Object.,,jazz-units:items.lua:VoiceResponse
890000000009140,Объект.,Object.,,jazz-units:items.lua:VoiceResponse
890000000009141,Мишень уничтожена.,Target destroyed.,,jazz-units:items.lua:VoiceResponse
890000000009142,Слышал шум.,Heard a noise.,,jazz-units:items.lua:VoiceResponse
890000000009143,Слышал шум.,Heard a noise.,,jazz-units:items.lua:VoiceResponse
890000000009144,Сам туда стреляй.,You shoot there yourself.,,jazz-units:items.lua:VoiceResponse
890000000009145,Невозможно.,Impossible.,,jazz-units:items.lua:VoiceResponse
890000000009146,Объект.,Object.,,jazz-units:items.lua:VoiceResponse
890000000009147,Пора умирать.,Time to die.,,jazz-units:items.lua:VoiceResponse
890000000009148,Вижу противника.,I see the enemy.,,jazz-units:items.lua:VoiceResponse
890000000009149,Мишень уничтожена.,Target destroyed.,,jazz-units:items.lua:VoiceResponse
890000000009150,Мишень уничтожена.,Target destroyed.,,jazz-units:items.lua:VoiceResponse
890000000009151,Обойму!,Magazine!,,jazz-units:items.lua:VoiceResponse
890000000009152,Обойму!,Magazine!,,jazz-units:items.lua:VoiceResponse
890000000009153,Нужен ремонт.,Needs repairs.,,jazz-units:items.lua:VoiceResponse
890000000009154,Аргх!,Argh!,,jazz-units:items.lua:VoiceResponse
890000000009155,Аргх!,Argh!,,jazz-units:items.lua:VoiceResponse
890000000009156,Я ранен.,I'm wounded.,,jazz-units:items.lua:VoiceResponse
890000000009157,Меня подбили…,I've been hit...,,jazz-units:items.lua:VoiceResponse
890000000009158,Руководство за гранью идиотизма.,This leadership is beyond idiotic.,,jazz-units:items.lua:VoiceResponse
890000000009159,К бою!,Prepare for battle!,,jazz-units:items.lua:VoiceResponse
890000000009160,Пора умирать.,Time to die.,,jazz-units:items.lua:VoiceResponse
890000000009161,Здесь все.,That's everyone.,,jazz-units:items.lua:VoiceResponse
890000000009162,Мы здесь не одни.,We're not alone here.,,jazz-units:items.lua:VoiceResponse
890000000009163,Конец…,The end...,,jazz-units:items.lua:VoiceResponse
890000000009164,Не люблю болтать.,I don't like small talk.,,jazz-units:items.lua:VoiceResponse
890000000009165,Не люблю болтать.,I don't like small talk.,,jazz-units:items.lua:VoiceResponse
890000000009166,Не люблю болтать.,I don't like small talk.,,jazz-units:items.lua:VoiceResponse
890000000009167,Слышал шум.,Heard a noise.,,jazz-units:items.lua:VoiceResponse
890000000009168,Слышал шум.,Heard a noise.,,jazz-units:items.lua:VoiceResponse
890000000009169,Отлично.,Grand.,,jazz-units:items.lua:VoiceResponse
890000000009170,Это нужно?,Do we need this?,,jazz-units:items.lua:VoiceResponse
890000000009171,Там.,There.,,jazz-units:items.lua:VoiceResponse
890000000009172,Закрыто.,Locked.,,jazz-units:items.lua:VoiceResponse
890000000009173,Пора отдохнуть.,Time to rest.,,jazz-units:items.lua:VoiceResponse
890000000009174,Не могу двигаться.,Can't move.,,jazz-units:items.lua:VoiceResponse
890000000009175,Неплохо.,Not bad.,,jazz-units:items.lua:VoiceResponse
890000000009176,Не сейчас.,There be plenty of time later for that.,,jazz-units:items.lua:VoiceResponse
890000000009177,Задание выполнено.,Objective completed.,,jazz-units:items.lua:VoiceResponse
890000000009178,Ложись!,Get down!,,jazz-units:items.lua:VoiceResponse
890000000009179,Мишень уничтожена.,Target destroyed.,,jazz-units:items.lua:VoiceResponse
890000000009180,Мишень уничтожена.,Target destroyed.,,jazz-units:items.lua:VoiceResponse
890000000009181,Не могу двигаться.,Can't move.,,jazz-units:items.lua:VoiceResponse
890000000009182,Не могу двигаться.,Can't move.,,jazz-units:items.lua:VoiceResponse
890000000009183,Слышал шум.,Heard a noise.,,jazz-units:items.lua:VoiceResponse
890000000009184,Опасно!,Dangerous!,,jazz-units:items.lua:VoiceResponse
890000000009185,Работа еще не закончена.,The job isn't finished yet.,,jazz-units:items.lua:VoiceResponse
890000000009186,Работа еще не закончена.,The job isn't finished yet.,,jazz-units:items.lua:VoiceResponse
890000000009187,(кашляет),(coughs),,jazz-units:items.lua:VoiceResponse
890000000009188,Они подошли слишком близко.,They got too close.,,jazz-units:items.lua:VoiceResponse
890000000009189,Кошатина!,Cat meat!,,jazz-units:items.lua:VoiceResponse
890000000009190,Задание выполнено.,Objective completed.,,jazz-units:items.lua:VoiceResponse
890000000009191,Задание выполнено.,Objective completed.,,jazz-units:items.lua:VoiceResponse
890000000009192,Невозможно.,Impossible.,,jazz-units:items.lua:VoiceResponse
890000000009193,Только не это.,Not this.,,jazz-units:items.lua:VoiceResponse
890000000009194,Хм! Наконец он хоть чему-то научился.,"Hm! At last, he's learned something.",,jazz-units:items.lua:VoiceResponse
890000000009195,На связи.,Standing by.,,jazz-units:items.lua:VoiceResponse
890000000009196,Противник в этом секторе!,Enemy in this sector!,,jazz-units:items.lua:VoiceResponse
890000000009197,Противник в этом секторе!,Enemy in this sector!,,jazz-units:items.lua:VoiceResponse
890000000009198,Кто-то должен уйти.,Someone has to go.,,jazz-units:items.lua:VoiceResponse
890000000009199,Конец...,The end...,,jazz-units:items.lua:VoiceResponse
890000000009200,Ранен!,Wounded!,,jazz-units:items.lua:VoiceResponse
890000000009201,Нет патронов!,No ammo!,,jazz-units:items.lua:VoiceResponse
890000000009202,Пора начинать!,Time to begin!,,jazz-units:items.lua:VoiceResponse
890000000009203,Жду.,Waiting.,,jazz-units:items.lua:VoiceResponse
890000000009204,"Да, я стал лучше.","Yes, I've improved.",,jazz-units:items.lua:VoiceResponse
890000000009205,Этот Иван позорит всю Россию.,That Ivan is a disgrace to all of Russia.,,jazz-units:items.lua:VoiceResponse
890000000009206,Отличная работа.,Great work.,,jazz-units:items.lua:VoiceResponse
890000000009207,На связи.,Standing by.,,jazz-units:items.lua:VoiceResponse
890000000009208,Вижу противника!,I see hostiles!,,jazz-units:items.lua:VoiceResponse
890000000009209,Вижу противника!,I see hostiles!,,jazz-units:items.lua:VoiceResponse
890000000009210,Еще один готов.,Another one down.,,jazz-units:items.lua:VoiceResponse
890000000009211,Конец...,The end...,,jazz-units:items.lua:VoiceResponse
890000000009212,Ранен!,Wounded!,,jazz-units:items.lua:VoiceResponse
890000000009213,Нужно перезарядить оружие. Вот только чем?,"I need to reload. The only question is, with what?",,jazz-units:items.lua:VoiceResponse
890000000009214,"Отлично, вперед!","Excellent, onward!",,jazz-units:items.lua:VoiceResponse
890000000009215,Англичанина я учуял бы и за сто метров.,I could smell an Englishman from a hundred meters away.,,jazz-units:items.lua:VoiceResponse
890000000009216,"Я учусь медленно, но верно.","Slowly but surely, I'm learning.",,jazz-units:items.lua:VoiceResponse
890000000009217,Этот Сидней... Скоро он получит фонарь под глаз. На что спорим?,That Sidney... He's getting a black eye soon. Wanna bet?,,jazz-units:items.lua:VoiceResponse
890000000009218,"Она мне нравится. Обычно американки такие... Ну... Но только не Грейс. В ней чувствуется итальянская кровь, а итальянцы знают толк в хорошей еде.","I like her. American women are usually so... Well... But not Grace. You can feel the Italian blood in her, and Italians know good food.",,jazz-units:items.lua:VoiceResponse
890000000009219,На связи.,Standing by.,,jazz-units:items.lua:VoiceResponse
890000000009220,Наши друзья снова здесь...,Our friends are back...,,jazz-units:items.lua:VoiceResponse
890000000009221,Наши друзья снова здесь...,Our friends are back...,,jazz-units:items.lua:VoiceResponse
890000000009222,Для тебя все кончено...,It's over for you...,,jazz-units:items.lua:VoiceResponse
890000000009223,Конец...,The end...,,jazz-units:items.lua:VoiceResponse
890000000009224,Ранен!,Wounded!,,jazz-units:items.lua:VoiceResponse
890000000009225,Кончились патроны! Нужна еще обойма!,Out of ammo! Need another magazine!,,jazz-units:items.lua:VoiceResponse
890000000009226,За работу!,Get to work!,,jazz:CharacterEffect/TraumaArmsLight.lua
890000000009227,Жду.,Waiting.,,jazz:CharacterEffect/TraumaArmsLight.lua
890000000009228,Неплохо... Есть еще порох в пороховницах!,Not bad... Still got some fight left in me!,,jazz:CharacterEffect/TraumaArmsMedium.lua
890000000009229,"Делайте со мной что хотите, только избавьте меня от этого Тора! Чертов ""нью-эйджер""! Пусть засунет свой хрен себе в рот. Schnell!","Do whatever you want with me, just get me away from that Thor! Damn New Ager! He can put his dick in his mouth. Schnell!",,jazz:CharacterEffect/TraumaArmsMedium.lua
890000000009230,Фидель - это сокровище! Ты ВИДЕЛ?,Fidel is a treasure! Did you SEE that?,,jazz:CharacterEffect/TraumaArmsHeavy.lua
890000000009231,На связи.,Standing by.,,jazz:CharacterEffect/TraumaArmsHeavy.lua
890000000009232,Ублюдки!,Bastards!,,jazz:CharacterEffect/TraumaLegsLight.lua
890000000009233,Ублюдки!,Bastards!,,jazz:CharacterEffect/TraumaLegsLight.lua
890000000009234,Не такая уж большая потеря.,Not much of a loss.,,jazz:CharacterEffect/TraumaLegsMedium.lua
890000000009235,Конец...,The end...,,jazz:CharacterEffect/TraumaLegsMedium.lua
890000000009236,Ранен!,Wounded!,,jazz:CharacterEffect/TraumaLegsHeavy.lua
890000000009237,Дайте патроны!,Give me ammo!,,jazz:CharacterEffect/TraumaLegsHeavy.lua
890000000009238,Ну что же... Пора покончить с формальностями.,Well then... time to dispense with the formalities.,,jazz:CharacterEffect/TraumaRibsLight.lua
890000000009239,"Как человек строгих моральных принципов, я уверен, что эти женщины помнят о своем долге.","As a man of strict moral principles, I am certain these women remember their duty.",,jazz:CharacterEffect/TraumaRibsLight.lua
890000000009240,"Ага, значит... Мои заслуги оценили.","Ah, so... My merits have been recognized.",,jazz:CharacterEffect/TraumaRibsMedium.lua
890000000009241,Только не это.,Not this.,,jazz:CharacterEffect/TraumaRibsMedium.lua
890000000009242,Отличная работа.,Great work.,,jazz:CharacterEffect/TraumaRibsHeavy.lua
890000000009243,На связи.,Standing by.,,jazz:CharacterEffect/TraumaRibsHeavy.lua
890000000009244,"Я чувствую, что вы здесь...",I can feel you here...,,jazz:CharacterEffect/TraumaHeadLight.lua
890000000009245,"Я чувствую, что вы здесь...",I can feel you here...,,jazz:CharacterEffect/TraumaHeadLight.lua
890000000009246,Чпок! Ха...,Pop! Ha...,,jazz:CharacterEffect/TraumaHeadMedium.lua
890000000009247,Конец...,The end...,,jazz:CharacterEffect/TraumaHeadMedium.lua
890000000009248,Ранен!,Wounded!,,jazz:CharacterEffect/TraumaHeadHeavy.lua
890000000009249,"Ха, патроны кончились! Да кому они вообще нужны?","Ha, out of ammo! Who needs it anyway?",,jazz:CharacterEffect/TraumaHeadHeavy.lua
890000000009250,У руки так и чешутся спустить курок...,My trigger finger is itching...,,jazz:CharacterEffect/TraumaBurnLight.lua
890000000009251,"Я однажды видел документальный фильм об Арулько, но теперь здесь все по-другому. Интересное место.","I once saw a documentary about Arulco, but everything is different now. Interesting place.",,jazz:CharacterEffect/TraumaBurnLight.lua
890000000009252,Все лучше и лучше!,Better and better!,,jazz:CharacterEffect/TraumaBurnMedium.lua
890000000009253,Китайцы сводят меня с ума.,The Chinese drive me crazy.,,jazz:CharacterEffect/TraumaBurnMedium.lua
890000000009254,"Виктор, это было здорово. Ты знаешь, что я не люблю русских, но ты свой парень.","Victor, that was great. You know I don't like Russians, but you're one of us.",,jazz:CharacterEffect/TraumaBurnHeavy.lua
890000000009255,На связи.,Standing by.,,jazz:CharacterEffect/TraumaBurnHeavy.lua
890000000009256,Враг рядом!,Enemy nearby!,,jazz-units:items.lua:VoiceResponse
890000000009257,Враг рядом!,Enemy nearby!,,jazz-units:items.lua:VoiceResponse
890000000009258,Да!,Yes!,,jazz-units:items.lua:VoiceResponse
890000000009259,Конец...,The end...,,jazz-units:items.lua:VoiceResponse
890000000009260,Ранен!,Wounded!,,jazz-units:items.lua:VoiceResponse
890000000009261,В следующий раз прихвачу с собой пулеметную ленту.,Next time I'll bring a machine-gun belt.,,jazz-units:items.lua:VoiceResponse
890000000009262,"Ладно, давайте с ними разделаемся. Руки так и чешутся метнуть пару ножиков.","All right, let's take care of them. My hands are itching to throw a couple of knives.",,jazz-units:items.lua:VoiceResponse
890000000009263,"Эти шотландцы... Мачо почище нас, итальянцев. Ужасно. А та дрянь, которую они едят? фу! Да, наверное, в ней все дело... Во всем виновата бурда, которую они жрут!","Those Scots... Even more macho than us Italians. Terrible. And that garbage they eat? Ugh! Yeah, that must be it... It's all the slop they stuff themselves with!",,jazz-units:items.lua:VoiceResponse
890000000009264,Теперь дело пойдет веселее.,Now things will get more interesting.,,jazz-units:items.lua:VoiceResponse
890000000009265,Я не могу быть в одной команде с Рыжим... У него в рюкзаке лежит рубец с потрохами - блуэ-э!..,I can't be on the same team as Red... He's got haggis in his backpack—bleeurgh!,,jazz-units:items.lua:VoiceResponse
890000000009266,Янно хороший парень. Напоминает мне моего младшего братишку Альфредо.,Janno is a good guy. Reminds me of my little brother Alfredo.,,jazz-units:items.lua:VoiceResponse
890000000009267,На связи.,Standing by.,,jazz-units:items.lua:VoiceResponse
890000000009268,Эти уроды здесь - я их чувствую.,Those bastards are here—I can feel them.,,jazz-units:items.lua:VoiceResponse
890000000009269,Эти уроды здесь - я их чувствую.,Those bastards are here—I can feel them.,,jazz-units:items.lua:VoiceResponse
890000000009270,Ja-a!,Ja-a!,,jazz-units:items.lua:VoiceResponse
890000000009271,Конец...,The end...,,jazz-units:items.lua:VoiceResponse
890000000009272,Ранен!,Wounded!,,jazz-units:items.lua:VoiceResponse
890000000009273,Надо перезарядить оружие...,I need to reload...,,jazz-units:items.lua:VoiceResponse
890000000009274,Пора браться за дело.,Time to get down to business.,,jazz-units:items.lua:VoiceResponse
890000000009275,Жду.,Waiting.,,jazz-units:items.lua:VoiceResponse
890000000009276,Иногда моя гениальность поражает даже меня самого...,Sometimes my genius amazes even me...,,jazz-units:items.lua:VoiceResponse
890000000009277,"Сначала Милтон, этот клоун, мне нравился - но теперь он мне нужен, как чирей на заднице.","At first I liked Milton, that clown—but now I need him like a boil on my ass.",,jazz-units:items.lua:VoiceResponse
890000000009278,МНЕ НРАВИТСЯ этот Гельмут Грунтер... Все это слышали?,I LIKE this Helmut Grunther... Did everybody hear that?,,jazz-units:items.lua:VoiceResponse
890000000009279,На связи.,Standing by.,,jazz-units:items.lua:VoiceResponse
890000000009280,Вот и они!,There they are!,,jazz-units:items.lua:VoiceResponse
890000000009281,Вот и они!,There they are!,,jazz-units:items.lua:VoiceResponse
890000000009282,...Посмотри мне в глаза и умри...,...Look me in the eyes and die...,,jazz-units:items.lua:VoiceResponse
890000000009283,Конец...,The end...,,jazz-units:items.lua:VoiceResponse
890000000009284,Ранен!,Wounded!,,jazz-units:items.lua:VoiceResponse
890000000009285,Пули кончились.. Мне идти в рукопашную?,I'm out of bullets... Am I supposed to fight hand-to-hand?,,jazz-units:items.lua:VoiceResponse
890000000009286,Вы готовы?,Are you ready?,,jazz-units:items.lua:VoiceResponse
890000000009287,Вот черт...,"Oh, damn...",,jazz-units:items.lua:VoiceResponse
890000000009288,"Я стал сильнее, правда?","I've gotten stronger, haven't I?",,jazz-units:items.lua:VoiceResponse
890000000009289,Злобный меня уже достал...,I've had enough of Vicious...,,jazz-units:items.lua:VoiceResponse
890000000009290,"Барри, это было потрясающе!","Barry, that was amazing!",,jazz-units:items.lua:VoiceResponse
890000000009291,На связи.,Standing by.,,jazz-units:items.lua:VoiceResponse
890000000009292,Мы вступили в контакт с неприятелем.,We've made contact with the enemy.,,jazz-units:items.lua:VoiceResponse
890000000009293,Мы вступили в контакт с неприятелем.,We've made contact with the enemy.,,jazz-units:items.lua:VoiceResponse
890000000009294,Он определенно заслужил это.,He definitely deserved that.,,jazz-units:items.lua:VoiceResponse
890000000009295,Конец...,The end...,,jazz-units:items.lua:VoiceResponse
890000000009296,Ранен!,Wounded!,,jazz-units:items.lua:VoiceResponse
890000000009297,Кончились патроны!,Out of ammo!,,jazz-units:items.lua:VoiceResponse
890000000009298,Можно начинать операцию!,We may begin the operation!,,jazz-units:items.lua:VoiceResponse
890000000009299,Жду.,Waiting.,,jazz-units:items.lua:VoiceResponse
890000000009300,"Приятно, когда человек совершенствует свои познания - а я узнаю больше день ото дня.",It's gratifying to improve one's knowledge—and I learn more every day.,,jazz-units:items.lua:VoiceResponse
890000000009301,Тоска начинает меня раздражать.,Tosca is starting to annoy me.,,jazz-units:items.lua:VoiceResponse
890000000009302,Отличная работа.,Great work.,,jazz-units:items.lua:VoiceResponse
890000000009303,На связи.,Standing by.,,jazz-units:items.lua:VoiceResponse
890000000009304,На связи.,Standing by.,,jazz-units:items.lua:VoiceResponse
890000000009305,Тихо.,Quiet.,,jazz-units:items.lua:VoiceResponse
890000000009306,Тихо.,Quiet.,,jazz-units:items.lua:VoiceResponse
890000000009307,Тихо.,Quiet.,,jazz-units:items.lua:VoiceResponse
890000000009308,Есть.,On it.,,jazz-units:items.lua:VoiceResponse
890000000009309,Есть.,On it.,,jazz-units:items.lua:VoiceResponse
890000000009310,Есть.,On it.,,jazz-units:items.lua:VoiceResponse
890000000009311,Двигаюсь.,Moving.,,jazz-units:items.lua:VoiceResponse
890000000009312,Двигаюсь.,Moving.,,jazz-units:items.lua:VoiceResponse
890000000009313,Двигаюсь.,Moving.,,jazz-units:items.lua:VoiceResponse
890000000009314,Крадусь.,Sneaking.,,jazz-units:items.lua:VoiceResponse
890000000009315,Крадусь.,Sneaking.,,jazz-units:items.lua:VoiceResponse
890000000009316,Крадусь.,Sneaking.,,jazz-units:items.lua:VoiceResponse
890000000009317,Я согласен.,I agree.,,jazz-units:items.lua:VoiceResponse
890000000009318,Я согласен.,I agree.,,jazz-units:items.lua:VoiceResponse
890000000009319,Я согласен.,I agree.,,jazz-units:items.lua:VoiceResponse
890000000009320,Еще один готов.,Another one down.,,jazz-units:items.lua:VoiceResponse
890000000009321,"Ш-шш, я что-то слышу.","Shhh, I hear something.",,jazz-units:items.lua:VoiceResponse
890000000009322,"Ш-шш, я что-то слышу.","Shhh, I hear something.",,jazz-units:items.lua:VoiceResponse
890000000009323,"Отсюда бы в цель не попал даже снайпер... О, так я, получается, тоже снайпер?!","Even a sniper couldn't hit anything from here... Oh, wait—does that make me a sniper too?!",,jazz-units:items.lua:VoiceResponse
890000000009324,Такого не сможет сделать никто.,No one can do this.,,jazz-units:items.lua:VoiceResponse
890000000009325,Вижу противника!,I see hostiles!,,jazz-units:items.lua:VoiceResponse
890000000009326,"Отлично, вперед!","Excellent, onward!",,jazz-units:items.lua:VoiceResponse
890000000009327,Scheisse!,Scheisse!,,jazz-units:items.lua:VoiceResponse
890000000009328,Я же говорю - сафари...,I'm telling you—it's a safari...,,jazz-units:items.lua:VoiceResponse
890000000009329,Нужно перезарядить оружие. Вот только чем?,"I need to reload. The only question is, with what?",,jazz-units:items.lua:VoiceResponse
890000000009330,Оружие заклинило!,Weapon's jammed!,,jazz-units:items.lua:VoiceResponse
890000000009331,Аргх!,Argh!,,jazz-units:items.lua:VoiceResponse
890000000009332,Аргх!,Argh!,,jazz-units:items.lua:VoiceResponse
890000000009333,Я... тяжело ранен... Но я слишком люблю жизнь... Никто не поможет мне?,I'm... badly wounded... But I love life too much... Won't anyone help me?,,jazz-units:items.lua:VoiceResponse
890000000009334,Почему-то это все так похоже на... шайсе.,Somehow this is all starting to look like... Scheisse.,,jazz-units:items.lua:VoiceResponse
890000000009335,К несению службы готов.,Ready for duty.,,jazz-units:items.lua:VoiceResponse
890000000009336,"Думаю, мы убили всех до единого.",I think we killed every last one of them.,,jazz-units:items.lua:VoiceResponse
890000000009337,Этот сектор занят... Противником... Пора это изменить.,This sector is occupied... by the enemy... Time to change that.,,jazz-units:items.lua:VoiceResponse
890000000009338,Англичанина я учуял бы и за сто метров.,I could smell an Englishman from a hundred meters away.,,jazz-units:items.lua:VoiceResponse
890000000009339,Англичанина я учуял бы и за сто метров.,I could smell an Englishman from a hundred meters away.,,jazz-units:items.lua:VoiceResponse
890000000009340,"Ш-шш, я что-то слышу.","Shhh, I hear something.",,jazz-units:items.lua:VoiceResponse
890000000009341,"Ш-шш, я что-то слышу.","Shhh, I hear something.",,jazz-units:items.lua:VoiceResponse
890000000009342,"О, кое-что полезное...","Oh, something useful...",,jazz-units:items.lua:VoiceResponse
890000000009343,Что это там?,What's that over there?,,jazz-units:items.lua:VoiceResponse
890000000009344,Закрыто.,Locked.,,jazz-units:items.lua:VoiceResponse
890000000009345,Я должен поспать... Едой и сном пренебрегать нельзя.,I need to sleep... Food and sleep must never be neglected.,,jazz-units:items.lua:VoiceResponse
890000000009346,"Дыши, Янно, дыши!","Breathe, Janno, breathe!",,jazz-units:items.lua:VoiceResponse
890000000009347,Хорошие здесь люди.,Good people here.,,jazz-units:items.lua:VoiceResponse
890000000009348,"Нет, так не пойдет.","No, that won't do.",,jazz-units:items.lua:VoiceResponse
890000000009349,"Ja, все готово!","Ja, all done!",,jazz-units:items.lua:VoiceResponse
890000000009350,Нападение с воздуха!,Air attack!,,jazz-units:items.lua:VoiceResponse
890000000009351,Еще один готов.,Another one down.,,jazz-units:items.lua:VoiceResponse
890000000009352,Еще один готов.,Another one down.,,jazz-units:items.lua:VoiceResponse
890000000009353,"Дыши, Янно, дыши!","Breathe, Janno, breathe!",,jazz-units:items.lua:VoiceResponse
890000000009354,"Дыши, Янно, дыши!","Breathe, Janno, breathe!",,jazz-units:items.lua:VoiceResponse
890000000009355,"Ш-шш, я что-то слышу.","Shhh, I hear something.",,jazz-units:items.lua:VoiceResponse
890000000009356,Тут слишком тихо. Что-то здесь не так...,Too quiet. Something's wrong...,,jazz-units:items.lua:VoiceResponse
890000000009357,"Внимание! Думаю, мы еще не всех устранили.",Attention! I don't think we've eliminated all of them yet.,,jazz-units:items.lua:VoiceResponse
890000000009358,"Внимание! Думаю, мы еще не всех устранили.",Attention! I don't think we've eliminated all of them yet.,,jazz-units:items.lua:VoiceResponse
890000000009359,(кашляет),(coughs),,jazz-units:items.lua:VoiceResponse
890000000009360,"Ха, промазал! Так просто тебе меня не достать!","Ha, missed! You won't get me that easily!",,jazz-units:items.lua:VoiceResponse
890000000009361,Большая кошка... Не могу поверить.,A big cat... I can't believe it.,,jazz-units:items.lua:VoiceResponse
890000000009362,"Ja, все готово!","Ja, all done!",,jazz-units:items.lua:VoiceResponse
890000000009363,Хм. Этого и следовало ожидать.,Hm. That's to be expected.,,jazz-units:items.lua:VoiceResponse
890000000009364,Этот план - какой-то он... Не совсем хороший.,This plan is... not very good.,,jazz-units:items.lua:VoiceResponse
890000000009365,На связи.,Standing by.,,jazz-units:items.lua:VoiceResponse
890000000009366,На связи.,Standing by.,,jazz-units:items.lua:VoiceResponse
890000000009367,Тихо.,Quiet.,,jazz-units:items.lua:VoiceResponse
890000000009368,Тихо.,Quiet.,,jazz-units:items.lua:VoiceResponse
890000000009369,Тихо.,Quiet.,,jazz-units:items.lua:VoiceResponse
890000000009370,Есть.,On it.,,jazz-units:items.lua:VoiceResponse
890000000009371,Есть.,On it.,,jazz-units:items.lua:VoiceResponse
890000000009372,Есть.,On it.,,jazz-units:items.lua:VoiceResponse
890000000009373,Двигаюсь.,Moving.,,jazz-units:items.lua:VoiceResponse
890000000009374,Двигаюсь.,Moving.,,jazz-units:items.lua:VoiceResponse
890000000009375,Двигаюсь.,Moving.,,jazz-units:items.lua:VoiceResponse
890000000009376,Крадусь.,Sneaking.,,jazz-units:items.lua:VoiceResponse
890000000009377,Крадусь.,Sneaking.,,jazz-units:items.lua:VoiceResponse
890000000009378,Крадусь.,Sneaking.,,jazz-units:items.lua:VoiceResponse
890000000009379,"Ага, значит... И меня не забудьте...","Right, so... don't forget me either...",,jazz-units:items.lua:VoiceResponse
890000000009380,"Ага, значит... И меня не забудьте...","Right, so... don't forget me either...",,jazz-units:items.lua:VoiceResponse
890000000009381,"Ага, значит... И меня не забудьте...","Right, so... don't forget me either...",,jazz-units:items.lua:VoiceResponse
890000000009382,Не такая уж большая потеря.,Not much of a loss.,,jazz-units:items.lua:VoiceResponse
890000000009383,Я точно это слышал! Здесь кто-то есть. Или что-то.,I definitely heard that! Someone's here. Or something.,,jazz-units:items.lua:VoiceResponse
890000000009384,Я точно это слышал! Здесь кто-то есть. Или что-то.,I definitely heard that! Someone's here. Or something.,,jazz-units:items.lua:VoiceResponse
890000000009385,"Невозможно. Хотя, был бы я помоложе...","Impossible. Though, if I were younger...",,jazz-units:items.lua:VoiceResponse
890000000009386,Это безнадежно. В самом деле.,This is hopeless. Truly.,,jazz-units:items.lua:VoiceResponse
890000000009387,Ублюдки!,Bastards!,,jazz-units:items.lua:VoiceResponse
890000000009388,Ну что же... Пора покончить с формальностями.,Well then... time to dispense with the formalities.,,jazz-units:items.lua:VoiceResponse
890000000009389,"Похоже, у меня проблемы.",Looks like I'm in trouble.,,jazz-units:items.lua:VoiceResponse
890000000009390,Не такая уж большая потеря.,Not much of a loss.,,jazz-units:items.lua:VoiceResponse
890000000009391,Дайте патроны!,Give me ammo!,,jazz-units:items.lua:VoiceResponse
890000000009392,"Похоже, тут что-то не так...",Something seems wrong...,,jazz-units:items.lua:VoiceResponse
890000000009393,Аргх!,Argh!,,jazz-units:items.lua:VoiceResponse
890000000009394,Аргх!,Argh!,,jazz-units:items.lua:VoiceResponse
890000000009395,"Во имя мира и добра... Черт, ну и боль... И жизнь отдать не жалко ради... Ох, вот бы выпить... Ради мира на земле.","In the name of peace and goodwill... Damn, that hurts... I'd gladly give my life for... Oh, I could use a drink... For peace on Earth.",,jazz-units:items.lua:VoiceResponse
890000000009396,"Я начинаю сомневаться, что переход на вашу сторону был верным решением.",I'm starting to doubt that switching to your side was the right decision.,,jazz-units:items.lua:VoiceResponse
890000000009397,К бою!,Prepare for battle!,,jazz-units:items.lua:VoiceResponse
890000000009398,"Их больше не осталось, так?","There are none left, right?",,jazz-units:items.lua:VoiceResponse
890000000009399,Будьте начеку. Противник бродит поблизости.,Stay alert. The enemy is prowling nearby.,,jazz-units:items.lua:VoiceResponse
890000000009400,"Как человек строгих моральных принципов, я уверен, что эти женщины помнят о своем долге.","As a man of strict moral principles, I am certain these women remember their duty.",,jazz-units:items.lua:VoiceResponse
890000000009401,"Как человек строгих моральных принципов, я уверен, что эти женщины помнят о своем долге.","As a man of strict moral principles, I am certain these women remember their duty.",,jazz-units:items.lua:VoiceResponse
890000000009402,Я точно это слышал! Здесь кто-то есть. Или что-то.,I definitely heard that! Someone's here. Or something.,,jazz-units:items.lua:VoiceResponse
890000000009403,Я точно это слышал! Здесь кто-то есть. Или что-то.,I definitely heard that! Someone's here. Or something.,,jazz-units:items.lua:VoiceResponse
890000000009404,Там что-то есть.,Spotted something over there.,,jazz-units:items.lua:VoiceResponse
890000000009405,А это тогда что?,Then what's that?,,jazz-units:items.lua:VoiceResponse
890000000009406,Закрыто.,Locked.,,jazz-units:items.lua:VoiceResponse
890000000009407,Мне нужен небольшой перерыв на сон.,I need a short nap.,,jazz-units:items.lua:VoiceResponse
890000000009408,Ох! Черт! Надо бы дух перевести.,Oh! Damn! Need to catch my breath.,,jazz-units:items.lua:VoiceResponse
890000000009409,"Ага, значит... Не все против нас.","Ah, so... not everyone is against us.",,jazz-units:items.lua:VoiceResponse
890000000009410,"Я бы не стал этого делать, и не стану.","I wouldn't do that, and I won't.",,jazz-units:items.lua:VoiceResponse
890000000009411,"Ну, значит... Я снова выполнил свои обязанности к полному удовлетворению всех сторон.","Well, then... Once again, I have discharged my duties to the complete satisfaction of all parties.",,jazz-units:items.lua:VoiceResponse
890000000009412,"В укрытие! Боюсь, они попытаются достать нас с воздуха.",Take cover! I'm afraid they'll try to get us from the air.,,jazz-units:items.lua:VoiceResponse
890000000009413,Не такая уж большая потеря.,Not much of a loss.,,jazz-units:items.lua:VoiceResponse
890000000009414,Не такая уж большая потеря.,Not much of a loss.,,jazz-units:items.lua:VoiceResponse
890000000009415,Ох! Черт! Надо бы дух перевести.,Oh! Damn! Need to catch my breath.,,jazz-units:items.lua:VoiceResponse
890000000009416,Ох! Черт! Надо бы дух перевести.,Oh! Damn! Need to catch my breath.,,jazz-units:items.lua:VoiceResponse
890000000009417,Я точно это слышал! Здесь кто-то есть. Или что-то.,I definitely heard that! Someone's here. Or something.,,jazz-units:items.lua:VoiceResponse
890000000009418,"Я много лет провел в джунглях... Поэтому я знаю, когда следует ждать недоброго... Когда я предчувствую недоброе.",I've spent years in the jungle... I know when trouble's coming. And trouble is coming.,,jazz-units:items.lua:VoiceResponse
890000000009419,"Я не уверен, что они все ушли на покой, так что будьте осторожны.","I'm not sure they've all been laid to rest, so be careful.",,jazz-units:items.lua:VoiceResponse
890000000009420,"Я не уверен, что они все ушли на покой, так что будьте осторожны.","I'm not sure they've all been laid to rest, so be careful.",,jazz-units:items.lua:VoiceResponse
890000000009421,(кашляет),(coughs),,jazz-units:items.lua:VoiceResponse
890000000009422,"Ага, значит... Сердце снова бьется.",There we are... The heart is beating again.,,jazz-units:items.lua:VoiceResponse
890000000009423,Египетский кот!,Egyptian cat!,,jazz-units:items.lua:VoiceResponse
890000000009424,"Ну, значит... Я снова выполнил свои обязанности к полному удовлетворению всех сторон.","Well, then... Once again, I have discharged my duties to the complete satisfaction of all parties.",,jazz-units:items.lua:VoiceResponse
890000000009425,"Надеюсь, этот урок поможет обрести должную трезвость рассудка.",I hope this lesson brings some clarity of thought.,,jazz-units:items.lua:VoiceResponse
890000000009426,"Что, снова лезем в ловушку?","What, are we walking into another trap?",,jazz-units:items.lua:VoiceResponse
890000000009427,На связи.,Standing by.,,jazz-units:items.lua:VoiceResponse
890000000009428,На связи.,Standing by.,,jazz-units:items.lua:VoiceResponse
890000000009429,Тихо.,Quiet.,,jazz-units:items.lua:VoiceResponse
890000000009430,Тихо.,Quiet.,,jazz-units:items.lua:VoiceResponse
890000000009431,Тихо.,Quiet.,,jazz-units:items.lua:VoiceResponse
890000000009432,Есть.,On it.,,jazz-units:items.lua:VoiceResponse
890000000009433,Есть.,On it.,,jazz-units:items.lua:VoiceResponse
890000000009434,Есть.,On it.,,jazz-units:items.lua:VoiceResponse
890000000009435,Двигаюсь.,Moving.,,jazz-units:items.lua:VoiceResponse
890000000009436,Двигаюсь.,Moving.,,jazz-units:items.lua:VoiceResponse
890000000009437,Двигаюсь.,Moving.,,jazz-units:items.lua:VoiceResponse
890000000009438,Крадусь.,Sneaking.,,jazz-units:items.lua:VoiceResponse
890000000009439,Крадусь.,Sneaking.,,jazz-units:items.lua:VoiceResponse
890000000009440,Крадусь.,Sneaking.,,jazz-units:items.lua:VoiceResponse
890000000009441,Я только что хотела это сказать.,I was just about to say that.,,jazz-units:items.lua:VoiceResponse
890000000009442,Я только что хотела это сказать.,I was just about to say that.,,jazz-units:items.lua:VoiceResponse
890000000009443,Я только что хотела это сказать.,I was just about to say that.,,jazz-units:items.lua:VoiceResponse
890000000009444,Да!,Yes!,,jazz-units:items.lua:VoiceResponse
890000000009445,Я что-то слышу!,I hear something!,,jazz-units:items.lua:VoiceResponse
890000000009446,Я что-то слышу!,I hear something!,,jazz-units:items.lua:VoiceResponse
890000000009447,"Отсюда я даже не вижу цель... Или предполагается, что у меня с собой ракета с тепловым наведением?",I can't even see the target from here... Or am I supposed to have a heat-seeking missile?,,jazz-units:items.lua:VoiceResponse
890000000009448,"Я уже сейчас могу сказать, что это не сработает.",I can already tell this won't work.,,jazz-units:items.lua:VoiceResponse
890000000009449,Враг рядом!,Enemy nearby!,,jazz-units:items.lua:VoiceResponse
890000000009450,"Ладно, давайте с ними разделаемся. Руки так и чешутся метнуть пару ножиков.","All right, let's take care of them. My hands are itching to throw a couple of knives.",,jazz-units:items.lua:VoiceResponse
890000000009451,"Говорила мне мама, не играй с незнакомыми дядями!",Mama told me never to play with strange men!,,jazz-units:items.lua:VoiceResponse
890000000009452,"Ф-фу! Когда они лопаются, они воняют еще сильнее.",Phew! They smell even worse when they burst.,,jazz-units:items.lua:VoiceResponse
890000000009453,В следующий раз прихвачу с собой пулеметную ленту.,Next time I'll bring a machine-gun belt.,,jazz-units:items.lua:VoiceResponse
890000000009454,Даже оружие испугалось!,Even the weapon got scared!,,jazz-units:items.lua:VoiceResponse
890000000009455,Аргх!,Argh!,,jazz-units:items.lua:VoiceResponse
890000000009456,Аргх!,Argh!,,jazz-units:items.lua:VoiceResponse
890000000009457,Мне нужен морфий... И скорее!,I need morphine... Quickly!,,jazz-units:items.lua:VoiceResponse
890000000009458,Это все так... Действует на нервы.,All this is so... nerve-racking.,,jazz-units:items.lua:VoiceResponse
890000000009459,Так гораздо лучше! Пора браться за дело!,Much better! Time to get to work!,,jazz-units:items.lua:VoiceResponse
890000000009460,Сектор зачищен.,Sector secure.,,jazz-units:items.lua:VoiceResponse
890000000009461,Обнаружен враг!,Enemy spotted!,,jazz-units:items.lua:VoiceResponse
890000000009462,"Эти шотландцы... Мачо почище нас, итальянцев. Ужасно. А та дрянь, которую они едят? фу! Да, наверное, в ней все дело... Во всем виновата бурда, которую они жрут!","Those Scots... Even more macho than us Italians. Terrible. And that garbage they eat? Ugh! Yeah, that must be it... It's all the slop they stuff themselves with!",,jazz-units:items.lua:VoiceResponse
890000000009463,"Эти шотландцы... Мачо почище нас, итальянцев. Ужасно. А та дрянь, которую они едят? фу! Да, наверное, в ней все дело... Во всем виновата бурда, которую они жрут!","Those Scots... Even more macho than us Italians. Terrible. And that garbage they eat? Ugh! Yeah, that must be it... It's all the slop they stuff themselves with!",,jazz-units:items.lua:VoiceResponse
890000000009464,Я что-то слышу!,I hear something!,,jazz-units:items.lua:VoiceResponse
890000000009465,Я что-то слышу!,I hear something!,,jazz-units:items.lua:VoiceResponse
890000000009466,Что это было?,What was that?,,jazz-units:items.lua:VoiceResponse
890000000009467,Что там?,What's there?,,jazz-units:items.lua:VoiceResponse
890000000009468,Закрыто.,Locked.,,jazz-units:items.lua:VoiceResponse
890000000009469,Что-то я притомилась... На свежую голову я способна на большее.,I'm getting a bit tired... I can do better with a fresh head.,,jazz-units:items.lua:VoiceResponse
890000000009470,Нужен воздух...,Need air...,,jazz-units:items.lua:VoiceResponse
890000000009471,Люди здесь хорошие...,There are good people here...,,jazz-units:items.lua:VoiceResponse
890000000009472,Ни-за-что!,No. Way!,,jazz-units:items.lua:VoiceResponse
890000000009473,Жду следующего приказа.,Awaiting your next order.,,jazz-units:items.lua:VoiceResponse
890000000009474,Нападение с воздуха!,Air attack!,,jazz-units:items.lua:VoiceResponse
890000000009475,Да!,Yes!,,jazz-units:items.lua:VoiceResponse
890000000009476,Да!,Yes!,,jazz-units:items.lua:VoiceResponse
890000000009477,Нужен воздух...,Need air...,,jazz-units:items.lua:VoiceResponse
890000000009478,Нужен воздух...,Need air...,,jazz-units:items.lua:VoiceResponse
890000000009479,Я что-то слышу!,I hear something!,,jazz-units:items.lua:VoiceResponse
890000000009480,У меня нехорошее предчувствие.,I've got a bad feeling.,,jazz-units:items.lua:VoiceResponse
890000000009481,Мы прикончили еще не всех. Не стоит расслабляться!,We haven't killed them all yet. Don't let your guard down!,,jazz-units:items.lua:VoiceResponse
890000000009482,Мы прикончили еще не всех. Не стоит расслабляться!,We haven't killed them all yet. Don't let your guard down!,,jazz-units:items.lua:VoiceResponse
890000000009483,(кашляет),(coughs),,jazz-units:items.lua:VoiceResponse
890000000009484,"Ф-фу, пронесло... Вот тебе и адреналин! Говорят, можно подсесть на это ощущение...","Phew, that was close... What a rush! They say you can get hooked on it...",,jazz-units:items.lua:VoiceResponse
890000000009485,А... Э... Дикая кошка!,A... Uh... Wildcat!,,jazz-units:items.lua:VoiceResponse
890000000009486,Жду следующего приказа.,Awaiting your next order.,,jazz-units:items.lua:VoiceResponse
890000000009487,Ничего другого я и не ожидала.,I expected nothing else.,,jazz-units:items.lua:VoiceResponse
890000000009488,"Мне кажется, это... будет совсем не смешно.",I have a feeling this... won't be funny at all.,,jazz-units:items.lua:VoiceResponse
890000000009489,На связи.,Standing by.,,jazz-units:items.lua:VoiceResponse
890000000009490,На связи.,Standing by.,,jazz-units:items.lua:VoiceResponse
890000000009491,Тихо.,Quiet.,,jazz-units:items.lua:VoiceResponse
890000000009492,Тихо.,Quiet.,,jazz-units:items.lua:VoiceResponse
890000000009493,Тихо.,Quiet.,,jazz-units:items.lua:VoiceResponse
890000000009494,Есть.,On it.,,jazz-units:items.lua:VoiceResponse
890000000009495,Есть.,On it.,,jazz-units:items.lua:VoiceResponse
890000000009496,Есть.,On it.,,jazz-units:items.lua:VoiceResponse
890000000009497,Двигаюсь.,Moving.,,jazz-units:items.lua:VoiceResponse
890000000009498,Двигаюсь.,Moving.,,jazz-units:items.lua:VoiceResponse
890000000009499,Двигаюсь.,Moving.,,jazz-units:items.lua:VoiceResponse
890000000009500,Крадусь.,Sneaking.,,jazz-units:items.lua:VoiceResponse
890000000009501,Крадусь.,Sneaking.,,jazz-units:items.lua:VoiceResponse
890000000009502,Крадусь.,Sneaking.,,jazz-units:items.lua:VoiceResponse
890000000009503,Я присоединяюсь!,Count me in!,,jazz-units:items.lua:VoiceResponse
890000000009504,Я присоединяюсь!,Count me in!,,jazz-units:items.lua:VoiceResponse
890000000009505,Я присоединяюсь!,Count me in!,,jazz-units:items.lua:VoiceResponse
890000000009506,Для тебя все кончено...,It's over for you...,,jazz-units:items.lua:VoiceResponse
890000000009507,Шшш! Ты слышал?,Shh! Did you hear that?,,jazz-units:items.lua:VoiceResponse
890000000009508,Шшш! Ты слышал?,Shh! Did you hear that?,,jazz-units:items.lua:VoiceResponse
890000000009509,Цель не вижу!,Can't see the target!,,jazz-units:items.lua:VoiceResponse
890000000009510,Нельзя.,Can't do it.,,jazz-units:items.lua:VoiceResponse
890000000009511,Наши друзья снова здесь...,Our friends are back...,,jazz-units:items.lua:VoiceResponse
890000000009512,За работу!,Get to work!,,jazz-units:items.lua:VoiceResponse
890000000009513,Срань Господня...,Holy shit...,,jazz-units:items.lua:VoiceResponse
890000000009514,Ха! Наконец-то...,Ha! Finally...,,jazz-units:items.lua:VoiceResponse
890000000009515,Кончились патроны! Нужна еще обойма!,Out of ammo! Need another magazine!,,jazz-units:items.lua:VoiceResponse
890000000009516,"Черт, оружие заклинило!","Damn, weapon's jammed!",,jazz-units:items.lua:VoiceResponse
890000000009517,Аргх!,Argh!,,jazz-units:items.lua:VoiceResponse
890000000009518,Аргх!,Argh!,,jazz-units:items.lua:VoiceResponse
890000000009519,Без медика я долго не протяну...,"Without a medic, I won't last long...",,jazz-units:items.lua:VoiceResponse
890000000009520,"Арулько, ха... Как интересно...","Arulco, huh... How interesting...",,jazz-units:items.lua:VoiceResponse
890000000009521,Теперь я готов.,Now I'm ready.,,jazz-units:items.lua:VoiceResponse
890000000009522,Противник уничтожен - теперь мы можем спокойно осмотреться.,The enemy is gone—now we can look around in peace.,,jazz-units:items.lua:VoiceResponse
890000000009523,Враг рядом. Будьте начеку.,Enemy nearby. Stay alert.,,jazz-units:items.lua:VoiceResponse
890000000009524,Жду.,Waiting.,,jazz-units:items.lua:VoiceResponse
890000000009525,Жду.,Waiting.,,jazz-units:items.lua:VoiceResponse
890000000009526,Шшш! Ты слышал?,Shh! Did you hear that?,,jazz-units:items.lua:VoiceResponse
890000000009527,Шшш! Ты слышал?,Shh! Did you hear that?,,jazz-units:items.lua:VoiceResponse
890000000009528,Здесь что-то есть!,There's something here!,,jazz-units:items.lua:VoiceResponse
890000000009529,Что это?,What is it?,,jazz-units:items.lua:VoiceResponse
890000000009530,Закрыто.,Locked.,,jazz-units:items.lua:VoiceResponse
890000000009531,Я не могу сосредоточиться... Пора отдохнуть.,I can't concentrate... Time to rest.,,jazz-units:items.lua:VoiceResponse
890000000009532,Нужно отдышаться...,Need to catch my breath...,,jazz-units:items.lua:VoiceResponse
890000000009533,Довольно приятные люди.,Rather pleasant people.,,jazz-units:items.lua:VoiceResponse
890000000009534,Этого я делать не буду.,I won't do that.,,jazz-units:items.lua:VoiceResponse
890000000009535,Готово.,Done.,,jazz-units:items.lua:VoiceResponse
890000000009536,Воздух!,Air!,,jazz-units:items.lua:VoiceResponse
890000000009537,Для тебя все кончено...,It's over for you...,,jazz-units:items.lua:VoiceResponse
890000000009538,Для тебя все кончено...,It's over for you...,,jazz-units:items.lua:VoiceResponse
890000000009539,Нужно отдышаться...,Need to catch my breath...,,jazz-units:items.lua:VoiceResponse
890000000009540,Нужно отдышаться...,Need to catch my breath...,,jazz-units:items.lua:VoiceResponse
890000000009541,Шшш! Ты слышал?,Shh! Did you hear that?,,jazz-units:items.lua:VoiceResponse
890000000009542,Слишком тихо. Мне это не нравится...,Too quiet. I don't like it...,,jazz-units:items.lua:VoiceResponse
890000000009543,Враг все еще здесь - будьте осторожны.,The enemy is still here—be careful.,,jazz-units:items.lua:VoiceResponse
890000000009544,Враг все еще здесь - будьте осторожны.,The enemy is still here—be careful.,,jazz-units:items.lua:VoiceResponse
890000000009545,(кашляет),(coughs),,jazz-units:items.lua:VoiceResponse
890000000009546,"Еще бы чуть-чуть, и все!",Just a little more and that would've been it!,,jazz-units:items.lua:VoiceResponse
890000000009547,Большая кошка...,Big cat...,,jazz-units:items.lua:VoiceResponse
890000000009548,Готово.,Done.,,jazz-units:items.lua:VoiceResponse
890000000009549,Некоторые люди не понимают сарказма... Да-а... Факс!,Some people don't understand sarcasm... Yeah... Fax!,,jazz-units:items.lua:VoiceResponse
890000000009550,"Может, сразу послать Дейдране факс с планом нашего нападения? Получилось бы ничуть не хуже.",Maybe we should just fax Deidranna our attack plan? It couldn't turn out any worse.,,jazz-units:items.lua:VoiceResponse
890000000009551,На связи.,Standing by.,,jazz-units:items.lua:VoiceResponse
890000000009552,На связи.,Standing by.,,jazz-units:items.lua:VoiceResponse
890000000009553,Тихо.,Quiet.,,jazz-units:items.lua:VoiceResponse
890000000009554,Тихо.,Quiet.,,jazz-units:items.lua:VoiceResponse
890000000009555,Тихо.,Quiet.,,jazz-units:items.lua:VoiceResponse
890000000009556,Есть.,On it.,,jazz-units:items.lua:VoiceResponse
890000000009557,Есть.,On it.,,jazz-units:items.lua:VoiceResponse
890000000009558,Есть.,On it.,,jazz-units:items.lua:VoiceResponse
890000000009559,Двигаюсь.,Moving.,,jazz-units:items.lua:VoiceResponse
890000000009560,Двигаюсь.,Moving.,,jazz-units:items.lua:VoiceResponse
890000000009561,Двигаюсь.,Moving.,,jazz-units:items.lua:VoiceResponse
890000000009562,Крадусь.,Sneaking.,,jazz-units:items.lua:VoiceResponse
890000000009563,Крадусь.,Sneaking.,,jazz-units:items.lua:VoiceResponse
890000000009564,Крадусь.,Sneaking.,,jazz-units:items.lua:VoiceResponse
890000000009565,В точности совпадает с моим мнением.,Exactly my opinion.,,jazz-units:items.lua:VoiceResponse
890000000009566,В точности совпадает с моим мнением.,Exactly my opinion.,,jazz-units:items.lua:VoiceResponse
890000000009567,В точности совпадает с моим мнением.,Exactly my opinion.,,jazz-units:items.lua:VoiceResponse
890000000009568,Он определенно заслужил это.,He definitely deserved that.,,jazz-units:items.lua:VoiceResponse
890000000009569,Я что-то слышала.,I heard something.,,jazz-units:items.lua:VoiceResponse
890000000009570,Я что-то слышала.,I heard something.,,jazz-units:items.lua:VoiceResponse
890000000009571,Ты принимаешь желаемое за действительное.,You're engaging in wishful thinking.,,jazz-units:items.lua:VoiceResponse
890000000009572,Хирургические и военные операции имеют одно сходство - иногда желаемого результата просто невозможно достичь...,Surgical and military operations have one thing in common—sometimes the desired outcome simply can't be achieved...,,jazz-units:items.lua:VoiceResponse
890000000009573,Мы вступили в контакт с неприятелем.,We've made contact with the enemy.,,jazz-units:items.lua:VoiceResponse
890000000009574,Можно начинать операцию!,We may begin the operation!,,jazz-units:items.lua:VoiceResponse
890000000009575,Мне нужна помощь.,I need help.,,jazz-units:items.lua:VoiceResponse
890000000009576,"Может быть, мне удастся взять образец ткани?",Perhaps I can collect a tissue sample?,,jazz-units:items.lua:VoiceResponse
890000000009577,Кончились патроны!,Out of ammo!,,jazz-units:items.lua:VoiceResponse
890000000009578,Оружие заклинило.,Weapon's jammed.,,jazz-units:items.lua:VoiceResponse
890000000009579,Аргх!,Argh!,,jazz-units:items.lua:VoiceResponse
890000000009580,Аргх!,Argh!,,jazz-units:items.lua:VoiceResponse
890000000009581,Мне нужен жгут - и морфий - быстро!,I need a tourniquet—and morphine—now!,,jazz-units:items.lua:VoiceResponse
890000000009582,Я полностью лишилась мотивации. Эта операция потеряла для меня всякий смысл.,I've lost all motivation. This operation no longer has any meaning for me.,,jazz-units:items.lua:VoiceResponse
890000000009583,"Ах, как хорошо. Даже короткий сон творит с телом чудеса.","Ah, much better. Even a short sleep does wonders for the body.",,jazz-units:items.lua:VoiceResponse
890000000009584,Теперь это зеленый сектор - и стерильно чистый.,Now this is a green sector—and sterile clean.,,jazz-units:items.lua:VoiceResponse
890000000009585,Враг рядом!,Enemy nearby!,,jazz-units:items.lua:VoiceResponse
890000000009586,Жду.,Waiting.,,jazz-units:items.lua:VoiceResponse
890000000009587,Жду.,Waiting.,,jazz-units:items.lua:VoiceResponse
890000000009588,Я что-то слышала.,I heard something.,,jazz-units:items.lua:VoiceResponse
890000000009589,Я что-то слышала.,I heard something.,,jazz-units:items.lua:VoiceResponse
890000000009590,Посмотрим поближе...,Let's take a closer look...,,jazz-units:items.lua:VoiceResponse
890000000009591,Что это?,What is it?,,jazz-units:items.lua:VoiceResponse
890000000009592,Закрыто.,Locked.,,jazz-units:items.lua:VoiceResponse
890000000009593,Сейчас я лягу спать.,I'm going to sleep now.,,jazz-units:items.lua:VoiceResponse
890000000009594,Как в разреженной атмосфере - дышать... Дышать!,Like breathing thin air—breathe... breathe!,,jazz-units:items.lua:VoiceResponse
890000000009595,"Эти люди восхищают меня своей выносливостью. Я могу себе представить, через что им пришлось пройти.",I admire these people's resilience. I can imagine what they've been through.,,jazz-units:items.lua:VoiceResponse
890000000009596,"К сожалению, я вынуждена отказать.","Regrettably, I must decline.",,jazz-units:items.lua:VoiceResponse
890000000009597,Жду новых приказаний.,Awaiting further orders.,,jazz-units:items.lua:VoiceResponse
890000000009598,Воздух!,Air!,,jazz-units:items.lua:VoiceResponse
890000000009599,Он определенно заслужил это.,He definitely deserved that.,,jazz-units:items.lua:VoiceResponse
890000000009600,Он определенно заслужил это.,He definitely deserved that.,,jazz-units:items.lua:VoiceResponse
890000000009601,Как в разреженной атмосфере - дышать... Дышать!,Like breathing thin air—breathe... breathe!,,jazz-units:items.lua:VoiceResponse
890000000009602,Как в разреженной атмосфере - дышать... Дышать!,Like breathing thin air—breathe... breathe!,,jazz-units:items.lua:VoiceResponse
890000000009603,Я что-то слышала.,I heard something.,,jazz-units:items.lua:VoiceResponse
890000000009604,Здесь слишком уж мирно.,It's far too peaceful here.,,jazz-units:items.lua:VoiceResponse
890000000009605,Мы еще здесь не закончили. На территории еще остался противник.,We're not finished here. There are still enemies in the area.,,jazz-units:items.lua:VoiceResponse
890000000009606,Мы еще здесь не закончили. На территории еще остался противник.,We're not finished here. There are still enemies in the area.,,jazz-units:items.lua:VoiceResponse
890000000009607,(кашляет),(coughs),,jazz-units:items.lua:VoiceResponse
890000000009608,Я чудом спаслась.,I had a miraculous escape.,,jazz-units:items.lua:VoiceResponse
890000000009609,В Арулько очень интересная фауна...,Arulco has a fascinating fauna...,,jazz-units:items.lua:VoiceResponse
890000000009610,Жду новых приказаний.,Awaiting further orders.,,jazz-units:items.lua:VoiceResponse
890000000009611,"Да, как я и говорила...","Yes, as I was saying...",,jazz-units:items.lua:VoiceResponse
890000000009612,Сомнительно... Очень сомнительно.,Dubious... very dubious.,,jazz-units:items.lua:VoiceResponse
890000000009613,На связи.,Standing by.,,jazz-units:items.lua:VoiceResponse
890000000009614,На связи.,Standing by.,,jazz-units:items.lua:VoiceResponse
890000000009615,Тихо.,Quiet.,,jazz-units:items.lua:VoiceResponse
890000000009616,Тихо.,Quiet.,,jazz-units:items.lua:VoiceResponse
890000000009617,Тихо.,Quiet.,,jazz-units:items.lua:VoiceResponse
890000000009618,Есть.,On it.,,jazz-units:items.lua:VoiceResponse
890000000009619,Есть.,On it.,,jazz-units:items.lua:VoiceResponse
890000000009620,Есть.,On it.,,jazz-units:items.lua:VoiceResponse
890000000009621,Двигаюсь.,Moving.,,jazz-units:items.lua:VoiceResponse
890000000009622,Двигаюсь.,Moving.,,jazz-units:items.lua:VoiceResponse
890000000009623,Двигаюсь.,Moving.,,jazz-units:items.lua:VoiceResponse
890000000009624,Крадусь.,Sneaking.,,jazz-units:items.lua:VoiceResponse
890000000009625,Крадусь.,Sneaking.,,jazz-units:items.lua:VoiceResponse
890000000009626,Крадусь.,Sneaking.,,jazz-units:items.lua:VoiceResponse
890000000009627,Согласен.,Agreed.,,jazz-units:items.lua:VoiceResponse
890000000009628,Согласен.,Agreed.,,jazz-units:items.lua:VoiceResponse
890000000009629,Согласен.,Agreed.,,jazz-units:items.lua:VoiceResponse
890000000009630,...Посмотри мне в глаза и умри...,...Look me in the eyes and die...,,jazz-units:items.lua:VoiceResponse
890000000009631,Я что-то слышу.,I hear something.,,jazz-units:items.lua:VoiceResponse
890000000009632,Я что-то слышу.,I hear something.,,jazz-units:items.lua:VoiceResponse
890000000009633,Ничего не выйдет,This won't work.,,jazz-units:items.lua:VoiceResponse
890000000009634,Это невозможно...,That's impossible...,,jazz-units:items.lua:VoiceResponse
890000000009635,Вот и они!,There they are!,,jazz-units:items.lua:VoiceResponse
890000000009636,Вы готовы?,Are you ready?,,jazz-units:items.lua:VoiceResponse
890000000009637,Их слишком много!,Too many of them!,,jazz-units:items.lua:VoiceResponse
890000000009638,Я убил это чудовище.,I killed that monster.,,jazz-units:items.lua:VoiceResponse
890000000009639,Пули кончились.. Мне идти в рукопашную?,I'm out of bullets... Am I supposed to fight hand-to-hand?,,jazz-units:items.lua:VoiceResponse
890000000009640,Оружие вышло из строя!,Weapon malfunction!,,jazz-units:items.lua:VoiceResponse
890000000009641,Аргх!,Argh!,,jazz-units:items.lua:VoiceResponse
890000000009642,Аргх!,Argh!,,jazz-units:items.lua:VoiceResponse
890000000009643,Я ранен.,I'm wounded.,,jazz-units:items.lua:VoiceResponse
890000000009644,Merde...,Merde...,,jazz-units:items.lua:VoiceResponse
890000000009645,Я вернулся.,I'm back.,,jazz-units:items.lua:VoiceResponse
890000000009646,Они все убиты.,They're all dead.,,jazz-units:items.lua:VoiceResponse
890000000009647,Враги в секторе.,Enemies in the sector.,,jazz-units:items.lua:VoiceResponse
890000000009648,Вот черт...,"Oh, damn...",,jazz-units:items.lua:VoiceResponse
890000000009649,Вот черт...,"Oh, damn...",,jazz-units:items.lua:VoiceResponse
890000000009650,Я что-то слышу.,I hear something.,,jazz-units:items.lua:VoiceResponse
890000000009651,Я что-то слышу.,I hear something.,,jazz-units:items.lua:VoiceResponse
890000000009652,"Эй, что это?","Hey, what's that?",,jazz-units:items.lua:VoiceResponse
890000000009653,Тут что-то есть!..,There's something here!..,,jazz-units:items.lua:VoiceResponse
890000000009654,Закрыто.,Locked.,,jazz-units:items.lua:VoiceResponse
890000000009655,Я хочу спать...,I want to sleep...,,jazz-units:items.lua:VoiceResponse
890000000009656,"Оо, воздух...","Oh, air...",,jazz-units:items.lua:VoiceResponse
890000000009657,Очень мило.,How lovely.,,jazz-units:items.lua:VoiceResponse
890000000009658,О нет. Я не согласен... на это.,Oh no. I do not agree... to this.,,jazz-units:items.lua:VoiceResponse
890000000009659,Готово.,Done.,,jazz-units:items.lua:VoiceResponse
890000000009660,Воздушная атака!,Air attack!,,jazz-units:items.lua:VoiceResponse
890000000009661,...Посмотри мне в глаза и умри...,...Look me in the eyes and die...,,jazz-units:items.lua:VoiceResponse
890000000009662,...Посмотри мне в глаза и умри...,...Look me in the eyes and die...,,jazz-units:items.lua:VoiceResponse
890000000009663,"Оо, воздух...","Oh, air...",,jazz-units:items.lua:VoiceResponse
890000000009664,"Оо, воздух...","Oh, air...",,jazz-units:items.lua:VoiceResponse
890000000009665,Я что-то слышу.,I hear something.,,jazz-units:items.lua:VoiceResponse
890000000009666,Слишком тихо.,Too quiet.,,jazz-units:items.lua:VoiceResponse
890000000009667,Внимание! Мы еще не одни.,Attention! We're not alone yet.,,jazz-units:items.lua:VoiceResponse
890000000009668,Внимание! Мы еще не одни.,Attention! We're not alone yet.,,jazz-units:items.lua:VoiceResponse
890000000009669,(кашляет),(coughs),,jazz-units:items.lua:VoiceResponse
890000000009670,Mon Dieu!,Mon Dieu!,,jazz-units:items.lua:VoiceResponse
890000000009671,Кошка-убийца!,Killer cat!,,jazz-units:items.lua:VoiceResponse
890000000009672,Готово.,Done.,,jazz-units:items.lua:VoiceResponse
890000000009673,"Идея была ""vraiment miserable"", ээ... Очень плохая.","The idea was vraiment misérable, uh... very bad.",,jazz-units:items.lua:VoiceResponse
890000000009674,Ужасная идея...,Terrible idea...,,jazz-units:items.lua:VoiceResponse
890000000009675,На связи.,Standing by.,,jazz-units:items.lua:VoiceResponse
890000000009676,На связи.,Standing by.,,jazz-units:items.lua:VoiceResponse
890000000009677,Тихо.,Quiet.,,jazz-units:items.lua:VoiceResponse
890000000009678,Тихо.,Quiet.,,jazz-units:items.lua:VoiceResponse
890000000009679,Тихо.,Quiet.,,jazz-units:items.lua:VoiceResponse
890000000009680,Есть.,On it.,,jazz-units:items.lua:VoiceResponse
890000000009681,Есть.,On it.,,jazz-units:items.lua:VoiceResponse
890000000009682,Есть.,On it.,,jazz-units:items.lua:VoiceResponse
890000000009683,Двигаюсь.,Moving.,,jazz-units:items.lua:VoiceResponse
890000000009684,Двигаюсь.,Moving.,,jazz-units:items.lua:VoiceResponse
890000000009685,Двигаюсь.,Moving.,,jazz-units:items.lua:VoiceResponse
890000000009686,Крадусь.,Sneaking.,,jazz-units:items.lua:VoiceResponse
890000000009687,Крадусь.,Sneaking.,,jazz-units:items.lua:VoiceResponse
890000000009688,Крадусь.,Sneaking.,,jazz-units:items.lua:VoiceResponse
890000000009689,Это правда... Согласен.,It's true... I agree.,,jazz-units:items.lua:VoiceResponse
890000000009690,Это правда... Согласен.,It's true... I agree.,,jazz-units:items.lua:VoiceResponse
890000000009691,Это правда... Согласен.,It's true... I agree.,,jazz-units:items.lua:VoiceResponse
890000000009692,Кто-то должен уйти.,Someone has to go.,,jazz-units:items.lua:VoiceResponse
890000000009693,Я что-то слышал.,I heard something.,,jazz-units:items.lua:VoiceResponse
890000000009694,Я что-то слышал.,I heard something.,,jazz-units:items.lua:VoiceResponse
890000000009695,Только с помощью телекинеза.,Only with telekinesis.,,jazz-units:items.lua:VoiceResponse
890000000009696,Нет.,No.,,jazz-units:items.lua:VoiceResponse
890000000009697,Противник в этом секторе!,Enemy in this sector!,,jazz-units:items.lua:VoiceResponse
890000000009698,Пора начинать!,Time to begin!,,jazz-units:items.lua:VoiceResponse
890000000009699,У меня большие проблемы!,I'm in serious trouble!,,jazz-units:items.lua:VoiceResponse
890000000009700,"Ах, какой ужас.","Oh, how dreadful.",,jazz-units:items.lua:VoiceResponse
890000000009701,Нет патронов!,No ammo!,,jazz-units:items.lua:VoiceResponse
890000000009702,Заклинило!,Jammed!,,jazz-units:items.lua:VoiceResponse
890000000009703,Аргх!,Argh!,,jazz-units:items.lua:VoiceResponse
890000000009704,Аргх!,Argh!,,jazz-units:items.lua:VoiceResponse
890000000009705,Нужен врач...,I need a doctor...,,jazz-units:items.lua:VoiceResponse
890000000009706,Все это задание... Большая ошибка.,This entire mission... was a big mistake.,,jazz-units:items.lua:VoiceResponse
890000000009707,Я опять в строю.,I'm back in action.,,jazz-units:items.lua:VoiceResponse
890000000009708,"Сектор чист, как свежевыпавший снег.",The sector is as clean as fresh snow.,,jazz-units:items.lua:VoiceResponse
890000000009709,Противник здесь... где-то.,The enemy is here... somewhere.,,jazz-units:items.lua:VoiceResponse
890000000009710,Жду.,Waiting.,,jazz-units:items.lua:VoiceResponse
890000000009711,Жду.,Waiting.,,jazz-units:items.lua:VoiceResponse
890000000009712,Я что-то слышал.,I heard something.,,jazz-units:items.lua:VoiceResponse
890000000009713,Я что-то слышал.,I heard something.,,jazz-units:items.lua:VoiceResponse
890000000009714,Тут что-то есть!,There's something here!,,jazz-units:items.lua:VoiceResponse
890000000009715,Интересно...,Interesting...,,jazz-units:items.lua:VoiceResponse
890000000009716,Закрыто.,Locked.,,jazz-units:items.lua:VoiceResponse
890000000009717,Я должен отдохнуть.,I must rest.,,jazz-units:items.lua:VoiceResponse
890000000009718,Дайте отдышаться!,Let me catch my breath!,,jazz-units:items.lua:VoiceResponse
890000000009719,Хорошие здесь люди.,Good people here.,,jazz-units:items.lua:VoiceResponse
890000000009720,Я профессионал... Это плохой приказ.,I'm a professional... That's a bad order.,,jazz-units:items.lua:VoiceResponse
890000000009721,Готово.,Done.,,jazz-units:items.lua:VoiceResponse
890000000009722,Воздух!,Air!,,jazz-units:items.lua:VoiceResponse
890000000009723,Кто-то должен уйти.,Someone has to go.,,jazz-units:items.lua:VoiceResponse
890000000009724,Кто-то должен уйти.,Someone has to go.,,jazz-units:items.lua:VoiceResponse
890000000009725,Дайте отдышаться!,Let me catch my breath!,,jazz-units:items.lua:VoiceResponse
890000000009726,Дайте отдышаться!,Let me catch my breath!,,jazz-units:items.lua:VoiceResponse
890000000009727,Я что-то слышал.,I heard something.,,jazz-units:items.lua:VoiceResponse
890000000009728,Здесь слишком тихо.,It's too quiet here.,,jazz-units:items.lua:VoiceResponse
890000000009729,Мы еще не выполнили нашу миссию.,Our mission is not yet complete.,,jazz-units:items.lua:VoiceResponse
890000000009730,Мы еще не выполнили нашу миссию.,Our mission is not yet complete.,,jazz-units:items.lua:VoiceResponse
890000000009731,(кашляет),(coughs),,jazz-units:items.lua:VoiceResponse
890000000009732,Я был на волосок от гибели.,I was a hair's breadth from death.,,jazz-units:items.lua:VoiceResponse
890000000009733,Большая кошка.,Big cat.,,jazz-units:items.lua:VoiceResponse
890000000009734,Готово.,Done.,,jazz-units:items.lua:VoiceResponse
890000000009735,Это была ошибка.,That was a mistake.,,jazz-units:items.lua:VoiceResponse
890000000009736,"Надеюсь, ты это не всерьез?","You're not serious, I hope?",,jazz-units:items.lua:VoiceResponse
890000000009737,На связи.,Standing by.,,jazz-units:items.lua:VoiceResponse
890000000009738,На связи.,Standing by.,,jazz-units:items.lua:VoiceResponse
890000000009739,Тихо.,Quiet.,,jazz-units:items.lua:VoiceResponse
890000000009740,Тихо.,Quiet.,,jazz-units:items.lua:VoiceResponse
890000000009741,Тихо.,Quiet.,,jazz-units:items.lua:VoiceResponse
890000000009742,Есть.,On it.,,jazz-units:items.lua:VoiceResponse
890000000009743,Есть.,On it.,,jazz-units:items.lua:VoiceResponse
890000000009744,Есть.,On it.,,jazz-units:items.lua:VoiceResponse
890000000009745,Двигаюсь.,Moving.,,jazz-units:items.lua:VoiceResponse
890000000009746,Двигаюсь.,Moving.,,jazz-units:items.lua:VoiceResponse
890000000009747,Двигаюсь.,Moving.,,jazz-units:items.lua:VoiceResponse
890000000009748,Крадусь.,Sneaking.,,jazz-units:items.lua:VoiceResponse
890000000009749,Крадусь.,Sneaking.,,jazz-units:items.lua:VoiceResponse
890000000009750,Крадусь.,Sneaking.,,jazz-units:items.lua:VoiceResponse
890000000009751,Я тоже так считаю.,I think so too.,,jazz-units:items.lua:VoiceResponse
890000000009752,Я тоже так считаю.,I think so too.,,jazz-units:items.lua:VoiceResponse
890000000009753,Я тоже так считаю.,I think so too.,,jazz-units:items.lua:VoiceResponse
890000000009754,Ja-a!,Ja-a!,,jazz-units:items.lua:VoiceResponse
890000000009755,Шшш... Вы слышите?...,Shh... Do you hear that?...,,jazz-units:items.lua:VoiceResponse
890000000009756,Шшш... Вы слышите?...,Shh... Do you hear that?...,,jazz-units:items.lua:VoiceResponse
890000000009757,Это смешно - стрелять отсюда?!,Shooting from here? That's ridiculous!,,jazz-units:items.lua:VoiceResponse
890000000009758,Этого нельзя сделать.,That can't be done.,,jazz-units:items.lua:VoiceResponse
890000000009759,Эти уроды здесь - я их чувствую.,Those bastards are here—I can feel them.,,jazz-units:items.lua:VoiceResponse
890000000009760,Пора браться за дело.,Time to get down to business.,,jazz-units:items.lua:VoiceResponse
890000000009761,"Похоже, мы увязли в дерьме.",Looks like we're in deep shit.,,jazz-units:items.lua:VoiceResponse
890000000009762,"Не шевелится, крошка. Ха!","Not moving, baby. Ha!",,jazz-units:items.lua:VoiceResponse
890000000009763,Надо перезарядить оружие...,I need to reload...,,jazz-units:items.lua:VoiceResponse
890000000009764,Вот хренотень... Заклинило!,What the hell... Jammed!,,jazz-units:items.lua:VoiceResponse
890000000009765,Аргх!,Argh!,,jazz-units:items.lua:VoiceResponse
890000000009766,Аргх!,Argh!,,jazz-units:items.lua:VoiceResponse
890000000009767,Я ранен... Рана серьезная!,I'm wounded... badly!,,jazz-units:items.lua:VoiceResponse
890000000009768,"Все это дерьмо... В том, что мы делаем, нет никакого смысла.",All this shit... There's no point to what we're doing.,,jazz-units:items.lua:VoiceResponse
890000000009769,Я готов действовать!,I'm ready for action!,,jazz-units:items.lua:VoiceResponse
890000000009770,Мы все зачистили.,We've cleared everything.,,jazz-units:items.lua:VoiceResponse
890000000009771,Ахтунг!!! Враг здесь - перестреляем их всех!,Achtung!!! Enemy here—we'll shoot them all!,,jazz-units:items.lua:VoiceResponse
890000000009772,Жду.,Waiting.,,jazz-units:items.lua:VoiceResponse
890000000009773,Жду.,Waiting.,,jazz-units:items.lua:VoiceResponse
890000000009774,Шшш... Вы слышите?...,Shh... Do you hear that?...,,jazz-units:items.lua:VoiceResponse
890000000009775,Шшш... Вы слышите?...,Shh... Do you hear that?...,,jazz-units:items.lua:VoiceResponse
890000000009776,Что там?,What's there?,,jazz-units:items.lua:VoiceResponse
890000000009777,Там что-то лежит.,There's something lying there.,,jazz-units:items.lua:VoiceResponse
890000000009778,Закрыто.,Locked.,,jazz-units:items.lua:VoiceResponse
890000000009779,А сейчас я должен немного поспать.,Now I need to get some sleep.,,jazz-units:items.lua:VoiceResponse
890000000009780,"Давай, Рудольф... дыши!","Come on, Rudolf... breathe!",,jazz-units:items.lua:VoiceResponse
890000000009781,Здесь приятные люди... Только надо правильно к ним относиться. Это важно.,Nice people here... You just have to treat them the right way. That's important.,,jazz-units:items.lua:VoiceResponse
890000000009782,Я отказываюсь выполнять этот приказ..,I refuse to carry out that order.,,jazz-units:items.lua:VoiceResponse
890000000009783,Я готов!,I'm ready!,,jazz-units:items.lua:VoiceResponse
890000000009784,Атака с воздуха!,Air attack!,,jazz-units:items.lua:VoiceResponse
890000000009785,Ja-a!,Ja-a!,,jazz-units:items.lua:VoiceResponse
890000000009786,Ja-a!,Ja-a!,,jazz-units:items.lua:VoiceResponse
890000000009787,"Давай, Рудольф... дыши!","Come on, Rudolf... breathe!",,jazz-units:items.lua:VoiceResponse
890000000009788,"Давай, Рудольф... дыши!","Come on, Rudolf... breathe!",,jazz-units:items.lua:VoiceResponse
890000000009789,Шшш... Вы слышите?...,Shh... Do you hear that?...,,jazz-units:items.lua:VoiceResponse
890000000009790,Это затишье перед бурей...,This is the calm before the storm...,,jazz-units:items.lua:VoiceResponse
890000000009791,Не расслабляйтесь... Мы еще не отловили всех этих гадов.,Don't relax... We haven't caught all those bastards yet.,,jazz-units:items.lua:VoiceResponse
890000000009792,Не расслабляйтесь... Мы еще не отловили всех этих гадов.,Don't relax... We haven't caught all those bastards yet.,,jazz-units:items.lua:VoiceResponse
890000000009793,(кашляет),(coughs),,jazz-units:items.lua:VoiceResponse
890000000009794,Пронесло...,That was close...,,jazz-units:items.lua:VoiceResponse
890000000009795,Здоровая кошка!,That's one big cat!,,jazz-units:items.lua:VoiceResponse
890000000009796,Я готов!,I'm ready!,,jazz-units:items.lua:VoiceResponse
890000000009797,"Что я могу сказать? Я знал, что это дерьмовый план.",What can I say? I knew it was a shitty plan.,,jazz-units:items.lua:VoiceResponse
890000000009798,"Это же шутка, так? Не-е-ет... Ты серьезно... Ты действительно имеешь это в виду?!","This is a joke, right? Nooo... You're serious... You really mean it?!",,jazz-units:items.lua:VoiceResponse
890000000009799,На связи.,Standing by.,,jazz-units:items.lua:VoiceResponse
890000000009800,На связи.,Standing by.,,jazz-units:items.lua:VoiceResponse
890000000009801,Тихо.,Quiet.,,jazz-units:items.lua:VoiceResponse
890000000009802,Тихо.,Quiet.,,jazz-units:items.lua:VoiceResponse
890000000009803,Тихо.,Quiet.,,jazz-units:items.lua:VoiceResponse
890000000009804,Есть.,On it.,,jazz-units:items.lua:VoiceResponse
890000000009805,Есть.,On it.,,jazz-units:items.lua:VoiceResponse
890000000009806,Есть.,On it.,,jazz-units:items.lua:VoiceResponse
890000000009807,Двигаюсь.,Moving.,,jazz-units:items.lua:VoiceResponse
890000000009808,Двигаюсь.,Moving.,,jazz-units:items.lua:VoiceResponse
890000000009809,Двигаюсь.,Moving.,,jazz-units:items.lua:VoiceResponse
890000000009810,Крадусь.,Sneaking.,,jazz-units:items.lua:VoiceResponse
890000000009811,Крадусь.,Sneaking.,,jazz-units:items.lua:VoiceResponse
890000000009812,Крадусь.,Sneaking.,,jazz-units:items.lua:VoiceResponse
890000000009813,Я тоже так думаю!,I think so too!,,jazz-units:items.lua:VoiceResponse
890000000009814,Я тоже так думаю!,I think so too!,,jazz-units:items.lua:VoiceResponse
890000000009815,Я тоже так думаю!,I think so too!,,jazz-units:items.lua:VoiceResponse
890000000009816,Чпок! Ха...,Pop! Ha...,,jazz-units:items.lua:VoiceResponse
890000000009817,Что это было?,What was that?,,jazz-units:items.lua:VoiceResponse
890000000009818,Что это было?,What was that?,,jazz-units:items.lua:VoiceResponse
890000000009819,"Стрелять в эту цель? Ты что, серьезно?",Shoot at that target? Are you serious?,,jazz-units:items.lua:VoiceResponse
890000000009820,"Нет, это я сделать не могу.","No, I can't do that.",,jazz-units:items.lua:VoiceResponse
890000000009821,"Я чувствую, что вы здесь...",I can feel you here...,,jazz-units:items.lua:VoiceResponse
890000000009822,У руки так и чешутся спустить курок...,My trigger finger is itching...,,jazz-units:items.lua:VoiceResponse
890000000009823,Эй! Полегче... не все сразу!,Hey! Easy... not all at once!,,jazz-units:items.lua:VoiceResponse
890000000009824,Еще один трофей в мою коллекцию.,Another trophy for my collection.,,jazz-units:items.lua:VoiceResponse
890000000009825,"Ха, патроны кончились! Да кому они вообще нужны?","Ha, out of ammo! Who needs it anyway?",,jazz-units:items.lua:VoiceResponse
890000000009826,"Обожаю, когда эту штуку клинит!",I love it when this thing jams!,,jazz-units:items.lua:VoiceResponse
890000000009827,Аргх!,Argh!,,jazz-units:items.lua:VoiceResponse
890000000009828,Аргх!,Argh!,,jazz-units:items.lua:VoiceResponse
890000000009829,"Черт возьми, я ранен.","Damn it, I'm wounded.",,jazz-units:items.lua:VoiceResponse
890000000009830,"Если бы я не послушал тебя, Янно, то сейчас отлично проводил бы время в каком-нибудь кабаке...","If I hadn't listened to you, Jaano, I'd be having a great time in some bar right now...",,jazz-units:items.lua:VoiceResponse
890000000009831,Я вернулся!,I'm back!,,jazz-units:items.lua:VoiceResponse
890000000009832,Этот сектор чист.,This sector is clear.,,jazz-units:items.lua:VoiceResponse
890000000009833,Это вражеский сектор. Устроим им веселье?,This is enemy territory. Shall we show them a good time?,,jazz-units:items.lua:VoiceResponse
890000000009834,"Я однажды видел документальный фильм об Арулько, но теперь здесь все по-другому. Интересное место.","I once saw a documentary about Arulco, but everything is different now. Interesting place.",,jazz-units:items.lua:VoiceResponse
890000000009835,"Я однажды видел документальный фильм об Арулько, но теперь здесь все по-другому. Интересное место.","I once saw a documentary about Arulco, but everything is different now. Interesting place.",,jazz-units:items.lua:VoiceResponse
890000000009836,Что это было?,What was that?,,jazz-units:items.lua:VoiceResponse
890000000009837,Что это было?,What was that?,,jazz-units:items.lua:VoiceResponse
890000000009838,Там что-то лежит.,There's something lying there.,,jazz-units:items.lua:VoiceResponse
890000000009839,Здесь что-то есть.,There's something here.,,jazz-units:items.lua:VoiceResponse
890000000009840,Закрыто.,Locked.,,jazz-units:items.lua:VoiceResponse
890000000009841,Пора отдохнуть....,Time for a rest...,,jazz-units:items.lua:VoiceResponse
890000000009842,Дыши!,Breathe!,,jazz-units:items.lua:VoiceResponse
890000000009843,"Приятное место, приятный климат - неудивительно, что жители Сибири ведут себя совсем по-другому.","Nice place, nice climate—no wonder people from Siberia behave so differently.",,jazz-units:items.lua:VoiceResponse
890000000009844,Я не могу принять такой приказ.,I cannot follow that order.,,jazz-units:items.lua:VoiceResponse
890000000009845,Готов.,Ready.,,jazz-units:items.lua:VoiceResponse
890000000009846,Воздушная атака!,Air attack!,,jazz-units:items.lua:VoiceResponse
890000000009847,Чпок! Ха...,Pop! Ha...,,jazz-units:items.lua:VoiceResponse
890000000009848,Чпок! Ха...,Pop! Ha...,,jazz-units:items.lua:VoiceResponse
890000000009849,Дыши!,Breathe!,,jazz-units:items.lua:VoiceResponse
890000000009850,Дыши!,Breathe!,,jazz-units:items.lua:VoiceResponse
890000000009851,Что это было?,What was that?,,jazz-units:items.lua:VoiceResponse
890000000009852,Ты что-нибудь слышишь? И я нет. Подозрительно... Мне это не нравится.,Do you hear anything? Neither do I. Suspicious... I don't like it.,,jazz-units:items.lua:VoiceResponse
890000000009853,Вечеринка еще не закончена.,The party isn't over yet.,,jazz-units:items.lua:VoiceResponse
890000000009854,Вечеринка еще не закончена.,The party isn't over yet.,,jazz-units:items.lua:VoiceResponse
890000000009855,(кашляет),(coughs),,jazz-units:items.lua:VoiceResponse
890000000009856,Вот это да! Я почувствовал ветерок от этой пули...,Wow! I felt the breeze from that bullet...,,jazz-units:items.lua:VoiceResponse
890000000009857,Кошка-убийца!,Killer cat!,,jazz-units:items.lua:VoiceResponse
890000000009858,Готов.,Ready.,,jazz-units:items.lua:VoiceResponse
890000000009859,Я так и знал.,I knew it.,,jazz-units:items.lua:VoiceResponse
890000000009860,"От этого будет больше вреда, чем пользы.",This will do more harm than good.,,jazz-units:items.lua:VoiceResponse
890000000010214,На связи.,Standing by.,,jazz-units:items.lua:VoiceResponse
890000000010215,На связи.,Standing by.,,jazz-units:items.lua:VoiceResponse
890000000010216,Тихо.,Quiet.,,jazz-units:items.lua:VoiceResponse
890000000010217,Тихо.,Quiet.,,jazz-units:items.lua:VoiceResponse
890000000010218,Тихо.,Quiet.,,jazz-units:items.lua:VoiceResponse
890000000010219,Есть.,On it.,,jazz-units:items.lua:VoiceResponse
890000000010220,Есть.,On it.,,jazz-units:items.lua:VoiceResponse
890000000010221,Есть.,On it.,,jazz-units:items.lua:VoiceResponse
890000000010222,Двигаюсь.,Moving.,,jazz-units:items.lua:VoiceResponse
890000000010223,Двигаюсь.,Moving.,,jazz-units:items.lua:VoiceResponse
890000000010224,Двигаюсь.,Moving.,,jazz-units:items.lua:VoiceResponse
890000000010225,Крадусь.,Sneaking.,,jazz-units:items.lua:VoiceResponse
890000000010226,Крадусь.,Sneaking.,,jazz-units:items.lua:VoiceResponse
890000000010227,Крадусь.,Sneaking.,,jazz-units:items.lua:VoiceResponse
890000000010228,С вами.,With you.,,jazz-units:items.lua:VoiceResponse
890000000010229,С вами.,With you.,,jazz-units:items.lua:VoiceResponse
890000000010230,С вами.,With you.,,jazz-units:items.lua:VoiceResponse
890000000010231,Есть цель!,Target spotted!,,jazz-units:items.lua:VoiceResponse
890000000010232,Тихо сниму.,I'll take them out quietly.,,jazz-units:items.lua:VoiceResponse
890000000010233,Тихо сниму.,I'll take them out quietly.,,jazz-units:items.lua:VoiceResponse
890000000010234,Сложный выстрел.,Tough shot.,,jazz-units:items.lua:VoiceResponse
890000000010235,Плохой угол.,Bad angle.,,jazz-units:items.lua:VoiceResponse
890000000010236,Вижу их!,I see them!,,jazz-units:items.lua:VoiceResponse
890000000010237,Вижу их!,I see them!,,jazz-units:items.lua:VoiceResponse
890000000010238,Их много!,There's a lot of them!,,jazz-units:items.lua:VoiceResponse
890000000010239,Готов.,Ready.,,jazz-units:items.lua:VoiceResponse
890000000010240,Патроны кончились.,Out of ammo.,,jazz-units:items.lua:VoiceResponse
890000000010241,Клин!,Jammed!,,jazz-units:items.lua:VoiceResponse
890000000010242,Аргх!,Argh!,,jazz-units:items.lua:VoiceResponse
890000000010243,Аргх!,Argh!,,jazz-units:items.lua:VoiceResponse
890000000010244,Ранен!,Wounded!,,jazz-units:items.lua:VoiceResponse
890000000010245,Плохо…,This is bad...,,jazz-units:items.lua:VoiceResponse
890000000010246,К бою!,Prepare for battle!,,jazz-units:items.lua:VoiceResponse
890000000010247,Чисто.,Clean.,,jazz-units:items.lua:VoiceResponse
890000000010248,Ещё остались.,There are more left.,,jazz-units:items.lua:VoiceResponse
890000000010249,Жду.,Waiting.,,jazz-units:items.lua:VoiceResponse
890000000010250,Жду.,Waiting.,,jazz-units:items.lua:VoiceResponse
890000000010251,Прячусь.,I'm hiding.,,jazz-units:items.lua:VoiceResponse
890000000010252,Прячусь.,I'm hiding.,,jazz-units:items.lua:VoiceResponse
890000000010253,Интересно…,Interesting...,,jazz-units:items.lua:VoiceResponse
890000000010254,Интересно…,Interesting...,,jazz-units:items.lua:VoiceResponse
890000000010255,Закрыто.,Locked.,,jazz-units:items.lua:VoiceResponse
890000000010256,Устал…,Tired...,,jazz-units:items.lua:VoiceResponse
890000000010257,(пыхтит),(huffing),,jazz-units:items.lua:VoiceResponse
890000000010258,Спасибо.,Thanks.,,jazz-units:items.lua:VoiceResponse
890000000010259,Не сейчас.,There be plenty of time later for that.,,jazz-units:items.lua:VoiceResponse
890000000010260,Готово.,Done.,,jazz-units:items.lua:VoiceResponse
890000000010261,В укрытие!,Take cover!,,jazz-units:items.lua:VoiceResponse
890000000010262,Граната!,Grenade!,,jazz-units:items.lua:VoiceResponse
890000000010263,Очередь!,Burst!,,jazz-units:items.lua:VoiceResponse
890000000010264,(лезет),(climbing),,jazz-units:items.lua:VoiceResponse
890000000010265,(прыжок),(jump),,jazz-units:items.lua:VoiceResponse
890000000010266,Что?!,What?!,,jazz-units:items.lua:VoiceResponse
890000000010267,Опасно!,Dangerous!,,jazz-units:items.lua:VoiceResponse
890000000010268,Держу сектор.,Holding this sector.,,jazz-units:items.lua:VoiceResponse
890000000010269,Наготове.,Ready.,,jazz-units:items.lua:VoiceResponse
890000000010270,(кашляет),(coughs),,jazz-units:items.lua:VoiceResponse
890000000010271,Почти…,Almost...,,jazz-units:items.lua:VoiceResponse
890000000010272,Зверь!,Beast!,,jazz-units:items.lua:VoiceResponse
890000000010273,Есть идея.,I've got an idea.,,jazz-units:items.lua:VoiceResponse
890000000010274,Сделано.,Done.,,jazz-units:items.lua:VoiceResponse
890000000010275,Не вышло.,Didn't work.,,jazz-units:items.lua:VoiceResponse
890000000010276,Только не это.,Not this.,,jazz-units:items.lua:VoiceResponse
890000000012501,Гарнизон побережья,Coastal garrison,,jazz-units:items.lua
890000000012502,Гарнизон старого порта,Old port garrison,,jazz-units:items.lua
890000000012503,Дорожный гарнизон,Road garrison,,jazz-units:items.lua
890000000012504,Лесной гарнизон,Forest garrison,,jazz-units:items.lua
890000000012505,Гарнизон бункера,Bunker garrison,,jazz-units:items.lua
890000000012506,Крупный аванпост,Major outpost,,jazz-units:items.lua
890000000012507,Гарнизон маяка,Lighthouse garrison,,jazz-units:items.lua
890000000012510,Усиление: пулемётчики,Reinforcement: gunners,,jazz-units:items.lua
890000000012511,Усиление: стрелки,Reinforcement: riflemen,,jazz-units:items.lua
890000000012512,Усиление: гранатомётчики,Reinforcement: grenadiers,,jazz-units:items.lua
890000000012513,Усиление: ветераны,Reinforcement: veterans,,jazz-units:items.lua
890000000012514,Усиление: ближний бой,Reinforcement: melee,,jazz-units:items.lua
890000000012515,Усиление: фланкеры,Reinforcement: flankers,,jazz-units:items.lua
890000000012516,Усиление: смешанное,Reinforcement: mixed,,jazz-units:items.lua
890000000012601,Штурмовики Легиона,Legion Attack Squad,,jazz-units:items.lua
890000000010900,Практика: <xp> / <need>,Practice: <xp> / <need>,,jazz-units:Code/StatGainRework.lua
890000000010901,"<help>

<practice>","<help>

<practice>",,jazz-units:Code/StatGainRework.lua
