sep=,
ID,Text,Translation,VoiceActor,Context
313477221859,Балумба Курукуку,,,ModItemUnitDataCompositeDef ThugBoss_Balumba Name
806300520980,Enforcer,,,ModItemUnitDataCompositeDef ThugEnforcer Name
169299033239,Tough Enforcer,,,ModItemUnitDataCompositeDef ThugEnforcer_Stronger Name
123943777379,Badass Enforcer,,,ModItemUnitDataCompositeDef ThugEnforcer_Stronger_Elite Name
856730692631,Badass Slasher,,,ModItemUnitDataCompositeDef ThugCutter_Stronger_Elite Name
876691514477,Tough Slasher,,,ModItemUnitDataCompositeDef ThugCutter_Stronger Name
944663926313,Slasher,,,ModItemUnitDataCompositeDef ThugCutter Name
927223711798,Советник,,,ModItemUnitDataCompositeDef ThugBoss_Stronger_Elite Name
317025941794,Командир,,,ModItemUnitDataCompositeDef ThugBoss_Stronger Name
641400217995,Командир,,,ModItemUnitDataCompositeDef ThugBoss Name
812831809650,Костоправ,,,ModItemUnitDataCompositeDef ThugGoon Name
765470374054,Штурмовик,,,ModItemUnitDataCompositeDef ThugGoon_Stronger Name
515735951720,Палач,,,ModItemUnitDataCompositeDef ThugGoon_Stronger_Elite Name
947641553708,Гренадёр,,,ModItemUnitDataCompositeDef ThugGrenadier Name
654442681700,Грабитель,,,ModItemUnitDataCompositeDef ThugGrenadier_Stronger Name
931285992937,Наемник Пулеметчик,,,ModItemUnitDataCompositeDef ThugGrenadier_Stronger_Elite Name
747716825453,Пуляло,,,ModItemUnitDataCompositeDef ThugGunner Name
548780115142,Коммандо,,,ModItemUnitDataCompositeDef ThugGunner_Stronger Name
347920605650,Гранатомётчик,,,ModItemUnitDataCompositeDef ThugGunner_Stronger_Elite Name
669687407644,Стрелок,,,ModItemUnitDataCompositeDef ThugSniper Name
376372530640,Снайпер,,,ModItemUnitDataCompositeDef ThugSniper_Stronger Name
290103631560,Рейнджер,,,ModItemUnitDataCompositeDef ThugSniper_Stronger_Elite Name
217901684853,Головорез,,,ModItemUnitDataCompositeDef JAZZ_Legion_AssaultT1_Roughneck Name
188332474737,Громила,,,ModItemUnitDataCompositeDef JAZZ_Legion_AssaultT1_Crusher Name
392427068113,Гренадёр,,,ModItemUnitDataCompositeDef JAZZ_Legion_AssaultT1_Grenadier Name
278695304484,Грабитель,,,ModItemUnitDataCompositeDef JAZZ_Legion_AssaultT2_Pillager Name
546032242947,Пироман,,,ModItemUnitDataCompositeDef JAZZ_Legion_AssaultT2_Pyro Name
176382444921,Штурмовик,,,ModItemUnitDataCompositeDef JAZZ_Legion_AssaultT2_ShockTrooper Name
243489839730,Череполом,,,ModItemUnitDataCompositeDef JAZZ_Legion_AssaultT3_SkullCrusher Name
437565517773,Каратель,,,ModItemUnitDataCompositeDef JAZZ_Legion_AssaultT3_Punisher Name
243489839730,Палач,,,ModItemUnitDataCompositeDef JAZZ_Legion_AssaultT4_Headsman Name
521007046314,Мародёр,,,ModItemUnitDataCompositeDef JAZZ_Legion_FrontT1_Marauder Name
239462113851,Стрелок,,,ModItemUnitDataCompositeDef JAZZ_Legion_FrontT1_Rifleman Name
397958642127,Костоправ,,,ModItemUnitDataCompositeDef JAZZ_Legion_FrontT1_Bonemaker Name
113948731495,Налётчик,,,ModItemUnitDataCompositeDef JAZZ_Legion_FrontT2_Raider Name
477554350185,Охотник,,,ModItemUnitDataCompositeDef JAZZ_Legion_FrontT2_Marksman Name
254157828912,Засадник,,,ModItemUnitDataCompositeDef JAZZ_Legion_FrontT2_Ambusher Name
918921277026,Ветеран,,,ModItemUnitDataCompositeDef JAZZ_Legion_FrontT3_Veteran Name
839107049203,Снайпер,,,ModItemUnitDataCompositeDef JAZZ_Legion_FrontT3_Sniper Name
918921277026,Наемник,,,ModItemUnitDataCompositeDef JAZZ_Legion_FrontT4_Mercenary Name
839107049203,Наемник снайпер,,,ModItemUnitDataCompositeDef JAZZ_Legion_FrontT4_MercenarySniper Name
620648651508,Дозорный,,,ModItemUnitDataCompositeDef JAZZ_Legion_FlankerT1_Warden Name
465277985554,Скаут,,,ModItemUnitDataCompositeDef JAZZ_Legion_FlankerT2_Scout Name
268314076234,Застрельщик,,,ModItemUnitDataCompositeDef JAZZ_Legion_FlankerT2_Skirmisher Name
973520781420,Разведчик,,,ModItemUnitDataCompositeDef JAZZ_Legion_FlankerT3_Recon Name
621106396948,Следопыт,,,ModItemUnitDataCompositeDef JAZZ_Legion_FlankerT3_Pathfinder Name
621106396948,Рейнджер,,,ModItemUnitDataCompositeDef JAZZ_Legion_FlankerT4_Ranger Name
663837406922,Пуляло,,,ModItemUnitDataCompositeDef JAZZ_Legion_GunnerT1_Gunner Name
602782802811,Пулемётчик,,,ModItemUnitDataCompositeDef JAZZ_Legion_GunnerT2_GMPG Name
431404906000,Коммандо,,,ModItemUnitDataCompositeDef JAZZ_Legion_GunnerT2_AssaultGunner Name
431404906000,Подавитель,,,ModItemUnitDataCompositeDef JAZZ_Legion_GunnerT3_VeteranGunner Name
431404906000,Наемник Пулеметчик,,,ModItemUnitDataCompositeDef JAZZ_Legion_GunnerT4_MercGunner Name
375592592463,Бригадир,,,ModItemUnitDataCompositeDef JAZZ_Legion_LeaderT1_Sergeant Name
786423367133,Командир,,,ModItemUnitDataCompositeDef JAZZ_Legion_LeaderT2_Lieutenant Name
641054948744,Советник,,,ModItemUnitDataCompositeDef JAZZ_Legion_LeaderT3_Captain Name
325500638329,Мастер,,,ModItemUnitDataCompositeDef JAZZ_Legion_LeaderT4_MercenaryCaptain Name
100080397822,Ракетчик,,,ModItemUnitDataCompositeDef JAZZ_Legion_HeavyT1_Rocketeer Name
164455308660,Гранатомётчик,,,ModItemUnitDataCompositeDef JAZZ_Legion_HeavyT2_Grenadier Name
339004978895,Миномётчик,,,ModItemUnitDataCompositeDef JAZZ_Legion_HeavyT3_Mortarman Name
372158959580,Телохранитель Пьера,,,ModItemUnitDataCompositeDef PierreGuard_Ordnance Name
325500638329,Босс,,,ModItemUnitDataCompositeDef ErnyVillage_Boss Name
769842154933,Телохранитель Пьера,,,ModItemUnitDataCompositeDef PierreGuard Name
896543881214,Сержант Разведчик,,,ModItemUnitDataCompositeDef ArmyCommando_Sergant Name
709132175659,Разведчик Сапер,,,ModItemUnitDataCompositeDef ArmyCommando_Demolution Name
709745548820,Разведчик Снайпер,,,ModItemUnitDataCompositeDef ArmyCommando_Sniper Name
587748488427,Диверсант,,,ModItemUnitDataCompositeDef ArmyCommando_Scout Name
168246114515,Штурмовик,,,ModItemUnitDataCompositeDef ArmyStormer Name
176781877425,Пехотинец,,,ModItemUnitDataCompositeDef ArmySoldier Name
993675719844,Элитный снайпер,,,ModItemUnitDataCompositeDef ArmySniper_Elite Name
244652104551,Снайпер,,,ModItemUnitDataCompositeDef ArmySniper Name
744568836971,Разведчик,,,ModItemUnitDataCompositeDef ArmyScout Name
921731331119,Гранатомётчик,,,ModItemUnitDataCompositeDef ArmyRPG Name
455354865085,Миномётчик,,,ModItemUnitDataCompositeDef ArmyMortar Name
630612071217,Санитар,,,ModItemUnitDataCompositeDef ArmyMedic Name
326116154029,Санитар Диверсант,,,ModItemUnitDataCompositeDef ArmyMedic_Elite Name
521261906810,Пулемётчик,,,ModItemUnitDataCompositeDef ArmyHeavy Name
379425092321,Элитный сапер,,,ModItemUnitDataCompositeDef ArmyDemo_Elite Name
193438542903,Сапёр,,,ModItemUnitDataCompositeDef ArmyDemo Name
288720109427,Старший Лейтенант,,,ModItemUnitDataCompositeDef ArmyCommander_Elite Name
332601359978,Лейтенант,,,ModItemUnitDataCompositeDef ArmyCommanderFemale Name
625064533501,Капитан,,,ModItemUnitDataCompositeDef ArmyCommander Name
649839486980,Лейтенант,,,ModItemUnitDataCompositeDef ArmyLeitenant Name
221620701735,Сержант,,,ModItemUnitDataCompositeDef ArmySergant Name
573011421504,Охранник,,,ModItemUnitDataCompositeDef CorazonGuard Name
717331783376,Капитан Альварез,,,ModItemUnitDataCompositeDef Adonis_CaptainAlvarez_Immortal Name
508029880368,Элитный штурмовик,,,ModItemUnitDataCompositeDef AdonisStormer_Elite Name
602956738625,Штурмовик,,,ModItemUnitDataCompositeDef AdonisStormer Name
521607646039,Элитный Тяжелый Штурмовик,,,ModItemUnitDataCompositeDef AdonisAssault_Elite Name
472771202525,Тяжелый Штурмовик,,,ModItemUnitDataCompositeDef AdonisAssault Name
137396517830,Элитный командир,,,ModItemUnitDataCompositeDef AdonisSquadLeader_Elite Name
717331783376,Командир,,,ModItemUnitDataCompositeDef AdonisSquadLeader Name
516378752870,Командир,,,ModItemUnitDataCompositeDef AdonisSquadLeader_Heavy Name
756841694440,Капрал,,,ModItemUnitDataCompositeDef AdonisSquadLeader_Corporal Name
475206078375,Сержант,,,ModItemUnitDataCompositeDef AdonisSquadLeader_Sergant Name
699493638756,Элитный тактический снайпер,,,ModItemUnitDataCompositeDef AdonisSniper_Elite Name
572327347455,Тактический снайпер,,,ModItemUnitDataCompositeDef AdonisSniper Name
502877891049,Эксперт-взрывотехник,,,ModItemUnitDataCompositeDef AdonisMortar Name
781673427808,Санитар,,,ModItemUnitDataCompositeDef AdonisMedic Name
595437803097,Пулеметчик,,,ModItemUnitDataCompositeDef AdonisHeavy Name
240327953184,Пулеметчик,,,ModItemUnitDataCompositeDef AdonisDedicatedGunner_Elite Name
836704980538,Элитный коммандос,,,ModItemUnitDataCompositeDef AdonisFlanker_Elite Name
221376860813,Коммандос,,,ModItemUnitDataCompositeDef AdonisFlanker Name
199825051946,Мастер-взрывотехник,,,ModItemUnitDataCompositeDef AdonisDemolitions_Elite Name
869728810732,Эксперт-взрывотехник,,,ModItemUnitDataCompositeDef AdonisDemolitions Name
770093869034,Стрелок,,,ModItemUnitDataCompositeDef AdonisSoldier Name
843953750983,Элитный стрелок,,,ModItemUnitDataCompositeDef AdonisSoldier_Elite Name
416911739915,Чемуренга,,,ModItemUnitDataCompositeDef Chimurenga Name
313818019736,Анна ла Митраёз,,,ModItemUnitDataCompositeDef AnneLeMitrailleur Name
641054948744,Контимир Бурда,,,ModItemUnitDataCompositeDef RebelSergeant_Immortal_M1 Name
818118807560,Лулумба Гуталин,,,ModItemUnitDataCompositeDef RebelSergeant_Immortal_L1 Name
325500638329,Призрак,,,ModItemUnitDataCompositeDef Rebel_NPC_Ghost Name
621106396948,Повстанец-Рейнджер,,,ModItemUnitDataCompositeDef Rebel_NPC_Ghost_Guards Name
641054948744,Командир отряда,,,ModItemUnitDataCompositeDef RebelSergant Name
641054948744,Командир отряда,,,ModItemUnitDataCompositeDef RebelSergeant Name
641054948744,Командир отряда,,,ModItemUnitDataCompositeDef RebelSergant_Immortal Name
641054948744,Командир отряда,,,ModItemUnitDataCompositeDef RebelSergeant_Immortal Name
973520781420,Диверсант,,,ModItemUnitDataCompositeDef RebelFlanker Name
176382444921,Диверсант_Подрывник,,,ModItemUnitDataCompositeDef RebelGrenadier Name
431404906000,Засадный пулеметчик,,,ModItemUnitDataCompositeDef RebelGunner Name
477554350185,Патрульный,,,ModItemUnitDataCompositeDef RebelSentry Name
839107049203,Снайпер,,,ModItemUnitDataCompositeDef RebelSniper Name
839107049203,Снайпер,,,ModItemUnitDataCompositeDef RebelSniper_female Name
918921277026,Повстанец,,,ModItemUnitDataCompositeDef RebelSoldier Name
164455308660,Гранатомётчик,,,ModItemUnitDataCompositeDef RebelRPG Name
339004978895,Миномётчик,,,ModItemUnitDataCompositeDef RebelHeavy_Mortar Name
164455308660,Гранатомётчик,,,ModItemUnitDataCompositeDef RebelRPG_Immortal Name
339004978895,Миномётчик,,,ModItemUnitDataCompositeDef RebelHeavy_Mortar_Immortal Name
273335796421,Ополченец,,,ModItemEnemyRole Default Militia DisplayName
369423334960,Новичок,,,ModItemUnitDataCompositeDef MilitiaRookie Name
789759429990,Опытный,,,ModItemUnitDataCompositeDef MilitiaVeteran Name
521013473391,Элита,,,ModItemUnitDataCompositeDef MilitiaElite Name
623794979175,Осадный отряд,,,ModItemEnemySquads JAZZ_Legion_VillaAttackers_L4 displayName
623794979175,Осадный отряд,,,ModItemEnemySquads JAZZ_Legion_VillaAttackers_L3 displayName
623794979175,Осадный отряд,,,ModItemEnemySquads JAZZ_Legion_VillaAttackers_L5 displayName
623794979175,Осадный отряд,,,ModItemEnemySquads JAZZ_Legion_VillaAttackers_K5 displayName
623794979175,Осадный отряд,,,ModItemEnemySquads JAZZ_Legion_VillaAttackers_K3 displayName
614304015048,Охранение лагеря,,,ModItemEnemySquads JAZZ_Legion_SentrySquad_AroundVilla displayName
463858834011,Штурмовики Легиона,,,ModItemEnemySquads LegionAttackers_Balanced_Easy_Assault displayName
746426158957,Отряд Легиона,,,ModItemEnemySquads LegionHeavyTroops displayName
978320603185,Legion Attack Squad,,,ModItemEnemySquads LegionAttackers_Marksmen_Easy displayName
201132567256,Legion Squad,,,ModItemEnemySquads LegionDefenders_Mobile_Easy displayName
465176557843,Штурмовики Легиона,,,ModItemEnemySquads LegionAttackers_JazzBalanced_Easy_Assault displayName
629563996275,Heavy Legion Outpost Defenders,,,ModItemEnemySquads LegionExtraDefenders_Marksmen_Hard displayName
442187410309,Тяжелый Отряд Легиона,,,ModItemEnemySquads LegionHeavyTroops_Gunners displayName
954364632652,Гарнизон Легиона,,,ModItemEnemySquads FortressDefenders displayName
323511335269,Гарнизон Ло Блё,,,ModItemEnemySquads FortressDefenders_NoMaps displayName
676216529798,Штурмовики Легиона,,,ModItemEnemySquads LegionDefenders_Shooters_Easy displayName
114586522565,Штурмовики Легиона,,,ModItemEnemySquads LegionDefenders_Shooters_Easy_Ernie displayName
701157196231,Армейский Спецназ,,,ModItemEnemySquads ArmySpecOps displayName
391984240592,Армейский Спецназ,,,ModItemEnemySquads ArmySpecOps_alt displayName
178720739297,Гранатометное усиление,,,ModItemEnemySquads ArmyIfantry_Support displayName
307810354279,Усиление Пулеметчиков,,,ModItemEnemySquads ArmyIfantry_Support_MG displayName
960739752933,Усиление Пулеметчиков,,,ModItemEnemySquads ArmyIfantry_Support_Sniper displayName
788428589380,Усиление Пулеметчиков,,,ModItemEnemySquads ArmyIfantry_Support_Shooter displayName
879717894619,Армейский взвод,,,ModItemEnemySquads ArmyAttackers_Balanced_Hard displayName
530213193898,Армейский взвод,,,ModItemEnemySquads ArmyAttackers_Balanced_Alt displayName
369037458150,Автоматический огонь,,,ModItemAIArchetype TheMajor NotificationText
915847985105,Автоматический огонь,,,ModItemAIArchetype TheMajor NotificationText
373468043087,Автоматический огонь,,,ModItemAIArchetype Berserk NotificationText
719729545787,Автоматический огонь,,,ModItemAIArchetype Turret NotificationText
102086394463,Автоматический огонь,,,ModItemAIArchetype Grenadier NotificationText
730263043731,Full Auto,,,ModItemAIArchetype Soldier_old NotificationText
496511088531,Доктор Ливси,,,ModItemUnitDataCompositeDef Doctor_Leevsy Name
291907236404,Берриман Сил,,,ModItemUnitDataCompositeDef Merc_BarrySeal Name
817805811528,Пилот,,,ModItemUnitDataCompositeDef Merc_BarrySeal Nick
567246704413,ПИЛОТ,,,ModItemUnitDataCompositeDef Merc_BarrySeal AllCapsNick
316915090294,"Бывший военный, который волей судьбы стал контрабандистом, участвовал в уничтожении режима Кастро на кубе, не подпускайте его близко к Фиделю. На данный момент Барри контрабандист, который вёз нас для выполнения контракта, всех его друзей убили при высадке, да и он сам чуть не погиб, теперь он присоединился к A.I.M.",,,ModItemUnitDataCompositeDef Merc_BarrySeal Bio
967900698879,"Барриман ""Пилот"" Сил",,,ModItemUnitDataCompositeDef Merc_BarrySeal Title
844599512838,Barry_Smugler@yandex.com,,,ModItemUnitDataCompositeDef Merc_BarrySeal Email
638265936693,Пилот,,,ModItemUnitDataCompositeDef Merc_BarrySeal snype_nick
617254997265,Приказывай Босс,,Merc_BarrySeal,ModItemVoiceResponse Merc_BarrySeal Selection VoiceResponse Selection - when selected or autoselected 
707700625892,"Если мы не найдём транспорт, я начну смотреть на деревья как на посадочные площадки",,Merc_BarrySeal,ModItemVoiceResponse Merc_BarrySeal Selection VoiceResponse Selection - when selected or autoselected 
135932071649,План с воздуха выглядит проще. С земли - как лотерея с пулями,,Merc_BarrySeal,ModItemVoiceResponse Merc_BarrySeal Selection VoiceResponse Selection - when selected or autoselected 
900043784462,Тишина - мой старый друг. В небе она бывает только в кабине... когда двигатель выключен,,Merc_BarrySeal,ModItemVoiceResponse Merc_BarrySeal SelectionStealth VoiceResponse SelectionStealth - when selected or autoselected 
514280209635,"Если не шуметь - можно услышать, как другие сами себя выдают",,Merc_BarrySeal,ModItemVoiceResponse Merc_BarrySeal SelectionStealth VoiceResponse SelectionStealth - when selected or autoselected 
349823059626,"Пехота топает, как стадо. Я хожу, как пилот на чужой базе",,Merc_BarrySeal,ModItemVoiceResponse Merc_BarrySeal SelectionStealth VoiceResponse SelectionStealth - when selected or autoselected 
194060943538,Тише... Здесь эхо - худший предатель,,Merc_BarrySeal,ModItemVoiceResponse Merc_BarrySeal SelectionStealth VoiceResponse SelectionStealth - when selected or autoselected 
993170256470,Я бы спрятался там. Ветер в лицо - запах не унесёт,,Merc_BarrySeal,ModItemVoiceResponse Merc_BarrySeal OverwatchSelection VoiceResponse OverwatchSelection - Selected when under Overwatch. 
654136216360,Я держу этот участок. Если что-то шевельнётся - узнаю первым,,Merc_BarrySeal,ModItemVoiceResponse Merc_BarrySeal OverwatchSelection VoiceResponse OverwatchSelection - Selected when under Overwatch. 
218806644175,Они идут... Как стадо в узком коридоре. Легко будет срезать,,Merc_BarrySeal,ModItemVoiceResponse Merc_BarrySeal OverwatchSelection VoiceResponse OverwatchSelection - Selected when under Overwatch. 
126202971861,"Граната? Я видел и похуже. Например, когда бак пробило на взлёте",,Merc_BarrySeal,ModItemVoiceResponse Merc_BarrySeal ThreatSelection VoiceResponse ThreatSelection - Selected when under Pinned Down or in the area of an incoming explosion. 
381661751402,После такого грохота даже мёртвые встанут... или разлетятся,,Merc_BarrySeal,ModItemVoiceResponse Merc_BarrySeal ThreatSelection VoiceResponse ThreatSelection - Selected when under Pinned Down or in the area of an incoming explosion. 
323249741812,"Ещё один такой „фейерверк"" - и нам придётся копать окопы глубже",,Merc_BarrySeal,ModItemVoiceResponse Merc_BarrySeal ThreatSelection VoiceResponse ThreatSelection - Selected when under Pinned Down or in the area of an incoming explosion. 
555123787114,Животные... В этих джунглях даже звери хотят нас убить,,Merc_BarrySeal,ModItemVoiceResponse Merc_BarrySeal AnimalFound VoiceResponse AnimalFound - Enemy animal spotted. 
754182147566,"Смотри-ка, местные жители. И они явно не рады гостям",,Merc_BarrySeal,ModItemVoiceResponse Merc_BarrySeal AnimalFound VoiceResponse AnimalFound - Enemy animal spotted. 
638419002772,"Звери - это ещё полбеды. Хуже, когда они ведут за собой охотников",,Merc_BarrySeal,ModItemVoiceResponse Merc_BarrySeal AnimalFound VoiceResponse AnimalFound - Enemy animal spotted. 
788485574959,Эти твари всегда ходят стаей. Если одна тут - скоро будет десяток,,Merc_BarrySeal,ModItemVoiceResponse Merc_BarrySeal AnimalFound VoiceResponse AnimalFound - Enemy animal spotted. 
736336478739,Вот это выстрел! Зверь и опомниться не успел,,Merc_BarrySeal,ModItemVoiceResponse Merc_BarrySeal OpponentKilledAnimal VoiceResponse OpponentKilledAnimal - When animal is killed 
141916904054,"Ты его уложил, как профессионал. В небе я так же точно выхожу на цель",,Merc_BarrySeal,ModItemVoiceResponse Merc_BarrySeal OpponentKilledAnimal VoiceResponse OpponentKilledAnimal - When animal is killed 
741379309876,"Если бы все звери так легко сдавались, джунгли стали бы курортом",,Merc_BarrySeal,ModItemVoiceResponse Merc_BarrySeal OpponentKilledAnimal VoiceResponse OpponentKilledAnimal - When animal is killed 
425385674976,"Чисто. Ни звука, ни следа. Как в лучших домах",,Merc_BarrySeal,ModItemVoiceResponse Merc_BarrySeal OpponentKilledStealth VoiceResponse OpponentKilledStealth - Played when a Stealth kill happens. Voice should be shushed (except Steroid) 
752524055707,"Без шума, без пыли. Вот это работа",,Merc_BarrySeal,ModItemVoiceResponse Merc_BarrySeal OpponentKilledStealth VoiceResponse OpponentKilledStealth - Played when a Stealth kill happens. Voice should be shushed (except Steroid) 
143658772175,Тишина - лучший свидетель. Ты это знаешь,,Merc_BarrySeal,ModItemVoiceResponse Merc_BarrySeal OpponentKilledStealth VoiceResponse OpponentKilledStealth - Played when a Stealth kill happens. Voice should be shushed (except Steroid) 
253932060437,Руди Робертс «Рысь»,,,ModItemUnitDataCompositeDef Jazz_Lynx Name
590235542352,Рысь,,,ModItemUnitDataCompositeDef Jazz_Lynx Nick
962640753793,РЫСЬ,,,ModItemUnitDataCompositeDef Jazz_Lynx AllCapsNick
789208109513,"""У всех проблем одно начало - сидела женщина, скучала"". Жизнь Руди Робертса до его работы в Организации была лишена каких-то потрясений и шла как по накатанной. Охота на исчезающие виды животных, немногочисленные заказы на исчезновение людей - рутина. Ну, на ""Длинную милю"" раз в год съездит, но и там уже почти не осталось вызовов. И так было, пока после задания на Метавире, он не закрутил роман с новобранцем организации Луизой Гарно. (Презрев древнее правило - не ешь, там где гадишь). Сюрпризом оказалось наличие у Луизы маниакально-депрессивного расстройства личности в тяжелой форме, так-то, требующего принудительного лечения в соответствующем учреждении. А лечения Луиза избегала благодаря связям своего влиятельного папаши-генерала. Да и будем честны, кто в здравом уме сможет принудить Тоску к чему то, чего она сама не хочет? Так что теперь жизнь Рыси полна развлечений, в первую очередь связанных с поиском уголка Земли, в котором Тоска не сможет до него добраться.",,,ModItemUnitDataCompositeDef Jazz_Lynx Bio
741570005839,Известен не за красивые глаза,,,ModItemUnitDataCompositeDef Jazz_Lynx Title
815740499368,Lynx@aim.com,,,ModItemUnitDataCompositeDef Jazz_Lynx Email
494150854420,Iseeyou,,,ModItemUnitDataCompositeDef Jazz_Lynx snype_nick
815923858149,"Слушай, я люблю рисковать - в разумных пределах. Подписать контракт с тобой это все равно, что подписать себе смертный приговор.",,Jazz_Lynx,ModItemUnitDataCompositeDef Jazz_Lynx Text MercChatRefusal Lines ChatMessage 
178898076800,"Извини, эту неделю я занят в Обществе содействия пожарным. Знаешь, обычно я могу сам планировать свое расписание, но только если предупредить меня заблаговременно, угу?",,Jazz_Lynx,ModItemUnitDataCompositeDef Jazz_Lynx Text MercChatRefusal Lines ChatMessage 
283654937572,"Э-э-э... Знаешь, мы ведь как договаривались - деньги на бочку, правда? Что-то я их здесь не вижу!",,Jazz_Lynx,ModItemUnitDataCompositeDef Jazz_Lynx Text MercChatRefusal Lines ChatMessage 
754225917996,"Нет, не пойдет. Мне такое ни к чему - ни уму, ни сердцу, ясно? Извини.",,Jazz_Lynx,ModItemUnitDataCompositeDef Jazz_Lynx Text MercChatRefusal Lines ChatMessage 
461382179970,"Я скоро возвращаюсь домой - просто, чтобы ты об этом знал. ",,Jazz_Lynx,ModItemUnitDataCompositeDef Jazz_Lynx Text MercChatRefusal Lines ChatMessage 
893692526058,"Нет. Работать с Тоской я не буду. Стоит отвернуться, и она всадит тебе нож в спину. Уж можешь мне поверить. От нее ничего, кроме неприятностей. Только и знает, что поливать меня грязью.",,Jazz_Lynx,ModItemUnitDataCompositeDef Jazz_Lynx Text MercChatRefusal Lines ChatMessage 
840672720529,"Мне придется слегка поднять расценки. Я стал опытнее, понимаешь? Все равно это могло бы стоить и больше - просто не хочу тебя пугать.",,Jazz_Lynx,ModItemUnitDataCompositeDef Jazz_Lynx Text MercChatHaggle Lines ChatMessage 
654982270798,"Ну что ж, это никак не назовешь ""идеальными условиями"", но, раз это дает шанс работать с Айсом - я иду с вами.",,Jazz_Lynx,ModItemUnitDataCompositeDef Jazz_Lynx Text MercChatMitigation Lines ChatMessage 
624911492248,"Я бы предложил тебе присмотреться к Айсу Вильямсу. Он - парень, что надо.",,Jazz_Lynx,ModItemUnitDataCompositeDef Jazz_Lynx Text MercChatBranch Lines ChatMessage 
624356366496,"Это Руди Робертс. Меня прозвали Рысь. Раз Вы позвонили - возможно, вы обо мне слышали. В любом случае, просто оставьте сообщение, и я с вами свяжусь.",,Jazz_Lynx,ModItemUnitDataCompositeDef Jazz_Lynx Text Offline ChatMessage 
165148802231,Рысь! Что случилось?,,Jazz_Lynx,ModItemUnitDataCompositeDef Jazz_Lynx Text GreetingAndOffer ChatMessage 
879205649936,"Слушай, я ведь от времени моложе не делаюсь!",,Jazz_Lynx,ModItemUnitDataCompositeDef Jazz_Lynx Text ConversationRestart ChatMessage 
644672895006,"Я не люблю обращаться за рекомендациями, но послушай - спроси обо мне любого из наших. Я очень надежен!",,Jazz_Lynx,ModItemUnitDataCompositeDef Jazz_Lynx Text IdleLine ChatMessage 
698749684781,"Окей, я в твоем распоряжении.",,Jazz_Lynx,ModItemUnitDataCompositeDef Jazz_Lynx Text PartingWords ChatMessage 
326903240461,"Слушай, это было замечательно, но мой контракт кончается. Ты собираешься его продлевать? Я буду пока свободен.",,Jazz_Lynx,ModItemUnitDataCompositeDef Jazz_Lynx Text RehireIntro ChatMessage 
801109641915,"Окей, я пока остаюсь.",,Jazz_Lynx,ModItemUnitDataCompositeDef Jazz_Lynx Text RehireOutro ChatMessage 
853213611494,Рысь! ,,Jazz_Lynx,ModItemVoiceResponse Jazz_Lynx Selection VoiceResponse Selection - when selected or autoselected 
420195938142,Что случилось?,,Jazz_Lynx,ModItemVoiceResponse Jazz_Lynx Selection VoiceResponse Selection - when selected or autoselected 
568327904111,"Да, готов!",,Jazz_Lynx,ModItemVoiceResponse Jazz_Lynx Selection VoiceResponse Selection - when selected or autoselected 
749937406773,Ну че?,,Jazz_Lynx,ModItemVoiceResponse Jazz_Lynx SelectionStealth VoiceResponse SelectionStealth - when selected or autoselected 
452684503772,Кхм.,,Jazz_Lynx,ModItemVoiceResponse Jazz_Lynx SelectionStealth VoiceResponse SelectionStealth - when selected or autoselected 
701454824479,Гммммм...,,Jazz_Lynx,ModItemVoiceResponse Jazz_Lynx SelectionStealth VoiceResponse SelectionStealth - when selected or autoselected 
927098390925,Тут явно нечисто - аж двинуться страшно.,,Jazz_Lynx,ModItemVoiceResponse Jazz_Lynx OverwatchSelection VoiceResponse OverwatchSelection - Selected when under Overwatch. 
124003637664,Слышал странный звук.,,Jazz_Lynx,ModItemVoiceResponse Jazz_Lynx ThreatSelection VoiceResponse ThreatSelection - Selected when under Pinned Down or in the area of an incoming explosion. 
752385006330,"Может, я и выберусь отсюда живым. Может, выиграю эту лотерею. Думаю, шансы примерно одинаковые.",,Jazz_Lynx,ModItemVoiceResponse Jazz_Lynx HeavilyWoundedSelection VoiceResponse HeavilyWoundedSelection - Selected or autoselected with less than 20% health 
248179878606,Гм. Что-то мне здесь не нравится...,,Jazz_Lynx,ModItemVoiceResponse Jazz_Lynx MineNearbySelection VoiceResponse MineNearbySelection - Selected when there is a trap nearby 
282291513363,кашляет,,Jazz_Lynx,ModItemVoiceResponse Jazz_Lynx GasAreaSelection VoiceResponse GasAreaSelection - Unit receiving gas effect or starting round in one. 
189026777382,Немного везения мне бы сейчас никак не помешало!,,Jazz_Lynx,ModItemVoiceResponse Jazz_Lynx ManyEnemiesSelection VoiceResponse ManyEnemiesSelection - Selected when the unit sees 5+ units in line of fire 
295850287322,кряхтит,,Jazz_Lynx,"ModItemVoiceResponse Jazz_Lynx Climbing VoiceResponse Climbing - Emote. When unit is climbing over fences, on cliffs, etc. "
575987062755,кряхтит,,Jazz_Lynx,"ModItemVoiceResponse Jazz_Lynx Climbing VoiceResponse Climbing - Emote. When unit is climbing over fences, on cliffs, etc. "
805237805844,дышит,,Jazz_Lynx,ModItemVoiceResponse Jazz_Lynx HeavyBreathing VoiceResponse HeavyBreathing - During physical exertion 
728684721778,дышит,,Jazz_Lynx,ModItemVoiceResponse Jazz_Lynx HeavyBreathing VoiceResponse HeavyBreathing - During physical exertion 
102139743828,пыхтит,,Jazz_Lynx,ModItemVoiceResponse Jazz_Lynx Jumping VoiceResponse Jumping - When jumping over small obstacles (e.g. puddles) 
490217033288,пыхтит,,Jazz_Lynx,ModItemVoiceResponse Jazz_Lynx Jumping VoiceResponse Jumping - When jumping over small obstacles (e.g. puddles) 
254321093188,а,,Jazz_Lynx,ModItemVoiceResponse Jazz_Lynx Startled VoiceResponse Startled - Startled by hearing a sudden noise 
688594235320,чо,,Jazz_Lynx,ModItemVoiceResponse Jazz_Lynx Startled VoiceResponse Startled - Startled by hearing a sudden noise 
756408203900,Отлично.,,Jazz_Lynx,ModItemVoiceResponse Jazz_Lynx CombatMovement VoiceResponse CombatMovement - When ordering movement in combat. Up to one full sentence or two short ones. 
263680299412,Понял!,,Jazz_Lynx,ModItemVoiceResponse Jazz_Lynx CombatMovement VoiceResponse CombatMovement - When ordering movement in combat. Up to one full sentence or two short ones. 
749881565515,Хорошо!,,Jazz_Lynx,ModItemVoiceResponse Jazz_Lynx CombatMovement VoiceResponse CombatMovement - When ordering movement in combat. Up to one full sentence or two short ones. 
606905761121,Понял.,,Jazz_Lynx,ModItemVoiceResponse Jazz_Lynx CombatMovementStealth VoiceResponse CombatMovementStealth - When ordering movement while sneaking. Voice should be shushed (except Steroid) 
604674102021,Готов.,,Jazz_Lynx,ModItemVoiceResponse Jazz_Lynx CombatMovementStealth VoiceResponse CombatMovementStealth - When ordering movement while sneaking. Voice should be shushed (except Steroid) 
298710814297,Ууууу!,,Jazz_Lynx,ModItemVoiceResponse Jazz_Lynx CombatMovementStealth VoiceResponse CombatMovementStealth - When ordering movement while sneaking. Voice should be shushed (except Steroid) 
628646186230,"Есть, начальник! ",,Jazz_Lynx,ModItemVoiceResponse Jazz_Lynx GroupOrder VoiceResponse GroupOrder - When movement ordered in follow mode or multi selected with other mercs. 
791079197040,Что-нибудь еще? ,,Jazz_Lynx,ModItemVoiceResponse Jazz_Lynx GroupOrder VoiceResponse GroupOrder - When movement ordered in follow mode or multi selected with other mercs. 
416802619051,"Делаю то, что должен.",,Jazz_Lynx,ModItemVoiceResponse Jazz_Lynx GroupOrder VoiceResponse GroupOrder - When movement ordered in follow mode or multi selected with other mercs. 
633924799191,Окей,,Jazz_Lynx,ModItemVoiceResponse Jazz_Lynx Order VoiceResponse Order - When movement ordered (out of combat) Should be very short (3-5 words) 
152608247986,Понял!,,Jazz_Lynx,ModItemVoiceResponse Jazz_Lynx Order VoiceResponse Order - When movement ordered (out of combat) Should be very short (3-5 words) 
473692128296,Хорошо!,,Jazz_Lynx,ModItemVoiceResponse Jazz_Lynx Order VoiceResponse Order - When movement ordered (out of combat) Should be very short (3-5 words) 
889908965912,"Делай, как считаешь нужным.",,Jazz_Lynx,ModItemVoiceResponse Jazz_Lynx Order VoiceResponse Order - When movement ordered (out of combat) Should be very short (3-5 words) 
638847714296,Пойдет.,,Jazz_Lynx,ModItemVoiceResponse Jazz_Lynx Order VoiceResponse Order - When movement ordered (out of combat) Should be very short (3-5 words) 
503068485640,Немного везения мне бы сейчас никак не помешало!,,Jazz_Lynx,ModItemVoiceResponse Jazz_Lynx AimAttack VoiceResponse AimAttack - When aiming and there is a decent chance of hitting 
566163170053,"Окей, время прогуляться по долине смерти.",,Jazz_Lynx,ModItemVoiceResponse Jazz_Lynx AimAttack VoiceResponse AimAttack - When aiming and there is a decent chance of hitting 
492856048683,"Делаю то, что должен.",,Jazz_Lynx,ModItemVoiceResponse Jazz_Lynx AimAttack VoiceResponse AimAttack - When aiming and there is a decent chance of hitting 
522049693201,Это слишком трудно - даже для меня.,,Jazz_Lynx,ModItemVoiceResponse Jazz_Lynx AimAttack_Low VoiceResponse AimAttack_Low - When aiming and the CtH is less than 20% 
618740402029,"Правда, мне интересно, как это получится.",,Jazz_Lynx,ModItemVoiceResponse Jazz_Lynx AimAttack_Low VoiceResponse AimAttack_Low - When aiming and the CtH is less than 20% 
665932192541,Я лучше подожду немного. Не хочу торопиться.,,Jazz_Lynx,ModItemVoiceResponse Jazz_Lynx AimAttack_Low VoiceResponse AimAttack_Low - When aiming and the CtH is less than 20% 
334448173804,"Может, мне повезет.",,Jazz_Lynx,ModItemVoiceResponse Jazz_Lynx AimAttackStealth VoiceResponse AimAttackStealth - When aiming and there is a decent chance of hitting. Used while Sneaking - voice should be shushed (except Steroid) 
768700996283,"Окей, время прогуляться по долине смерти.",,Jazz_Lynx,ModItemVoiceResponse Jazz_Lynx AimAttackStealth VoiceResponse AimAttackStealth - When aiming and there is a decent chance of hitting. Used while Sneaking - voice should be shushed (except Steroid) 
514698550653,"Нет, сейчас не получится.",,Jazz_Lynx,ModItemVoiceResponse Jazz_Lynx AimAttack_LowStealth VoiceResponse AimAttack_LowStealth - When aiming and there is very low chance of hitting. Used while Sneaking - voice should be shushed (except Steroid) 
566547246038,"Окей, время прогуляться по долине смерти.",,Jazz_Lynx,ModItemVoiceResponse Jazz_Lynx CombatStartPlayer VoiceResponse CombatStartPlayer - When player initiates combat with shot. 
982625829884,Немного везения мне бы сейчас никак не помешало!,,Jazz_Lynx,ModItemVoiceResponse Jazz_Lynx CombatStartDetected VoiceResponse CombatStartDetected - When enemy detects a merc who was hiding. 
479861700346,Получи! Мы их всех прикончили!,,Jazz_Lynx,ModItemVoiceResponse Jazz_Lynx CombatEndNoEnemies VoiceResponse CombatEndNoEnemies - All enemies have been killed. 
452526429322,"Если бы они только шевельнулись, чтоб я их заметил, я бы их тут же прикончил.",,Jazz_Lynx,ModItemVoiceResponse Jazz_Lynx CombatEndEnemiesRemain VoiceResponse CombatEndEnemiesRemain - There are no more aware enemies but there are still enemies in the sector. 
975126744269,"Похоже, они отступили. Мудрое решение, должен сказать.",,Jazz_Lynx,ModItemVoiceResponse Jazz_Lynx CombatEndEnemiesRetreated VoiceResponse CombatEndEnemiesRetreated - All enemies have retreated 
569056152986,Ой!,,Jazz_Lynx,ModItemVoiceResponse Jazz_Lynx Pain VoiceResponse Pain - Hit by an attack (if surrounded SurroundedPain is played instead). Short. These are emotes - disregard the written text. 
320684423775,Ай!,,Jazz_Lynx,ModItemVoiceResponse Jazz_Lynx Pain VoiceResponse Pain - Hit by an attack (if surrounded SurroundedPain is played instead). Short. These are emotes - disregard the written text. 
863009450991,Оооооой,,Jazz_Lynx,ModItemVoiceResponse Jazz_Lynx Pain VoiceResponse Pain - Hit by an attack (if surrounded SurroundedPain is played instead). Short. These are emotes - disregard the written text. 
109699413644,"И что такой парень, как я, может делать в таком месте? Да это ж бред собачий!",,Jazz_Lynx,ModItemVoiceResponse Jazz_Lynx SurroundedPain VoiceResponse SurroundedPain - hit by an attack when surrounded. Situation should be very dire 
959677631902,Мерзкая пробоина - так и хлещет! Придется зашивать.,,Jazz_Lynx,"ModItemVoiceResponse Jazz_Lynx Wounded VoiceResponse Wounded - Unit is Wounded. (When the Wounded VR is played, the Pain VR should be suppressed.) Add a pain noise at the begining "
379480096045,"Вот дерьмо! Я ослеп, как летучая мышь.",,Jazz_Lynx,"ModItemVoiceResponse Jazz_Lynx Wounded VoiceResponse Wounded - Unit is Wounded. (When the Wounded VR is played, the Pain VR should be suppressed.) Add a pain noise at the begining "
935033359195,Отсюда надо выбираться! ,,Jazz_Lynx,ModItemVoiceResponse Jazz_Lynx SeriouslyWounded VoiceResponse SeriouslyWounded - Unit is seriously wounded (3 or more wounds). Add a pain noise at the begining. 
596939489153,"Я еще жив... ох, боюсь сглазить!",,Jazz_Lynx,ModItemVoiceResponse Jazz_Lynx Downed VoiceResponse Downed - When entering Downed state. Voice should be as if losing consciousness 
199449552302,Опять они!,,Jazz_Lynx,ModItemVoiceResponse Jazz_Lynx OpponentFound VoiceResponse OpponentFound - Enemy spotted. 
859250526123,"Стычка, считай, обеспечена. ",,Jazz_Lynx,ModItemVoiceResponse Jazz_Lynx OpponentFound VoiceResponse OpponentFound - Enemy spotted. 
780475734638,"Ох, будь оно неладно! ",,Jazz_Lynx,ModItemVoiceResponse Jazz_Lynx OpponentFound VoiceResponse OpponentFound - Enemy spotted. 
899558582657,Тут не соскучишься! ,,Jazz_Lynx,ModItemVoiceResponse Jazz_Lynx OpponentFound VoiceResponse OpponentFound - Enemy spotted. 
675951925750,Рискуем нарваться!,,Jazz_Lynx,ModItemVoiceResponse Jazz_Lynx OpponentFound VoiceResponse OpponentFound - Enemy spotted. 
756727231524,Что за черт? И сколько у нас шансов завалить такого?,,Jazz_Lynx,ModItemVoiceResponse Jazz_Lynx AnimalFound VoiceResponse AnimalFound - Enemy animal spotted. 
851001397582,Дьявол!,,Jazz_Lynx,ModItemVoiceResponse Jazz_Lynx AnimalFound VoiceResponse AnimalFound - Enemy animal spotted. 
686283466520,Потрясно!,,Jazz_Lynx,ModItemVoiceResponse Jazz_Lynx OpponentKilled VoiceResponse OpponentKilled - When opponent killed (unless OponentKilledCrit or OponentKilled multi isplayed) 
403326197899,Ха-ха!,,Jazz_Lynx,ModItemVoiceResponse Jazz_Lynx OpponentKilled VoiceResponse OpponentKilled - When opponent killed (unless OponentKilledCrit or OponentKilled multi isplayed) 
519366026133,"Ух, хорошо! Лучше не бывает.",,Jazz_Lynx,ModItemVoiceResponse Jazz_Lynx OpponentKilled VoiceResponse OpponentKilled - When opponent killed (unless OponentKilledCrit or OponentKilled multi isplayed) 
990786773044,Обезврежен!,,Jazz_Lynx,ModItemVoiceResponse Jazz_Lynx OpponentKilled VoiceResponse OpponentKilled - When opponent killed (unless OponentKilledCrit or OponentKilled multi isplayed) 
997417029186,Да я еще даже не вспотел!..,,Jazz_Lynx,ModItemVoiceResponse Jazz_Lynx OpponentKilled VoiceResponse OpponentKilled - When opponent killed (unless OponentKilledCrit or OponentKilled multi isplayed) 
925794218194,Так динозавры и вымерли. Ха-ХА!,,Jazz_Lynx,ModItemVoiceResponse Jazz_Lynx OpponentKilledAnimal VoiceResponse OpponentKilledAnimal - When animal is killed 
231003169314,Сегодня тебе повезло.,,Jazz_Lynx,ModItemVoiceResponse Jazz_Lynx OpponentKilledStealth VoiceResponse OpponentKilledStealth - Played when a Stealth kill happens. Voice should be shushed (except Steroid) 
749239410975,"Не человек, а куча мусора.",,Jazz_Lynx,ModItemVoiceResponse Jazz_Lynx OpponentKilledHeadshot VoiceResponse OpponentKilledHeadshot - Opponent killed with a headshot 
320066226203,"Ух, хорошо! Лучше не бывает.",,Jazz_Lynx,ModItemVoiceResponse Jazz_Lynx MultiOpponentKilled VoiceResponse MultiOpponentKilled - When 2+ enemies are killed with the same attack 
570532255961,Меня прозвали Рысью не за красивые глаза.,,Jazz_Lynx,ModItemVoiceResponse Jazz_Lynx MultiOpponentKilled VoiceResponse MultiOpponentKilled - When 2+ enemies are killed with the same attack 
994375099702,Получи!,,Jazz_Lynx,ModItemVoiceResponse Jazz_Lynx OpponentKilledMelee VoiceResponse OpponentKilledMelee - Played when killing a unit with melee weapon 
834546728463,Потрясно!,,Jazz_Lynx,ModItemVoiceResponse Jazz_Lynx HealReceived VoiceResponse HealReceived - Bandaged by a merc or Metvirion used in Inventory 
472871840069,"Ух, хорошо! Лучше не бывает.",,Jazz_Lynx,ModItemVoiceResponse Jazz_Lynx MissedByKillShot VoiceResponse MissedByKillShot - When character missed a by a shot that would've killed him/her. Shot must have had 50%+ CtH. 
269791276611,"Я раньше любил острить на такие темы, но, черт возьми, слишком много моих друзей погибло так же. Мне больше не смешно.",,Jazz_Lynx,ModItemVoiceResponse Jazz_Lynx DeathGeneral VoiceResponse DeathGeneral - Played when a character that is neither liked or disliked dies 
367942400770,"Проклятье, Айс! Ты им понравишься там, на небесах... или куда там еще ты отправился. Не теряй веры, друг. И мы попробуем не терять ее здесь.",,Jazz_Lynx,ModItemVoiceResponse Jazz_Lynx DeathBuddy1 VoiceResponse DeathBuddy1 - Played on the death of Ice. 
620020470489,Лучше не бывает! Не часто можно получить такое удовлетворение от нашей работы. ,,Jazz_Lynx,ModItemVoiceResponse Jazz_Lynx DeathDislike1 VoiceResponse DeathDislike1 - Played on the death of Jazz_Buzz. 
397718810214,"Я знаю, что так думать немодно, но я думаю, что дело женщин - ходить босиком и вынашивать детей. Подождите немного, люди к этому еще вернутся!",,Jazz_Lynx,ModItemVoiceResponse Jazz_Lynx PraisesFemale VoiceResponse PraisesFemale - Played when a female merc makes a kill (20% chance) 
169899515205,"Это - работа. Так к ней и относитесь. А то тут есть бездельники, которые полагают, что за приключениями пришли.",,Jazz_Lynx,ModItemVoiceResponse Jazz_Lynx PraisesMale VoiceResponse PraisesMale - Played when a male merc makes a kill (20% chance) 
221166180370,"Видали? Айс знает, что почем!",,Jazz_Lynx,ModItemVoiceResponse Jazz_Lynx PraisesBuddy1 VoiceResponse PraisesBuddy1 - Played on a successful kill by Ice. 
348853551401,"Мне плевать, что так говорить некорректно, но Тоска - просто шлюха... врунья, подстилка, злобная сука... и это не я так говорю, это - объективная истина!",,Jazz_Lynx,ModItemVoiceResponse Jazz_Lynx PraisesDislike1 VoiceResponse PraisesDislike1 - Played on a successful kill by Jazz_Buzz. 
717512767911,"Хорошо, что я на твоей стороне.",,Jazz_Lynx,ModItemVoiceResponse Jazz_Lynx MockGeneral VoiceResponse MockGeneral - 20% chance to play when another merc misses a high chance shot 
248609393738,"Хорошо, что я на твоей стороне.",,Jazz_Lynx,ModItemVoiceResponse Jazz_Lynx MockLike1 VoiceResponse MockLike1 - Played on a high chance miss by Ice. 
789999079436,"Мне плевать, что так говорить некорректно, но Тоска - просто шлюха... врунья, подстилка, злобная сука... и это не я так говорю, это - объективная истина!",,Jazz_Lynx,ModItemVoiceResponse Jazz_Lynx MockDislike1 VoiceResponse MockDislike1 - Played on a high chance miss by Jazz_Buzz. 
418043366071,"Некоторые просто не понимают, как надо разговаривать с людьми, когда у них в руках оружие!..",,Jazz_Lynx,ModItemVoiceResponse Jazz_Lynx FriendlyFireGeneral VoiceResponse FriendlyFireGeneral - Played on friendly fire by the unit hit if the hitting unit is neither Liked or Disliked 
582199010085,"Проклятье, Айс!",,Jazz_Lynx,ModItemVoiceResponse Jazz_Lynx FriendlyFireBuddy1 VoiceResponse FriendlyFireBuddy1 - Played on friendly fire by the unit hit if the hitting unit is Liked - Ice. 
155611659517,"Послушай. Я не знал, что ты собираешься влючать Тоску в команду. Тут через минуту духа моего бы не было, если бы я так не заботился о своей репутации. Мой тебе совет: держи ее от меня подальше!",,Jazz_Lynx,ModItemVoiceResponse Jazz_Lynx FriendlyFireDislike1 VoiceResponse FriendlyFireDislike1 - Played on friendly fire by the unit hit if the hitting unit is Disiked - Jazz_Buzz. 
835414162205,Это мне самоуважения никак не прибавит. Проехали.,,Jazz_Lynx,ModItemVoiceResponse Jazz_Lynx KillFriendlyFireGeneral VoiceResponse KillFriendlyFireGeneral - Played when a unit kills an ally with friendly fire and the dying unit is neither Liked nor Disliked 
456729335516,"Черт, как мне не хотелось делать!",,Jazz_Lynx,ModItemVoiceResponse Jazz_Lynx KillFriendlyFireBuddy1 VoiceResponse KillFriendlyFireBuddy1 - Played when a unit kills an ally with friendly fire and the dying unit is Liked - Ice. 
172629795100,"Я стараюсь не допускать эмоций, когда убиваю, но... если честно... Это было просто здорово!",,Jazz_Lynx,ModItemVoiceResponse Jazz_Lynx KillFriendlyFireDislike1 VoiceResponse KillFriendlyFireDislike1 - Played when a unit kills an ally with friendly fire and the dying unit is Disliked - Jazz_Buzz. 
410271431075,Надо перезарядить. ,,Jazz_Lynx,ModItemVoiceResponse Jazz_Lynx AmmoLow VoiceResponse AmmoLow - Played when there is less than 25% of clip size or a full reload cannot be made 
403959952241,Надо перезарядить. ,,Jazz_Lynx,ModItemVoiceResponse Jazz_Lynx NoAmmo VoiceResponse NoAmmo - No more ammo in the gun and no more bullets. 
550719634985,"Винтовку заело - не пойму, с чего!",,Jazz_Lynx,ModItemVoiceResponse Jazz_Lynx WeaponJammed VoiceResponse WeaponJammed - When weapon has jammed 
336680243662,С этим куском дерьма что-то не так.,,Jazz_Lynx,ModItemVoiceResponse Jazz_Lynx WeaponBroken VoiceResponse WeaponBroken - When the player's weapon breaks 
174966595975,Зачем мне все это барахло? Дайте мне трубочку для плевания и фанерку - загораживаться! Куда полезнее будет.,,Jazz_Lynx,ModItemVoiceResponse Jazz_Lynx ItemDeteriorates VoiceResponse ItemDeteriorates - Played when a piece of equipment deteriotes to the point when it is in the Needs Repair condition 
674868295918,Зачем мне все это барахло? Дайте мне трубочку для плевания и фанерку - загораживаться! Куда полезнее будет.,,Jazz_Lynx,ModItemVoiceResponse Jazz_Lynx ItemInPoorConditionEquipped VoiceResponse ItemInPoorConditionEquipped - Played in Inventory when player equips weapon/armor that is in Poor Condition 
165681713241,"Извини, я тут играю в Большого Брата. Просто делаю то, что должен, понимаешь?",,Jazz_Lynx,ModItemVoiceResponse Jazz_Lynx TacticalCareful VoiceResponse TacticalCareful - The other team is making gains during the battle (inflicted 2+ wounds during their turn) 
928050957973,Я под этим тоже подпишусь.,,Jazz_Lynx,ModItemVoiceResponse Jazz_Lynx TacticalKilling VoiceResponse TacticalKilling - The team is winning the battle  (2+ units have been downed/killed) 
641193627757,"Ну, я немного удивлен, но.. это ведь твоя война! Делай, как считаешь нужным.",,Jazz_Lynx,ModItemVoiceResponse Jazz_Lynx TacticalLoss VoiceResponse TacticalLoss - The team is losing the battle (2+ units have been downed/killed) 
859699876869,"Стычка, считай, обеспечена. Осталось только их обнаружить.",,Jazz_Lynx,ModItemVoiceResponse Jazz_Lynx TacticalReposition VoiceResponse TacticalReposition - The team has not started shooting but is repositioning during the battle 
655003570544,Дьявол!,,Jazz_Lynx,ModItemVoiceResponse Jazz_Lynx TacticalRevenge VoiceResponse TacticalRevenge - A unit from the team has been downed/killed 
574365442620,"Ого, да от такой вони может и протащить! Никому не чиркать спичками!",,Jazz_Lynx,ModItemVoiceResponse Jazz_Lynx TacticalTaunt VoiceResponse TacticalTaunt - The team has visible enemies from the other team and is shouting things at them 
861725900793,Кхм. ,,Jazz_Lynx,ModItemVoiceResponse Jazz_Lynx BecomeHidden VoiceResponse BecomeHidden - Played when entering Sneak mode. Voice should be shushed (except Steroid) 
942359520376,Гммммм...,,Jazz_Lynx,ModItemVoiceResponse Jazz_Lynx BecomeHidden VoiceResponse BecomeHidden - Played when entering Sneak mode. Voice should be shushed (except Steroid) 
294854928125,Я готов.,,Jazz_Lynx,ModItemVoiceResponse Jazz_Lynx Overwatch VoiceResponse Overwatch - When setting overwatch 
493164139843,Отсюда надо выбираться! ,,Jazz_Lynx,ModItemVoiceResponse Jazz_Lynx TakeCover VoiceResponse TakeCover - Played when the Take Cover action is used 
751404184505,Ха-ха!,,Jazz_Lynx,ModItemVoiceResponse Jazz_Lynx ThrowGrenade VoiceResponse ThrowGrenade - When throwing grenade. Voiced line starts before the explosion. 
637242710997,"Окей, время прогуляться по долине смерти.",,Jazz_Lynx,ModItemVoiceResponse Jazz_Lynx PinDown VoiceResponse PinDown - When pinning down (sniper rifles only) 
410411022674,Назад! Здесь что-то не так!,,Jazz_Lynx,ModItemVoiceResponse Jazz_Lynx MineFound VoiceResponse MineFound - A mine (or other explosive trap) was found nearby 
395851346053,Это было просто необходимо. ,,Jazz_Lynx,ModItemVoiceResponse Jazz_Lynx BandageDownedUnit VoiceResponse BandageDownedUnit - When a downed unit is bandaged. Played by the unit that does the bandaging 
700625945946,Потрясно!,,Jazz_Lynx,ModItemVoiceResponse Jazz_Lynx MineDisarmed VoiceResponse MineDisarmed - Mine disarmed 
656349721144,"Ух, хорошо! Лучше не бывает.",,Jazz_Lynx,ModItemVoiceResponse Jazz_Lynx Autofire VoiceResponse Autofire - When using machine gun autofire attacks. Voice is played during the attack and gunfire sounds. 
120260566033,Кхм. Я сказал...,,Jazz_Lynx,ModItemVoiceResponse Jazz_Lynx NotNow VoiceResponse NotNow - When interacting with a NPC while in combat 
366862204632,Немного везения мне бы сейчас никак не помешало!,,Jazz_Lynx,ModItemVoiceResponse Jazz_Lynx Outnumbered VoiceResponse Outnumbered - Unit sees more enemies than allies 
511604236324,"А ты ведь не верил, что получится, а? ",,Jazz_Lynx,ModItemVoiceResponse Jazz_Lynx LowChanceShot VoiceResponse LowChanceShot - Successful attack when the CtH is less than 20% 
976384972004,Это мне самоуважения никак не прибавит. Проехали.,,Jazz_Lynx,ModItemVoiceResponse Jazz_Lynx MissHighChance VoiceResponse MissHighChance - When a shot with 90%+ CtH was missed 
699018947084,"Ох, будь оно неладно!",,Jazz_Lynx,ModItemVoiceResponse Jazz_Lynx MeleeEnemiesClosing VoiceResponse MeleeEnemiesClosing - When enemy in melee range. Needs further clarification!!! 
162767570479,"Есть, начальник! Правда, мне интересно, как это получится.",,Jazz_Lynx,ModItemVoiceResponse Jazz_Lynx CombatTaskGiven VoiceResponse CombatTaskGiven - When the merc sets the player a new Combat Task 
700215474496,"А ты ведь не верил, что получится, а? ",,Jazz_Lynx,ModItemVoiceResponse Jazz_Lynx CombatTaskCompleted VoiceResponse CombatTaskCompleted - When the Combat Task issued by the merc is completed 
722019872331,Это мне самоуважения никак не прибавит. Проехали.,,Jazz_Lynx,ModItemVoiceResponse Jazz_Lynx CombatTaskFailed VoiceResponse CombatTaskFailed - When the Combat Task issued by the merc is failed 
993980648953,Учиться никогда не поздно!,,Jazz_Lynx,ModItemVoiceResponse Jazz_Lynx LevelUp VoiceResponse LevelUp - Leveled up or a magazine is read. Only one played if multiple character level up. 
278833303066,Это еще что?,,Jazz_Lynx,"ModItemVoiceResponse Jazz_Lynx LootFound VoiceResponse LootFound - A loot container is nearby (e.g. dead body, crate,...) 10s cooldown "
749824327464,Тут что-то есть.,,Jazz_Lynx,"ModItemVoiceResponse Jazz_Lynx LootFound VoiceResponse LootFound - A loot container is nearby (e.g. dead body, crate,...) 10s cooldown "
345107645162,Зачем мне все это барахло?,,Jazz_Lynx,"ModItemVoiceResponse Jazz_Lynx InteractableFound VoiceResponse InteractableFound - A custom interactable (quest related etc), herbs or salvage material found. "
930691489381,"Взял, у меня",,Jazz_Lynx,ModItemVoiceResponse Jazz_Lynx LootOpened VoiceResponse LootOpened - Loot container opened. Supressed by ValuableItemFound 
119369941249,"Гммммм... Разве здесь все, что мы заказывали? ",,Jazz_Lynx,ModItemVoiceResponse Jazz_Lynx ValuableItemFound VoiceResponse ValuableItemFound - Loot container opened with a valuable item inside 
552827378950,Закрыто!,,Jazz_Lynx,ModItemVoiceResponse Jazz_Lynx DoorLocked VoiceResponse DoorLocked - When a attempting to open locked door 
467605323713,Эээй... подожди. Запыхался.,,Jazz_Lynx,ModItemVoiceResponse Jazz_Lynx Tired VoiceResponse Tired - when the merc becomes tired 
426231816634,Я сейчас просто рухну. Немного отдохнуть - и я опять буду в полном порядке.,,Jazz_Lynx,ModItemVoiceResponse Jazz_Lynx Exhausted VoiceResponse Exhausted - when the merc becomes Exhausted 
644740807099,"Окей, насчет этой работы договорились.",,Jazz_Lynx,ModItemVoiceResponse Jazz_Lynx ActivityStarted VoiceResponse ActivityStarted - When an activity is started. Played by the firs merc associated with the task 
911767416640,Что-нибудь еще? ,,Jazz_Lynx,ModItemVoiceResponse Jazz_Lynx ActivityFinished VoiceResponse ActivityFinished - SatView activity finished 
805863336928,Отлично. Я здесь.,,Jazz_Lynx,ModItemVoiceResponse Jazz_Lynx SectorArrived VoiceResponse SectorArrived - SatView - new sector reached. Played by random merc in squad. 
326617220439,Я лучше подожду немного. Не хочу торопиться.,,Jazz_Lynx,ModItemVoiceResponse Jazz_Lynx Travelling VoiceResponse Travelling - When a squad is travelling and enters new sector that is not the final destination of the travel. Played by the squad leader 
389265857987,Тут что-то есть.,,Jazz_Lynx,ModItemVoiceResponse Jazz_Lynx InterestingSector VoiceResponse InterestingSector - Reached a sector that is marked as interesting. There is somethingin there the player should explore. 
958337909144,"Слушай, я ведь от времени моложе не делаюсь!",,Jazz_Lynx,ModItemVoiceResponse Jazz_Lynx Idle VoiceResponse Idle - Play every 4 hours during which a squad has been inactive.. Played by any of the mercs in the squad. 
704121565760,"Это был большой заброд, и работы полно, но я бы взялся за нее опять, не задумываясь.",,Jazz_Lynx,ModItemVoiceResponse Jazz_Lynx BusySatView VoiceResponse BusySatView - Played when merc is in an activity for more than 8 hours. Students and Patients excluded. Played once per activity. 
951773239303,Это был тот еще опыт! Увидимся.,,Jazz_Lynx,ModItemVoiceResponse Jazz_Lynx ContractExpired VoiceResponse ContractExpired - when the mercs contract expires and the player has not extended it 
848654270080,"И что такой парень, как я, может делать в таком месте? Да это ж бред собачий!",,Jazz_Lynx,ModItemVoiceResponse Jazz_Lynx Pessimist VoiceResponse Pessimist - When an increase of Morale is prevented because of the Pessimist quirk 
753330501613,Луиза Гарно «Тоска»,,,ModItemUnitDataCompositeDef Jazz_Buzz Name
980611805568,Тоска,,,ModItemUnitDataCompositeDef Jazz_Buzz Nick
971951422708,ТОСКА,,,ModItemUnitDataCompositeDef Jazz_Buzz AllCapsNick
499440250102,"После скандального расставания с Робертсом ""Рысью"", о котором, наверное, слышали даже марсиане, Луиза ожесточилась и возненавидела, кажется, вообще всех людей. Рысь - за то что он есть, себя - за то что была к нему привязана, мужчин - за то, что Рысь - мужчина, женщин - за то, что они рожают мужчин. И быть бы беде, если б один незадачливый наниматель не пригласил их обоих в команду, нанимая AIM для освобождения заложников на нефтяной платформе, захваченной радикальным крылом зоозащитной организации. Робертс поимел ... неосторожность получить тяжелое ранение в ходе операции и это привело Тоску в состояние неописуемой ярости. Буквально - описать то, что происходило на платформе, не смог никто. Зоозащитникам понадобилось новое боевое крыло, нанимателю  - новая нефтяная платформа, а заложники были найдены в состоянии крайнего истощения через неделю на самодельном плоту в Атлантическом океане. Так или иначе, Луиза готова к выполнению заданий как никто другой, и горе тому, кто попробует ее разозлить.
",,,ModItemUnitDataCompositeDef Jazz_Buzz Bio
335290711519,Посмотри ей в глаза,,,ModItemUnitDataCompositeDef Jazz_Buzz Title
515826095239,LouisaGarneau@aim.com,,,ModItemUnitDataCompositeDef Jazz_Buzz Email
229551591966,lonelyandsad,,,ModItemUnitDataCompositeDef Jazz_Buzz snype_nick
444688786443,"Я в этом участвовать не буду, да и тебе это на самом деле не нужно. Иначе Рысь - покойник.",,Jazz_Buzz,ModItemUnitDataCompositeDef Jazz_Buzz Text MercChatRefusal Lines ChatMessage 
786568878374,"Ага, конечно. Как будто ты имеешь хоть малейшее представление о том, что делаешь! Иди, проветрись!",,Jazz_Buzz,ModItemUnitDataCompositeDef Jazz_Buzz Text MercChatRefusal Lines ChatMessage 
759861895798,"Не представляю, как. Тебе наверняка придется продать свой труп на опыты, чтобы мне заплатить, а я столько ждать не собираюсь.",,Jazz_Buzz,ModItemUnitDataCompositeDef Jazz_Buzz Text MercChatRefusal Lines ChatMessage 
247207957208,"Ну да, я тут сижу и жду, когда ты появишься. У меня другие планы.",,Jazz_Buzz,ModItemUnitDataCompositeDef Jazz_Buzz Text MercChatRefusal Lines ChatMessage 
292221319285,"Подумай еще разок. Меня может вырвать от одной мысли, что придется опять общаться с Рысью. Я просто говорю, что меня... вырвет, именно так.",,Jazz_Buzz,ModItemUnitDataCompositeDef Jazz_Buzz Text MercChatHaggle Lines ChatMessage 
522569897458,Я пойду... Только держи от меня подальше этого сукиного сына Рысь и всех остальных мужиков тоже.,,Jazz_Buzz,ModItemUnitDataCompositeDef Jazz_Buzz Text MercChatHaggle Lines ChatMessage 
554240280022,"Подумай еще разок. Меня может вырвать от одной мысли, что придется опять общаться с Рысью. Я просто говорю, что меня... вырвет, именно так.",,Jazz_Buzz,ModItemUnitDataCompositeDef Jazz_Buzz Text MercChatHaggle Lines ChatMessage 
983520435571,Что я могу сказать? Я имею полное право потребовать большего.,,Jazz_Buzz,ModItemUnitDataCompositeDef Jazz_Buzz Text MercChatHaggle Lines ChatMessage 
428218963534,Я бы осталась тут с Рысью еще ненадолго.,,Jazz_Buzz,ModItemUnitDataCompositeDef Jazz_Buzz Text MercChatMitigation Lines ChatMessage 
995807055541,"Если тебе нужен настоящий профи, ну, или, по крайней мере, настоящий красавчик, обратись к Рыси.",,Jazz_Buzz,ModItemUnitDataCompositeDef Jazz_Buzz Text MercChatBranch Lines ChatMessage 
708253621531,"Тоски Гарно сейчас нет. Скажите, что нужно. Учтите, что все лица мужского пола успеют сто раз умереть, прежде чем я им перезвоню.",,Jazz_Buzz,ModItemUnitDataCompositeDef Jazz_Buzz Text Offline ChatMessage 
965333256165,Так к какому решению ты собираешься придти?,,Jazz_Buzz,ModItemUnitDataCompositeDef Jazz_Buzz Text GreetingAndOffer ChatMessage 
500434425609,Слушай внимательно. Я сказала...,,Jazz_Buzz,ModItemUnitDataCompositeDef Jazz_Buzz Text ConversationRestart ChatMessage 
500086555472,"Ты заметил, как я стреляю? Я умею обращаться с любым оружием!",,Jazz_Buzz,ModItemUnitDataCompositeDef Jazz_Buzz Text IdleLine ChatMessage 
517772094687,Ладно... я так думаю.,,Jazz_Buzz,ModItemUnitDataCompositeDef Jazz_Buzz Text PartingWords ChatMessage 
150639393097,"Ты хочешь, чтобы я еще осталась, или как?",,Jazz_Buzz,ModItemUnitDataCompositeDef Jazz_Buzz Text RehireIntro ChatMessage 
300114486496,"Просто, чтобы ты знал - контракт почти закончен.",,Jazz_Buzz,ModItemUnitDataCompositeDef Jazz_Buzz Text RehireIntro ChatMessage 
713865724075,"Окей, я остаюсь.",,Jazz_Buzz,ModItemUnitDataCompositeDef Jazz_Buzz Text RehireOutro ChatMessage 
270671509954,Слушаю,,Jazz_Buzz,ModItemVoiceResponse Jazz_Buzz Selection VoiceResponse Selection - when selected or autoselected 
860964391877,Я жду.,,Jazz_Buzz,ModItemVoiceResponse Jazz_Buzz Selection VoiceResponse Selection - when selected or autoselected 
974948259291,Я слушаю.,,Jazz_Buzz,ModItemVoiceResponse Jazz_Buzz Selection VoiceResponse Selection - when selected or autoselected 
453307136093,Ну я,,Jazz_Buzz,ModItemVoiceResponse Jazz_Buzz SelectionStealth VoiceResponse SelectionStealth - when selected or autoselected 
437973556175,Хорошо!,,Jazz_Buzz,ModItemVoiceResponse Jazz_Buzz SelectionStealth VoiceResponse SelectionStealth - when selected or autoselected 
949418392441,Ну ладно!,,Jazz_Buzz,ModItemVoiceResponse Jazz_Buzz SelectionStealth VoiceResponse SelectionStealth - when selected or autoselected 
813512374244,"Похоже, я что-то слышала... или нет.",,Jazz_Buzz,ModItemVoiceResponse Jazz_Buzz OverwatchSelection VoiceResponse OverwatchSelection - Selected when under Overwatch. 
959177485503,Тут не расслабишься!,,Jazz_Buzz,ModItemVoiceResponse Jazz_Buzz ThreatSelection VoiceResponse ThreatSelection - Selected when under Pinned Down or in the area of an incoming explosion. 
959778001084,"Я запыхалась, как бешеная собака!",,Jazz_Buzz,ModItemVoiceResponse Jazz_Buzz HeavilyWoundedSelection VoiceResponse HeavilyWoundedSelection - Selected or autoselected with less than 20% health 
981115538686,"Это вызывает больше подозрений, чем довольный мужик!",,Jazz_Buzz,ModItemVoiceResponse Jazz_Buzz MineNearbySelection VoiceResponse MineNearbySelection - Selected when there is a trap nearby 
494601902542,Ни черта не вижу!,,Jazz_Buzz,ModItemVoiceResponse Jazz_Buzz GasAreaSelection VoiceResponse GasAreaSelection - Unit receiving gas effect or starting round in one. 
606902871816,"Люблю, когда мне уделяют столько внимания.",,Jazz_Buzz,ModItemVoiceResponse Jazz_Buzz ManyEnemiesSelection VoiceResponse ManyEnemiesSelection - Selected when the unit sees 5+ units in line of fire 
973543834873,карабалка,,Jazz_Buzz,"ModItemVoiceResponse Jazz_Buzz Climbing VoiceResponse Climbing - Emote. When unit is climbing over fences, on cliffs, etc. "
933693153270,карабалка,,Jazz_Buzz,"ModItemVoiceResponse Jazz_Buzz Climbing VoiceResponse Climbing - Emote. When unit is climbing over fences, on cliffs, etc. "
983380107265,пыхтелка,,Jazz_Buzz,ModItemVoiceResponse Jazz_Buzz HeavyBreathing VoiceResponse HeavyBreathing - During physical exertion 
887878273045,пыхтелка,,Jazz_Buzz,ModItemVoiceResponse Jazz_Buzz HeavyBreathing VoiceResponse HeavyBreathing - During physical exertion 
783823719369,бежалка,,Jazz_Buzz,ModItemVoiceResponse Jazz_Buzz Jumping VoiceResponse Jumping - When jumping over small obstacles (e.g. puddles) 
929151113578,бежалка,,Jazz_Buzz,ModItemVoiceResponse Jazz_Buzz Jumping VoiceResponse Jumping - When jumping over small obstacles (e.g. puddles) 
949351597162,а,,Jazz_Buzz,ModItemVoiceResponse Jazz_Buzz Startled VoiceResponse Startled - Startled by hearing a sudden noise 
864999167797,чмо,,Jazz_Buzz,ModItemVoiceResponse Jazz_Buzz Startled VoiceResponse Startled - Startled by hearing a sudden noise 
390477891424,Я готова... ко всему.,,Jazz_Buzz,ModItemVoiceResponse Jazz_Buzz CombatMovement VoiceResponse CombatMovement - When ordering movement in combat. Up to one full sentence or two short ones. 
900864449153,Со мной все в порядке. Только злить меня не надо!,,Jazz_Buzz,ModItemVoiceResponse Jazz_Buzz CombatMovement VoiceResponse CombatMovement - When ordering movement in combat. Up to one full sentence or two short ones. 
943363007045,"Внимание, все! Что-то мне хочется кого-нибудь убить!",,Jazz_Buzz,ModItemVoiceResponse Jazz_Buzz CombatMovement VoiceResponse CombatMovement - When ordering movement in combat. Up to one full sentence or two short ones. 
855628401828,Ну я,,Jazz_Buzz,ModItemVoiceResponse Jazz_Buzz CombatMovementStealth VoiceResponse CombatMovementStealth - When ordering movement while sneaking. Voice should be shushed (except Steroid) 
874057212077,Хорошо!,,Jazz_Buzz,ModItemVoiceResponse Jazz_Buzz CombatMovementStealth VoiceResponse CombatMovementStealth - When ordering movement while sneaking. Voice should be shushed (except Steroid) 
981665767122,Ну ладно!,,Jazz_Buzz,ModItemVoiceResponse Jazz_Buzz CombatMovementStealth VoiceResponse CombatMovementStealth - When ordering movement while sneaking. Voice should be shushed (except Steroid) 
997521063108,"Надоело, надоело, надоело!",,Jazz_Buzz,ModItemVoiceResponse Jazz_Buzz GroupOrder VoiceResponse GroupOrder - When movement ordered in follow mode or multi selected with other mercs. 
577658652787,Достало!,,Jazz_Buzz,ModItemVoiceResponse Jazz_Buzz GroupOrder VoiceResponse GroupOrder - When movement ordered in follow mode or multi selected with other mercs. 
746266615640,Да ради бога.,,Jazz_Buzz,ModItemVoiceResponse Jazz_Buzz GroupOrder VoiceResponse GroupOrder - When movement ordered in follow mode or multi selected with other mercs. 
616450986509,"Пойди, умойся. Я ногти крашу.",,Jazz_Buzz,ModItemVoiceResponse Jazz_Buzz Order VoiceResponse Order - When movement ordered (out of combat) Should be very short (3-5 words) 
424870893963,У меня нет времени на этот дешевый треп!,,Jazz_Buzz,ModItemVoiceResponse Jazz_Buzz Order VoiceResponse Order - When movement ordered (out of combat) Should be very short (3-5 words) 
861692069775,А почему я должна об этом беспокоиться?,,Jazz_Buzz,ModItemVoiceResponse Jazz_Buzz Order VoiceResponse Order - When movement ordered (out of combat) Should be very short (3-5 words) 
289633215369,Хмм,,Jazz_Buzz,ModItemVoiceResponse Jazz_Buzz Order VoiceResponse Order - When movement ordered (out of combat) Should be very short (3-5 words) 
547061568930,Хреново!,,Jazz_Buzz,ModItemVoiceResponse Jazz_Buzz Order VoiceResponse Order - When movement ordered (out of combat) Should be very short (3-5 words) 
307499851875,Как будто я тебя еще хоть раз вспомню.,,Jazz_Buzz,ModItemVoiceResponse Jazz_Buzz AimAttack VoiceResponse AimAttack - When aiming and there is a decent chance of hitting 
659647363192,"Может, удастся прихлопнуть тараканчика.",,Jazz_Buzz,ModItemVoiceResponse Jazz_Buzz AimAttack VoiceResponse AimAttack - When aiming and there is a decent chance of hitting 
344607087024,Вот это здорово!,,Jazz_Buzz,ModItemVoiceResponse Jazz_Buzz AimAttack VoiceResponse AimAttack - When aiming and there is a decent chance of hitting 
132305200292,Да ты шутишь!,,Jazz_Buzz,ModItemVoiceResponse Jazz_Buzz AimAttack_Low VoiceResponse AimAttack_Low - When aiming and the CtH is less than 20% 
461470404380,Нет.,,Jazz_Buzz,ModItemVoiceResponse Jazz_Buzz AimAttack_Low VoiceResponse AimAttack_Low - When aiming and the CtH is less than 20% 
168247136303,"Я - профессионал. Просто покажи, в кого стрелять.",,Jazz_Buzz,ModItemVoiceResponse Jazz_Buzz AimAttackStealth VoiceResponse AimAttackStealth - When aiming and there is a decent chance of hitting. Used while Sneaking - voice should be shushed (except Steroid) 
906548087723,"Я - профессионал. Просто покажи, в кого стрелять.",,Jazz_Buzz,ModItemVoiceResponse Jazz_Buzz AimAttackStealth VoiceResponse AimAttackStealth - When aiming and there is a decent chance of hitting. Used while Sneaking - voice should be shushed (except Steroid) 
638833823539,"Не представляю, как. ",,Jazz_Buzz,ModItemVoiceResponse Jazz_Buzz AimAttack_LowStealth VoiceResponse AimAttack_LowStealth - When aiming and there is very low chance of hitting. Used while Sneaking - voice should be shushed (except Steroid) 
832833228822,"Отлично! Сейчас будет весело! В этом секторе есть, с кем поиграть!",,Jazz_Buzz,ModItemVoiceResponse Jazz_Buzz CombatStartPlayer VoiceResponse CombatStartPlayer - When player initiates combat with shot. 
468582654019,У меня начинается депрессия! Мне надо просто рвануть и прочесать все это место с автоматом.,,Jazz_Buzz,ModItemVoiceResponse Jazz_Buzz CombatStartDetected VoiceResponse CombatStartDetected - When enemy detects a merc who was hiding. 
194125837412,"Вот так! Знаешь, а мы отлично справились. Ничто не сравнится с женщиной, у которой в руках винтовка, я тебе скажу. Ад не знает ярости! Не забывай.",,Jazz_Buzz,ModItemVoiceResponse Jazz_Buzz CombatEndNoEnemies VoiceResponse CombatEndNoEnemies - All enemies have been killed. 
430350527253,Достало! Я не собираюсь их весь день искать. Дохлятина!,,Jazz_Buzz,ModItemVoiceResponse Jazz_Buzz CombatEndEnemiesRemain VoiceResponse CombatEndEnemiesRemain - There are no more aware enemies but there are still enemies in the sector. 
462191772251,Сразу удрали. Типичные мужики.,,Jazz_Buzz,ModItemVoiceResponse Jazz_Buzz CombatEndEnemiesRetreated VoiceResponse CombatEndEnemiesRetreated - All enemies have retreated 
709375641547,А!,,Jazz_Buzz,ModItemVoiceResponse Jazz_Buzz Pain VoiceResponse Pain - Hit by an attack (if surrounded SurroundedPain is played instead). Short. These are emotes - disregard the written text. 
498910270585,Ой!,,Jazz_Buzz,ModItemVoiceResponse Jazz_Buzz Pain VoiceResponse Pain - Hit by an attack (if surrounded SurroundedPain is played instead). Short. These are emotes - disregard the written text. 
326142231461,Ай-ой,,Jazz_Buzz,ModItemVoiceResponse Jazz_Buzz Pain VoiceResponse Pain - Hit by an attack (if surrounded SurroundedPain is played instead). Short. These are emotes - disregard the written text. 
977499535307,"Только дай мне шанс, и вы все - покойники!",,Jazz_Buzz,ModItemVoiceResponse Jazz_Buzz SurroundedPain VoiceResponse SurroundedPain - hit by an attack when surrounded. Situation should be very dire 
269475044150,Схлопотала!,,Jazz_Buzz,"ModItemVoiceResponse Jazz_Buzz Wounded VoiceResponse Wounded - Unit is Wounded. (When the Wounded VR is played, the Pain VR should be suppressed.) Add a pain noise at the begining "
455240026604,Это меня взбодрило!,,Jazz_Buzz,"ModItemVoiceResponse Jazz_Buzz Wounded VoiceResponse Wounded - Unit is Wounded. (When the Wounded VR is played, the Pain VR should be suppressed.) Add a pain noise at the begining "
940470095476,Хреново!,,Jazz_Buzz,ModItemVoiceResponse Jazz_Buzz SeriouslyWounded VoiceResponse SeriouslyWounded - Unit is seriously wounded (3 or more wounds). Add a pain noise at the begining. 
996444606473,Дайте мне умереть! Это хотя бы прекратит мои страдания!,,Jazz_Buzz,ModItemVoiceResponse Jazz_Buzz Downed VoiceResponse Downed - When entering Downed state. Voice should be as if losing consciousness 
628621056311,Чужаки!,,Jazz_Buzz,ModItemVoiceResponse Jazz_Buzz OpponentFound VoiceResponse OpponentFound - Enemy spotted. 
522296454319,"Наконец-то! Если повезет, подстрелю пару мужиков.",,Jazz_Buzz,ModItemVoiceResponse Jazz_Buzz OpponentFound VoiceResponse OpponentFound - Enemy spotted. 
735135614427,Чужак!,,Jazz_Buzz,ModItemVoiceResponse Jazz_Buzz OpponentFound VoiceResponse OpponentFound - Enemy spotted. 
353806052937,Еще один!,,Jazz_Buzz,ModItemVoiceResponse Jazz_Buzz OpponentFound VoiceResponse OpponentFound - Enemy spotted. 
676253179204,Есть контакт!,,Jazz_Buzz,ModItemVoiceResponse Jazz_Buzz OpponentFound VoiceResponse OpponentFound - Enemy spotted. 
990232035597,Чем-то оно мне Рысь напоминает!,,Jazz_Buzz,ModItemVoiceResponse Jazz_Buzz AnimalFound VoiceResponse AnimalFound - Enemy animal spotted. 
784674819954,"Интересно, каково держать такую тварь дома!",,Jazz_Buzz,ModItemVoiceResponse Jazz_Buzz AnimalFound VoiceResponse AnimalFound - Enemy animal spotted. 
343274888743,"То, что ты просил!",,Jazz_Buzz,ModItemVoiceResponse Jazz_Buzz OpponentKilled VoiceResponse OpponentKilled - When opponent killed (unless OponentKilledCrit or OponentKilled multi isplayed) 
930148900953,Отвали!,,Jazz_Buzz,ModItemVoiceResponse Jazz_Buzz OpponentKilled VoiceResponse OpponentKilled - When opponent killed (unless OponentKilledCrit or OponentKilled multi isplayed) 
913471116788,Здорово!,,Jazz_Buzz,ModItemVoiceResponse Jazz_Buzz OpponentKilled VoiceResponse OpponentKilled - When opponent killed (unless OponentKilledCrit or OponentKilled multi isplayed) 
367651229840,Вот это здорово!,,Jazz_Buzz,ModItemVoiceResponse Jazz_Buzz OpponentKilled VoiceResponse OpponentKilled - When opponent killed (unless OponentKilledCrit or OponentKilled multi isplayed) 
513375237054,Я бы лучше прикончила Рысь!,,Jazz_Buzz,ModItemVoiceResponse Jazz_Buzz OpponentKilled VoiceResponse OpponentKilled - When opponent killed (unless OponentKilledCrit or OponentKilled multi isplayed) 
778042684795,"Эти твари даже пахнут, как пахнет Рысь - особенно утром.",,Jazz_Buzz,ModItemVoiceResponse Jazz_Buzz OpponentKilledAnimal VoiceResponse OpponentKilledAnimal - When animal is killed 
287657224729,Ха-ха!,,Jazz_Buzz,ModItemVoiceResponse Jazz_Buzz OpponentKilledStealth VoiceResponse OpponentKilledStealth - Played when a Stealth kill happens. Voice should be shushed (except Steroid) 
170093331856,"Да уж, тут и уха целого не найдешь.",,Jazz_Buzz,ModItemVoiceResponse Jazz_Buzz OpponentKilledHeadshot VoiceResponse OpponentKilledHeadshot - Opponent killed with a headshot 
809191849641,"Я ее не для красоты ношу, ублюдок!",,Jazz_Buzz,ModItemVoiceResponse Jazz_Buzz MultiOpponentKilled VoiceResponse MultiOpponentKilled - When 2+ enemies are killed with the same attack 
545864137921,Вот им и конец!,,Jazz_Buzz,ModItemVoiceResponse Jazz_Buzz MultiOpponentKilled VoiceResponse MultiOpponentKilled - When 2+ enemies are killed with the same attack 
680606004654,"Он может считать, что ему повезло...",,Jazz_Buzz,ModItemVoiceResponse Jazz_Buzz OpponentKilledMelee VoiceResponse OpponentKilledMelee - Played when killing a unit with melee weapon 
971004246271,"Нейрохирург, точно!",,Jazz_Buzz,ModItemVoiceResponse Jazz_Buzz HealReceived VoiceResponse HealReceived - Bandaged by a merc or Metvirion used in Inventory 
802843216260,И это назвают - близко?,,Jazz_Buzz,ModItemVoiceResponse Jazz_Buzz MissedByKillShot VoiceResponse MissedByKillShot - When character missed a by a shot that would've killed him/her. Shot must have had 50%+ CtH. 
816111949087,А чего от них еще ожидать!,,Jazz_Buzz,ModItemVoiceResponse Jazz_Buzz DeathGeneral VoiceResponse DeathGeneral - Played when a character that is neither liked or disliked dies 
345428116420,"Ну не могу поверить, что я потратила свою жизнь на этого человека. Меня рвет от одного взгляда на Рысь.",,Jazz_Buzz,ModItemVoiceResponse Jazz_Buzz DeathBuddy1 VoiceResponse DeathBuddy1 - Played on the death of Jazz_Lynx. 
523409377317,"Я в принципе не имею ничего против женщин, особенно - матерей, если не считать того, что они, подчас, рожают мужчин",,Jazz_Buzz,ModItemVoiceResponse Jazz_Buzz PraisesFemale VoiceResponse PraisesFemale - Played when a female merc makes a kill (20% chance) 
842561919315,"Он может считать, что ему повезло... Я его убивать не стану.",,Jazz_Buzz,ModItemVoiceResponse Jazz_Buzz PraisesMale VoiceResponse PraisesMale - Played when a male merc makes a kill (20% chance) 
162678461029,Давайте его кастрируем? Чтоб больше не шлялся.,,Jazz_Buzz,ModItemVoiceResponse Jazz_Buzz PraisesBuddy1 VoiceResponse PraisesBuddy1 - Played on a successful kill by Jazz_Lynx. 
120287195956,А чего от них еще ожидать!,,Jazz_Buzz,ModItemVoiceResponse Jazz_Buzz MockGeneral VoiceResponse MockGeneral - 20% chance to play when another merc misses a high chance shot 
625489049946,Давайте его кастрируем? Чтоб больше не шлялся.,,Jazz_Buzz,ModItemVoiceResponse Jazz_Buzz MockLike1 VoiceResponse MockLike1 - Played on a high chance miss by Jazz_Lynx. 
505750596768,Что-то мне хочется кого-нибудь убить!,,Jazz_Buzz,ModItemVoiceResponse Jazz_Buzz FriendlyFireGeneral VoiceResponse FriendlyFireGeneral - Played on friendly fire by the unit hit if the hitting unit is neither Liked or Disliked 
980493657450,"Ты привел сюда этого сукиного сына, Рысь. Хорошо... позволь тогда и мне высказаться. Он потаскун, он жив-то только потому, что я еще не решила, как его убить, чтоб было поприятнее.",,Jazz_Buzz,ModItemVoiceResponse Jazz_Buzz FriendlyFireBuddy1 VoiceResponse FriendlyFireBuddy1 - Played on friendly fire by the unit hit if the hitting unit is Liked - Jazz_Lynx. 
949818891918,Я только сделала одолжение... Избавила от страданий. Что еще тут можно сделать?,,Jazz_Buzz,ModItemVoiceResponse Jazz_Buzz KillFriendlyFireGeneral VoiceResponse KillFriendlyFireGeneral - Played when a unit kills an ally with friendly fire and the dying unit is neither Liked nor Disliked 
699368427124,"Ну не могу поверить, что я потратила свою жизнь на этого человека. Меня рвет от одного взгляда на Рысь.",,Jazz_Buzz,ModItemVoiceResponse Jazz_Buzz KillFriendlyFireBuddy1 VoiceResponse KillFriendlyFireBuddy1 - Played when a unit kills an ally with friendly fire and the dying unit is Liked - Jazz_Lynx. 
598414131441,Свинец нужен.,,Jazz_Buzz,ModItemVoiceResponse Jazz_Buzz AmmoLow VoiceResponse AmmoLow - Played when there is less than 25% of clip size or a full reload cannot be made 
307429116238,Свинец нужен.,,Jazz_Buzz,ModItemVoiceResponse Jazz_Buzz NoAmmo VoiceResponse NoAmmo - No more ammo in the gun and no more bullets. 
378163598765,Винтовку заело!,,Jazz_Buzz,ModItemVoiceResponse Jazz_Buzz WeaponJammed VoiceResponse WeaponJammed - When weapon has jammed 
212967091229,Вы откуда это взяли? На распродаже? Не работает!,,Jazz_Buzz,ModItemVoiceResponse Jazz_Buzz WeaponBroken VoiceResponse WeaponBroken - When the player's weapon breaks 
375719718344,"Дерьмо! Дерьмо! Дерьмо! Если мне попадется хоть что-нибудь приличное, что можно отнести к снаряжению, я точно буду знать, что это ошибка.",,Jazz_Buzz,ModItemVoiceResponse Jazz_Buzz ItemDeteriorates VoiceResponse ItemDeteriorates - Played when a piece of equipment deteriotes to the point when it is in the Needs Repair condition 
990654874464,"Дерьмо! Дерьмо! Дерьмо! Если мне попадется хоть что-нибудь приличное, что можно отнести к снаряжению, я точно буду знать, что это ошибка.",,Jazz_Buzz,ModItemVoiceResponse Jazz_Buzz ItemInPoorConditionEquipped VoiceResponse ItemInPoorConditionEquipped - Played in Inventory when player equips weapon/armor that is in Poor Condition 
557816817655,"Меня от всей этой компании просто трясет. Убить бы парочку - может, я тогда опять научусь улыбаться.",,Jazz_Buzz,ModItemVoiceResponse Jazz_Buzz TacticalFocus VoiceResponse TacticalFocus - The team has missed  3+ times 
626054332065,"Ну да... Как будто мне есть, куда торопиться!",,Jazz_Buzz,ModItemVoiceResponse Jazz_Buzz TacticalLastEnemy VoiceResponse TacticalLastEnemy - A single enemy remains 
224504835002,А чего от них еще ожидать!,,Jazz_Buzz,ModItemVoiceResponse Jazz_Buzz TacticalLoss VoiceResponse TacticalLoss - The team is losing the battle (2+ units have been downed/killed) 
323677951037,"Да уж, это было ну такое потрясение!",,Jazz_Buzz,ModItemVoiceResponse Jazz_Buzz TacticalRevenge VoiceResponse TacticalRevenge - A unit from the team has been downed/killed 
558500899025,"Слушай, почему, если мужчина мне что-то присылает, в коробке всегда оказывается чуть меньше того, что я ожидала?",,Jazz_Buzz,ModItemVoiceResponse Jazz_Buzz TacticalTaunt VoiceResponse TacticalTaunt - The team has visible enemies from the other team and is shouting things at them 
647431985781,Хорошо!,,Jazz_Buzz,ModItemVoiceResponse Jazz_Buzz BecomeHidden VoiceResponse BecomeHidden - Played when entering Sneak mode. Voice should be shushed (except Steroid) 
481771233102,Ну ладно!,,Jazz_Buzz,ModItemVoiceResponse Jazz_Buzz BecomeHidden VoiceResponse BecomeHidden - Played when entering Sneak mode. Voice should be shushed (except Steroid) 
156206279384,"Иди, дам тебе валерьяночки!",,Jazz_Buzz,ModItemVoiceResponse Jazz_Buzz Overwatch VoiceResponse Overwatch - When setting overwatch 
731102317560,Ха-ха!,,Jazz_Buzz,ModItemVoiceResponse Jazz_Buzz SpecialThrowGrenade VoiceResponse SpecialThrowGrenade - When throwing grenade 
777877015086,"Только дай мне шанс, и вы все - покойники!",,Jazz_Buzz,ModItemVoiceResponse Jazz_Buzz TakeCover VoiceResponse TakeCover - Played when the Take Cover action is used 
512031002404,Ха-ха!,,Jazz_Buzz,ModItemVoiceResponse Jazz_Buzz ThrowGrenade VoiceResponse ThrowGrenade - When throwing grenade. Voiced line starts before the explosion. 
985270049400,"Только дай мне шанс, и вы все - покойники!",,Jazz_Buzz,ModItemVoiceResponse Jazz_Buzz PinDown VoiceResponse PinDown - When pinning down (sniper rifles only) 
761300945659,"Только дай мне шанс, и вы все - покойники!",,Jazz_Buzz,ModItemVoiceResponse Jazz_Buzz PinnedDown VoiceResponse PinnedDown - UNUSED 
661838275086,Ммм... Гм... хорошо подогнано!,,Jazz_Buzz,ModItemVoiceResponse Jazz_Buzz MineFound VoiceResponse MineFound - A mine (or other explosive trap) was found nearby 
654345259101,А почему я должна об этом беспокоиться?,,Jazz_Buzz,ModItemVoiceResponse Jazz_Buzz BandageDownedUnit VoiceResponse BandageDownedUnit - When a downed unit is bandaged. Played by the unit that does the bandaging 
392532954219,Здорово!,,Jazz_Buzz,ModItemVoiceResponse Jazz_Buzz MineDisarmed VoiceResponse MineDisarmed - Mine disarmed 
530027855207,Со мной все в порядке. Только злить меня не надо!,,Jazz_Buzz,ModItemVoiceResponse Jazz_Buzz Autofire VoiceResponse Autofire - When using machine gun autofire attacks. Voice is played during the attack and gunfire sounds. 
821577436872,Отвали!,,Jazz_Buzz,ModItemVoiceResponse Jazz_Buzz NotNow VoiceResponse NotNow - When interacting with a NPC while in combat 
112256418640,"Люблю, когда мне уделяют столько внимания.",,Jazz_Buzz,ModItemVoiceResponse Jazz_Buzz Outnumbered VoiceResponse Outnumbered - Unit sees more enemies than allies 
811579933430,Здорово!,,Jazz_Buzz,ModItemVoiceResponse Jazz_Buzz LowChanceShot VoiceResponse LowChanceShot - Successful attack when the CtH is less than 20% 
126127451344,Хреново!,,Jazz_Buzz,ModItemVoiceResponse Jazz_Buzz MissHighChance VoiceResponse MissHighChance - When a shot with 90%+ CtH was missed 
687305083067,Отлично! Сейчас будет весело!,,Jazz_Buzz,ModItemVoiceResponse Jazz_Buzz MeleeEnemiesClosing VoiceResponse MeleeEnemiesClosing - When enemy in melee range. Needs further clarification!!! 
364194360977,У меня начинается депрессия! Мне надо просто рвануть и прочесать все это место с автоматом.,,Jazz_Buzz,ModItemVoiceResponse Jazz_Buzz CombatTaskGiven VoiceResponse CombatTaskGiven - When the merc sets the player a new Combat Task 
498845146351,Я сделала свою работу. ,,Jazz_Buzz,ModItemVoiceResponse Jazz_Buzz CombatTaskCompleted VoiceResponse CombatTaskCompleted - When the Combat Task issued by the merc is completed 
373784449831,Я могла бы сделать и побольше.,,Jazz_Buzz,ModItemVoiceResponse Jazz_Buzz CombatTaskFailed VoiceResponse CombatTaskFailed - When the Combat Task issued by the merc is failed 
482785201411,Ущипните меня!,,Jazz_Buzz,ModItemVoiceResponse Jazz_Buzz LevelUp VoiceResponse LevelUp - Leveled up or a magazine is read. Only one played if multiple character level up. 
879381074193,"Что-то, прямо здесь!",,Jazz_Buzz,"ModItemVoiceResponse Jazz_Buzz LootFound VoiceResponse LootFound - A loot container is nearby (e.g. dead body, crate,...) 10s cooldown "
947222815353,Здесь!,,Jazz_Buzz,"ModItemVoiceResponse Jazz_Buzz LootFound VoiceResponse LootFound - A loot container is nearby (e.g. dead body, crate,...) 10s cooldown "
928018472744,Вещь!,,Jazz_Buzz,"ModItemVoiceResponse Jazz_Buzz InteractableFound VoiceResponse InteractableFound - A custom interactable (quest related etc), herbs or salvage material found. "
686980301418,Голяк!,,Jazz_Buzz,ModItemVoiceResponse Jazz_Buzz LootOpened VoiceResponse LootOpened - Loot container opened. Supressed by ValuableItemFound 
713775236023,Вещь!,,Jazz_Buzz,ModItemVoiceResponse Jazz_Buzz ValuableItemFound VoiceResponse ValuableItemFound - Loot container opened with a valuable item inside 
564874178676,Заперто!,,Jazz_Buzz,ModItemVoiceResponse Jazz_Buzz DoorLocked VoiceResponse DoorLocked - When a attempting to open locked door 
935614300047,Мне надо прилечь.,,Jazz_Buzz,ModItemVoiceResponse Jazz_Buzz Tired VoiceResponse Tired - when the merc becomes tired 
635392951739,"Я стала очень раздражительной, и производительность упала.",,Jazz_Buzz,ModItemVoiceResponse Jazz_Buzz Exhausted VoiceResponse Exhausted - when the merc becomes Exhausted 
783911262884,Я встала и уже у станка!,,Jazz_Buzz,ModItemVoiceResponse Jazz_Buzz ActivityStarted VoiceResponse ActivityStarted - When an activity is started. Played by the firs merc associated with the task 
793278321472,Так! Я это сделала. Теперь что?,,Jazz_Buzz,ModItemVoiceResponse Jazz_Buzz ActivityFinished VoiceResponse ActivityFinished - SatView activity finished 
914296644319,Так! Я это сделала. Теперь что?,,Jazz_Buzz,ModItemVoiceResponse Jazz_Buzz SectorArrived VoiceResponse SectorArrived - SatView - new sector reached. Played by random merc in squad. 
427712998155,"Ну да... Как будто мне есть, куда торопиться!",,Jazz_Buzz,ModItemVoiceResponse Jazz_Buzz Travelling VoiceResponse Travelling - When a squad is travelling and enters new sector that is not the final destination of the travel. Played by the squad leader 
928161401130,"Что-то, прямо здесь!",,Jazz_Buzz,ModItemVoiceResponse Jazz_Buzz InterestingSector VoiceResponse InterestingSector - Reached a sector that is marked as interesting. There is somethingin there the player should explore. 
683983528014,"Внимание, все! Что-то мне хочется кого-нибудь убить!",,Jazz_Buzz,ModItemVoiceResponse Jazz_Buzz Idle VoiceResponse Idle - Play every 4 hours during which a squad has been inactive.. Played by any of the mercs in the squad. 
824514235621,Со мной все в порядке. Только злить меня не надо!,,Jazz_Buzz,ModItemVoiceResponse Jazz_Buzz BusySatView VoiceResponse BusySatView - Played when merc is in an activity for more than 8 hours. Students and Patients excluded. Played once per activity. 
447021467824,"Это было безумно весело, но сейчас мне пора идти домой и настроить мой видак.",,Jazz_Buzz,ModItemVoiceResponse Jazz_Buzz ContractExpired VoiceResponse ContractExpired - when the mercs contract expires and the player has not extended it 
340243775190,"Я хочу, чтоб это было ясно: я ненавижу всех. Я сказала - ВСЕХ!",,Jazz_Buzz,ModItemVoiceResponse Jazz_Buzz Psycho VoiceResponse Psycho - Triggers when Psycho character uses Autofire instead of Single Fire 
513131038337,Доктор Донна «Паук» Хьюстон,,,ModItemUnitDataCompositeDef Jazz_Spider Name
234064899192,Паук,,,ModItemUnitDataCompositeDef Jazz_Spider Nick
641563680463,ПАУК,,,ModItemUnitDataCompositeDef Jazz_Spider AllCapsNick
303546330037,"После ухода из Организации таких, без преувеличения ""светил"" полевой хирургии, как Митча Шудлема, Берни Гловлесса и ""Стеллы"" Траммелл по разным естественным и противоестественным причинам, проведение полевых операций с высоким риском травматизма (то есть, почти любых операций Организации) стало под угрозой отказа для потенциальных заказчиков. К счастью, ""новая кровь"" не замедлила влиться в наш дружный коллектив, чему мы несказанно рады. Конечно, мы не устаем задавться вопросом, что в полевых операциях забыла молодой и перспективный хирург-травматолог, держащий на собственных изящных плечах практически всю неотложную Damage-хирургию своего округа, но некоторые вопросы так и не должны быть заданы. Дело либо не в деньгах, либо наоборот, в деньгах настолько больших, что Организации лучше не знать подробностей. Так или иначе, Доктор Хьюстон вполне способна собрать человеческий паззл правильно, даже если от человека осталась только та часть, которая дышит. Однако, не стоит удивляться, если при этом ваша фамилия окажется вписана в графу напротив согласия на использование экспериментального препарата, не прошедшего клинические испытания. Позывной ""Паук"" пришел вместе с ней в организацию с легкой руки Кирка ""Статика"". Там какая-то своя история, мы не вникали. И все же, стоит заметить, что для человека без боевого опыта и хоть сколько-нибудь тренированной физической формы, Донна чрезвычайно мягко ступает, и видит в темноте, как кошка.",,,ModItemUnitDataCompositeDef Jazz_Spider Bio
717418830781,Алмазная Донна полевой хирургии.,,,ModItemUnitDataCompositeDef Jazz_Spider Title
923960576868,HoustonMD@aim.com,,,ModItemUnitDataCompositeDef Jazz_Spider Email
481545511185,HoustonMD,,,ModItemUnitDataCompositeDef Jazz_Spider snype_nick
302600089671,"Учитывая специфику нашей работы, я требую хотя бы минимум уважения. Я нахожу, что мисс Зондергад весьма невоспитана и чрезвычайно склонна к снобизму. Это просто невыносимо. Извините.",,Jazz_Spider,ModItemUnitDataCompositeDef Jazz_Spider Text MercChatRefusal Lines ChatMessage 
318587916867,"Очевидно, ваш бюджет не позволит вам адекватно оценить мою работу.",,Jazz_Spider,ModItemUnitDataCompositeDef Jazz_Spider Text MercChatRefusal Lines ChatMessage 
205050620277,"Не представляю, как можно это сделать. Как врач, я стараюсь уважать чужую жизнь, насколько это возможно при такой работе, конечно. Судя по вашей биографии, вы придерживаетесь другой философии. Я очень разборчива когда дело доходит до контракта. Вы для меня слегка... вульгарны, пожалуй.",,Jazz_Spider,ModItemUnitDataCompositeDef Jazz_Spider Text MercChatRefusal Lines ChatMessage 
207048313891,"Не представляю, как можно это сделать. Как врач, я стараюсь уважать чужую жизнь, насколько это возможно при такой работе, конечно. Судя по вашей биографии, вы придерживаетесь другой философии. Я очень разборчива когда дело доходит до контракта. Вы для меня слегка... вульгарны, пожалуй.",,Jazz_Spider,ModItemUnitDataCompositeDef Jazz_Spider Text MercChatRefusal Lines ChatMessage 
579655211150,"Мы с Вики Вотерс отлично ладим. Поэтому я готова ответить на ваше предложение согласием, несмотря на некоторые сомнения. Я уверена, что вместе с Вики мы сумеем со всем этим справится.",,Jazz_Spider,ModItemUnitDataCompositeDef Jazz_Spider Text MercChatMitigation Lines ChatMessage 
299698692708,"Я вовсе не в восторге от этого проекта. Но скажу без затей: по моему мнению, Сова - отличный товарищ, и я доверяю ей полностью. Поэтому - я согласна!",,Jazz_Spider,ModItemUnitDataCompositeDef Jazz_Spider Text MercChatMitigation Lines ChatMessage 
954128588772,"Доктор Хьюстон. Меня нет на месте, но, если вы оставите сообщение, кто-нибудь свяжется с вами в ближайшее время. Если нужна срочная медицинская помощь, позвоните в клинику по номеру JL5-1494.",,Jazz_Spider,ModItemUnitDataCompositeDef Jazz_Spider Text Offline ChatMessage 
898527816735,"Доктор Хьюстон. Чем могу служить? Хорошо, поговорим о том, насколько долгий контракт вы собирались мне предложить.",,Jazz_Spider,ModItemUnitDataCompositeDef Jazz_Spider Text GreetingAndOffer ChatMessage 
334995525715," Простите, я хотела сказать... Послушайте, у меня есть и другие дела на сегодня!",,Jazz_Spider,ModItemUnitDataCompositeDef Jazz_Spider Text ConversationRestart ChatMessage 
669174238474,"Я слишком занята. Обязательно позвоните мне, когда выясните для себя, что вам, собственно, нужно.",,Jazz_Spider,ModItemUnitDataCompositeDef Jazz_Spider Text IdleLine ChatMessage 
499758495969,"Отлично, похоже, что все в порядке. Готова к службе!",,Jazz_Spider,ModItemUnitDataCompositeDef Jazz_Spider Text PartingWords ChatMessage 
569935050433,"Похоже, мой контракт почти закончен. Поговорим о продлении, или мне подумать о другой работе?",,Jazz_Spider,ModItemUnitDataCompositeDef Jazz_Spider Text RehireIntro ChatMessage 
506384671724,Очень хорошо! Я с нетерпением жду новых заданий.,,Jazz_Spider,ModItemUnitDataCompositeDef Jazz_Spider Text RehireOutro ChatMessage 
934996152027,Следующая задача?,,Jazz_Spider,ModItemVoiceResponse Jazz_Spider Selection VoiceResponse Selection - when selected or autoselected 
690905052800,Готова к работе.,,Jazz_Spider,ModItemVoiceResponse Jazz_Spider Selection VoiceResponse Selection - when selected or autoselected 
187482808739,Доктор Хьюстон.,,Jazz_Spider,ModItemVoiceResponse Jazz_Spider Selection VoiceResponse Selection - when selected or autoselected 
685769555215,Слушаю!,,Jazz_Spider,ModItemVoiceResponse Jazz_Spider SelectionStealth VoiceResponse SelectionStealth - when selected or autoselected 
895866562784,Хорошо!,,Jazz_Spider,ModItemVoiceResponse Jazz_Spider SelectionStealth VoiceResponse SelectionStealth - when selected or autoselected 
630854748822,Ладно!,,Jazz_Spider,ModItemVoiceResponse Jazz_Spider SelectionStealth VoiceResponse SelectionStealth - when selected or autoselected 
424414749198,Я слышала какой-то звук! Я совершенно уверена!,,Jazz_Spider,ModItemVoiceResponse Jazz_Spider OverwatchSelection VoiceResponse OverwatchSelection - Selected when under Overwatch. 
102970979232,"Ого! Господи, что со мной могло случится!",,Jazz_Spider,ModItemVoiceResponse Jazz_Spider ThreatSelection VoiceResponse ThreatSelection - Selected when under Pinned Down or in the area of an incoming explosion. 
390863951465,"Я не могу овладеть ситуацией! Мне надо отсюда вырваться, пока я не потеряла разум!",,Jazz_Spider,ModItemVoiceResponse Jazz_Spider HeavilyWoundedSelection VoiceResponse HeavilyWoundedSelection - Selected or autoselected with less than 20% health 
496206738742,Внимание! Здесь каждый шаг может стать последним!,,Jazz_Spider,ModItemVoiceResponse Jazz_Spider MineNearbySelection VoiceResponse MineNearbySelection - Selected when there is a trap nearby 
102593759252,кашляет,,Jazz_Spider,ModItemVoiceResponse Jazz_Spider GasAreaSelection VoiceResponse GasAreaSelection - Unit receiving gas effect or starting round in one. 
868051771565,"Полагаю, не мешало бы продумать все это получше.",,Jazz_Spider,ModItemVoiceResponse Jazz_Spider ManyEnemiesSelection VoiceResponse ManyEnemiesSelection - Selected when the unit sees 5+ units in line of fire 
998509249527,"карабкается, пыхтит",,Jazz_Spider,"ModItemVoiceResponse Jazz_Spider Climbing VoiceResponse Climbing - Emote. When unit is climbing over fences, on cliffs, etc. "
304060081124,"карабкается, пыхтит",,Jazz_Spider,"ModItemVoiceResponse Jazz_Spider Climbing VoiceResponse Climbing - Emote. When unit is climbing over fences, on cliffs, etc. "
148583031817,"бежит, дышит",,Jazz_Spider,ModItemVoiceResponse Jazz_Spider HeavyBreathing VoiceResponse HeavyBreathing - During physical exertion 
566351894894,"бежит, дышит",,Jazz_Spider,ModItemVoiceResponse Jazz_Spider HeavyBreathing VoiceResponse HeavyBreathing - During physical exertion 
950600888574,"прыгает, гоп",,Jazz_Spider,ModItemVoiceResponse Jazz_Spider Jumping VoiceResponse Jumping - When jumping over small obstacles (e.g. puddles) 
619215783391,"прыгает, гоп",,Jazz_Spider,ModItemVoiceResponse Jazz_Spider Jumping VoiceResponse Jumping - When jumping over small obstacles (e.g. puddles) 
425623198151,а?,,Jazz_Spider,ModItemVoiceResponse Jazz_Spider Startled VoiceResponse Startled - Startled by hearing a sudden noise 
207134300660,че?,,Jazz_Spider,ModItemVoiceResponse Jazz_Spider Startled VoiceResponse Startled - Startled by hearing a sudden noise 
979155326648,Ладно!,,Jazz_Spider,ModItemVoiceResponse Jazz_Spider CombatMovement VoiceResponse CombatMovement - When ordering movement in combat. Up to one full sentence or two short ones. 
452783725858,Хорошо!,,Jazz_Spider,ModItemVoiceResponse Jazz_Spider CombatMovement VoiceResponse CombatMovement - When ordering movement in combat. Up to one full sentence or two short ones. 
255478950698,Очень хорошо! ,,Jazz_Spider,ModItemVoiceResponse Jazz_Spider CombatMovement VoiceResponse CombatMovement - When ordering movement in combat. Up to one full sentence or two short ones. 
384096176225,Добавь меня к списку.,,Jazz_Spider,ModItemVoiceResponse Jazz_Spider CombatMovementStealth VoiceResponse CombatMovementStealth - When ordering movement while sneaking. Voice should be shushed (except Steroid) 
348025115845,Готова к работе.,,Jazz_Spider,ModItemVoiceResponse Jazz_Spider CombatMovementStealth VoiceResponse CombatMovementStealth - When ordering movement while sneaking. Voice should be shushed (except Steroid) 
840176309304,Я с нетерпением жду новых заданий.,,Jazz_Spider,ModItemVoiceResponse Jazz_Spider CombatMovementStealth VoiceResponse CombatMovementStealth - When ordering movement while sneaking. Voice should be shushed (except Steroid) 
716767204533,Дай мне еще не много времени на анализ ситуации - а тогда уж и поговорим.,,Jazz_Spider,ModItemVoiceResponse Jazz_Spider GroupOrder VoiceResponse GroupOrder - When movement ordered in follow mode or multi selected with other mercs. 
737045544313,"Одно из приятных качеств этой работы - то, что успеваешь встретить столько интересных людей.",,Jazz_Spider,ModItemVoiceResponse Jazz_Spider GroupOrder VoiceResponse GroupOrder - When movement ordered in follow mode or multi selected with other mercs. 
619491844894,"Помедленнее, а то у меня будут проблемы с легкими!",,Jazz_Spider,ModItemVoiceResponse Jazz_Spider GroupOrder VoiceResponse GroupOrder - When movement ordered in follow mode or multi selected with other mercs. 
654032335337,Чем могу служить?,,Jazz_Spider,ModItemVoiceResponse Jazz_Spider Order VoiceResponse Order - When movement ordered (out of combat) Should be very short (3-5 words) 
962451046569,Можешь опять на меня расчитывать.,,Jazz_Spider,ModItemVoiceResponse Jazz_Spider Order VoiceResponse Order - When movement ordered (out of combat) Should be very short (3-5 words) 
556919213671,Добавь меня к списку.,,Jazz_Spider,ModItemVoiceResponse Jazz_Spider Order VoiceResponse Order - When movement ordered (out of combat) Should be very short (3-5 words) 
675722179704,Я с нетерпением жду новых заданий.,,Jazz_Spider,ModItemVoiceResponse Jazz_Spider Order VoiceResponse Order - When movement ordered (out of combat) Should be very short (3-5 words) 
560063196152,Готова к работе.,,Jazz_Spider,ModItemVoiceResponse Jazz_Spider Order VoiceResponse Order - When movement ordered (out of combat) Should be very short (3-5 words) 
748733504828,"Вот идиот! Ему место в рекламе - ""Контролируйте рождаемость""!",,Jazz_Spider,ModItemVoiceResponse Jazz_Spider AimAttack VoiceResponse AimAttack - When aiming and there is a decent chance of hitting 
531121055156,Выброс адреналина! Я чувствую - сейчас что-то случится.,,Jazz_Spider,ModItemVoiceResponse Jazz_Spider AimAttack VoiceResponse AimAttack - When aiming and there is a decent chance of hitting 
279419436377,Я не сомневаюсь в присутствии противника.,,Jazz_Spider,ModItemVoiceResponse Jazz_Spider AimAttack VoiceResponse AimAttack - When aiming and there is a decent chance of hitting 
516488153182,"Нет, для меня это слишком сложно. Похоже, этого вообще нельзя сделать.",,Jazz_Spider,ModItemVoiceResponse Jazz_Spider AimAttack_Low VoiceResponse AimAttack_Low - When aiming and the CtH is less than 20% 
739631325325,"Не такой я снайпер, чтобы туда попасть.",,Jazz_Spider,ModItemVoiceResponse Jazz_Spider AimAttack_Low VoiceResponse AimAttack_Low - When aiming and the CtH is less than 20% 
111872647333,"Полагаю, не мешало бы продумать все это получше.",,Jazz_Spider,ModItemVoiceResponse Jazz_Spider AimAttackStealth VoiceResponse AimAttackStealth - When aiming and there is a decent chance of hitting. Used while Sneaking - voice should be shushed (except Steroid) 
705978782029,Давайте попробуем не повторять эту ошибку.,,Jazz_Spider,ModItemVoiceResponse Jazz_Spider AimAttackStealth VoiceResponse AimAttackStealth - When aiming and there is a decent chance of hitting. Used while Sneaking - voice should be shushed (except Steroid) 
282913353932,"Не могу. Вернее, НЕ ХОЧУ.",,Jazz_Spider,ModItemVoiceResponse Jazz_Spider AimAttack_LowStealth VoiceResponse AimAttack_LowStealth - When aiming and there is very low chance of hitting. Used while Sneaking - voice should be shushed (except Steroid) 
953737232800,Сейчас начнется!,,Jazz_Spider,ModItemVoiceResponse Jazz_Spider CombatStartPlayer VoiceResponse CombatStartPlayer - When player initiates combat with shot. 
659277276887,Тут долго не поуворачиваешься!,,Jazz_Spider,ModItemVoiceResponse Jazz_Spider CombatStartDetected VoiceResponse CombatStartDetected - When enemy detects a merc who was hiding. 
515353939957,"Я рада, что все закончилось. Врагов здесь не осталось, только их потери в живой силе!",,Jazz_Spider,ModItemVoiceResponse Jazz_Spider CombatEndNoEnemies VoiceResponse CombatEndNoEnemies - All enemies have been killed. 
567757791660,"Не думаю, что мы нашли их всех.",,Jazz_Spider,ModItemVoiceResponse Jazz_Spider CombatEndEnemiesRemain VoiceResponse CombatEndEnemiesRemain - There are no more aware enemies but there are still enemies in the sector. 
891094391069,"Ох, слава богу! Они ушли.",,Jazz_Spider,ModItemVoiceResponse Jazz_Spider CombatEndEnemiesRetreated VoiceResponse CombatEndEnemiesRetreated - All enemies have retreated 
865021347183,О!,,Jazz_Spider,ModItemVoiceResponse Jazz_Spider Pain VoiceResponse Pain - Hit by an attack (if surrounded SurroundedPain is played instead). Short. These are emotes - disregard the written text. 
971124630882,А!,,Jazz_Spider,ModItemVoiceResponse Jazz_Spider Pain VoiceResponse Pain - Hit by an attack (if surrounded SurroundedPain is played instead). Short. These are emotes - disregard the written text. 
985474219069,Аааах.,,Jazz_Spider,ModItemVoiceResponse Jazz_Spider Pain VoiceResponse Pain - Hit by an attack (if surrounded SurroundedPain is played instead). Short. These are emotes - disregard the written text. 
151665864036,"Мне нужна помощь, неотложно!",,Jazz_Spider,ModItemVoiceResponse Jazz_Spider SurroundedPain VoiceResponse SurroundedPain - hit by an attack when surrounded. Situation should be very dire 
556968077117,Кровь. Хорошо хоть прививку от столбняка сделала!,,Jazz_Spider,"ModItemVoiceResponse Jazz_Spider Wounded VoiceResponse Wounded - Unit is Wounded. (When the Wounded VR is played, the Pain VR should be suppressed.) Add a pain noise at the begining "
926842382510,Посмотри - у меня пульс как с цепи сорвался! Я покрываюсь испариной... ,,Jazz_Spider,"ModItemVoiceResponse Jazz_Spider Wounded VoiceResponse Wounded - Unit is Wounded. (When the Wounded VR is played, the Pain VR should be suppressed.) Add a pain noise at the begining "
107870618922,Боль непереносима.,,Jazz_Spider,ModItemVoiceResponse Jazz_Spider SeriouslyWounded VoiceResponse SeriouslyWounded - Unit is seriously wounded (3 or more wounds). Add a pain noise at the begining. 
577012002969,Слишком большая потеря крови! Сейчас будет шок!,,Jazz_Spider,ModItemVoiceResponse Jazz_Spider Downed VoiceResponse Downed - When entering Downed state. Voice should be as if losing consciousness 
859850047462,Чужаки,,Jazz_Spider,ModItemVoiceResponse Jazz_Spider OpponentFound VoiceResponse OpponentFound - Enemy spotted. 
465052823647,Черт!,,Jazz_Spider,ModItemVoiceResponse Jazz_Spider OpponentFound VoiceResponse OpponentFound - Enemy spotted. 
208359484899,Чуждые элементы!,,Jazz_Spider,ModItemVoiceResponse Jazz_Spider OpponentFound VoiceResponse OpponentFound - Enemy spotted. 
682329187809,Я не сомневаюсь в присутствии противника.,,Jazz_Spider,ModItemVoiceResponse Jazz_Spider OpponentFound VoiceResponse OpponentFound - Enemy spotted. 
473496320013,Сейчас начнется!,,Jazz_Spider,ModItemVoiceResponse Jazz_Spider OpponentFound VoiceResponse OpponentFound - Enemy spotted. 
358423443108,Ой! Тигр!,,Jazz_Spider,ModItemVoiceResponse Jazz_Spider AnimalFound VoiceResponse AnimalFound - Enemy animal spotted. 
646522112366,"О, господи, еще одно СУЩЕСТВО.",,Jazz_Spider,ModItemVoiceResponse Jazz_Spider AnimalFound VoiceResponse AnimalFound - Enemy animal spotted. 
878842387501,Замечательно!,,Jazz_Spider,ModItemVoiceResponse Jazz_Spider OpponentKilled VoiceResponse OpponentKilled - When opponent killed (unless OponentKilledCrit or OponentKilled multi isplayed) 
622058629659,ХА!,,Jazz_Spider,ModItemVoiceResponse Jazz_Spider OpponentKilled VoiceResponse OpponentKilled - When opponent killed (unless OponentKilledCrit or OponentKilled multi isplayed) 
697898544301,Ах какая же я лицемерка!,,Jazz_Spider,ModItemVoiceResponse Jazz_Spider OpponentKilled VoiceResponse OpponentKilled - When opponent killed (unless OponentKilledCrit or OponentKilled multi isplayed) 
366392063705,А вот это - славно.,,Jazz_Spider,ModItemVoiceResponse Jazz_Spider OpponentKilled VoiceResponse OpponentKilled - When opponent killed (unless OponentKilledCrit or OponentKilled multi isplayed) 
214745093796,"Думаю, прервав эту жизнь, я сохранила много других.",,Jazz_Spider,ModItemVoiceResponse Jazz_Spider OpponentKilled VoiceResponse OpponentKilled - When opponent killed (unless OponentKilledCrit or OponentKilled multi isplayed) 
279996202112,"Может, я опять смогу заснуть!",,Jazz_Spider,ModItemVoiceResponse Jazz_Spider OpponentKilledAnimal VoiceResponse OpponentKilledAnimal - When animal is killed 
144141204511,Взяла!,,Jazz_Spider,ModItemVoiceResponse Jazz_Spider OpponentKilledStealth VoiceResponse OpponentKilledStealth - Played when a Stealth kill happens. Voice should be shushed (except Steroid) 
948635796154,"Как можно такое увидеть и не подумать, что работка у нас - не очень?",,Jazz_Spider,ModItemVoiceResponse Jazz_Spider OpponentKilledHeadshot VoiceResponse OpponentKilledHeadshot - Opponent killed with a headshot 
787992021169,"Наверное, это была не самая легкая работа в моей жизни, но в конце концов я поняла, насколько она была необходима.",,Jazz_Spider,ModItemVoiceResponse Jazz_Spider MultiOpponentKilled VoiceResponse MultiOpponentKilled - When 2+ enemies are killed with the same attack 
375526940418,"Наконец-то! Хоть есть, чему порадоваться.",,Jazz_Spider,ModItemVoiceResponse Jazz_Spider MultiOpponentKilled VoiceResponse MultiOpponentKilled - When 2+ enemies are killed with the same attack 
530556568332,"Это и правда было так близко, или мне показалось?",,Jazz_Spider,ModItemVoiceResponse Jazz_Spider OpponentKilledMelee VoiceResponse OpponentKilledMelee - Played when killing a unit with melee weapon 
391843332947,Замечательно!,,Jazz_Spider,ModItemVoiceResponse Jazz_Spider HealReceived VoiceResponse HealReceived - Bandaged by a merc or Metvirion used in Inventory 
570086844191,"Ого! Господи, что со мной могло случится!",,Jazz_Spider,ModItemVoiceResponse Jazz_Spider MissedByKillShot VoiceResponse MissedByKillShot - When character missed a by a shot that would've killed him/her. Shot must have had 50%+ CtH. 
632915371810,Меня мутит.,,Jazz_Spider,ModItemVoiceResponse Jazz_Spider DeathGeneral VoiceResponse DeathGeneral - Played when a character that is neither liked or disliked dies 
353671688676,"Подруга...Вики, я бы лучше умерла вместо тебя, или как-нибудь спасла тебя, что ли! Как, черт возьми, я могу оставаться равнодушной, когда такое происходит?",,Jazz_Spider,ModItemVoiceResponse Jazz_Spider DeathBuddy1 VoiceResponse DeathBuddy1 - Played on the death of Vicki. 
583874080532,"Вы с Роном были как сиамские близнецы, Шарлин. Представить невозможно, что один из вас сможет обходиться без другого. Прощай, Шарлин.",,Jazz_Spider,ModItemVoiceResponse Jazz_Spider DeathBuddy2 VoiceResponse DeathBuddy2 - Played on the death of Raven. 
793783090759,"Либо она, либо мы!",,Jazz_Spider,ModItemVoiceResponse Jazz_Spider DeathDislike1 VoiceResponse DeathDislike1 - Played on the death of Buns. 
841186112527,"Одно из приятных качеств этой работы - то, что успеваешь встретить столько интересных людей.",,Jazz_Spider,ModItemVoiceResponse Jazz_Spider PraisesFemale VoiceResponse PraisesFemale - Played when a female merc makes a kill (20% chance) 
673665649440,"Не пойму, почему мужчинам так нравятся подобные занятия... убивать, чесаться, блевать, все в таком роде.",,Jazz_Spider,ModItemVoiceResponse Jazz_Spider PraisesMale VoiceResponse PraisesMale - Played when a male merc makes a kill (20% chance) 
658024542546,А я и не удивляюсь..! Уж Вики умеет работать!,,Jazz_Spider,ModItemVoiceResponse Jazz_Spider PraisesBuddy1 VoiceResponse PraisesBuddy1 - Played on a successful kill by Vicki. 
746957720143,Сова сразу произвела на меня приятное впечатление - и я попала в точку!,,Jazz_Spider,ModItemVoiceResponse Jazz_Spider PraisesBuddy2 VoiceResponse PraisesBuddy2 - Played on a successful kill by Raven. 
380552164029,"Может быть, эта работа меня бы больше устраивала, если б не эти тихие святоши, вроде Зондергад, которые все знают лучше тебя.",,Jazz_Spider,ModItemVoiceResponse Jazz_Spider PraisesDislike1 VoiceResponse PraisesDislike1 - Played on a successful kill by Buns. 
249950979247,"Что же, это не лучшая группа, с которой мне приходилось работать",,Jazz_Spider,ModItemVoiceResponse Jazz_Spider MockGeneral VoiceResponse MockGeneral - 20% chance to play when another merc misses a high chance shot 
761196135748,"Я уверена, что вместе с Вики мы сумеем со всем этим справится.",,Jazz_Spider,ModItemVoiceResponse Jazz_Spider MockLike1 VoiceResponse MockLike1 - Played on a high chance miss by Vicki. 
531483834733,"по моему мнению, Сова - отличный товарищ, и я доверяю ей абсолютно.",,Jazz_Spider,ModItemVoiceResponse Jazz_Spider MockLike2 VoiceResponse MockLike2 - Played on a high chance miss by Raven. 
512115282353,"Я нахожу, что мисс Зондергад весьма невоспитана и чрезвычайно склонна к снобизму. Это просто невыносимо. ",,Jazz_Spider,ModItemVoiceResponse Jazz_Spider MockDislike1 VoiceResponse MockDislike1 - Played on a high chance miss by Buns. 
635669226459,"Всякий раз, как скажешь себе: ""Вот он, предел падения человека!"" - обязательно окажешься в компании вроде этой.",,Jazz_Spider,ModItemVoiceResponse Jazz_Spider FriendlyFireGeneral VoiceResponse FriendlyFireGeneral - Played on friendly fire by the unit hit if the hitting unit is neither Liked or Disliked 
941528063776,"Ах! Зачем ты выстрелила в меня, Вики? Я тебе не ""Корвет"", я из плоти и крови! Меня не выйдет замазать шпаклевкой и отполировать!",,Jazz_Spider,ModItemVoiceResponse Jazz_Spider FriendlyFireBuddy1 VoiceResponse FriendlyFireBuddy1 - Played on friendly fire by the unit hit if the hitting unit is Liked - Vicki. 
827728759217,"А! Шарлин! Что ты делаешь? Это какой-то знак, или что? Что я должна сделать? Не понимаю.",,Jazz_Spider,ModItemVoiceResponse Jazz_Spider FriendlyFireBuddy2 VoiceResponse FriendlyFireBuddy2 - Played on friendly fire by the unit hit if the hitting unit is Liked - Raven. 
756807324263,Ай! Мисс Зондергард! Это было в высшей степени непрофессионально с вашей стороны! Выбирайте мишень тщательнее! Уж будьте любезны потрудиться!,,Jazz_Spider,ModItemVoiceResponse Jazz_Spider FriendlyFireDislike1 VoiceResponse FriendlyFireDislike1 - Played on friendly fire by the unit hit if the hitting unit is Disiked - Buns. 
572423503632,"это я его убила! Не знаю, гордиться собой... или меня от себя стошнит! Всего понемножку, наверное!",,Jazz_Spider,ModItemVoiceResponse Jazz_Spider KillFriendlyFireGeneral VoiceResponse KillFriendlyFireGeneral - Played when a unit kills an ally with friendly fire and the dying unit is neither Liked nor Disliked 
512609438715,"Что? Вики? Вики! Нет! Почему? Почему я убиваю своих друзей? Я не должна никого убивать! Я врач, я должна лечить их, а не убивать! Я не хочу, чтоб они умирали!",,Jazz_Spider,ModItemVoiceResponse Jazz_Spider KillFriendlyFireBuddy1 VoiceResponse KillFriendlyFireBuddy1 - Played when a unit kills an ally with friendly fire and the dying unit is Liked - Vicki. 
433488347204,"Шарлин! Нет! Прости-прости-прости! Как я могла? Зачем я вообще взяла в руки оружие? Вокруг меня все умирают, я проклята!",,Jazz_Spider,ModItemVoiceResponse Jazz_Spider KillFriendlyFireBuddy2 VoiceResponse KillFriendlyFireBuddy2 - Played when a unit kills an ally with friendly fire and the dying unit is Liked - Raven. 
103474241264,"Вот черт! Я, конечно, терпеть не могла Монику, но уж точно не желала ей смерти. И уж точно не хотела убивать ее сама! Записываю время смерти...",,Jazz_Spider,ModItemVoiceResponse Jazz_Spider KillFriendlyFireDislike1 VoiceResponse KillFriendlyFireDislike1 - Played when a unit kills an ally with friendly fire and the dying unit is Disliked - Buns. 
253085579896,"Патроны, немедленно!",,Jazz_Spider,ModItemVoiceResponse Jazz_Spider AmmoLow VoiceResponse AmmoLow - Played when there is less than 25% of clip size or a full reload cannot be made 
386888790086,"Патроны, немедленно!",,Jazz_Spider,ModItemVoiceResponse Jazz_Spider NoAmmo VoiceResponse NoAmmo - No more ammo in the gun and no more bullets. 
650935403616,Осечка. Надо вытащить патрон.,,Jazz_Spider,ModItemVoiceResponse Jazz_Spider WeaponJammed VoiceResponse WeaponJammed - When weapon has jammed 
908468352963,"Ну, знаете! Я не могу позволить себе работать с оборудованием, которое в принципе не надежно.",,Jazz_Spider,ModItemVoiceResponse Jazz_Spider WeaponBroken VoiceResponse WeaponBroken - When the player's weapon breaks 
793481254572,"Может, мне еще поработать с каменными ножами и медвежьими шкурами? Будь все проклято, я - профессионал!",,Jazz_Spider,ModItemVoiceResponse Jazz_Spider ItemDeteriorates VoiceResponse ItemDeteriorates - Played when a piece of equipment deteriotes to the point when it is in the Needs Repair condition 
389792563855,"Может, мне еще поработать с каменными ножами и медвежьими шкурами? Будь все проклято, я - профессионал!",,Jazz_Spider,ModItemVoiceResponse Jazz_Spider ItemInPoorConditionEquipped VoiceResponse ItemInPoorConditionEquipped - Played in Inventory when player equips weapon/armor that is in Poor Condition 
426733413761,"Не хочу никого пугать, но я очень люблю полевую хирургию!",,Jazz_Spider,ModItemVoiceResponse Jazz_Spider TacticalCareful VoiceResponse TacticalCareful - The other team is making gains during the battle (inflicted 2+ wounds during their turn) 
812274195558,"Полагаю, не мешало бы продумать все это получше.",,Jazz_Spider,ModItemVoiceResponse Jazz_Spider TacticalFocus VoiceResponse TacticalFocus - The team has missed  3+ times 
463630214662,"Вот идиот! Ему место в рекламе - ""Контролируйте рождаемость""!",,Jazz_Spider,ModItemVoiceResponse Jazz_Spider TacticalLastEnemy VoiceResponse TacticalLastEnemy - A single enemy remains 
326547059680,"Лучше бы мне в больнице горшки выносить, чем все это терпеть.",,Jazz_Spider,ModItemVoiceResponse Jazz_Spider TacticalLoss VoiceResponse TacticalLoss - The team is losing the battle (2+ units have been downed/killed) 
885406546804,"Не представляю, как можно это сделать. Как врач, я стараюсь уважать чужую жизнь, насколько это возможно при такой работе, конечно.",,Jazz_Spider,ModItemVoiceResponse Jazz_Spider TacticalRevenge VoiceResponse TacticalRevenge - A unit from the team has been downed/killed 
860489191576,"Я лично полагаю, что всякий, кто покушается на чужую свободу, должен ответить по закону, и именно так мы и расчитываем поступить.",,Jazz_Spider,ModItemVoiceResponse Jazz_Spider TacticalTaunt VoiceResponse TacticalTaunt - The team has visible enemies from the other team and is shouting things at them 
638363130733,Готова к работе.,,Jazz_Spider,ModItemVoiceResponse Jazz_Spider BecomeHidden VoiceResponse BecomeHidden - Played when entering Sneak mode. Voice should be shushed (except Steroid) 
583199524339,Следующая задача?,,Jazz_Spider,ModItemVoiceResponse Jazz_Spider BecomeHidden VoiceResponse BecomeHidden - Played when entering Sneak mode. Voice should be shushed (except Steroid) 
459606553562,Выброс адреналина! Я чувствую - сейчас что-то случится.,,Jazz_Spider,ModItemVoiceResponse Jazz_Spider Overwatch VoiceResponse Overwatch - When setting overwatch 
399210040383,Тут долго не поуворачиваешься!,,Jazz_Spider,ModItemVoiceResponse Jazz_Spider TakeCover VoiceResponse TakeCover - Played when the Take Cover action is used 
302993143590,ХА!,,Jazz_Spider,ModItemVoiceResponse Jazz_Spider ThrowGrenade VoiceResponse ThrowGrenade - When throwing grenade. Voiced line starts before the explosion. 
944512092544,Выброс адреналина! Я чувствую - сейчас что-то случится.,,Jazz_Spider,ModItemVoiceResponse Jazz_Spider PinDown VoiceResponse PinDown - When pinning down (sniper rifles only) 
743479715111,Внимание! Здесь каждый шаг может стать последним!,,Jazz_Spider,ModItemVoiceResponse Jazz_Spider MineFound VoiceResponse MineFound - A mine (or other explosive trap) was found nearby 
306584344499,"Не хочу никого пугать, но я очень люблю полевую хирургию!",,Jazz_Spider,ModItemVoiceResponse Jazz_Spider BandageDownedUnit VoiceResponse BandageDownedUnit - When a downed unit is bandaged. Played by the unit that does the bandaging 
615526883141,"Послушайте, у меня есть и другие дела на сегодня!",,Jazz_Spider,ModItemVoiceResponse Jazz_Spider NotNow VoiceResponse NotNow - When interacting with a NPC while in combat 
687221729960,"Мне нужна помощь, неотложно!",,Jazz_Spider,ModItemVoiceResponse Jazz_Spider Outnumbered VoiceResponse Outnumbered - Unit sees more enemies than allies 
979751155093,Замечательно!,,Jazz_Spider,ModItemVoiceResponse Jazz_Spider LowChanceShot VoiceResponse LowChanceShot - Successful attack when the CtH is less than 20% 
957064295330,Черт!,,Jazz_Spider,ModItemVoiceResponse Jazz_Spider MissHighChance VoiceResponse MissHighChance - When a shot with 90%+ CtH was missed 
259340094074,"Мне нужна помощь, неотложно!",,Jazz_Spider,ModItemVoiceResponse Jazz_Spider MeleeEnemiesClosing VoiceResponse MeleeEnemiesClosing - When enemy in melee range. Needs further clarification!!! 
975008642876,Я на некоторое время займусь научной работой. Этот контракт меня просто вымотал. Мне нужно прийти в себя.,,Jazz_Spider,ModItemVoiceResponse Jazz_Spider CombatTaskGiven VoiceResponse CombatTaskGiven - When the merc sets the player a new Combat Task 
487267925473,"Спасибо, что дали мне возможность поработать с вашей командой. ",,Jazz_Spider,ModItemVoiceResponse Jazz_Spider CombatTaskCompleted VoiceResponse CombatTaskCompleted - When the Combat Task issued by the merc is completed 
718868776454,"Отлично, похоже, что все в порядке. Готова к службе!",,Jazz_Spider,ModItemVoiceResponse Jazz_Spider CombatTaskFailed VoiceResponse CombatTaskFailed - When the Combat Task issued by the merc is failed 
118410023717,Век живи - век учись!,,Jazz_Spider,ModItemVoiceResponse Jazz_Spider LevelUp VoiceResponse LevelUp - Leveled up or a magazine is read. Only one played if multiple character level up. 
721503532384,Так...,,Jazz_Spider,"ModItemVoiceResponse Jazz_Spider LootFound VoiceResponse LootFound - A loot container is nearby (e.g. dead body, crate,...) 10s cooldown "
697121656343,Там что-то есть...,,Jazz_Spider,"ModItemVoiceResponse Jazz_Spider LootFound VoiceResponse LootFound - A loot container is nearby (e.g. dead body, crate,...) 10s cooldown "
707682431232,Ух-ты!,,Jazz_Spider,"ModItemVoiceResponse Jazz_Spider InteractableFound VoiceResponse InteractableFound - A custom interactable (quest related etc), herbs or salvage material found. "
592497176764,Взяла!,,Jazz_Spider,ModItemVoiceResponse Jazz_Spider LootOpened VoiceResponse LootOpened - Loot container opened. Supressed by ValuableItemFound 
718716176780,"Наконец-то! Хоть есть, чему порадоваться.",,Jazz_Spider,ModItemVoiceResponse Jazz_Spider ValuableItemFound VoiceResponse ValuableItemFound - Loot container opened with a valuable item inside 
872315773096,Закрыто!,,Jazz_Spider,ModItemVoiceResponse Jazz_Spider DoorLocked VoiceResponse DoorLocked - When a attempting to open locked door 
141058614304,"Я слишком сильно утомлена, чтобы продолжать работу.",,Jazz_Spider,ModItemVoiceResponse Jazz_Spider Tired VoiceResponse Tired - when the merc becomes tired 
524906689913,"Все, я ложусь. Скоро буду опять готова к работе.",,Jazz_Spider,ModItemVoiceResponse Jazz_Spider Exhausted VoiceResponse Exhausted - when the merc becomes Exhausted 
300731724515,"Не хочу никого пугать, но я очень люблю полевую хирургию!",,Jazz_Spider,ModItemVoiceResponse Jazz_Spider ActivityStarted VoiceResponse ActivityStarted - When an activity is started. Played by the firs merc associated with the task 
200362931034,Следующая задача?,,Jazz_Spider,ModItemVoiceResponse Jazz_Spider ActivityFinished VoiceResponse ActivityFinished - SatView activity finished 
528546746564,Век живи - век учись!,,Jazz_Spider,ModItemVoiceResponse Jazz_Spider TrainingReceived VoiceResponse TrainingReceived - Training received in SatView. Uses LevelUp if blank. 
310428068750,"Окей, я здесь. Готова к работе.",,Jazz_Spider,ModItemVoiceResponse Jazz_Spider SectorArrived VoiceResponse SectorArrived - SatView - new sector reached. Played by random merc in squad. 
995720215017,Надо было мне взять с собой противомоскитную сетку! Насекомые переносят столько заболеваний! Сетки должны быть частью обязательного снаряжения!,,Jazz_Spider,ModItemVoiceResponse Jazz_Spider Travelling VoiceResponse Travelling - When a squad is travelling and enters new sector that is not the final destination of the travel. Played by the squad leader 
464401977453,Я готовлю работу по лечению связаных с потерей крови лихорадочных сотояний в полевых условиях.,,Jazz_Spider,ModItemVoiceResponse Jazz_Spider InterestingSector VoiceResponse InterestingSector - Reached a sector that is marked as interesting. There is somethingin there the player should explore. 
281807945653,я на некоторое время займусь научной работой.,,Jazz_Spider,ModItemVoiceResponse Jazz_Spider Idle VoiceResponse Idle - Play every 4 hours during which a squad has been inactive.. Played by any of the mercs in the squad. 
425276899453,Можешь опять на меня расчитывать.,,Jazz_Spider,ModItemVoiceResponse Jazz_Spider BusySatView VoiceResponse BusySatView - Played when merc is in an activity for more than 8 hours. Students and Patients excluded. Played once per activity. 
838774264495,"Значит, так? Хорошо. Ну что же, если вы считаете, что так надо... Уверена, что скоро вы опять ко мне обратитесь.",,Jazz_Spider,ModItemVoiceResponse Jazz_Spider ContractExpired VoiceResponse ContractExpired - when the mercs contract expires and the player has not extended it 
176574496642,Алексей Иванов,,,ModItemUnitDataCompositeDef JAZZ_Ivanov Name
944057890342,Иванов,,,ModItemUnitDataCompositeDef JAZZ_Ivanov Nick
232768555391,ИВАНОВ,,,ModItemUnitDataCompositeDef JAZZ_Ivanov AllCapsNick
499865327224,В хорошей компании и работать приятнее....,,JAZZ_Merc_Spouke,ModItemBanterDef JAZZ_Spouke_Ice Text section:MercDialogues/JAZZ_Spouke_Ice 
535112321767,Как в старые добрые!,,Ice,ModItemBanterDef JAZZ_Spouke_Ice Text section:MercDialogues/JAZZ_Spouke_Ice 
979462905932,"Да, не очень-то добрые они были. Копов я до сих пор на дух не переношу...",,JAZZ_Merc_Spouke,ModItemBanterDef JAZZ_Spouke_Ice Text section:MercDialogues/JAZZ_Spouke_Ice 
574520540655,Я бы попросил....,,Raider,ModItemBanterDef JAZZ_Spouke_Ice Text section:MercDialogues/JAZZ_Spouke_Ice 
659760847936,"Ты чо уши греешь, Рейдер?",,JAZZ_Merc_Spouke,ModItemBanterDef JAZZ_Spouke_Ice Text section:MercDialogues/JAZZ_Spouke_Ice 
825139078124,Всю малину обосрал....,,Ice,ModItemBanterDef JAZZ_Spouke_Ice Text section:MercDialogues/JAZZ_Spouke_Ice 
332539396098,Эрни Споук «Фраг»,,,ModItemUnitDataCompositeDef JAZZ_Merc_Spouke Name
310008076558,Фраг,,,ModItemUnitDataCompositeDef JAZZ_Merc_Spouke Nick
770795604613,ФРАГ,,,ModItemUnitDataCompositeDef JAZZ_Merc_Spouke AllCapsNick
589735084653,"Эрни родился в одном из портовых городов на востоке США. Как и все остальные пацаны с района, он играл в стритбол, мечтая когда-нибудь выйти на корт за главную команду Сент-Луиса. Был членом молодежной банды своего района, несколько раз задерживался полицией, но натворить больших бед не успел. Повзрослев, вступил в армию США, так как посчитал, что служба станет для него отличным социальным лифтом. После учебки служил сапером в морской пехоте, так что отлично владеет навыками минного дела. При выполнении одного из заданий, о которых не рассказывают дома, получил ранение. Был эвакуирован, а после курса реабилитации и вовсе вышел в отставку. Через какое-то время примкнул к AIM, чему Организация несказанно рада. На должности сапера обычно очень высокая текучка кадров. Не скрывает, что пришел в Организацию за деньгами, так что держите карман шире.",,,ModItemUnitDataCompositeDef JAZZ_Merc_Spouke Bio
534127356489,Жизни Саперов Важны,,,ModItemUnitDataCompositeDef JAZZ_Merc_Spouke Title
460502027712,CHPOK!@aim.com,,,ModItemUnitDataCompositeDef JAZZ_Merc_Spouke Email
540573932957,letsgoboom,,,ModItemUnitDataCompositeDef JAZZ_Merc_Spouke snype_nick
876005699189,"Айс в деле?! Ништяк. Я весь твой, командир.",,JAZZ_Merc_Spouke,ModItemUnitDataCompositeDef JAZZ_Merc_Spouke Text MercChatMitigation Lines ChatMessage 
916724097519,"Капрал Лен Андерсон, сэр! Ха-ха-ха. Лен - командир что надо, любую команду за уши из жопы вытащит. Так что, я впишусь, если нет возражений.",,JAZZ_Merc_Spouke,ModItemUnitDataCompositeDef JAZZ_Merc_Spouke Text MercChatMitigation Lines ChatMessage 
450984196945,"Чо говоришь, Майором сам Скэллион был? Кремень мужик, наслышан, наслышан. Мля, чет очень хочу посмотреть, чем у вас там все кончится. Возьмешь?",,JAZZ_Merc_Spouke,ModItemUnitDataCompositeDef JAZZ_Merc_Spouke Text MercChatMitigation Lines ChatMessage 
274466626035,"Собираю манатки и выезжаю. К слову, там мой братишка Айс не занят, пригласи его. Он мой братюня от другой мамуни, да и шмаляет что твой Пикассо.",,JAZZ_Merc_Spouke,ModItemUnitDataCompositeDef JAZZ_Merc_Spouke Text MercChatBranch Lines ChatMessage 
384723366977,"Я пока занят. Свяжись со мной завтра, послезавтра или когда-нибудь еще.",,JAZZ_Merc_Spouke,ModItemUnitDataCompositeDef JAZZ_Merc_Spouke Text Offline ChatMessage 
345340110773,"Отдел по борьбе с минной опасностью слушает! Шутка, не понял? Твои проблемы, Эрни Споук на проводе.",,JAZZ_Merc_Spouke,ModItemUnitDataCompositeDef JAZZ_Merc_Spouke Text GreetingAndOffer ChatMessage 
901031758481,Вернемся к делу.,,JAZZ_Merc_Spouke,ModItemUnitDataCompositeDef JAZZ_Merc_Spouke Text ConversationRestart ChatMessage 
633598512041,"Тик-так, мазафака, тиик-тааак.",,JAZZ_Merc_Spouke,ModItemUnitDataCompositeDef JAZZ_Merc_Spouke Text IdleLine ChatMessage 
711131072956,"Ну чо, беру побольше пластмассы всякой разной. Ну знаешь, чтоб все по-серьезному было. Давай, до связи, командир.",,JAZZ_Merc_Spouke,ModItemUnitDataCompositeDef JAZZ_Merc_Spouke Text PartingWords ChatMessage 
344054099652,"Я заценил, как тут весело, братан. К сожалению, для продолжения веселья необходимо вставить купюру в купюроприемник.",,JAZZ_Merc_Spouke,ModItemUnitDataCompositeDef JAZZ_Merc_Spouke Text RehireIntro ChatMessage 
540645319934,"Найс, брателло. Пошли взрывать.",,JAZZ_Merc_Spouke,ModItemUnitDataCompositeDef JAZZ_Merc_Spouke Text RehireOutro ChatMessage 
625207669816,Да-а.,,JAZZ_Merc_Spouke,ModItemVoiceResponse JAZZ_Merc_Spouke Selection VoiceResponse Selection - when selected or autoselected 
985241906593,На месте.,,JAZZ_Merc_Spouke,ModItemVoiceResponse JAZZ_Merc_Spouke Selection VoiceResponse Selection - when selected or autoselected 
169962128097,Батя в здании.,,JAZZ_Merc_Spouke,ModItemVoiceResponse JAZZ_Merc_Spouke Selection VoiceResponse Selection - when selected or autoselected 
182815571901,"""Фраг"", слушаю.",,JAZZ_Merc_Spouke,ModItemVoiceResponse JAZZ_Merc_Spouke Selection VoiceResponse Selection - when selected or autoselected 
136635798005,Взрываем?,,JAZZ_Merc_Spouke,ModItemVoiceResponse JAZZ_Merc_Spouke Selection VoiceResponse Selection - when selected or autoselected 
381361568373,Есть - стать невидимым!,,JAZZ_Merc_Spouke,ModItemVoiceResponse JAZZ_Merc_Spouke SelectionStealth VoiceResponse SelectionStealth - when selected or autoselected 
300505284870,"Ты можешь уйти из армии, но армия из тебя - никогда.",,JAZZ_Merc_Spouke,ModItemVoiceResponse JAZZ_Merc_Spouke SelectionStealth VoiceResponse SelectionStealth - when selected or autoselected 
282394383624,На цыпочках.,,JAZZ_Merc_Spouke,ModItemVoiceResponse JAZZ_Merc_Spouke SelectionStealth VoiceResponse SelectionStealth - when selected or autoselected 
226755462734,Меня прижали!,,JAZZ_Merc_Spouke,ModItemVoiceResponse JAZZ_Merc_Spouke OverwatchSelection VoiceResponse OverwatchSelection - Selected when under Overwatch. 
493638022259,Ща под раздачу попаду!,,JAZZ_Merc_Spouke,ModItemVoiceResponse JAZZ_Merc_Spouke OverwatchSelection VoiceResponse OverwatchSelection - Selected when under Overwatch. 
925557375079,Дернусь - и привет мамане.,,JAZZ_Merc_Spouke,ModItemVoiceResponse JAZZ_Merc_Spouke OverwatchSelection VoiceResponse OverwatchSelection - Selected when under Overwatch. 
926619480801,Седалищем чую - кто-то на меня глаз положил.,,JAZZ_Merc_Spouke,ModItemVoiceResponse JAZZ_Merc_Spouke OverwatchSelection VoiceResponse OverwatchSelection - Selected when under Overwatch. 
500654424505,Всем залечь!,,JAZZ_Merc_Spouke,ModItemVoiceResponse JAZZ_Merc_Spouke ThreatSelection VoiceResponse ThreatSelection - Selected when under Pinned Down or in the area of an incoming explosion. 
372824017930,Чушка! Рассыпались!,,JAZZ_Merc_Spouke,ModItemVoiceResponse JAZZ_Merc_Spouke ThreatSelection VoiceResponse ThreatSelection - Selected when under Pinned Down or in the area of an incoming explosion. 
209094011789,В стороны!,,JAZZ_Merc_Spouke,ModItemVoiceResponse JAZZ_Merc_Spouke ThreatSelection VoiceResponse ThreatSelection - Selected when under Pinned Down or in the area of an incoming explosion. 
348939521107,Санита-а-а-ра сюда-а!,,JAZZ_Merc_Spouke,ModItemVoiceResponse JAZZ_Merc_Spouke HeavilyWoundedSelection VoiceResponse HeavilyWoundedSelection - Selected or autoselected with less than 20% health 
288587538856,"Блядь, подбили меня, командир!",,JAZZ_Merc_Spouke,ModItemVoiceResponse JAZZ_Merc_Spouke HeavilyWoundedSelection VoiceResponse HeavilyWoundedSelection - Selected or autoselected with less than 20% health 
122264591303,Нужен медик...,,JAZZ_Merc_Spouke,ModItemVoiceResponse JAZZ_Merc_Spouke HeavilyWoundedSelection VoiceResponse HeavilyWoundedSelection - Selected or autoselected with less than 20% health 
313930333855,Походу отвоевался...,,JAZZ_Merc_Spouke,ModItemVoiceResponse JAZZ_Merc_Spouke HeavilyWoundedSelection VoiceResponse HeavilyWoundedSelection - Selected or autoselected with less than 20% health 
880961384603,"А вот и ""подарочки"" с той стороны.",,JAZZ_Merc_Spouke,ModItemVoiceResponse JAZZ_Merc_Spouke MineNearbySelection VoiceResponse MineNearbySelection - Selected when there is a trap nearby 
719837811947,"Понатыкали тут, тьфу, ни ума, ни фантазии.",,JAZZ_Merc_Spouke,ModItemVoiceResponse JAZZ_Merc_Spouke MineNearbySelection VoiceResponse MineNearbySelection - Selected when there is a trap nearby 
141311750958,"Опаньки, тут для меня есть работенка. Лежит, кушать не просит...",,JAZZ_Merc_Spouke,ModItemVoiceResponse JAZZ_Merc_Spouke MineNearbySelection VoiceResponse MineNearbySelection - Selected when there is a trap nearby 
637682304626,Где противогаз?,,JAZZ_Merc_Spouke,ModItemVoiceResponse JAZZ_Merc_Spouke GasAreaSelection VoiceResponse GasAreaSelection - Unit receiving gas effect or starting round in one. 
508965931222,Газы!,,JAZZ_Merc_Spouke,ModItemVoiceResponse JAZZ_Merc_Spouke GasAreaSelection VoiceResponse GasAreaSelection - Unit receiving gas effect or starting round in one. 
839102182062,(Кашель),,JAZZ_Merc_Spouke,ModItemVoiceResponse JAZZ_Merc_Spouke GasAreaSelection VoiceResponse GasAreaSelection - Unit receiving gas effect or starting round in one. 
846317873771,"Нады(кашель)мили, скоты.",,JAZZ_Merc_Spouke,ModItemVoiceResponse JAZZ_Merc_Spouke GasAreaSelection VoiceResponse GasAreaSelection - Unit receiving gas effect or starting round in one. 
395636543718,Чего-то до хрена их тут.,,JAZZ_Merc_Spouke,ModItemVoiceResponse JAZZ_Merc_Spouke ManyEnemiesSelection VoiceResponse ManyEnemiesSelection - Selected when the unit sees 5+ units in line of fire 
513237077073,"Если каждый виноват, где ж на всех набрать гранат?",,JAZZ_Merc_Spouke,ModItemVoiceResponse JAZZ_Merc_Spouke ManyEnemiesSelection VoiceResponse ManyEnemiesSelection - Selected when the unit sees 5+ units in line of fire 
712211577936,"Скажи им, чтоб сбились в кучку, брателло! Заебеню им групповое фото.",,JAZZ_Merc_Spouke,ModItemVoiceResponse JAZZ_Merc_Spouke ManyEnemiesSelection VoiceResponse ManyEnemiesSelection - Selected when the unit sees 5+ units in line of fire 
124030261247,"Тут или наших маловато, или ихних многовато...",,JAZZ_Merc_Spouke,ModItemVoiceResponse JAZZ_Merc_Spouke ManyEnemiesSelection VoiceResponse ManyEnemiesSelection - Selected when the unit sees 5+ units in line of fire 
992790399036,Перелазанье,,JAZZ_Merc_Spouke,"ModItemVoiceResponse JAZZ_Merc_Spouke Climbing VoiceResponse Climbing - Emote. When unit is climbing over fences, on cliffs, etc. "
934700876331,Перелазанье 2,,JAZZ_Merc_Spouke,"ModItemVoiceResponse JAZZ_Merc_Spouke Climbing VoiceResponse Climbing - Emote. When unit is climbing over fences, on cliffs, etc. "
139409181422,Тяжелое дыхание,,JAZZ_Merc_Spouke,ModItemVoiceResponse JAZZ_Merc_Spouke HeavyBreathing VoiceResponse HeavyBreathing - During physical exertion 
340601078428,Тяжелое дыхание 2,,JAZZ_Merc_Spouke,ModItemVoiceResponse JAZZ_Merc_Spouke HeavyBreathing VoiceResponse HeavyBreathing - During physical exertion 
902814314514,Прыжок,,JAZZ_Merc_Spouke,ModItemVoiceResponse JAZZ_Merc_Spouke Jumping VoiceResponse Jumping - When jumping over small obstacles (e.g. puddles) 
623103654662,Прыжок 2,,JAZZ_Merc_Spouke,ModItemVoiceResponse JAZZ_Merc_Spouke Jumping VoiceResponse Jumping - When jumping over small obstacles (e.g. puddles) 
697319055735,Хм?,,JAZZ_Merc_Spouke,ModItemVoiceResponse JAZZ_Merc_Spouke Startled VoiceResponse Startled - Startled by hearing a sudden noise 
147878975531,Хм-м,,JAZZ_Merc_Spouke,ModItemVoiceResponse JAZZ_Merc_Spouke Startled VoiceResponse Startled - Startled by hearing a sudden noise 
442282729493,Двигаюсь!,,JAZZ_Merc_Spouke,ModItemVoiceResponse JAZZ_Merc_Spouke CombatMovement VoiceResponse CombatMovement - When ordering movement in combat. Up to one full sentence or two short ones. 
349799971764,Меняю позицию!,,JAZZ_Merc_Spouke,ModItemVoiceResponse JAZZ_Merc_Spouke CombatMovement VoiceResponse CombatMovement - When ordering movement in combat. Up to one full sentence or two short ones. 
280109571132,Принял четко!,,JAZZ_Merc_Spouke,ModItemVoiceResponse JAZZ_Merc_Spouke CombatMovement VoiceResponse CombatMovement - When ordering movement in combat. Up to one full sentence or two short ones. 
369806659349,"Пошел, раз-два!",,JAZZ_Merc_Spouke,ModItemVoiceResponse JAZZ_Merc_Spouke CombatMovement VoiceResponse CombatMovement - When ordering movement in combat. Up to one full sentence or two short ones. 
267233176158,Есть! На жопе шерсть...,,JAZZ_Merc_Spouke,ModItemVoiceResponse JAZZ_Merc_Spouke CombatMovement VoiceResponse CombatMovement - When ordering movement in combat. Up to one full sentence or two short ones. 
919463735747,"Тихонько, тихонько...",,JAZZ_Merc_Spouke,ModItemVoiceResponse JAZZ_Merc_Spouke CombatMovementStealth VoiceResponse CombatMovementStealth - When ordering movement while sneaking. Voice should be shushed (except Steroid) 
508166946977,Легче шаг...,,JAZZ_Merc_Spouke,ModItemVoiceResponse JAZZ_Merc_Spouke CombatMovementStealth VoiceResponse CombatMovementStealth - When ordering movement while sneaking. Voice should be shushed (except Steroid) 
258728495811,"Ща как подкрадусь, да как жахну...",,JAZZ_Merc_Spouke,ModItemVoiceResponse JAZZ_Merc_Spouke CombatMovementStealth VoiceResponse CombatMovementStealth - When ordering movement while sneaking. Voice should be shushed (except Steroid) 
947928737416,Есть варик без палева. А есть 200 грамм пластида. Решай.,,JAZZ_Merc_Spouke,ModItemVoiceResponse JAZZ_Merc_Spouke CombatMovementStealth VoiceResponse CombatMovementStealth - When ordering movement while sneaking. Voice should be shushed (except Steroid) 
846981672044,Тшш-шш. Не шуми. Тут за шум я решаю.,,JAZZ_Merc_Spouke,ModItemVoiceResponse JAZZ_Merc_Spouke CombatMovementStealth VoiceResponse CombatMovementStealth - When ordering movement while sneaking. Voice should be shushed (except Steroid) 
552549279859,"Погнали, пацаны!",,JAZZ_Merc_Spouke,ModItemVoiceResponse JAZZ_Merc_Spouke GroupOrder VoiceResponse GroupOrder - When movement ordered in follow mode or multi selected with other mercs. 
219342036908,"Делай, как я!",,JAZZ_Merc_Spouke,ModItemVoiceResponse JAZZ_Merc_Spouke GroupOrder VoiceResponse GroupOrder - When movement ordered in follow mode or multi selected with other mercs. 
684046837445,"Шире шаг! В канаву не е... свались, мля!",,JAZZ_Merc_Spouke,ModItemVoiceResponse JAZZ_Merc_Spouke GroupOrder VoiceResponse GroupOrder - When movement ordered in follow mode or multi selected with other mercs. 
509896041860,"Ну пошли, че.",,JAZZ_Merc_Spouke,ModItemVoiceResponse JAZZ_Merc_Spouke Order VoiceResponse Order - When movement ordered (out of combat) Should be very short (3-5 words) 
571545929877,Куда ты меня послал?,,JAZZ_Merc_Spouke,ModItemVoiceResponse JAZZ_Merc_Spouke Order VoiceResponse Order - When movement ordered (out of combat) Should be very short (3-5 words) 
783125522540,Скучно. Давай хоть маленькую петардочку жахну?,,JAZZ_Merc_Spouke,ModItemVoiceResponse JAZZ_Merc_Spouke Order VoiceResponse Order - When movement ordered (out of combat) Should be very short (3-5 words) 
675165000259,Двигаю туда.,,JAZZ_Merc_Spouke,ModItemVoiceResponse JAZZ_Merc_Spouke Order VoiceResponse Order - When movement ordered (out of combat) Should be very short (3-5 words) 
226419811457,Ща б пивка холодненького...,,JAZZ_Merc_Spouke,ModItemVoiceResponse JAZZ_Merc_Spouke Order VoiceResponse Order - When movement ordered (out of combat) Should be very short (3-5 words) 
480352270619,"Вижу трафарета. Мать моя святая женщина, ну и рожа!",,JAZZ_Merc_Spouke,ModItemVoiceResponse JAZZ_Merc_Spouke AimAttack VoiceResponse AimAttack - When aiming and there is a decent chance of hitting 
113050924217,"Считай, свелся. Командуй ""огонь"", братан.",,JAZZ_Merc_Spouke,ModItemVoiceResponse JAZZ_Merc_Spouke AimAttack VoiceResponse AimAttack - When aiming and there is a decent chance of hitting 
337250145628,"Шансы попасть неплохие. Можно в жбан, можно в яйца.",,JAZZ_Merc_Spouke,ModItemVoiceResponse JAZZ_Merc_Spouke AimAttack VoiceResponse AimAttack - When aiming and there is a decent chance of hitting 
789084104079,"Брателло, я лучше ему пластика в карман подкину, вот это верняк будет.",,JAZZ_Merc_Spouke,ModItemVoiceResponse JAZZ_Merc_Spouke AimAttack_Low VoiceResponse AimAttack_Low - When aiming and the CtH is less than 20% 
827079724044,"Не, братан, дохлый номер.",,JAZZ_Merc_Spouke,ModItemVoiceResponse JAZZ_Merc_Spouke AimAttack_Low VoiceResponse AimAttack_Low - When aiming and the CtH is less than 20% 
529158036479,"Как на ладони, бро.",,JAZZ_Merc_Spouke,ModItemVoiceResponse JAZZ_Merc_Spouke AimAttackStealth VoiceResponse AimAttackStealth - When aiming and there is a decent chance of hitting. Used while Sneaking - voice should be shushed (except Steroid) 
861111377140,"Секунду так постой, чувак, я щас.",,JAZZ_Merc_Spouke,ModItemVoiceResponse JAZZ_Merc_Spouke AimAttackStealth VoiceResponse AimAttackStealth - When aiming and there is a decent chance of hitting. Used while Sneaking - voice should be shushed (except Steroid) 
962940395587,"Не, брат, только патроны переводить...",,JAZZ_Merc_Spouke,ModItemVoiceResponse JAZZ_Merc_Spouke AimAttack_LowStealth VoiceResponse AimAttack_LowStealth - When aiming and there is very low chance of hitting. Used while Sneaking - voice should be shushed (except Steroid) 
950681491418,Тут подойти надо. Или поджечь чего.,,JAZZ_Merc_Spouke,ModItemVoiceResponse JAZZ_Merc_Spouke AimAttack_LowStealth VoiceResponse AimAttack_LowStealth - When aiming and there is very low chance of hitting. Used while Sneaking - voice should be shushed (except Steroid) 
374823555124,"Щас потанцуем, В ритме вальса, раз-два, раз-два!",,JAZZ_Merc_Spouke,ModItemVoiceResponse JAZZ_Merc_Spouke CombatStartPlayer VoiceResponse CombatStartPlayer - When player initiates combat with shot. 
165619259527,"Ну чо, трафареты! Мама вас к такому не готовила!",,JAZZ_Merc_Spouke,ModItemVoiceResponse JAZZ_Merc_Spouke CombatStartPlayer VoiceResponse CombatStartPlayer - When player initiates combat with shot. 
513995264753,"Смотри сюда, анчоус, щас вылетит бомбочка!",,JAZZ_Merc_Spouke,ModItemVoiceResponse JAZZ_Merc_Spouke CombatStartPlayer VoiceResponse CombatStartPlayer - When player initiates combat with shot. 
393390295731,Понеслась!,,JAZZ_Merc_Spouke,ModItemVoiceResponse JAZZ_Merc_Spouke CombatStartPlayer VoiceResponse CombatStartPlayer - When player initiates combat with shot. 
509015221107,"Ну все, хана. Накрылась маскировочка.",,JAZZ_Merc_Spouke,ModItemVoiceResponse JAZZ_Merc_Spouke CombatStartDetected VoiceResponse CombatStartDetected - When enemy detects a merc who was hiding. 
109651245516,"Ещё не вечер! Можно уже жахнуть, командир?",,JAZZ_Merc_Spouke,ModItemVoiceResponse JAZZ_Merc_Spouke CombatStartDetected VoiceResponse CombatStartDetected - When enemy detects a merc who was hiding. 
811544676732,"Ах ты, мля, выкидыш жирафа, так по красоте шли.",,JAZZ_Merc_Spouke,ModItemVoiceResponse JAZZ_Merc_Spouke CombatStartDetected VoiceResponse CombatStartDetected - When enemy detects a merc who was hiding. 
131072494107,"Ну как-бы, вроде все, всех посчитали.",,JAZZ_Merc_Spouke,ModItemVoiceResponse JAZZ_Merc_Spouke CombatEndNoEnemies VoiceResponse CombatEndNoEnemies - All enemies have been killed. 
718550717511,"Что-то вы быстро кончились, анчоусы.",,JAZZ_Merc_Spouke,ModItemVoiceResponse JAZZ_Merc_Spouke CombatEndNoEnemies VoiceResponse CombatEndNoEnemies - All enemies have been killed. 
264303659858,"Победа, мля. Пора шмонать жмуров.",,JAZZ_Merc_Spouke,ModItemVoiceResponse JAZZ_Merc_Spouke CombatEndNoEnemies VoiceResponse CombatEndNoEnemies - All enemies have been killed. 
761023690098,"Еще где-то шхерятся, шакалы.",,JAZZ_Merc_Spouke,ModItemVoiceResponse JAZZ_Merc_Spouke CombatEndEnemiesRemain VoiceResponse CombatEndEnemiesRemain - There are no more aware enemies but there are still enemies in the sector. 
650582191601,"Всем оставаться на чеку, сектор не зачищен.",,JAZZ_Merc_Spouke,ModItemVoiceResponse JAZZ_Merc_Spouke CombatEndEnemiesRemain VoiceResponse CombatEndEnemiesRemain - There are no more aware enemies but there are still enemies in the sector. 
227039351750,"Ах, ходи опять, ищи этих гамадрилов по кустам. Давай просто жахнем их, и дело с концом.",,JAZZ_Merc_Spouke,ModItemVoiceResponse JAZZ_Merc_Spouke CombatEndEnemiesRemain VoiceResponse CombatEndEnemiesRemain - There are no more aware enemies but there are still enemies in the sector. 
997580439409,"Беги-беги, пока можешь. Шарахнуть бы чем, да нету.",,JAZZ_Merc_Spouke,ModItemVoiceResponse JAZZ_Merc_Spouke CombatEndEnemiesRetreated VoiceResponse CombatEndEnemiesRetreated - All enemies have retreated 
812773397200,"Э, куда? Стоять, бояться, падлы. Ровные пацаны со стрелы не сваливают.",,JAZZ_Merc_Spouke,ModItemVoiceResponse JAZZ_Merc_Spouke CombatEndEnemiesRetreated VoiceResponse CombatEndEnemiesRetreated - All enemies have retreated 
728895856636,Боль,,JAZZ_Merc_Spouke,ModItemVoiceResponse JAZZ_Merc_Spouke Pain VoiceResponse Pain - Hit by an attack (if surrounded SurroundedPain is played instead). Short. These are emotes - disregard the written text. 
304741413170,Ух-х,,JAZZ_Merc_Spouke,ModItemVoiceResponse JAZZ_Merc_Spouke Pain VoiceResponse Pain - Hit by an attack (if surrounded SurroundedPain is played instead). Short. These are emotes - disregard the written text. 
217996558203,Уф-ф сука,,JAZZ_Merc_Spouke,ModItemVoiceResponse JAZZ_Merc_Spouke Pain VoiceResponse Pain - Hit by an attack (if surrounded SurroundedPain is played instead). Short. These are emotes - disregard the written text. 
538817396599,"Жирафьи выблядки. Лезут со всех щелей, как тараканы, мля.",,JAZZ_Merc_Spouke,ModItemVoiceResponse JAZZ_Merc_Spouke SurroundedPain VoiceResponse SurroundedPain - hit by an attack when surrounded. Situation should be very dire 
998384052168,"Блядь! Со всех сторон насыпают! Надо сменить тактику, командир! Ты ж командир?",,JAZZ_Merc_Spouke,ModItemVoiceResponse JAZZ_Merc_Spouke SurroundedPain VoiceResponse SurroundedPain - hit by an attack when surrounded. Situation should be very dire 
442517621864,"Мля... Вот не первый раз замужем, а больно все так же.",,JAZZ_Merc_Spouke,"ModItemVoiceResponse JAZZ_Merc_Spouke Wounded VoiceResponse Wounded - Unit is Wounded. (When the Wounded VR is played, the Pain VR should be suppressed.) Add a pain noise at the begining "
849583853920,"Ой-ей. Ладно, это подлатаем.",,JAZZ_Merc_Spouke,"ModItemVoiceResponse JAZZ_Merc_Spouke Wounded VoiceResponse Wounded - Unit is Wounded. (When the Wounded VR is played, the Pain VR should be suppressed.) Add a pain noise at the begining "
882031167871,"Ух, мля. Я это, пробитый чутка! Да не, в смысле - ранен! Да не в жопу, мля!",,JAZZ_Merc_Spouke,"ModItemVoiceResponse JAZZ_Merc_Spouke Wounded VoiceResponse Wounded - Unit is Wounded. (When the Wounded VR is played, the Pain VR should be suppressed.) Add a pain noise at the begining "
284541142020,"Сука-аааа, Чо ж так больно то? Брат! Братан! Морфий есть, брат?",,JAZZ_Merc_Spouke,ModItemVoiceResponse JAZZ_Merc_Spouke SeriouslyWounded VoiceResponse SeriouslyWounded - Unit is seriously wounded (3 or more wounds). Add a pain noise at the begining. 
283410120330,"Это чо, это из меня столько вытекло? Е-мааа... Парни, у меня третья положительная, если чо....",,JAZZ_Merc_Spouke,ModItemVoiceResponse JAZZ_Merc_Spouke SeriouslyWounded VoiceResponse SeriouslyWounded - Unit is seriously wounded (3 or more wounds). Add a pain noise at the begining. 
855526083813,"Так и тапки сбросить не долго... Эх, мля, надо было в колледж поступать... На химика...",,JAZZ_Merc_Spouke,ModItemVoiceResponse JAZZ_Merc_Spouke SeriouslyWounded VoiceResponse SeriouslyWounded - Unit is seriously wounded (3 or more wounds). Add a pain noise at the begining. 
731775310376,"Пришли за Эрни мюсли, походу....",,JAZZ_Merc_Spouke,ModItemVoiceResponse JAZZ_Merc_Spouke Downed VoiceResponse Downed - When entering Downed state. Voice should be as if losing consciousness 
500537214867,"Эх, говорила мне маманя, не ходи в армию...",,JAZZ_Merc_Spouke,ModItemVoiceResponse JAZZ_Merc_Spouke Downed VoiceResponse Downed - When entering Downed state. Voice should be as if losing consciousness 
951646776916,"Трафарет! Ну мля, рожи у них, как на одном столе лепили.",,JAZZ_Merc_Spouke,ModItemVoiceResponse JAZZ_Merc_Spouke OpponentFound VoiceResponse OpponentFound - Enemy spotted. 
676271731652,"От жирафа слышу, мля.",,JAZZ_Merc_Spouke,ModItemVoiceResponse JAZZ_Merc_Spouke OpponentFound VoiceResponse OpponentFound - Enemy spotted. 
756097259155,"Забьемся, этого на гранату посажу!",,JAZZ_Merc_Spouke,ModItemVoiceResponse JAZZ_Merc_Spouke OpponentFound VoiceResponse OpponentFound - Enemy spotted. 
380159978333,"Нарисовался, хер сотрешь, мля!",,JAZZ_Merc_Spouke,ModItemVoiceResponse JAZZ_Merc_Spouke OpponentFound VoiceResponse OpponentFound - Enemy spotted. 
886760219486,"Ох ты. Эдак чо, тут и настоящие жирафы есть?",,JAZZ_Merc_Spouke,ModItemVoiceResponse JAZZ_Merc_Spouke AnimalFound VoiceResponse AnimalFound - Enemy animal spotted. 
661177876993,"Ты чо, тявкалку замкни свою, тухлятиной тащит.",,JAZZ_Merc_Spouke,ModItemVoiceResponse JAZZ_Merc_Spouke AnimalFound VoiceResponse AnimalFound - Enemy animal spotted. 
549151219359,Фрагу - фраг!,,JAZZ_Merc_Spouke,ModItemVoiceResponse JAZZ_Merc_Spouke OpponentKilled VoiceResponse OpponentKilled - When opponent killed (unless OponentKilledCrit or OponentKilled multi isplayed) 
267140928253,"Поднимаем рождаемость, мля!",,JAZZ_Merc_Spouke,ModItemVoiceResponse JAZZ_Merc_Spouke OpponentKilled VoiceResponse OpponentKilled - When opponent killed (unless OponentKilledCrit or OponentKilled multi isplayed) 
699356854886,"Он сказал: ""курлык""!",,JAZZ_Merc_Spouke,ModItemVoiceResponse JAZZ_Merc_Spouke OpponentKilled VoiceResponse OpponentKilled - When opponent killed (unless OponentKilledCrit or OponentKilled multi isplayed) 
581619355853,"Кончил, мля. Гы-гы.",,JAZZ_Merc_Spouke,ModItemVoiceResponse JAZZ_Merc_Spouke OpponentKilled VoiceResponse OpponentKilled - When opponent killed (unless OponentKilledCrit or OponentKilled multi isplayed) 
352643483332,"Чем этого лечить, проще нового сделать.",,JAZZ_Merc_Spouke,ModItemVoiceResponse JAZZ_Merc_Spouke OpponentKilled VoiceResponse OpponentKilled - When opponent killed (unless OponentKilledCrit or OponentKilled multi isplayed) 
242652360553,"Братаны. у них же нет этого, как его... свистимандоза? Жрать их можно, спрашиваю?",,JAZZ_Merc_Spouke,ModItemVoiceResponse JAZZ_Merc_Spouke OpponentKilledAnimal VoiceResponse OpponentKilledAnimal - When animal is killed 
757219972483,"Четыре лапы, пятый хвост. Ободранный весь, мля.",,JAZZ_Merc_Spouke,ModItemVoiceResponse JAZZ_Merc_Spouke OpponentKilledAnimal VoiceResponse OpponentKilledAnimal - When animal is killed 
414979988250,Ща всех так шомполами в ухо перещелкаем.,,JAZZ_Merc_Spouke,ModItemVoiceResponse JAZZ_Merc_Spouke OpponentKilledStealth VoiceResponse OpponentKilledStealth - Played when a Stealth kill happens. Voice should be shushed (except Steroid) 
390088025798,"Работаем тихо. Про двести грамм еще в силе, братан.",,JAZZ_Merc_Spouke,ModItemVoiceResponse JAZZ_Merc_Spouke OpponentKilledStealth VoiceResponse OpponentKilledStealth - Played when a Stealth kill happens. Voice should be shushed (except Steroid) 
940580376015,Как в тыкву сраную!,,JAZZ_Merc_Spouke,ModItemVoiceResponse JAZZ_Merc_Spouke OpponentKilledHeadshot VoiceResponse OpponentKilledHeadshot - Opponent killed with a headshot 
221163366923,"Ой, мля. Братан, как его теперь мамке-то отправлять?",,JAZZ_Merc_Spouke,ModItemVoiceResponse JAZZ_Merc_Spouke OpponentKilledHeadshot VoiceResponse OpponentKilledHeadshot - Opponent killed with a headshot 
711879444074,"Только тапки брызнули, ха-ха!",,JAZZ_Merc_Spouke,ModItemVoiceResponse JAZZ_Merc_Spouke OpponentKilledHeadshot VoiceResponse OpponentKilledHeadshot - Opponent killed with a headshot 
582562373198,Фига! Это чо у меня за патроны крышесносные такие?,,JAZZ_Merc_Spouke,ModItemVoiceResponse JAZZ_Merc_Spouke OpponentKilledHeadshot VoiceResponse OpponentKilledHeadshot - Opponent killed with a headshot 
756723481269,"Все видели? Учитесь, мля, пока я жив!",,JAZZ_Merc_Spouke,ModItemVoiceResponse JAZZ_Merc_Spouke OpponentKilledHeadshot VoiceResponse OpponentKilledHeadshot - Opponent killed with a headshot 
488139214789,Нанести! Смыть! Повторить!,,JAZZ_Merc_Spouke,ModItemVoiceResponse JAZZ_Merc_Spouke MultiOpponentKilled VoiceResponse MultiOpponentKilled - When 2+ enemies are killed with the same attack 
371809736597,"Ну вы б там обнялись еще, анчоусы!",,JAZZ_Merc_Spouke,ModItemVoiceResponse JAZZ_Merc_Spouke MultiOpponentKilled VoiceResponse MultiOpponentKilled - When 2+ enemies are killed with the same attack 
257516510368,"Мать моя святая женщина, и где теперь чья нога?",,JAZZ_Merc_Spouke,ModItemVoiceResponse JAZZ_Merc_Spouke MultiOpponentKilled VoiceResponse MultiOpponentKilled - When 2+ enemies are killed with the same attack 
624951576698,Вот это я называю Биг-Бада-Бум!,,JAZZ_Merc_Spouke,ModItemVoiceResponse JAZZ_Merc_Spouke MultiOpponentKilled VoiceResponse MultiOpponentKilled - When 2+ enemies are killed with the same attack 
301320309361,"Смотри, какую я для тебя штуку заточил!",,JAZZ_Merc_Spouke,ModItemVoiceResponse JAZZ_Merc_Spouke OpponentKilledMelee VoiceResponse OpponentKilledMelee - Played when killing a unit with melee weapon 
214018072550,"Скажи мне это в лицо, мля, если ты мужчина!",,JAZZ_Merc_Spouke,ModItemVoiceResponse JAZZ_Merc_Spouke OpponentKilledMelee VoiceResponse OpponentKilledMelee - Played when killing a unit with melee weapon 
635701368585,"Заживает, как на... на волке, во!",,JAZZ_Merc_Spouke,ModItemVoiceResponse JAZZ_Merc_Spouke HealReceived VoiceResponse HealReceived - Bandaged by a merc or Metvirion used in Inventory 
916793019921,Гематогенку бы щас... Чо? Вкусные ж.,,JAZZ_Merc_Spouke,ModItemVoiceResponse JAZZ_Merc_Spouke HealReceived VoiceResponse HealReceived - Bandaged by a merc or Metvirion used in Inventory 
686859182168,"То, что доктор прописал!",,JAZZ_Merc_Spouke,ModItemVoiceResponse JAZZ_Merc_Spouke HealReceived VoiceResponse HealReceived - Bandaged by a merc or Metvirion used in Inventory 
111936767427,"Я снова с вами, свеж, бодр и относительно цел!",,JAZZ_Merc_Spouke,ModItemVoiceResponse JAZZ_Merc_Spouke HealReceived VoiceResponse HealReceived - Bandaged by a merc or Metvirion used in Inventory 
145667150510,"Прости, командир, я не спецом.",,JAZZ_Merc_Spouke,ModItemVoiceResponse JAZZ_Merc_Spouke MissedByKillShot VoiceResponse MissedByKillShot - When character missed a by a shot that would've killed him/her. Shot must have had 50%+ CtH. 
609010784993,Слаба старушка к старости глазами стала...,,JAZZ_Merc_Spouke,ModItemVoiceResponse JAZZ_Merc_Spouke MissedByKillShot VoiceResponse MissedByKillShot - When character missed a by a shot that would've killed him/her. Shot must have had 50%+ CtH. 
658824394701,"Тяжелая участь солдата, сука...",,JAZZ_Merc_Spouke,ModItemVoiceResponse JAZZ_Merc_Spouke DeathGeneral VoiceResponse DeathGeneral - Played when a character that is neither liked or disliked dies 
149864170243,"Айс, Братан, братиш, нет! Сука! Пизда вам, жирафьи выблядки, со стен соскребать со штукатуркой будут.",,JAZZ_Merc_Spouke,ModItemVoiceResponse JAZZ_Merc_Spouke DeathBuddy1 VoiceResponse DeathBuddy1 - Played on the death of Ice. 
843643649503,"Мля-а-а-а... Эти бабуины капрала завалили, падлы. Чо теперь делать-то?",,JAZZ_Merc_Spouke,ModItemVoiceResponse JAZZ_Merc_Spouke DeathBuddy2 VoiceResponse DeathBuddy2 - Played on the death of Len. 
954343359194,"Спайк! Вставай, Майор, не спать! Мля, ну хоть отползи... Вот, блин!",,JAZZ_Merc_Spouke,ModItemVoiceResponse JAZZ_Merc_Spouke DeathBuddy3 VoiceResponse DeathBuddy3 - Played on the death of Spike. 
971435609781,"Мисс, а вы, часом, не бывали в Бруклине раньше?",,JAZZ_Merc_Spouke,ModItemVoiceResponse JAZZ_Merc_Spouke PraisesFemale VoiceResponse PraisesFemale - Played when a female merc makes a kill (20% chance) 
243070819799,"Мадам, мы не знакомы? Разрешите представиться, Фраг!",,JAZZ_Merc_Spouke,ModItemVoiceResponse JAZZ_Merc_Spouke PraisesFemale VoiceResponse PraisesFemale - Played when a female merc makes a kill (20% chance) 
585790994900,"Кое-кого ближайшие пару дней злить не стоит, понятно. Когда ж вы синхро... синхв... синхрхр... тьфу, сцепитесь уже.",,JAZZ_Merc_Spouke,ModItemVoiceResponse JAZZ_Merc_Spouke PraisesFemale VoiceResponse PraisesFemale - Played when a female merc makes a kill (20% chance) 
499121738647,"Отличный выстрел, братан!",,JAZZ_Merc_Spouke,ModItemVoiceResponse JAZZ_Merc_Spouke PraisesMale VoiceResponse PraisesMale - Played when a male merc makes a kill (20% chance) 
311829639652,Молодцом! Мо-лод-цом!,,JAZZ_Merc_Spouke,ModItemVoiceResponse JAZZ_Merc_Spouke PraisesMale VoiceResponse PraisesMale - Played when a male merc makes a kill (20% chance) 
610487125242,"Вот это я называю ""накрыло Айсбергом"", мля!",,JAZZ_Merc_Spouke,ModItemVoiceResponse JAZZ_Merc_Spouke PraisesBuddy1 VoiceResponse PraisesBuddy1 - Played on a successful kill by Ice. 
508177537882,"Капрал Лен Андерсон, сэр! Так точно, сэр! Заебись вышло, сэр!",,JAZZ_Merc_Spouke,ModItemVoiceResponse JAZZ_Merc_Spouke PraisesBuddy2 VoiceResponse PraisesBuddy2 - Played on a successful kill by Len. 
167287521495,"Мля, Майор Спайк, я охуенно рад, что ты теперь на нашей стороне. ",,JAZZ_Merc_Spouke,ModItemVoiceResponse JAZZ_Merc_Spouke PraisesBuddy3 VoiceResponse PraisesBuddy3 - Played on a successful kill by Spike. 
960189656665,"Братан, такая стрельба только этим анчоусам на смех. Завтра будем учиться.",,JAZZ_Merc_Spouke,ModItemVoiceResponse JAZZ_Merc_Spouke MockGeneral VoiceResponse MockGeneral - 20% chance to play when another merc misses a high chance shot 
536792876890,"Щас мисс Зондергадина бы завернула чо-нить трехэтажное, но без мата.",,JAZZ_Merc_Spouke,ModItemVoiceResponse JAZZ_Merc_Spouke MockGeneral VoiceResponse MockGeneral - 20% chance to play when another merc misses a high chance shot 
775919735090,"Ну ты че, Айсберг, как так-то? Верняк же было.",,JAZZ_Merc_Spouke,ModItemVoiceResponse JAZZ_Merc_Spouke MockLike1 VoiceResponse MockLike1 - Played on a high chance miss by Ice. 
973995464374,"Айс, ты бы проверился там. У ствола с конца капает.",,JAZZ_Merc_Spouke,ModItemVoiceResponse JAZZ_Merc_Spouke MockLike1 VoiceResponse MockLike1 - Played on a high chance miss by Ice. 
760366688044,"Да уж, капрал не молодеет.",,JAZZ_Merc_Spouke,ModItemVoiceResponse JAZZ_Merc_Spouke MockLike2 VoiceResponse MockLike2 - Played on a high chance miss by Len. 
424907470239,"Майор Спайк, самое время показать нам, кого боится весь Гранд-Чиен! Перегнул с пафосом, да?",,JAZZ_Merc_Spouke,ModItemVoiceResponse JAZZ_Merc_Spouke MockLike3 VoiceResponse MockLike3 - Played on a high chance miss by Spike. 
462123594221,"По своим лупишь, мля! Нахрена?",,JAZZ_Merc_Spouke,ModItemVoiceResponse JAZZ_Merc_Spouke FriendlyFireGeneral VoiceResponse FriendlyFireGeneral - Played on friendly fire by the unit hit if the hitting unit is neither Liked or Disliked 
625760841709,"Если ты решил бить своих, чтоб чужие боялись, я тебе щас рожу то подправлю, клоун!",,JAZZ_Merc_Spouke,ModItemVoiceResponse JAZZ_Merc_Spouke FriendlyFireGeneral VoiceResponse FriendlyFireGeneral - Played on friendly fire by the unit hit if the hitting unit is neither Liked or Disliked 
251440093588,"Э, завязывай!",,JAZZ_Merc_Spouke,ModItemVoiceResponse JAZZ_Merc_Spouke FriendlyFireGeneral VoiceResponse FriendlyFireGeneral - Played on friendly fire by the unit hit if the hitting unit is neither Liked or Disliked 
246720526618,"Айсберг, в рот тебе Титаник, ты чо, мля?",,JAZZ_Merc_Spouke,ModItemVoiceResponse JAZZ_Merc_Spouke FriendlyFireBuddy1 VoiceResponse FriendlyFireBuddy1 - Played on friendly fire by the unit hit if the hitting unit is Liked - Ice. 
758813083028,Ты мне СЕЙЧАС решил припомнить ту девчонку? Вот прям ваще другого случая не нашел?,,JAZZ_Merc_Spouke,ModItemVoiceResponse JAZZ_Merc_Spouke FriendlyFireBuddy1 VoiceResponse FriendlyFireBuddy1 - Played on friendly fire by the unit hit if the hitting unit is Liked - Ice. 
502680326984,"Капрал, мля, это чо за новые методы командования?",,JAZZ_Merc_Spouke,ModItemVoiceResponse JAZZ_Merc_Spouke FriendlyFireBuddy2 VoiceResponse FriendlyFireBuddy2 - Played on friendly fire by the unit hit if the hitting unit is Liked - Len. 
777362713522,"Э, Майор, прекращай! А то подумаю, что за старое взялся, и подброшу пластида в носок.",,JAZZ_Merc_Spouke,ModItemVoiceResponse JAZZ_Merc_Spouke FriendlyFireBuddy3 VoiceResponse FriendlyFireBuddy3 - Played on friendly fire by the unit hit if the hitting unit is Liked - Spike. 
408060419721,"Ух, мля. Блин, прости, братан, я не со зла. У меня первый раз такое.",,JAZZ_Merc_Spouke,ModItemVoiceResponse JAZZ_Merc_Spouke KillFriendlyFireGeneral VoiceResponse KillFriendlyFireGeneral - Played when a unit kills an ally with friendly fire and the dying unit is neither Liked nor Disliked 
971716367378,"Айс! Блин, братан, чо ж ты так похож на этих одинаковых... Как теперь твоей мамане-то сказать?",,JAZZ_Merc_Spouke,ModItemVoiceResponse JAZZ_Merc_Spouke KillFriendlyFireBuddy1 VoiceResponse KillFriendlyFireBuddy1 - Played when a unit kills an ally with friendly fire and the dying unit is Liked - Ice. 
796482030622,"В рот мне... Капрал! Мля, Лен, это чистая случайность, зуб даю! Хотя, что теперь тебе мой зуб....",,JAZZ_Merc_Spouke,ModItemVoiceResponse JAZZ_Merc_Spouke KillFriendlyFireBuddy2 VoiceResponse KillFriendlyFireBuddy2 - Played when a unit kills an ally with friendly fire and the dying unit is Liked - Len. 
738083497715,"Мля! Вот что случается, если мужика пасти в прицеле постоянно! Забыл я, что он наш теперь.",,JAZZ_Merc_Spouke,ModItemVoiceResponse JAZZ_Merc_Spouke KillFriendlyFireBuddy3 VoiceResponse KillFriendlyFireBuddy3 - Played when a unit kills an ally with friendly fire and the dying unit is Liked - Spike. 
110929798318,БК на исходе.,,JAZZ_Merc_Spouke,ModItemVoiceResponse JAZZ_Merc_Spouke AmmoLow VoiceResponse AmmoLow - Played when there is less than 25% of clip size or a full reload cannot be made 
256390393730,Патронов нужных больше нет.,,JAZZ_Merc_Spouke,ModItemVoiceResponse JAZZ_Merc_Spouke AmmoLow VoiceResponse AmmoLow - Played when there is less than 25% of clip size or a full reload cannot be made 
341773513592,Магазин почти пустой.,,JAZZ_Merc_Spouke,ModItemVoiceResponse JAZZ_Merc_Spouke AmmoLow VoiceResponse AmmoLow - Played when there is less than 25% of clip size or a full reload cannot be made 
777803846373,Хреново! Патроны закончились!,,JAZZ_Merc_Spouke,ModItemVoiceResponse JAZZ_Merc_Spouke NoAmmo VoiceResponse NoAmmo - No more ammo in the gun and no more bullets. 
747393272724,Магазин! Как нету? Да мля!,,JAZZ_Merc_Spouke,ModItemVoiceResponse JAZZ_Merc_Spouke NoAmmo VoiceResponse NoAmmo - No more ammo in the gun and no more bullets. 
206446981168,Я пустой!,,JAZZ_Merc_Spouke,ModItemVoiceResponse JAZZ_Merc_Spouke NoAmmo VoiceResponse NoAmmo - No more ammo in the gun and no more bullets. 
653174142416,Красный! Не могу стрелять!,,JAZZ_Merc_Spouke,ModItemVoiceResponse JAZZ_Merc_Spouke NoAmmo VoiceResponse NoAmmo - No more ammo in the gun and no more bullets. 
752676296336,Да чтоб его... бля...,,JAZZ_Merc_Spouke,ModItemVoiceResponse JAZZ_Merc_Spouke WeaponJammed VoiceResponse WeaponJammed - When weapon has jammed 
662960700376,Задержка!,,JAZZ_Merc_Spouke,ModItemVoiceResponse JAZZ_Merc_Spouke WeaponJammed VoiceResponse WeaponJammed - When weapon has jammed 
454886760587,"Возьмите сектор, у меня авария!",,JAZZ_Merc_Spouke,ModItemVoiceResponse JAZZ_Merc_Spouke WeaponJammed VoiceResponse WeaponJammed - When weapon has jammed 
939764638704,Надо было смотреть за оружием.,,JAZZ_Merc_Spouke,ModItemVoiceResponse JAZZ_Merc_Spouke WeaponJammed VoiceResponse WeaponJammed - When weapon has jammed 
202028848843,"Всё... Накрылось, мать его вэдэшку.",,JAZZ_Merc_Spouke,ModItemVoiceResponse JAZZ_Merc_Spouke WeaponBroken VoiceResponse WeaponBroken - When the player's weapon breaks 
374340837360,"Хлам вонючий. Командир, дай чо-нить нормальное.",,JAZZ_Merc_Spouke,ModItemVoiceResponse JAZZ_Merc_Spouke WeaponBroken VoiceResponse WeaponBroken - When the player's weapon breaks 
467553110152,"Мне нужен новый ствол, этот кончился!",,JAZZ_Merc_Spouke,ModItemVoiceResponse JAZZ_Merc_Spouke WeaponBroken VoiceResponse WeaponBroken - When the player's weapon breaks 
314598120562,"Снаряжение надо в ремонт сдать, конечно. Все бренчит и брякает.",,JAZZ_Merc_Spouke,ModItemVoiceResponse JAZZ_Merc_Spouke ItemDeteriorates VoiceResponse ItemDeteriorates - Played when a piece of equipment deteriotes to the point when it is in the Needs Repair condition 
572586373311,"Сломалось, уже почти не держит... Командир, если в бою отвалится, я тебе буду во снах являться. В кошмарах.",,JAZZ_Merc_Spouke,ModItemVoiceResponse JAZZ_Merc_Spouke ItemDeteriorates VoiceResponse ItemDeteriorates - Played when a piece of equipment deteriotes to the point when it is in the Needs Repair condition 
567807605034,"Командир, экипе надо бы техосмотр провести, туда-сюда, смазать, подшить, подвязать. Есть у нас умелец?",,JAZZ_Merc_Spouke,ModItemVoiceResponse JAZZ_Merc_Spouke ItemDeteriorates VoiceResponse ItemDeteriorates - Played when a piece of equipment deteriotes to the point when it is in the Needs Repair condition 
613989791386,"И чо это за говно ты мне выдал? Не, вот ты щас серьезно, командир, не бздишь? В натуре? Ну дела...",,JAZZ_Merc_Spouke,ModItemVoiceResponse JAZZ_Merc_Spouke ItemInPoorConditionEquipped VoiceResponse ItemInPoorConditionEquipped - Played in Inventory when player equips weapon/armor that is in Poor Condition 
764285098369,Не поднимай неподъемное!,,JAZZ_Merc_Spouke,"ModItemVoiceResponse JAZZ_Merc_Spouke LockedItemMove VoiceResponse LockedItemMove - Custom. Played when you try to move a personal item (e.g. Nails' jacket, Ivan's ushanka, and PierreMerc's weapon). Leave blank otherwise. "
284377278908,"Как это? Парни, жопы вниз, стволы наверх, не перепутайте, мля.",,JAZZ_Merc_Spouke,ModItemVoiceResponse JAZZ_Merc_Spouke TacticalCareful VoiceResponse TacticalCareful - The other team is making gains during the battle (inflicted 2+ wounds during their turn) 
807861534450,"Ну вы чо, парни, куда вы лупите? Целик, мушка, мишень! Мишени - это вон те трафареты, мля!",,JAZZ_Merc_Spouke,ModItemVoiceResponse JAZZ_Merc_Spouke TacticalFocus VoiceResponse TacticalFocus - The team has missed  3+ times 
335649405247,Побеждаем по очкам!,,JAZZ_Merc_Spouke,ModItemVoiceResponse JAZZ_Merc_Spouke TacticalKilling VoiceResponse TacticalKilling - The team is winning the battle  (2+ units have been downed/killed) 
740204922473,"Ищем, ищем. Жирафий сын где-то рядом.",,JAZZ_Merc_Spouke,ModItemVoiceResponse JAZZ_Merc_Spouke TacticalLastEnemy VoiceResponse TacticalLastEnemy - A single enemy remains 
891282281925,"Командир, мля! НАДО! СРОЧНО! ЧО-ТО! ДЕЛАТЬ! ",,JAZZ_Merc_Spouke,ModItemVoiceResponse JAZZ_Merc_Spouke TacticalLoss VoiceResponse TacticalLoss - The team is losing the battle (2+ units have been downed/killed) 
870806144974,Продолжаем прессовать анчоусов!,,JAZZ_Merc_Spouke,ModItemVoiceResponse JAZZ_Merc_Spouke TacticalPressing VoiceResponse TacticalPressing - The team is making gains during the battle (2+ wounds have been inflicted) 
865263260973,Смена позиции!,,JAZZ_Merc_Spouke,ModItemVoiceResponse JAZZ_Merc_Spouke TacticalReposition VoiceResponse TacticalReposition - The team has not started shooting but is repositioning during the battle 
356154625467,"У нас тяжелый! Возможно, убит! Медика к нему!",,JAZZ_Merc_Spouke,ModItemVoiceResponse JAZZ_Merc_Spouke TacticalRevenge VoiceResponse TacticalRevenge - A unit from the team has been downed/killed 
909446226076,"Ну чо, трафареты! Я вашу маму того-этого самого, в кино поведу! А потом, это! Будем новых негритят делать, нормальных! Все проще, чем вас отмывать.",,JAZZ_Merc_Spouke,ModItemVoiceResponse JAZZ_Merc_Spouke TacticalTaunt VoiceResponse TacticalTaunt - The team has visible enemies from the other team and is shouting things at them 
994385004304,"В кусты, мля.",,JAZZ_Merc_Spouke,ModItemVoiceResponse JAZZ_Merc_Spouke BecomeHidden VoiceResponse BecomeHidden - Played when entering Sneak mode. Voice should be shushed (except Steroid) 
733950549374,"Так, ничо на мне не брякает?",,JAZZ_Merc_Spouke,ModItemVoiceResponse JAZZ_Merc_Spouke BecomeHidden VoiceResponse BecomeHidden - Played when entering Sneak mode. Voice should be shushed (except Steroid) 
713805168468,"Крою сектор, пацаны! Муха не просвистит!",,JAZZ_Merc_Spouke,ModItemVoiceResponse JAZZ_Merc_Spouke Overwatch VoiceResponse Overwatch - When setting overwatch 
770346872189,Берегите глазки!,,JAZZ_Merc_Spouke,ModItemVoiceResponse JAZZ_Merc_Spouke SpecialThrowGrenade VoiceResponse SpecialThrowGrenade - When throwing grenade 
918482995946,"Падай, мля. ",,JAZZ_Merc_Spouke,ModItemVoiceResponse JAZZ_Merc_Spouke TakeCover VoiceResponse TakeCover - Played when the Take Cover action is used 
560217604449,Своя!,,JAZZ_Merc_Spouke,ModItemVoiceResponse JAZZ_Merc_Spouke ThrowGrenade VoiceResponse ThrowGrenade - When throwing grenade. Voiced line starts before the explosion. 
376568795049,"Пуля дура, а граната - ложись!",,JAZZ_Merc_Spouke,ModItemVoiceResponse JAZZ_Merc_Spouke ThrowGrenade VoiceResponse ThrowGrenade - When throwing grenade. Voiced line starts before the explosion. 
489328798165,"Лови подачу, сникерс!",,JAZZ_Merc_Spouke,ModItemVoiceResponse JAZZ_Merc_Spouke ThrowGrenade VoiceResponse ThrowGrenade - When throwing grenade. Voiced line starts before the explosion. 
790778374126,"Вижу цель ясно. Зубы у него кривые. Рахит, наверное.",,JAZZ_Merc_Spouke,ModItemVoiceResponse JAZZ_Merc_Spouke PinDown VoiceResponse PinDown - When pinning down (sniper rifles only) 
609243624096,смылся,,JAZZ_Merc_Spouke,ModItemVoiceResponse JAZZ_Merc_Spouke PinnedDown VoiceResponse PinnedDown - UNUSED 
704031871886,Вижу бомбу на земле! Эта бомба - это мне?,,JAZZ_Merc_Spouke,ModItemVoiceResponse JAZZ_Merc_Spouke MineFound VoiceResponse MineFound - A mine (or other explosive trap) was found nearby 
964197488980,"Мина. Пора делать то, за что мне платят. А как платят, так и работаем!",,JAZZ_Merc_Spouke,ModItemVoiceResponse JAZZ_Merc_Spouke MineFound VoiceResponse MineFound - A mine (or other explosive trap) was found nearby 
890960021320,"Растяжка, типа. Да я в тринадцать круче бомбы собирал.",,JAZZ_Merc_Spouke,ModItemVoiceResponse JAZZ_Merc_Spouke MineFound VoiceResponse MineFound - A mine (or other explosive trap) was found nearby 
147923369701,"Ниже пояса всё целое, жить будешь!",,JAZZ_Merc_Spouke,ModItemVoiceResponse JAZZ_Merc_Spouke BandageDownedUnit VoiceResponse BandageDownedUnit - When a downed unit is bandaged. Played by the unit that does the bandaging 
358324330880,"Тут безопасно. Осторожно, братан, могут быть еще.",,JAZZ_Merc_Spouke,ModItemVoiceResponse JAZZ_Merc_Spouke MineDisarmed VoiceResponse MineDisarmed - Mine disarmed 
982108133338,"Было ваше, стало наше. Я теперь такую бомбу сделаю, ебанет - так в Порте-Кофе будет видать!",,JAZZ_Merc_Spouke,ModItemVoiceResponse JAZZ_Merc_Spouke MineDisarmed VoiceResponse MineDisarmed - Mine disarmed 
198249711216,"Чо, брат, думаешь, ебанет? Да не, не должно.",,JAZZ_Merc_Spouke,ModItemVoiceResponse JAZZ_Merc_Spouke MineDisarmed VoiceResponse MineDisarmed - Mine disarmed 
515173793525,А-а-а-а-а-а,,JAZZ_Merc_Spouke,ModItemVoiceResponse JAZZ_Merc_Spouke Autofire VoiceResponse Autofire - When using machine gun autofire attacks. Voice is played during the attack and gunfire sounds. 
531159738476,"Братан, не шелести. Видишь, серьезные дяди рамсят. Сховайся пока.",,JAZZ_Merc_Spouke,ModItemVoiceResponse JAZZ_Merc_Spouke NotNow VoiceResponse NotNow - When interacting with a NPC while in combat 
502992010509,"Вот это их размножило, мля, как под копирку!",,JAZZ_Merc_Spouke,ModItemVoiceResponse JAZZ_Merc_Spouke Outnumbered VoiceResponse Outnumbered - Unit sees more enemies than allies 
151644631553,"Парни, время доставать самые большие пушки!",,JAZZ_Merc_Spouke,ModItemVoiceResponse JAZZ_Merc_Spouke Outnumbered VoiceResponse Outnumbered - Unit sees more enemies than allies 
129078279066,Всего лишь десять процентов удачи и девяносто процентов моей убойной харизмы.,,JAZZ_Merc_Spouke,ModItemVoiceResponse JAZZ_Merc_Spouke LowChanceShot VoiceResponse LowChanceShot - Successful attack when the CtH is less than 20% 
299186765919,"Блин, верняк же было. Ветер, наверное. Типа, эти пердящие, в смысле восходящие потоки.",,JAZZ_Merc_Spouke,ModItemVoiceResponse JAZZ_Merc_Spouke MissHighChance VoiceResponse MissHighChance - When a shot with 90%+ CtH was missed 
603365739040,Тут эта отрыжка носорога че-то бычит на меня.,,JAZZ_Merc_Spouke,ModItemVoiceResponse JAZZ_Merc_Spouke MeleeEnemiesClosing VoiceResponse MeleeEnemiesClosing - When enemy in melee range. Needs further clarification!!! 
822122602136,"Тик-так, мазафака! Тик-так!",,JAZZ_Merc_Spouke,ModItemVoiceResponse JAZZ_Merc_Spouke PersonalPerk VoiceResponse PersonalPerk - Custom use for personal perks. 
527385177589,"Ну че парни, понабиваем Фрагов?",,JAZZ_Merc_Spouke,ModItemVoiceResponse JAZZ_Merc_Spouke CombatTaskGiven VoiceResponse CombatTaskGiven - When the merc sets the player a new Combat Task 
600879852371,Фрагу-Фраг! Вот так-то!,,JAZZ_Merc_Spouke,ModItemVoiceResponse JAZZ_Merc_Spouke CombatTaskCompleted VoiceResponse CombatTaskCompleted - When the Combat Task issued by the merc is completed 
555266715833,"Ну чо ж вы, братаны, верняк же фраги были. Эх...",,JAZZ_Merc_Spouke,ModItemVoiceResponse JAZZ_Merc_Spouke CombatTaskFailed VoiceResponse CombatTaskFailed - When the Combat Task issued by the merc is failed 
531023558183,"Ученье свет, а не ученье - чуть свет и на работу.",,JAZZ_Merc_Spouke,ModItemVoiceResponse JAZZ_Merc_Spouke LevelUp VoiceResponse LevelUp - Leveled up or a magazine is read. Only one played if multiple character level up. 
628384640115,"Глянем, чо там такое.",,JAZZ_Merc_Spouke,"ModItemVoiceResponse JAZZ_Merc_Spouke LootFound VoiceResponse LootFound - A loot container is nearby (e.g. dead body, crate,...) 10s cooldown "
637504933318,"Вещь лежит. Типа, не нужная никому.",,JAZZ_Merc_Spouke,"ModItemVoiceResponse JAZZ_Merc_Spouke LootFound VoiceResponse LootFound - A loot container is nearby (e.g. dead body, crate,...) 10s cooldown "
115039977738,Че-то какие-то приколы тут развешаны.,,JAZZ_Merc_Spouke,"ModItemVoiceResponse JAZZ_Merc_Spouke InteractableFound VoiceResponse InteractableFound - A custom interactable (quest related etc), herbs or salvage material found. "
421502914635,"О, вроде даже блестит.",,JAZZ_Merc_Spouke,ModItemVoiceResponse JAZZ_Merc_Spouke LootOpened VoiceResponse LootOpened - Loot container opened. Supressed by ValuableItemFound 
683199688740,Лишь бы растяжки не оказалось.,,JAZZ_Merc_Spouke,ModItemVoiceResponse JAZZ_Merc_Spouke LootOpened VoiceResponse LootOpened - Loot container opened. Supressed by ValuableItemFound 
703962671528,Тут хреновина какая-то.,,JAZZ_Merc_Spouke,ModItemVoiceResponse JAZZ_Merc_Spouke LootOpened VoiceResponse LootOpened - Loot container opened. Supressed by ValuableItemFound 
715959020275,"Фартануло, мля!",,JAZZ_Merc_Spouke,ModItemVoiceResponse JAZZ_Merc_Spouke ValuableItemFound VoiceResponse ValuableItemFound - Loot container opened with a valuable item inside 
888438334396,Это мы забираем.,,JAZZ_Merc_Spouke,ModItemVoiceResponse JAZZ_Merc_Spouke ValuableItemFound VoiceResponse ValuableItemFound - Loot container opened with a valuable item inside 
190301337760,"Пару грамм пластика в замок, да? Да?",,JAZZ_Merc_Spouke,ModItemVoiceResponse JAZZ_Merc_Spouke DoorLocked VoiceResponse DoorLocked - When a attempting to open locked door 
766354442971,(Выдох) Устал.,,JAZZ_Merc_Spouke,ModItemVoiceResponse JAZZ_Merc_Spouke Tired VoiceResponse Tired - when the merc becomes tired 
131463743436,Чего-то я замотался. Надо стенку подпереть.,,JAZZ_Merc_Spouke,ModItemVoiceResponse JAZZ_Merc_Spouke Exhausted VoiceResponse Exhausted - when the merc becomes Exhausted 
385964216057,Ну давай похимичим.,,JAZZ_Merc_Spouke,ModItemVoiceResponse JAZZ_Merc_Spouke ActivityStarted VoiceResponse ActivityStarted - When an activity is started. Played by the firs merc associated with the task 
318347271366,"Сделано в лучшем виде, братан, проверяй работу,",,JAZZ_Merc_Spouke,ModItemVoiceResponse JAZZ_Merc_Spouke ActivityFinished VoiceResponse ActivityFinished - SatView activity finished 
901059667115,Раны зализаны. Пора проредить поголовье жирафов.,,JAZZ_Merc_Spouke,ModItemVoiceResponse JAZZ_Merc_Spouke HealReceivedSatView VoiceResponse HealReceivedSatView - When a wound is removed by a Sector Operation. Uses HealReceived if blank. 
107713982322,"Все-таки, книжки это одно, а вот опыт, это совсем другое дело.",,JAZZ_Merc_Spouke,ModItemVoiceResponse JAZZ_Merc_Spouke TrainingReceived VoiceResponse TrainingReceived - Training received in SatView. Uses LevelUp if blank. 
811698369039,"Таак, мы на месте. Чо нам тут, собственно, надо?",,JAZZ_Merc_Spouke,ModItemVoiceResponse JAZZ_Merc_Spouke SectorArrived VoiceResponse SectorArrived - SatView - new sector reached. Played by random merc in squad. 
830522051541,"Теперь ты в арми, нахой. Оу-у-оу-у-у, теперь ты в арми, нахой.",,JAZZ_Merc_Spouke,ModItemVoiceResponse JAZZ_Merc_Spouke Travelling VoiceResponse Travelling - When a squad is travelling and enters new sector that is not the final destination of the travel. Played by the squad leader 
260016101225,"О, братан, не керосинь, я там че-то видел такое, залупастое!",,JAZZ_Merc_Spouke,ModItemVoiceResponse JAZZ_Merc_Spouke InterestingSector VoiceResponse InterestingSector - Reached a sector that is marked as interesting. There is somethingin there the player should explore. 
987596071980,"Братан, я за простой ставку не снижаю. Нагрузи меня чем-нибудь. Только не носить.",,JAZZ_Merc_Spouke,ModItemVoiceResponse JAZZ_Merc_Spouke Idle VoiceResponse Idle - Play every 4 hours during which a squad has been inactive.. Played by any of the mercs in the squad. 
214311297685,"Я работаю. Не мешайте. Ходют тут, ходют, а потом пластик пропадает.",,JAZZ_Merc_Spouke,ModItemVoiceResponse JAZZ_Merc_Spouke BusySatView VoiceResponse BusySatView - Played when merc is in an activity for more than 8 hours. Students and Patients excluded. Played once per activity. 
327914500514,"Ты чо, братан, забыл про меня, или деньги закончились?",,JAZZ_Merc_Spouke,ModItemVoiceResponse JAZZ_Merc_Spouke ContractExpired VoiceResponse ContractExpired - when the mercs contract expires and the player has not extended it 
772618679769,"Твоюж мать, тебе бы руки вырвать. Не умеешь не берись.",,JAZZ_Merc_Spouke,ModItemVoiceResponse JAZZ_Merc_Spouke Hemophobic VoiceResponse Hemophobic - Played instead of BandageDownedUnit and HealReceived when the action will fail because of the quirk 
265124333973,Алехандро Диас «Смайли»,,,ModItemUnitDataCompositeDef Smiley Name
497463417100,Смайли,,,ModItemUnitDataCompositeDef Smiley Nick
915909334833,СМАЙЛИ,,,ModItemUnitDataCompositeDef Smiley AllCapsNick
693462541945,"Алехандро Диас по прозвищу «Смайли» прибыл в Гран-Шьен вместе с отрядом каких-то иностранных наёмников (который, впрочем, был разбит Майором в пух и прах ещё за несколько недель до вашего появления в стране). Уроженец Арулько, Смайли готов примкнуть к вам благодаря тому уважению, которым пользуется A.I.M. у него на родине.",,,ModItemUnitDataCompositeDef Smiley Bio
769691360269,Ромео с автоматом,,,ModItemUnitDataCompositeDef Smiley Title
467627576439,Пьер Лоран,,,ModItemUnitDataCompositeDef PierreMerc Name
867886112201,Пьер,,,ModItemUnitDataCompositeDef PierreMerc Nick
582684186341,ПЬЕР,,,ModItemUnitDataCompositeDef PierreMerc AllCapsNick
900264083109,Добро пожаловать в джунгли,,,ModItemUnitDataCompositeDef PierreMerc Title
991660835571,Юрий Омрын,,,ModItemUnitDataCompositeDef Omryn Name
703536100724,Омрын,,,ModItemUnitDataCompositeDef Omryn Nick
586907860855,ОМРЫН,,,ModItemUnitDataCompositeDef Omryn AllCapsNick
503386258599,"Родившийся в стойбище оленеводов на Дальнем Востоке России, Омрын начал свою карьеру наёмника с того, что помогал M.E.R.C. выслеживать браконьеров в сибирской тайге. Почувствовав вкус к приключениям, молодой чукча уехал из России и вступил во французский Иностранный легион, в конце концов осев в этой стране. Прекрасная меткость, необычайная острота слуха, невозмутимость и знание английского, французского и русского принесли Омрыну расположение начальства и уважение товарищей. Человек по природе неторопливый и не амбициозный, Омрын в конце концов устал от службы и при первой возможности перешёл в A.I.M., сам подбирая задания себе по вкусу.",,,ModItemUnitDataCompositeDef Omryn Bio
136809018730,Вечно голодный охотник,,,ModItemUnitDataCompositeDef Omryn Title
568909169483,yura@aim.com,,,ModItemUnitDataCompositeDef Omryn Email
796275464087,yura,,,ModItemUnitDataCompositeDef Omryn snype_nick
455048670549,"Эээ, плохие знаки чую, начальник. Работа непростая будет. Трудная работа - больше кушать, однако.",,Omryn,ModItemUnitDataCompositeDef Omryn Text MercChatHaggle Lines ChatMessage 
885814480955,"Работа нравится, начальник, только вот жратвы мала-мала не хватает. Жрать хочется всегда, давай денег больше. Уговор?",,Omryn,ModItemUnitDataCompositeDef Omryn Text MercChatHaggle Lines ChatMessage 
956878799729,"Драться заставляешь, начальник. а выспаться не даешь. Без сна какой я работник? И пожрать бы. И вообще. Денег давай. Уговор?",,Omryn,ModItemUnitDataCompositeDef Omryn Text MercChatHaggle Lines ChatMessage 
902519634531,"Омрын у аппарата. День духов, однако. Работать никак нельзя. Я сам скажу, когда день духов закончится.",,Omryn,ModItemUnitDataCompositeDef Omryn Text Offline ChatMessage 
927832147316,"Омрын у аппарата. Ты, что ли, тут начальник? Работу мала-мала даешь? Только чтоб нетяжелую.",,Omryn,ModItemUnitDataCompositeDef Omryn Text GreetingAndOffer ChatMessage 
620358003115,"Ты там подушку придавил, да? Спать - хорошо, однако. А хорошо поспать - еще лучше. Вот поговорим, я тоже прикорну.",,Omryn,ModItemUnitDataCompositeDef Omryn Text ConversationRestart ChatMessage 
343432743008,"Это ты хорошо придумал, вприкуску разговоры разговаривать. Это мы с тобой поладим, начальник.",,Omryn,ModItemUnitDataCompositeDef Omryn Text IdleLine ChatMessage 
441195752933,"Отлично, начальник! Уговор! Поеду я в твой Гранд-шьен. Вот только поем сначала. И храпака дам минут на триста. Чтоб силы набраться, однако.",,Omryn,ModItemUnitDataCompositeDef Omryn Text PartingWords ChatMessage 
280135101598,"Контракт выходит, начальник! Омрыну,  жрать надо будет, а для такого надо денег заработать. Давай по-новой контракт заводить.",,Omryn,ModItemUnitDataCompositeDef Omryn Text RehireIntro ChatMessage 
763826917260,"Уговор. Теперь и поесть можно. А как поедим, можно и поспать.",,Omryn,ModItemUnitDataCompositeDef Omryn Text RehireOutro ChatMessage 
644364224049,Лейли Идриси «Фаза»,,,ModItemUnitDataCompositeDef Livewire Name
242623587127,Фаза,,,ModItemUnitDataCompositeDef Livewire Nick
218487408008,ФАЗА,,,ModItemUnitDataCompositeDef Livewire AllCapsNick
937077578267,"Лейли родилась в подконтрольной Индии части Кашмира в семье беженцев. Детство её выдалось непростым: бесспорно талантливая ученица (девочка получила именную стипендию от Делийского университета), она вечно вращалась в неподходящей компании. Учась в университете, она параллельно увлекалась вскрытием замков; изучая криптографию, по ночам взламывала закрытые базы данных. С рождения одинаково хорошо владея и правой, и левой руками, «Фаза» вечно занималась сразу несколькими делами одновременно. В конце концов её криминальные шалости привлекли к себе внимание, и Лейли пришлось спешно покинуть альма-матер. Что именно там произошло, она не говорит, а мы в A.I.M. уважаем частную жизнь своих бойцов.",,,ModItemUnitDataCompositeDef Livewire Bio
452434978236,"Добрая, пушистая и ни разу не хакерша",,,ModItemUnitDataCompositeDef Livewire Title
885737105013,fantastic_faza@aim.com,,,ModItemUnitDataCompositeDef Livewire Email
893845971026,fantastic_faza,,,ModItemUnitDataCompositeDef Livewire snype_nick
891302754132,"О-о-о нет. Я вижу у тебя в команде копа, а я не могу гарантировать, что не нарушила недавно никаких международных законов. Сразу несколько. Так что или ты отложишь кругленькую сумму на внесудебные расходы, или я вынуждена буду ответить отказом.",,Livewire,ModItemUnitDataCompositeDef Livewire Text MercChatRefusal Lines ChatMessage 
853961975144,"Я бы с радостью, но отец говорит, если я не найду себе достойную высокооплачиваемую работу, я подведу всю нашу семью. Так что мне нужно больше денег.",,Livewire,ModItemUnitDataCompositeDef Livewire Text MercChatHaggle Lines ChatMessage 
907585450261,"Слыхал о финансовых пирамидах? Я хочу организовать такую, но мне нужен стартовый капитал. Так что если хочешь, чтобы я на тебя работала, заплати мне больше.",,Livewire,ModItemUnitDataCompositeDef Livewire Text MercChatHaggle Lines ChatMessage 
796072420069,"Что ж, не всё в твоём предложении мне нравится, но, глядя на состояние твоего банковского счёта, трудно отказаться.",,Livewire,ModItemUnitDataCompositeDef Livewire Text MercChatMitigation Lines ChatMessage 
995636499514,Мне нужно потренироваться выглядеть законопослушно. Работать в одной команде с копом - не сахар. Кстати - можно я возьму на задание сладостей?,,Livewire,ModItemUnitDataCompositeDef Livewire Text MercChatBranch Lines ChatMessage 
590321913792,"Это Лейли. Я сейчас не на месте, но с радостью поговорю с вами позже. Если только речь не о расследовании факта взлома баз данных ряда финансовых корпораций.",,Livewire,ModItemUnitDataCompositeDef Livewire Text Offline ChatMessage 
925998306991,Привет! Тебе нужен специалист?,,Livewire,ModItemUnitDataCompositeDef Livewire Text GreetingAndOffer ChatMessage 
401939093914,"Так вот, мы отвлеклись. Со мной это тоже бывает. Но редко. Вот как сейчас, например.",,Livewire,ModItemUnitDataCompositeDef Livewire Text ConversationRestart ChatMessage 
722670829257,"У тебя проблемы со связью? Я могла бы помочь тебе настроить роутер, но моё время денег стоит.",,Livewire,ModItemUnitDataCompositeDef Livewire Text IdleLine ChatMessage 
567592147488,"Потрясно. Когда начинаем? Куда летим? Конфеты там будут, или надо свои везти?",,Livewire,ModItemUnitDataCompositeDef Livewire Text PartingWords ChatMessage 
112715570591,"Привет! Знаешь, местные сладости оказались не так уж и плохи. Ах, да: мой контракт пора продлевать. Ну так как?",,Livewire,ModItemUnitDataCompositeDef Livewire Text RehireIntro ChatMessage 
114700880214,"Очень, очень рада продолжить наше сотрудничество.",,Livewire,ModItemUnitDataCompositeDef Livewire Text RehireOutro ChatMessage 
509273629491,Калина Соколова,,,ModItemUnitDataCompositeDef Kalyna Name
967981889962,Калина,,,ModItemUnitDataCompositeDef Kalyna Nick
776190610664,КАЛИНА,,,ModItemUnitDataCompositeDef Kalyna AllCapsNick
429856793976,"Дочь украинских шахтёров, Калина с детства училась у своей бабушки, как стрелять дичь и чинить машины, обогревающие и снабжающие электричеством их небольшой посёлок. Чтобы отвлечь внучку от нищеты, в которой жила её семья, женщина забивала Калине голову народными сказками. Едва повзрослев, девушка покинула родной посёлок в поисках лучшей жизни. Коллектив A.I.M. рад приветствовать в своих рядах эту способную ученицу, талантливого механика и отличного стрелка.",,,ModItemUnitDataCompositeDef Kalyna Bio
586433848631,Золушка с пушкой,,,ModItemUnitDataCompositeDef Kalyna Title
380814063809,smelaya_princessa@aim.com,,,ModItemUnitDataCompositeDef Kalyna Email
910968647763,smelaya_princessa,,,ModItemUnitDataCompositeDef Kalyna snype_nick
961507236130,"Нужно купить моей babusya новую плиту. Я же отправляюсь в приключение, да? Кто тогда будет ей старую чинить? Пожалуйста, дай денег на печку.",,Kalyna,ModItemUnitDataCompositeDef Kalyna Text MercChatHaggle Lines ChatMessage 
483394569007,А в приключении можно найти сокровище? Я хочу найти сокровище. Привезу его домой.,,Kalyna,ModItemUnitDataCompositeDef Kalyna Text MercChatHaggle Lines ChatMessage 
859680042747,Жила-была девочка Калина. Она была хорошей девочкой и убивала всех злых. А сейчас она отправилась в приключение. Свяжитесь с говорящим компьютером.,,Kalyna,ModItemUnitDataCompositeDef Kalyna Text Offline ChatMessage 
810277831825,"Привет, говорящий компьютер. Я - Калина. Ты хочешь предложить мне работу?",,Kalyna,ModItemUnitDataCompositeDef Kalyna Text GreetingAndOffer ChatMessage 
721028393051,Я тебя помню. Ты - говорящий компьютер. Хочешь ещё поговорить?,,Kalyna,ModItemUnitDataCompositeDef Kalyna Text ConversationRestart ChatMessage 
945554625500,"Ой-ой, говорящий компьютер больше не говорит. Он сломался?",,Kalyna,ModItemUnitDataCompositeDef Kalyna Text IdleLine ChatMessage 
521306661797,"Пока, говорящий компьютер. Спасибо, что посылаешь меня в приключение.",,Kalyna,ModItemUnitDataCompositeDef Kalyna Text PartingWords ChatMessage 
914552457387,"Я вспомнила, что следующее полнолуние уже наступило. А значит, мой контракт скоро закончится. Обновим его?",,Kalyna,ModItemUnitDataCompositeDef Kalyna Text RehireIntro ChatMessage 
303431814510,Ура! Снова приключения!,,Kalyna,ModItemUnitDataCompositeDef Kalyna Text RehireOutro ChatMessage 
699164512124,Жак Боэн «Живодёр»,,,ModItemUnitDataCompositeDef Flay Name
966243227542,Живодёр,,,ModItemUnitDataCompositeDef Flay Nick
443046260792,ЖИВОДЁР,,,ModItemUnitDataCompositeDef Flay AllCapsNick
418902593982,"Браконьер со стажем, за свою жизнь Живодёр успел поохотиться на все мыслимые виды животных. Теперь он переключился на новую для него добычу: человека.
Жак не мастер располагать к себе сослуживцев, однако своё дело он знает в совершенстве и с готовностью согласился присоединиться к вам, видя в этом наилучшее поле для реализации своих садистских наклонностей.",,,ModItemUnitDataCompositeDef Flay Bio
751458905244,Охотник на безрогих оленей,,,ModItemUnitDataCompositeDef Flay Title
433525179007,Кеви Аджит «Фауда»,,,ModItemUnitDataCompositeDef Fauda Name
786968855598,Фауда,,,ModItemUnitDataCompositeDef Fauda Nick
560956094378,ФАУДА,,,ModItemUnitDataCompositeDef Fauda AllCapsNick
847511420495,"Когда Кеви и её брат Зоран сражались в рядах бойцов Пешмерги, их имена были на устах каждого курда. Однако когда Зоран погиб, а сама она еле выжила в засаде, устроенной на них иракскими националистами, Кеви принудительно комиссовали. Не пожелав сдаваться, она вступила в ряды A.I.M. с целью заработать достаточно денег, чтобы однажды снарядить собственную армию, вернуться на родину и отомстить убийцам брата. Товарищи прозвали Кеви «Фауда», так как в бою её вечно бросало в две крайности: безрассудную напористость либо чрезмерную осторожность. При всём том, в одном она постоянна: в своей любви к большим пушкам и гранатам. И те, и другие в её руках неизменно смертоносны.",,,ModItemUnitDataCompositeDef Fauda Bio
301899503224,Дервиш динамита,,,ModItemUnitDataCompositeDef Fauda Title
990035155352,Fauda@aim.com,,,ModItemUnitDataCompositeDef Fauda Email
910030716918,FaudaAgit,,,ModItemUnitDataCompositeDef Fauda snype_nick
608786325446,"Разве нищие могут кого-нибудь нанимать? Возвращайся, когда сможешь позволить себе настоящих солдат, - тогда и поговорим.",,Fauda,ModItemUnitDataCompositeDef Fauda Text MercChatRefusal Lines ChatMessage 
431816852528,"Как ты собираешься мне платить, если у тебя нет денег? Говорила же: нужно брать трофеи. Не можешь скопить денег на войну - я на тебя не работаю.",,Fauda,ModItemUnitDataCompositeDef Fauda Text MercChatRefusal Lines ChatMessage 
905829914489,"На тебя скучно работать. Я пришла, чтобы сражаться и убивать слуг шайтана. А вместо этого я целыми днями сижу в лагере и занимаюсь ерундой. Тьфу на такую работу! Хочешь, чтобы я бездельничала, - плати больше!",,Fauda,ModItemUnitDataCompositeDef Fauda Text MercChatHaggle Lines ChatMessage 
510251097592,"Шайтан-машина... Где же эта кнопка? А. Кхм. Говорит Фауда Аджит. Я сейчас не у машины. Я на задании. Перезвоните, когда я буду не на задании. Машина скажет.",,Fauda,ModItemUnitDataCompositeDef Fauda Text Offline ChatMessage 
803966294859,Приветствую. Я Фауда. У тебя для меня работа?,,Fauda,ModItemUnitDataCompositeDef Fauda Text GreetingAndOffer ChatMessage 
109033566183,"Шайтан сделал, чтобы машина нас прервала, но он слаб, а мы сильны. Мы можем говорить дальше.",,Fauda,ModItemUnitDataCompositeDef Fauda Text ConversationRestart ChatMessage 
170860465782,"У тебя что, язык отнялся? Говори!",,Fauda,ModItemUnitDataCompositeDef Fauda Text IdleLine ChatMessage 
929498218341,"Хорошо. Я убью твоих врагов за своего брата, чтобы без стыда взглянуть ему в глаза, когда умру.",,Fauda,ModItemUnitDataCompositeDef Fauda Text PartingWords ChatMessage 
647351259105,Я хочу продолжать наш контракт. Ты согласен?,,Fauda,ModItemUnitDataCompositeDef Fauda Text RehireIntro ChatMessage 
913491882738,Хорошо. Хватит об этом. Продолжим заниматься делом.,,Fauda,ModItemUnitDataCompositeDef Fauda Text RehireOutro ChatMessage 
415973309831,Питер Сандерсон «Волк»,,,ModItemUnitDataCompositeDef Wolf Name
854057195964,Волк,,,ModItemUnitDataCompositeDef Wolf Nick
772197398311,ВОЛК,,,ModItemUnitDataCompositeDef Wolf AllCapsNick
947517898504,"Ненадолго покинув A.I.M., чтобы занять должность инструктора в элитном (и весьма высокооплачиваемом) загородном пейнтбольном клубе для состоятельных бизнесменов, Волк в конце концов устал учить заплывших жиром сорокалетних топ-менеджеров, как делать вид, что они убивают друг друга. Окончательно его добил недельный выездной лагерь, где он пытался обучить своих подопечных основам тактики и ночных операций, пока те шарились по лесу в светоотражающих оранжевых жилетах. Вернувшись в город, Сандерсон сообщил, что более чем готов вновь поработать наёмником. Волк - один из самых всесторонне подготовленных бойцов A.I.M., пользующийся популярностью у клиентов, которым нужен мастер на все руки. Спешите заключить с ним контракт сейчас, пока это не сделали за вас другие!",,,ModItemUnitDataCompositeDef Wolf Bio
474239652453,Универсальный наёмник,,,ModItemUnitDataCompositeDef Wolf Title
478313327038,volk1@aim.com,,,ModItemUnitDataCompositeDef Wolf Email
735297197775,volk1,,,ModItemUnitDataCompositeDef Wolf snype_nick
339046331040,"У нас с Лиской... так складывалось всё. А теперь она погибла, и всё по твоей вине. Так что катись к чёрту - не буду я на тебя работать. Никогда.",,Wolf,ModItemUnitDataCompositeDef Wolf Text MercChatRefusal Lines ChatMessage 
972802933246,"Я бы с радостью, но ко мне в гости приехала мама, да и вообще дела. Я занятой человек, представляешь? Может, в другой раз.",,Wolf,ModItemUnitDataCompositeDef Wolf Text MercChatRefusal Lines ChatMessage 
317941837726,"С таким послужным списком пусть тебе послужит кто-нибудь другой, ага? А то я в ахере, сколько народу с твоих заданий не возвращается. Если хочешь, чтобы я на тебя работал, придётся заплатить больше.",,Wolf,ModItemUnitDataCompositeDef Wolf Text MercChatHaggle Lines ChatMessage 
836197395161,"Новые контракты, новые ставки. Я сегодня лучше, чем вчера. Смекаешь?",,Wolf,ModItemUnitDataCompositeDef Wolf Text MercChatHaggle Lines ChatMessage 
833123233503,"Коли Лисонька с тобой, то и зад мой тоже твой! Эм... Извини, на радостях пытался в рифму, вышло неудачно.",,Wolf,ModItemUnitDataCompositeDef Wolf Text MercChatMitigation Lines ChatMessage 
374415667329,"По поводу операции есть известные сомнения, сечешь, шеф? Но, раз уж на тебя работает Рысь... О'кей, я в деле.",,Wolf,ModItemUnitDataCompositeDef Wolf Text MercChatMitigation Lines ChatMessage 
191822303648,"Знаешь, мне приятно будет слетать в эту командировку с Лиской. Может, позовёшь и её тоже?",,Wolf,ModItemUnitDataCompositeDef Wolf Text MercChatBranch Lines ChatMessage 
527442588676,"Это так, предложение. Ну, я пошёл паковать вещи.",,Wolf,ModItemUnitDataCompositeDef Wolf Text MercChatBranch Lines ChatMessage 
929760186481,"Это Волк. Я ща в спортивном зале, но как освобожусь, напишу.",,Wolf,ModItemUnitDataCompositeDef Wolf Text Offline ChatMessage 
479719341895,"Волк на связи. Если у тебя ещё и с деньгами связи имеются, то можем договориться.",,Wolf,ModItemUnitDataCompositeDef Wolf Text GreetingAndOffer ChatMessage 
205981379707,"Нас разъединили, походу. Попробуем ещё разок.",,Wolf,ModItemUnitDataCompositeDef Wolf Text ConversationRestart ChatMessage 
450435284152,Ау! Чё молчишь?,,Wolf,ModItemUnitDataCompositeDef Wolf Text IdleLine ChatMessage 
453546769788,"Ну, пойду паковать вещи.",,Wolf,ModItemUnitDataCompositeDef Wolf Text PartingWords ChatMessage 
565646668072,"Мой контракт почти что истёк. Чё у тебя там, планы на продление есть? А то меня люди важные ждут.",,Wolf,ModItemUnitDataCompositeDef Wolf Text RehireIntro ChatMessage 
806165285161,"Похоже, Злобный Серый Волк ещё немного поработает на тебя.",,Wolf,ModItemUnitDataCompositeDef Wolf Text RehireOutro ChatMessage 
997941066310,Виктория Уотерс «Вики»,,,ModItemUnitDataCompositeDef Vicki Name
982571881202,Вики,,,ModItemUnitDataCompositeDef Vicki Nick
912931350387,ВИКИ,,,ModItemUnitDataCompositeDef Vicki AllCapsNick
978581055615,"Вики Уотерс в совершенстве стреляет по-македонски и послужит прекрасным дополнением к любой команде. В данным момент она работает авиамехаником у Джемса Буллока, также известного как «Небесный Всадник», ремонтируя его вертолёт в промежутках между развозом туристов. Поговаривают, что эти двое - не просто деловые партнёры, однако сама Вики сообщает, что, если кому-то требуются её услуги, она готова к выполнению новых заданий.",,,ModItemUnitDataCompositeDef Vicki Bio
584992608799,"Одна рука чинит, другая разрушает",,,ModItemUnitDataCompositeDef Vicki Title
459711242023,vicki@aim.com,,,ModItemUnitDataCompositeDef Vicki Email
600504575562,vicki,,,ModItemUnitDataCompositeDef Vicki snype_nick
486816886469,"Нет уж, спасибо, man. Слышала, ты опять мальчуковый клуб собрал. Я второй раз на те же грабли не хожу. Мужики вокруг всегда ведут себя так, как будто им тринадцать.",,Vicki,ModItemUnitDataCompositeDef Vicki Text MercChatRefusal Lines ChatMessage 
249681548198,"Нет уж, man. О тебе нехорошие слухи говорят. Я сделаю друзьям звяк-звяк, узнаю, стоит ли тебе верить. Позвони в другой раз.",,Vicki,ModItemUnitDataCompositeDef Vicki Text MercChatRefusal Lines ChatMessage 
723908821448,"Не верю я тебе, man. Часто у тебя наёмники убиваются, плохой знак. Я за себя постоять могу, но работать буду только за больший гонорар. ",,Vicki,ModItemUnitDataCompositeDef Vicki Text MercChatHaggle Lines ChatMessage 
901575776171,"Раз ты этого козлину Смайли нанял, заплатишь мне больше. Штраф, да? За то, что с этим хамлом работать.",,Vicki,ModItemUnitDataCompositeDef Vicki Text MercChatHaggle Lines ChatMessage 
581903016213,"Ладно, скажу правду, были у меня предложения и получше, но хочется наконец с женщинами поработать, да? Везде одни мальчишки. Давай, по рукам.",,Vicki,ModItemUnitDataCompositeDef Vicki Text MercChatMitigation Lines ChatMessage 
244409151764,"Ладно, скажу правду, были у меня предложения и получше, но в Пауке что-то есть такое, отчего с ней в кайф работать вместе. Согласна, чел!",,Vicki,ModItemUnitDataCompositeDef Vicki Text MercChatMitigation Lines ChatMessage 
155504263416,"Это Вики Уотерс. Я на войне или в гараже. Скажи самое важное, и я тебе звяк-звяк сразу, как смогу.",,Vicki,ModItemUnitDataCompositeDef Vicki Text Offline ChatMessage 
390177396694,Вики Уотерс. С кем говорю?,,Vicki,ModItemUnitDataCompositeDef Vicki Text GreetingAndOffer ChatMessage 
654047163706,Ты вернулся? Хорошо.,,Vicki,ModItemUnitDataCompositeDef Vicki Text ConversationRestart ChatMessage 
166872348899,"Давай, рожай! Пора!",,Vicki,ModItemUnitDataCompositeDef Vicki Text IdleLine ChatMessage 
490243743780,"Я рада, то мы приходили к соглашению. Я тебе покажу, как настоящий боец это делает!",,Vicki,ModItemUnitDataCompositeDef Vicki Text PartingWords ChatMessage 
105250329735,"Слушай, друг, контракт-то, считай, кончился. Ты бы хотеть его сначала?",,Vicki,ModItemUnitDataCompositeDef Vicki Text RehireIntro ChatMessage 
672945741836,"Да-да. Кто распробовать Вики Уотерс, всегда приходит за ещё!",,Vicki,ModItemUnitDataCompositeDef Vicki Text RehireOutro ChatMessage 
928760236378,Тор Кауфман,,,ModItemUnitDataCompositeDef Thor Name
520222526306,Тор,,,ModItemUnitDataCompositeDef Thor Nick
981910118838,ТОР,,,ModItemUnitDataCompositeDef Thor AllCapsNick
696466543743,"Тор только что вернулся с двухнедельного выездного семинара по очистке чакр в Нью-Мексико. Теперь, как он сам сообщает, его жизнь обогатилась двумя вещами: рецептом забойного смузи из авокадо и вновь пробудившейся жаждой приключений. Приверженность Кауфмана философии нью-эйдж делает из него одарённого целителя, а опыт медитации сообщает всем его движениям изящество и бесшумность. Немногочисленные недостатки Тора искупаются его буддийской безмятежностью, а в рукопашном бою равных ему почти нет. Тора отличает пытливый ум; нет такого умения, которое он не мог бы освоить прямо на ходу.",,,ModItemUnitDataCompositeDef Thor Bio
222862793640,Позитивное мышление - смертоносная сила,,,ModItemUnitDataCompositeDef Thor Title
369085666162,sila_positiva@aim.com,,,ModItemUnitDataCompositeDef Thor Email
702556725674,sila_positiva,,,ModItemUnitDataCompositeDef Thor snype_nick
688252716496,"Я сожалею, но сейчас ретроградный Меркурий. Неудачное время для заключения новых договоров. Извини. Поговорим снова, когда звёзды сложатся лучше.",,Thor,ModItemUnitDataCompositeDef Thor Text MercChatRefusal Lines ChatMessage 
632860633590,"Должен отказаться. Я не доверяю тем, кто вызывает подозрение. Череда недавних смертей у тебя в команде меня смущает.",,Thor,ModItemUnitDataCompositeDef Thor Text MercChatRefusal Lines ChatMessage 
928026734452,"Айс считает тебя достойным человеком и поэтому работает с тобой. Так что, если он доверяет тебе, то и я всегда доверяю Айсу.",,Thor,ModItemUnitDataCompositeDef Thor Text MercChatMitigation Lines ChatMessage 
894479586741,"Мне ещё многому нужно научиться у Омрына. Каждая минута, проведённая рядом с ним, делает меня лучше.",,Thor,ModItemUnitDataCompositeDef Thor Text MercChatMitigation Lines ChatMessage 
457634741369,"Я многому научился у Паука, и еще большему научусь. Всегда готов поработать с ней в паре, а раз уж она работает на вас, то значит и я согласен.",,Thor,ModItemUnitDataCompositeDef Thor Text MercChatMitigation Lines ChatMessage 
839770835330,"Я с радостью поработаю на тебя. Кстати: такими напарниками, как Айс, можно только гордиться. Почему бы тебе не взять в команду и его тоже?",,Thor,ModItemUnitDataCompositeDef Thor Text MercChatBranch Lines ChatMessage 
681550588538,"Вы можете оставить сообщение для Тора, Кассандры и Фенруса. Сейчас мы заняты или просто спим. Я отвечу вам, как только появится такая возможность. Спасибо!",,Thor,ModItemUnitDataCompositeDef Thor Text Offline ChatMessage 
514082345416,"Привет, я - Тор Кауфман. Я всегда открыт к новым приключениям. Что ты можешь мне предложить?",,Thor,ModItemUnitDataCompositeDef Thor Text GreetingAndOffer ChatMessage 
310390725970,Рад снова слышать тебя. Я как раз очистил свою прямую кишку и готов обсуждать дела!,,Thor,ModItemUnitDataCompositeDef Thor Text ConversationRestart ChatMessage 
331040399865,"Пока мы ждём - хочешь, я составлю твой гороскоп?",,Thor,ModItemUnitDataCompositeDef Thor Text IdleLine ChatMessage 
126462930896,Буду рад работать с тобой.,,Thor,ModItemUnitDataCompositeDef Thor Text PartingWords ChatMessage 
815366988804,"Скоро истекает срок моего контракта, не хочешь ли продлить его?",,Thor,ModItemUnitDataCompositeDef Thor Text RehireIntro ChatMessage 
419099663092,Твоя аура излучает уверенность и положительную энергию! Я с удовольствием остаюсь.,,Thor,ModItemUnitDataCompositeDef Thor Text RehireOutro ChatMessage 
686198945827,Текс Р. Колберн,,,ModItemUnitDataCompositeDef Tex Name
384280286220,Текс,,,ModItemUnitDataCompositeDef Tex Nick
656022978516,ТЕКС,,,ModItemUnitDataCompositeDef Tex AllCapsNick
855301635048,"Учитывая, что ни один из кинопродюсеров так и не захотел положить начало новой эпохе «суши-вестернов», о которой так мечтал Текс, Колберн вынужденно вернулся к ремеслу наёмника. Однако неудачный поворот кинокарьеры не смутил вечного оптимиста Текса. Он всё так же любит похвастаться друзьям-наёмникам своей стрельбой с обеих рук и искусством зрелищно крутить револьверы. 
На поле боя вы обыкновенно можете увидеть его стоящим на фоне закатного солнца и мужественно смотрящим вдаль из-под полей ковбойской шляпы.",,,ModItemUnitDataCompositeDef Tex Bio
415603758957,Ковбой из Страны восходящего солнца,,,ModItemUnitDataCompositeDef Tex Title
595579036754,cowboydirector@aim.com,,,ModItemUnitDataCompositeDef Tex Email
568991391705,cowboydirector,,,ModItemUnitDataCompositeDef Tex snype_nick
313041068988,"Ой-ёй-ёй. Извини, партнёр. У меня крупные съёмки на носу. С кучей смертельно опасных трюков. Кругрые сутки репетирую. Пиши позже.",,Tex,ModItemUnitDataCompositeDef Tex Text MercChatRefusal Lines ChatMessage 
435944476423,"Риска там? У! Ей в боршом кино сниматься надо, а не на мареньких войнах бегать. Уаа! У неё такие таранты! Почту за честь работать с ней снова. Ради такого я даже отрожу другие съёмки.",,Tex,ModItemUnitDataCompositeDef Tex Text MercChatMitigation Lines ChatMessage 
209674255281,"Вы дозвонились до Текса Колберна - профессионального актёра, каскадёра и сордата удачи. Я сейчас занят на съёмках. Большая картина, куча спецэффектов. Свяжусь с вами позже. Может, даже автограф дам.",,Tex,ModItemUnitDataCompositeDef Tex Text Offline ChatMessage 
454484491550,Arigato. Это Текс. Ты набираешь отряд?,,Tex,ModItemUnitDataCompositeDef Tex Text GreetingAndOffer ChatMessage 
699864175196,"Продоржим разговор, партнёр. Так что ты там говорир?",,Tex,ModItemUnitDataCompositeDef Tex Text ConversationRestart ChatMessage 
684216191720,"Эй! Партнёр, мне ещё автографы ставить. Не задерживай меня.",,Tex,ModItemUnitDataCompositeDef Tex Text IdleLine ChatMessage 
478717643527,"Ай, вдарим по рукам, партнёр. У-ху! Ковбой Текс уже несется на твоё ранчо.",,Tex,ModItemUnitDataCompositeDef Tex Text PartingWords ChatMessage 
260654543464,"Эй, партнёр, я сейчас на расхват. Если хочешь, чтобы я и дарьше всем отказывал, пора подписать новый контракт.",,Tex,ModItemUnitDataCompositeDef Tex Text RehireIntro ChatMessage 
871041368651,"Мой реворвер снова к твоим услугам, партнёр. Возвращение регенды!",,Tex,ModItemUnitDataCompositeDef Tex Text RehireOutro ChatMessage 
191942662733,Бобби Гонтарски «Анаболик»,,,ModItemUnitDataCompositeDef Steroid Name
547412809082,Анаболик,,,ModItemUnitDataCompositeDef Steroid Nick
413371651152,АНАБОЛИК,,,ModItemUnitDataCompositeDef Steroid AllCapsNick
456387407873,"Тушит ли он пожары в родной Варшаве или гасит карателей Дейдраны в Арулько, любой, кто видит неутомимого Бобби Гонтарски, понимает: у этого человека лучше не вставать на пути. Навыки обращения Анаболика с инструментами и приборами служат неплохим дополнением к его меткости, беспримерной физической силе и несгибаемой воле. Столкнувшись с проблемой, Бобби обыкновенно продолжает бить её до тех пор, пока «проблема» не упадёт замертво.",,,ModItemUnitDataCompositeDef Steroid Bio
545683006311,Достаточно одной таблетки,,,ModItemUnitDataCompositeDef Steroid Title
836836892923,bobby@aim.com,,,ModItemUnitDataCompositeDef Steroid Email
161230893072,bobby,,,ModItemUnitDataCompositeDef Steroid snype_nick
494152129582,"Ты Ивана нанял? Тогда меня ты НЕ НАЙМЕШЬ. Я с такими, как он, не работаю.",,Steroid,ModItemUnitDataCompositeDef Steroid Text MercChatRefusal Lines ChatMessage 
144466457355,Я с коммунистами вроде Игоря не работаю. Я лучше буду дружиться с немцами.,,Steroid,ModItemUnitDataCompositeDef Steroid Text MercChatRefusal Lines ChatMessage 
139476577458,"За тебя умерло много людей. Я не страдаю жаждой смерти. Может, ты предложишь больше, а?",,Steroid,ModItemUnitDataCompositeDef Steroid Text MercChatHaggle Lines ChatMessage 
621647051327,"Задание не идеальное, но у тебя в команде Гризли. Он хороший солдат и товарищ по качалке.",,Steroid,ModItemUnitDataCompositeDef Steroid Text MercChatMitigation Lines ChatMessage 
597080364679,"Я ищу работу, поэтому я говорю: да. Но я не люблю Ивана Долвича. Пожалуйста, держи его за деревьями.",,Steroid,ModItemUnitDataCompositeDef Steroid Text MercChatBranch Lines ChatMessage 
558558300486,"Работать близко-преблизко с Игорем Долвичем - это неприятно. Пожалуйста, не давай ему лезть ко мне со своим пахучим коммунизмом.",,Steroid,ModItemUnitDataCompositeDef Steroid Text MercChatBranch Lines ChatMessage 
144300816928,"Роберт Гонтарски сейчас неприступен. Может быть, я свяжусь с вами, а может, и не свяжусь.",,Steroid,ModItemUnitDataCompositeDef Steroid Text Offline ChatMessage 
853380302875,Говорит Анаболик Гонтарски. Ты даёшь мне работу?,,Steroid,ModItemUnitDataCompositeDef Steroid Text GreetingAndOffer ChatMessage 
369484340930,Закончил отжиматься? Я тоже. Давай съедим по протеиновому батончику и обсудим дело.,,Steroid,ModItemUnitDataCompositeDef Steroid Text ConversationRestart ChatMessage 
799080241348,Ты зачем замолчал? Долго что-то упражнения делаешь?,,Steroid,ModItemUnitDataCompositeDef Steroid Text IdleLine ChatMessage 
508884817963,"Спасибо за пердоставленную работу, гмм. Завидимся.",,Steroid,ModItemUnitDataCompositeDef Steroid Text PartingWords ChatMessage 
818850924401,"Мой контракт почти выполнился. Хочешь смотреть ещё, что могут эти бицепсы?",,Steroid,ModItemUnitDataCompositeDef Steroid Text RehireIntro ChatMessage 
851247417827,Очень хорошо. Я буду рад бить для тебя ещё злых врагов.,,Steroid,ModItemUnitDataCompositeDef Steroid Text RehireOutro ChatMessage 
395026778305,Майор Спайк Скэллион,,,ModItemUnitDataCompositeDef Spike Name
689077463286,Спайк,,,ModItemUnitDataCompositeDef Spike Nick
379507685500,СПАЙК,,,ModItemUnitDataCompositeDef Spike AllCapsNick
650744630014,"Теперь все знают, что Скэллион и был тем самым Майором, который объявил войну представляемой Сантьяго корпорации «Адонис», когда узнал, чего именно они добиваются в Гран-Шьене. Правда, изначально они его и наняли - но как именно он оказался на службе у «Адониса» и почему прервал свой долгосрочный контракт с властями Северной Кореи, неизвестно.",,,ModItemUnitDataCompositeDef Spike Bio
841570945724,Сидней Нетельсон,,,ModItemUnitDataCompositeDef Sidney Name
753322319118,Сидней,,,ModItemUnitDataCompositeDef Sidney Nick
897461283861,СИДНЕЙ,,,ModItemUnitDataCompositeDef Sidney AllCapsNick
199288355089,"Невозмутимого Сиднея Нетельсона чаще всего можно найти в ближайшем бридж-клубе играющим в карты и непринуждённо болтающим со сливками местного общества. Разумеется, всё это справедливо лишь для тех моментов, когда он не на задании - в этом случае он обыкновенно хладнокровно стоит под градом пуль, методично прореживая ряды противников метательными ножами, гранатами или любым подвернувшимся под руку огнестрельным оружием. После, за чашкой чая, он с удовольствием расскажет вам, как именно он всё это делал - разумеется, с неизменной английской импозантностью и сдержанностью.",,,ModItemUnitDataCompositeDef Sidney Bio
887910706417,Скромный подданный Её Величества,,,ModItemUnitDataCompositeDef Sidney Title
148356789359,nettleson@aim.com,,,ModItemUnitDataCompositeDef Sidney Email
509119494377,nettleson,,,ModItemUnitDataCompositeDef Sidney snype_nick
647545826862,"Ах, как неудобно вышло: я только что вспомнил, что договорился с одним парнем из Лидса. Мы собирались обсудить сильные и слабые стороны наших футбольных команд. Боюсь, я уже занят. Всего хорошего!",,Sidney,ModItemUnitDataCompositeDef Sidney Text MercChatRefusal Lines ChatMessage 
687315673351,"Тысяча извинений, но я работаю только по долгосрочным контрактам. Не люблю, знаете ли, по тридцать раз летать туда-сюда. Уверен, вы меня поймёте.",,Sidney,ModItemUnitDataCompositeDef Sidney Text MercChatRefusal Lines ChatMessage 
528608115027,"Простите. Не хочу показаться невежливым, но я очень надеялся застать начало сезона бабочек. Пожалуй, я мог бы отложить свои планы до следующего года, но тогда не затруднит ли вас как-либо компенсировать мне эту задержку?",,Sidney,ModItemUnitDataCompositeDef Sidney Text MercChatHaggle Lines ChatMessage 
523907038825,"Я слышал, что вы наняли Стрелку. Чудно! Так держать! Обожаю работать с ней в паре. Замечательный профессионал! Считайте, что я уже в команде.",,Sidney,ModItemUnitDataCompositeDef Sidney Text MercChatMitigation Lines ChatMessage 
354256993142,"Великолепно! С радостью поработаю вместе с вами. И, кстати, могу ли я отрекомендовать вам Стрелку? Мне кажется, она сейчас не занята. Уверен, вы не пожалеете.",,Sidney,ModItemUnitDataCompositeDef Sidney Text MercChatBranch Lines ChatMessage 
500449552384,"Сидней Нетельсон. Боюсь, в данный момент я не могу подойти к компьютеру. Если вы хотите сделать мне деловое предложение, свяжитесь со мной, когда я буду доступен. Буду вам премного благодарен.",,Sidney,ModItemUnitDataCompositeDef Sidney Text Offline ChatMessage 
917305404813,Сидней Нетельсон к вашим услугам.,,Sidney,ModItemUnitDataCompositeDef Sidney Text GreetingAndOffer ChatMessage 
341175474329,Здравствуйте! Рад снова слышать вас.,,Sidney,ModItemUnitDataCompositeDef Sidney Text ConversationRestart ChatMessage 
398847119897,"Вы здесь? Мигающая лампочка намекает, что да, но эти чёртовы компьютеры, бывает, лгут.",,Sidney,ModItemUnitDataCompositeDef Sidney Text IdleLine ChatMessage 
591742548820,По рукам. Я отправляюсь сейчас же!,,Sidney,ModItemUnitDataCompositeDef Sidney Text PartingWords ChatMessage 
158779961719,"Извините за беспокойство, но я подумал, что должен известить вас о том, что наше соглашение вскоре теряет силу.",,Sidney,ModItemUnitDataCompositeDef Sidney Text RehireIntro ChatMessage 
962444405635,"Превосходно! Я не люблю забивать себе голову мелкими формальностями, мне интереснее заниматься моими прямыми обязанностями.",,Sidney,ModItemUnitDataCompositeDef Sidney Text RehireOutro ChatMessage 
760643490639,Кайл Симмонс «Тень»,,,ModItemUnitDataCompositeDef Shadow Name
716325832691,Тень,,,ModItemUnitDataCompositeDef Shadow Nick
409225247825,ТЕНЬ,,,ModItemUnitDataCompositeDef Shadow AllCapsNick
501671952366,"Симмонса можно назвать американской копией Стрелки: он в совершенстве умеет незаметно пересечь поле боя, чтобы сделать выстрел с идеальной позиции. Но если Стрелка специализируется на бое в городских условиях, Тень - неразговорчивый одиночка, предпочитающий в качестве поля боя леса и болота. То, с каким мастерством он маскируется, незаметно поджидая жертву, стоит запрашиваемого им гонорара. Кайл недавно прошёл трёхнедельный курс подготовки под названием «Щель и пропасть: искусство маскировки под естественные впадины» и готов к новым заданиям.",,,ModItemUnitDataCompositeDef Shadow Bio
449003441115,Нельзя убить невидимку,,,ModItemUnitDataCompositeDef Shadow Title
642342715921,ten@aim.com,,,ModItemUnitDataCompositeDef Shadow Email
790007421865,ten',,,ModItemUnitDataCompositeDef Shadow snype_nick
773704481235,"Я буду занят. Считай, что я навещаю больного друга.",,Shadow,ModItemUnitDataCompositeDef Shadow Text MercChatRefusal Lines ChatMessage 
721179969282,"Не люблю нянчиться с чёртовыми салагами. Обязательно кто-нибудь подставится под пулю, придётся всё время следить, чтоб это оказался не я. Короче, ищи кого-нибудь другого.",,Shadow,ModItemUnitDataCompositeDef Shadow Text MercChatRefusal Lines ChatMessage 
780554763122,"Если вы слушаете данное сообщение, возможно, я недоступен. Оставьте свои координаты, если хотите со мной поговорить.",,Shadow,ModItemUnitDataCompositeDef Shadow Text Offline ChatMessage 
921194090361,Да?,,Shadow,ModItemUnitDataCompositeDef Shadow Text GreetingAndOffer ChatMessage 
565187982425,"Ненавижу терять время на разговоры. Давай уже или договоримся, или ты не будешь меня отвлекать.",,Shadow,ModItemUnitDataCompositeDef Shadow Text ConversationRestart ChatMessage 
280147332060,Давай шустрее. Мне ещё нужно подготовить сюрприз студентам на занятии по городскому камуфляжу.,,Shadow,ModItemUnitDataCompositeDef Shadow Text IdleLine ChatMessage 
951928325936,"Ага, сначала посмотрим, как мы работаем вместе. Если что-нибудь не понравится тебе или мне, то когда срок контракта истечёт, пожмём друг другу руки и разойдёмся в разные стороны.",,Shadow,ModItemUnitDataCompositeDef Shadow Text PartingWords ChatMessage 
604777995574,"На случай, если ты забыл, - наш контракт подходит к концу. Я могу пойти тебе навстречу, если ты захочешь его продлить.",,Shadow,ModItemUnitDataCompositeDef Shadow Text RehireIntro ChatMessage 
307984690371,Отлично. Я остаюсь.,,Shadow,ModItemUnitDataCompositeDef Shadow Text RehireOutro ChatMessage 
357879375429,Роберт Джеймс Салливан,,,ModItemUnitDataCompositeDef Scully Name
639079993068,Лысый,,,ModItemUnitDataCompositeDef Scully Nick
250215016589,ЛЫСЫЙ,,,ModItemUnitDataCompositeDef Scully AllCapsNick
953273652898,"Хотя Салливан и родился в Англии, годы, проведённые им за катанием по волнам у берегов Австралии, сделали его неотличимым от урождённых жителей этой страны. Многие бойцы считают Лысого едва ли не лучшим наёмником A.I.M. - наверняка отчасти благодаря его врождённому дружелюбию. Как бы там ни было, трудно найти такое задание, с которым он не справился бы на ура. Салливан превосходно работает холодным оружием, но уверенно обращается и с огнестрельным и взрывчаткой, а также инструментами и аптечкой.",,,ModItemUnitDataCompositeDef Scully Bio
167544469426,Серийный холостяк,,,ModItemUnitDataCompositeDef Scully Title
681435230668,surfer@aim.com,,,ModItemUnitDataCompositeDef Scully Email
160407166740,surfer,,,ModItemUnitDataCompositeDef Scully snype_nick
745877789753,"Никаких шансов, приятель. Я бы с удовольствием, но надо ещё на жизнь зарабатывать - а у тебя, похоже, с деньгами туго.",,Scully,ModItemUnitDataCompositeDef Scully Text MercChatRefusal Lines ChatMessage 
818027287856,"Приятель, ты не представляешь, сколько у меня бывших жен. И все хотят алименты. Ты уж подкинь денег, чтоб мне было чем с ними расплачиваться.",,Scully,ModItemUnitDataCompositeDef Scully Text MercChatHaggle Lines ChatMessage 
912379028022,"Мне нужно собрать ребёнка в школу. Или в колледж. Или в садик. Я в этих детях и сам уже путаюсь. Короче, нужны ещё деньги. Выручишь меня, а?",,Scully,ModItemUnitDataCompositeDef Scully Text MercChatHaggle Lines ChatMessage 
856479969152,"Это Роберт Джеймс Салливан. Меня нет дома, приятель. Я дам знать, когда вернусь, - если только это не по поводу алиментов. Если да - катитесь к чёрту.",,Scully,ModItemUnitDataCompositeDef Scully Text Offline ChatMessage 
216691834397,"Здорово, приятель. Хочешь предложить мне работу?",,Scully,ModItemUnitDataCompositeDef Scully Text GreetingAndOffer ChatMessage 
315006940630,"Здорово, приятель. Рад тебя снова слышать.",,Scully,ModItemUnitDataCompositeDef Scully Text ConversationRestart ChatMessage 
724445502375,"Время - деньги, приятель, а мне надо платить алименты. Так что давай ускоримся.",,Scully,ModItemUnitDataCompositeDef Scully Text IdleLine ChatMessage 
460394638505,Отлично! Мне уже порядком надоело здесь прохлаждаться.,,Scully,ModItemUnitDataCompositeDef Scully Text PartingWords ChatMessage 
491402142223,"Часики тикают, приятель. Скоро истекает срок контракта. Мы работаем дальше или что?",,Scully,ModItemUnitDataCompositeDef Scully Text RehireIntro ChatMessage 
376480401551,"Отлично, приятель. За дело.",,Scully,ModItemUnitDataCompositeDef Scully Text RehireOutro ChatMessage 
630357922162,Шейла Стерлинг «Стрелка»,,,ModItemUnitDataCompositeDef Scope Name
616337703669,Стрелка,,,ModItemUnitDataCompositeDef Scope Nick
947910685503,СТРЕЛКА,,,ModItemUnitDataCompositeDef Scope AllCapsNick
706856939539,"В прошлом снайпер британской «Спешиэл Эйр Сервис», Стрелка умеет стремительно выйти на огневую позицию и сделать выстрел точно в цель. Во время одного ночного рейда на вражескую военную базу Стерлинг поразила шесть подтверждённых целей, перемещаясь между зданиями так быстро, что противник решил, будто его окружили. Профессионал высшего класса, она при этом не брезгует делиться с товарищами практическими советами.",,,ModItemUnitDataCompositeDef Scope Bio
125612851314,Добрый ангел-хранитель,,,ModItemUnitDataCompositeDef Scope Title
792449207788,prizel_i_pechenje@aim.com,,,ModItemUnitDataCompositeDef Scope Email
110116698394,prizel_i_pechenje,,,ModItemUnitDataCompositeDef Scope snype_nick
491860556098,"Боюсь, ваше печальное финансовое положение несколько осложняет ситуацию. Я работаю только на тех, кто может заплатить. Прошу меня простить.",,Scope,ModItemUnitDataCompositeDef Scope Text MercChatRefusal Lines ChatMessage 
233936267389,"Мне очень жаль, но счёт убитых наёмников говорит о вашей вопиющей безответственности, командир. Я не могу согласиться работать на вас.",,Scope,ModItemUnitDataCompositeDef Scope Text MercChatRefusal Lines ChatMessage 
934501718003,"Я хотела бы больше времени проводить со своими детьми. Мне и без того слишком часто приходилось отлучаться из дома. Так что я, если можно, предпочла бы менее долгосрочный контракт.",,Scope,ModItemUnitDataCompositeDef Scope Text MercChatRefusal Lines ChatMessage 
144156829230,Я не упущу возможности работать с Сиднеем. Ради этого я готова перестать сомневаться на ваш счёт.,,Scope,ModItemUnitDataCompositeDef Scope Text MercChatMitigation Lines ChatMessage 
533577545840,"Очень хорошо. И позволю себе бесплатный совет: не упустите шанса нанять Сиднея, это человек-легенда. С ним все ваши планы осуществятся гораздо быстрее.",,Scope,ModItemUnitDataCompositeDef Scope Text MercChatBranch Lines ChatMessage 
548856167739,"Ну, до скорого. Надо бежать: у меня в духовке печенье. Я привезу немного и вам!",,Scope,ModItemUnitDataCompositeDef Scope Text MercChatBranch Lines ChatMessage 
945988831482,"Это Стрелка Стерлинг. К сожалению, меня сейчас нет на месте. Непременно дам знать, когда вернусь.",,Scope,ModItemUnitDataCompositeDef Scope Text Offline ChatMessage 
700818684654,Приветствую. Я внимательно вас слушаю. Итак?,,Scope,ModItemUnitDataCompositeDef Scope Text GreetingAndOffer ChatMessage 
762646434698,"Нас, к сожалению, разъединили. Ну что, продолжим разговор?",,Scope,ModItemUnitDataCompositeDef Scope Text ConversationRestart ChatMessage 
232882685066,Нельзя ли чуточку побыстрее? У меня в духовке печенье.,,Scope,ModItemUnitDataCompositeDef Scope Text IdleLine ChatMessage 
635926695231,"Отлично. Раз мы обо всём договорились, с нетерпением жду встречи. Я захвачу печенье, сможем выпить чаю.",,Scope,ModItemUnitDataCompositeDef Scope Text PartingWords ChatMessage 
606582024557,"Извините за неожиданное вторжение, но мой контракт вскоре истекает. Планируете ли вы продолжить наше сотрудничество?",,Scope,ModItemUnitDataCompositeDef Scope Text RehireIntro ChatMessage 
294477608448,"Великолепно. Раз мы договорились, можно продолжить.",,Scope,ModItemUnitDataCompositeDef Scope Text RehireOutro ChatMessage 
929255472486,Эрни Спрагг «Рыжий»,,,ModItemUnitDataCompositeDef Red Name
898873386961,Рыжий,,,ModItemUnitDataCompositeDef Red Nick
402554487810,РЫЖИЙ,,,ModItemUnitDataCompositeDef Red AllCapsNick
519116089912,"Коллеги любят шутить, что Рыжий продолжил пускать поезда под откос даже после официального окончания Первой мировой, однако Эрни остаётся одним из ведущих экспертов-подрывников в базе A.I.M. и, несмотря на возраст, находится в хорошей форме.
Хотя во время перестрелок он производит впечатление мрачного и даже вспыльчивого типа, дайте ему мину - и он установит (или обезвредит) её одной левой.
И не обращайте внимание на его старомодные взгляды на жизнь: во всём, что касается взрывчатых веществ, «Рыжий» уверенно идёт в ногу со временем.",,,ModItemUnitDataCompositeDef Red Bio
610428368333,Шотландский торнадо,,,ModItemUnitDataCompositeDef Red Title
738518702343,gorets@aim.com,,,ModItemUnitDataCompositeDef Red Email
286093352279,gorets,,,ModItemUnitDataCompositeDef Red snype_nick
204277783053,"Я мог бы работать на тебя, но есть одна проблемка. Я, видишь ли, хочу ещё пожить. Жизнь у меня, конечно, не сахар, но всё лучше, чем в ящик сыграть. А у тебя там, говорят, люди мрут. Вот мне и не хочется быть следующим.",,Red,ModItemUnitDataCompositeDef Red Text MercChatRefusal Lines ChatMessage 
996587913004,Имей в виду: я не хочу тащиться на другой конец света ради какой-то мелочёвки. Составь контракт на подольше - или я на такое не подписываюсь.,,Red,ModItemUnitDataCompositeDef Red Text MercChatRefusal Lines ChatMessage 
635542348486,"Слыхал, у тебя в команде Сдоба. Вот облом. Эта баба думает, что все кругом неправы, а её работа - их поправлять. Пораскинь мозгами и уволь её к чертям - тогда можешь мне ещё раз написать.",,Red,ModItemUnitDataCompositeDef Red Text MercChatRefusal Lines ChatMessage 
423476528097,"Я баб с оружием не люблю, а у тебя сплошные бабы. Так что если хочешь, чтоб я согласился, подкинь ещё деньжат. Чтоб мне спокойнее было.",,Red,ModItemUnitDataCompositeDef Red Text MercChatHaggle Lines ChatMessage 
596918996231,"Если хочешь, чтоб я терпел эту балаболку Фазу, придётся выложить побольше деньжат. У меня от её болтовни уже уши в трубочку сворачиваются - так что считай это расходами на медобслуживание.",,Red,ModItemUnitDataCompositeDef Red Text MercChatHaggle Lines ChatMessage 
477851657674,"Это Эрни Спрагг, специалист по взрывам. Большим взрывам, маленьким взрывам - любым. Я либо смотрю футбол, либо мне не нравится ваша рожа, и я просто не беру трубку.",,Red,ModItemUnitDataCompositeDef Red Text Offline ChatMessage 
442588283020,"Это Эрни Спрагг. Что, опять лететь в какую-нибудь жопу мира? Ну почему в нормальную страну никогда не позовут сапёра? Чтоб ты знал, я в своём комбинезоне отлично выгляжу!",,Red,ModItemUnitDataCompositeDef Red Text GreetingAndOffer ChatMessage 
913839648044,Ох! Куда ты подевался? Давай уже всё выясним.,,Red,ModItemUnitDataCompositeDef Red Text ConversationRestart ChatMessage 
468996036878,"Ты там или ушёл играть в приставку? Ох, уж эти мне дети с их приставками!",,Red,ModItemUnitDataCompositeDef Red Text IdleLine ChatMessage 
156162799216,"Ага, договорились. Теперь осталось добыть тысячный солнцезащитный крем, а то я по самую задницу буду в веснушках.",,Red,ModItemUnitDataCompositeDef Red Text PartingWords ChatMessage 
981721812446,"У меня тут контракт истекает. Может, сделаешь что-нибудь на этот счёт?",,Red,ModItemUnitDataCompositeDef Red Text RehireIntro ChatMessage 
728306294667,"А ты, оказывается, не полное дерьмо. Я, кажется, рад, что мы и дальше сотрудничаем.",,Red,ModItemUnitDataCompositeDef Red Text RehireOutro ChatMessage 
418504386182,Карл Шеппардс «Жнец»,,,ModItemUnitDataCompositeDef Reaper Name
728059446658,Жнец,,,ModItemUnitDataCompositeDef Reaper Nick
554704973917,ЖНЕЦ,,,ModItemUnitDataCompositeDef Reaper AllCapsNick
344912752793,"Как человек, свыкшийся с мыслью, что смерть - неотъемлемая часть жизни (или, по крайней мере, смерть врага - часть твоей жизни), Жнец - идеальный киллер. Навыки бесшумного перемещения и вскрытия замков помогают ему незаметно подкрадываться к цели, а леденящая кровь невозмутимость - с легкостью ее устранять. Шеппардс редко промахивается, но даже если и промахнулся, никогда не теряет голову и вторым выстрелом исправляет ситуацию. В настоящий момент Карл как раз закончил выслеживать парочку особо неуловимых международных террористов и готов к новым заданиям.",,,ModItemUnitDataCompositeDef Reaper Bio
272376216454,Предвестник смерти,,,ModItemUnitDataCompositeDef Reaper Title
426580911623,smert@aim.com,,,ModItemUnitDataCompositeDef Reaper Email
458369100789,smert',,,ModItemUnitDataCompositeDef Reaper snype_nick
151982790988,"У меня много потенциальных клиентов. Возможно, даже слишком много. Сперва мне нужно разобраться с предшествующими обязательствами. Но это не означает, что мы ещё не встретимся.",,Reaper,ModItemUnitDataCompositeDef Reaper Text MercChatRefusal Lines ChatMessage 
261288234184,"Мне нужно посетить Тибет, очиститься после предыдущего задания. Напиши мне через пару дней.",,Reaper,ModItemUnitDataCompositeDef Reaper Text MercChatRefusal Lines ChatMessage 
855430404520,"Сейчас меня занимает иной план бытия. Я должен выйти в астрал и очиститься. Возможно, мы ещё встретимся.",,Reaper,ModItemUnitDataCompositeDef Reaper Text MercChatRefusal Lines ChatMessage 
661300087224,"Я совсем не уверен в правильности своего решения. Но Тень Симмонс даёт положительные отзывы, так что я рискну. Моя судьба в твоих руках.",,Reaper,ModItemUnitDataCompositeDef Reaper Text MercChatMitigation Lines ChatMessage 
417125635143,Обычно я соглашаюсь на более заманчивые предложения. Но меня заинтриговал Кит Гансон. Я вижу здесь потенциал для развития. Поэтому я принимаю твои условия.,,Reaper,ModItemUnitDataCompositeDef Reaper Text MercChatMitigation Lines ChatMessage 
951172020299,"Это Жнец. Сейчас я на задании. Если вам нужны мои эксклюзивные услуги, свяжитесь со мной, когда я снова буду доступен.",,Reaper,ModItemUnitDataCompositeDef Reaper Text Offline ChatMessage 
666747738581,"Я - Жнец. Я оказываю эксклюзивные услуги. Расскажи, чем я могу быть полезен тебе.",,Reaper,ModItemUnitDataCompositeDef Reaper Text GreetingAndOffer ChatMessage 
906243182757,Даю тебе ещё один шанс. Ты заинтриговал меня - иначе бы я уже давно положил трубку.,,Reaper,ModItemUnitDataCompositeDef Reaper Text ConversationRestart ChatMessage 
558310587627,"Да. Всегда полезно подумать, прежде, чем говорить. Я предамся созерцанию смерти, пока ты думаешь.",,Reaper,ModItemUnitDataCompositeDef Reaper Text IdleLine ChatMessage 
432330723394,"Отлично. Значит, решено. Мы заключили договор, подробности которого должны остаться только между нами.",,Reaper,ModItemUnitDataCompositeDef Reaper Text PartingWords ChatMessage 
510950100711,"Договор со мной вскоре подходит к концу. Я должен знать, желаешь ли ты продлить его действие. Мне остаться или замести все следы?",,Reaper,ModItemUnitDataCompositeDef Reaper Text RehireIntro ChatMessage 
610952982464,Хорошо. Я продолжу работать на тебя. На прежних условиях: никаких бумаг.,,Reaper,ModItemUnitDataCompositeDef Reaper Text RehireOutro ChatMessage 
861196503875,Шарлен Хиггенс «Сова»,,,ModItemUnitDataCompositeDef Raven Name
273069265497,Сова,,,ModItemUnitDataCompositeDef Raven Nick
830280514307,СОВА,,,ModItemUnitDataCompositeDef Raven AllCapsNick
615837234228,"Пока её муж Рон с помощниками отбивали попытки сомалийских пиратов взять их лайнер на абордаж, «Сова» использовала прикрытие ночи, одного за другим снимая нападающих чёткими короткими очередями из трофейного автомата. Шарлен - опытный снайпер с железной выдержкой и предпочитает сражаться бок о бок с мужем, но превосходно справится с поставленным заданием и самостоятельно. В команде она всегда старается поддерживать высокие профессиональные стандарты и дух товарищества.",,,ModItemUnitDataCompositeDef Raven Bio
374351690992,"Ужас, летящий на крыльях ночи",,,ModItemUnitDataCompositeDef Raven Title
215342188748,sova@aim.com,,,ModItemUnitDataCompositeDef Raven Email
838938896346,sova,,,ModItemUnitDataCompositeDef Raven snype_nick
235009774120,"Не думаю, что после гибели Рона я вообще хочу чем-либо заниматься. Извини, но мне нужно побыть с моими собаками и оплакать мужа. Не пиши мне больше.",,Raven,ModItemUnitDataCompositeDef Raven Text MercChatRefusal Lines ChatMessage 
821677606255,"Твой банковский счет как-то... недоукомплектован. Я должна быть уверена, что мне заплатят. Я ведь не просто за ради острых ощущений этим занимаюсь, так?",,Raven,ModItemUnitDataCompositeDef Raven Text MercChatRefusal Lines ChatMessage 
707170466268,Я тебя почти не знаю. В общем-то даже совсем не знаю.,,Raven,ModItemUnitDataCompositeDef Raven Text MercChatHaggle Lines ChatMessage 
985051500493,"А значит, я вынуждена запросить более высокую ставку. Вдруг ты как командир вообще профнепригоден?",,Raven,ModItemUnitDataCompositeDef Raven Text MercChatHaggle Lines ChatMessage 
803743956491,"Если мой муж согласен работать с тобой, я - тоже.",,Raven,ModItemUnitDataCompositeDef Raven Text MercChatMitigation Lines ChatMessage 
669225827490,Договорились.,,Raven,ModItemUnitDataCompositeDef Raven Text MercChatMitigation Lines ChatMessage 
543496909776,"Честно говоря, мне это все не очень нравится, но в команде - доктор  Хьюстон, Паук. Она - то, что надо! Так что я согласна.",,Raven,ModItemUnitDataCompositeDef Raven Text MercChatMitigation Lines ChatMessage 
222829981265,"Не люблю оставлять Рона одного дома. Нет, правда: я когда уезжаю, он по мне скучает даже больше, чем мои собаки.",,Raven,ModItemUnitDataCompositeDef Raven Text MercChatBranch Lines ChatMessage 
239121158866,"Может, напишешь и ему тоже? Он хорош. Не настолько, насколько я, конечно, но тут уж мало кто сравнится.",,Raven,ModItemUnitDataCompositeDef Raven Text MercChatBranch Lines ChatMessage 
646426109683,"Привет, это Шарлен Хиггенс. Я сейчас вышла. Может, поговорим в другое время?",,Raven,ModItemUnitDataCompositeDef Raven Text Offline ChatMessage 
190805596706,"Привет, это Шарлен Хиггенс. Я так понимаю, у тебя для меня интересное задание?",,Raven,ModItemUnitDataCompositeDef Raven Text GreetingAndOffer ChatMessage 
262640626809,"Ладно, попробуем ещё раз.",,Raven,ModItemUnitDataCompositeDef Raven Text ConversationRestart ChatMessage 
885107977144,"Мне хорошо даются ночные операции, стрельба и вообще невыполнимые задания. Это так, пища для размышлений.",,Raven,ModItemUnitDataCompositeDef Raven Text IdleLine ChatMessage 
523902854972,"Отлично. Жду не дождусь, когда можно будет начать. Осталось только найти, кто посидит с моими собаками.",,Raven,ModItemUnitDataCompositeDef Raven Text PartingWords ChatMessage 
473763278790,"Мой контракт пора продлевать. Я не против, а ты?",,Raven,ModItemUnitDataCompositeDef Raven Text RehireIntro ChatMessage 
512849572301,Отлично. Мне нравится такой вариант.,,Raven,ModItemUnitDataCompositeDef Raven Text RehireOutro ChatMessage 
931473807439,Рон Хиггенс «Рейдер»,,,ModItemUnitDataCompositeDef Raider Name
730316817764,Рейдер,,,ModItemUnitDataCompositeDef Raider Nick
627615371784,РЕЙДЕР,,,ModItemUnitDataCompositeDef Raider AllCapsNick
153322253794,"Успешно поучаствовав в освобождении Арулько, Рон вместе со своей супругой Шарлен решил взять отпуск, отправившись в круиз по Красному морю. Правда, на их лайнер напали сомалийские пираты - с весьма прискорбным для последних исходом. Используя свои навыки командира спецназа полиции Лос-Анджелеса, Рон быстро обучил нескольких младших помощников повара, как стрелять из пистолета, после чего отразил все попытки взять их судно на абордаж. По природе хладнокровный и спокойный человек, Рон готов к любым заданиям - особенно вместе с супругой.",,,ModItemUnitDataCompositeDef Raider Bio
435483333529,Коп до мозга костей,,,ModItemUnitDataCompositeDef Raider Title
699223544963,ron_higgens@aim.com,,,ModItemUnitDataCompositeDef Raider Email
477901286663,ron_higgens,,,ModItemUnitDataCompositeDef Raider snype_nick
461295796241,"Извини, но ответ: «нет». Ты нанял это ничтожество Хеннеси. А я с ним работать отказываюсь.",,Raider,ModItemUnitDataCompositeDef Raider Text MercChatRefusal Lines ChatMessage 
500784963638,"Не могу сейчас говорить. Мне нужно оправиться после... Просто нужно оправиться, ясно?! Оставь меня в покое!",,Raider,ModItemUnitDataCompositeDef Raider Text MercChatRefusal Lines ChatMessage 
152229577577,"Думаю, мы сможем договориться, но я тебя не знаю. Потребуется дополнительная страховка на случай, если всё пойдёт не по плану.",,Raider,ModItemUnitDataCompositeDef Raider Text MercChatRefusal Lines ChatMessage 
152229577577,"Думаю, мы сможем договориться, но я тебя не знаю. Потребуется дополнительная страховка на случай, если всё пойдёт не по плану.",,Raider,ModItemUnitDataCompositeDef Raider Text MercChatHaggle Lines ChatMessage 
607540753610,"Давай начистоту: против тебя я ничего не имею. Но этот Хеннеси меня уже достал. Я, конечно, могу и дальше его терпеть, но за отдельную плату.",,Raider,ModItemUnitDataCompositeDef Raider Text MercChatHaggle Lines ChatMessage 
784584870498,"Я на такое обычно не соглашаюсь, но мы с Совой - одна команда. Где она - там и я.",,Raider,ModItemUnitDataCompositeDef Raider Text MercChatMitigation Lines ChatMessage 
346994478220,"Рад буду снова работать в команде. Кстати, почему бы тебе не нанять и Сову? Ей вредно подолгу сидеть дома одной. Не ровён час, начнёт со скуки на соседей охотиться.",,Raider,ModItemUnitDataCompositeDef Raider Text MercChatBranch Lines ChatMessage 
762507617971,"С радостью пойду на дело вместе с Совой. Только имей в виду: это ничтожество Стрелок Хеннеси положил глаз на мою жену. Я это терпеть не намерен. Если хочешь, чтобы в отряде не было разборок, не нанимай эту свинью.",,Raider,ModItemUnitDataCompositeDef Raider Text MercChatBranch Lines ChatMessage 
969430937663,"С радостью буду в команде, где есть Сова.",,Raider,ModItemUnitDataCompositeDef Raider Text MercChatBranch Lines ChatMessage 
293660560234,"Спасибо. Неудобно, конечно, будет работать, когда в отряде и Сова, и Стрелок. Надеюсь, мне не придётся слишком часто с ним пересекаться. Но если это ничтожество вздумает к ней подкатывать...",,Raider,ModItemUnitDataCompositeDef Raider Text MercChatBranch Lines ChatMessage 
663569190804,"Скажем так: я с радостью буду в команде, где есть Сова.",,Raider,ModItemUnitDataCompositeDef Raider Text MercChatBranch Lines ChatMessage 
327572518181,"Здорово. Это Рон Хиггенс. Скорее всего, я на охоте. Возможно, не на животных. И почти наверняка вместе с Совой. Я был лучшим среди копов. Теперь солдат удачи. Нужны мои услуги - зовите.",,Raider,ModItemUnitDataCompositeDef Raider Text Offline ChatMessage 
209759364976,Здорово. Это Рон. Ты хочешь предложить мне работу? Тогда я слушаю.,,Raider,ModItemUnitDataCompositeDef Raider Text GreetingAndOffer ChatMessage 
809685478401,"Срочные дела отвлекли? Ладно, о чём мы там?",,Raider,ModItemUnitDataCompositeDef Raider Text ConversationRestart ChatMessage 
817195692149,Не люблю попусту тратить время. Давай уже.,,Raider,ModItemUnitDataCompositeDef Raider Text IdleLine ChatMessage 
787993971305,Рад снова работать в команде. До встречи.,,Raider,ModItemUnitDataCompositeDef Raider Text PartingWords ChatMessage 
925115055169,Мой контракт пора продлить.,,Raider,ModItemUnitDataCompositeDef Raider Text RehireIntro ChatMessage 
826231578564,Вот и договорились. А теперь за дело.,,Raider,ModItemUnitDataCompositeDef Raider Text RehireOutro ChatMessage 
837593519203,Эдгар Сморф «Гвоздь»,,,ModItemUnitDataCompositeDef Nails Name
516388631352,Гвоздь,,,ModItemUnitDataCompositeDef Nails Nick
597544800039,ГВОЗДЬ,,,ModItemUnitDataCompositeDef Nails AllCapsNick
622487091001,"Основав первую в истории Арулько банду байкеров, Гвоздь вскоре с отвращением покинул её, поскольку так и не смог убедить товарищей сделать ограбления винных магазинов и поджоги автозаправок (тех, что бодяжат бензин, разумеется) двумя столпами их совместной деятельности. Сейчас Гвоздь рассматривает предложения нанимателей, которым пригодится его навык обращения со взрывчаткой и механизмами и крутой нрав. Он готов лететь куда угодно и стрелять по кому угодно при условии, что от него не будут требовать расстаться с косухой (во многих местах уже продырявленной и изрядно попахивающей).",,,ModItemUnitDataCompositeDef Nails Bio
494228139073,Не трожь косуху,,,ModItemUnitDataCompositeDef Nails Title
150606437691,kosuhu_ne_otdam@aim.com,,,ModItemUnitDataCompositeDef Nails Email
309985618460,kosuhu_ne_otdam,,,ModItemUnitDataCompositeDef Nails snype_nick
766632300489,С тобой в банке-то хоть здороваются? Наруби капусты — тогда с тобой и побазарим.,,Nails,ModItemUnitDataCompositeDef Nails Text MercChatRefusal Lines ChatMessage 
456685093723,"Без обид, бродяга, мы кататься едем. Давай в другой раз.",,Nails,ModItemUnitDataCompositeDef Nails Text MercChatRefusal Lines ChatMessage 
321697258530,"Вернусь я с задания или нет - это бабушка надвое сказала. Парень я рисковый, но за риск надо конкретно отсыпать, бродяга.",,Nails,ModItemUnitDataCompositeDef Nails Text MercChatHaggle Lines ChatMessage 
429290818592,"Когда товар крутеет, цены растут. Меня уже зовёт дорога. Не хочешь прощаться — бахни сверху, бродяга.",,Nails,ModItemUnitDataCompositeDef Nails Text MercChatHaggle Lines ChatMessage 
857732043501,Короче. Лиска с тобой? Я с тобой! Это без базара.,,Nails,ModItemUnitDataCompositeDef Nails Text MercChatMitigation Lines ChatMessage 
632674475914,"Э, Лиску-то нанять не хочешь? Девочка мастер поднимать... э... боевой дух. Сечёшь? И на задании о-о-чень полезна. Ручки у неё рабочие!",,Nails,ModItemUnitDataCompositeDef Nails Text MercChatBranch Lines ChatMessage 
818028279133,"Эт самое, ладно. Ща вернусь тогда, я быстро.",,Nails,ModItemUnitDataCompositeDef Nails Text MercChatBranch Lines ChatMessage 
927826728791,"Гвоздь! Отвечу, слышь, когда отвечу. Дела ща тут делаю.",,Nails,ModItemUnitDataCompositeDef Nails Text Offline ChatMessage 
487748725487,"Хай, бродяга! Надо подкатить, помутить и откатить? Эт ко мне!",,Nails,ModItemUnitDataCompositeDef Nails Text GreetingAndOffer ChatMessage 
635363764783,"Досмотрел свою порнушку, бродяга? Тогда давай уже за дело.",,Nails,ModItemUnitDataCompositeDef Nails Text ConversationRestart ChatMessage 
315553885416,"Бро-одяга-а! Харош пялить там на тёлочек, алё. У меня дел дохрена.",,Nails,ModItemUnitDataCompositeDef Nails Text IdleLine ChatMessage 
490165429885,Замётано. Только имей в виду: со мной косуха в комплекте. Я её не снимаю. Ваще. И даже! ВАЩЕ! НЕ ПРОСИ!,,Nails,ModItemUnitDataCompositeDef Nails Text PartingWords ChatMessage 
223858526991,"У нас контрактик на исходе-то, бродяга. Чё день грядущий нам базарит?",,Nails,ModItemUnitDataCompositeDef Nails Text RehireIntro ChatMessage 
418152484689,Замётано. Понавожу тут шухеру ещё немного.,,Nails,ModItemUnitDataCompositeDef Nails Text RehireOutro ChatMessage 
522606213949,Анита Бахман «Мышь»,,,ModItemUnitDataCompositeDef Mouse Name
558332461192,Мышь,,,ModItemUnitDataCompositeDef Mouse Nick
252782817625,МЫШЬ,,,ModItemUnitDataCompositeDef Mouse AllCapsNick
491873398820,"Хотя Анита не раскрывает причин, подтолкнувших её вновь вернуться в ряды A.I.M., ходят слухи, что ее отношения с доктором Маргарет (Стеллой) Траммел зашли в тупик. Другие, впрочем, утверждают, что именно Стелла подослала её с секретным заданием вновь наладить связи с коллегами. Как бы там ни было, умение Мыши передвигаться совершенно незаметно делает её ценным членом любой команды.",,,ModItemUnitDataCompositeDef Mouse Bio
660752674735,Мышка серая,,,ModItemUnitDataCompositeDef Mouse Title
752477644941,mouse@aim.com,,,ModItemUnitDataCompositeDef Mouse Email
965473237479,mouse,,,ModItemUnitDataCompositeDef Mouse snype_nick
891526878797,Я не работаю с Лиской! От неё одни неприятности. Рано или поздно кто-нибудь точно поплатится за её выходки.,,Mouse,ModItemUnitDataCompositeDef Mouse Text MercChatRefusal Lines ChatMessage 
682431868600,Не хотелось бы там оказаться. Прости.,,Mouse,ModItemUnitDataCompositeDef Mouse Text MercChatRefusal Lines ChatMessage 
841418933816,"Не могу работать с этим Рыжим, этим клоуном. И ты меня не заставишь. Прости. Я пас.",,Mouse,ModItemUnitDataCompositeDef Mouse Text MercChatRefusal Lines ChatMessage 
619207175584,"Не беси меня Анаболиком в отряде. Я с шовинистом таким работать не буду — тошнит от этих свиней. Ищи дурака, я пас.",,Mouse,ModItemUnitDataCompositeDef Mouse Text MercChatRefusal Lines ChatMessage 
180090348249,"Ох. Одни мужики, что ли? Все мерзкие — вонючая свинота… Ладно, я переживу, но с тебя тогда доплата.",,Mouse,ModItemUnitDataCompositeDef Mouse Text MercChatHaggle Lines ChatMessage 
640263685398,"Ненавижу работать с Лиской. Она же ведь… Ох. Хочешь, чтобы я с ней работала — мне нужно больше вкусненького.",,Mouse,ModItemUnitDataCompositeDef Mouse Text MercChatHaggle Lines ChatMessage 
708602087780,"Хотела отказаться, но смотрю у тебя и девочки есть. Может ты не так уж плох.",,Mouse,ModItemUnitDataCompositeDef Mouse Text MercChatMitigation Lines ChatMessage 
882365282152,"Привет! Говорит Анита Бахман. Я сейчас супер занята. Давай скажу, когда буду готова пообщаться?",,Mouse,ModItemUnitDataCompositeDef Mouse Text Offline ChatMessage 
194998168832,"Привет. Я — Мышь. Нужна на задании, да?",,Mouse,ModItemUnitDataCompositeDef Mouse Text GreetingAndOffer ChatMessage 
675625901057,О. Обычно это я пропадаю. Так о чём мы говорили?,,Mouse,ModItemUnitDataCompositeDef Mouse Text ConversationRestart ChatMessage 
516121446556,"Эй, я умею оставаться незаметной, но давай-ка без приколов.",,Mouse,ModItemUnitDataCompositeDef Mouse Text IdleLine ChatMessage 
792755268170,"Класс! Ох, надо только Стелле сказать. Устроит она мне — никак не привыкнет старушка.",,Mouse,ModItemUnitDataCompositeDef Mouse Text PartingWords ChatMessage 
752819054890,Эй! Как насчёт продлить контракт?,,Mouse,ModItemUnitDataCompositeDef Mouse Text RehireIntro ChatMessage 
814767561017,Класс. Тогда под ногами не путаюсь.,,Mouse,ModItemUnitDataCompositeDef Mouse Text RehireOutro ChatMessage 
627005316845,Норма Джессоп «Лава»,,,ModItemUnitDataCompositeDef Meltdown Name
801416212893,Лава,,,ModItemUnitDataCompositeDef Meltdown Nick
518123328833,ЛАВА,,,ModItemUnitDataCompositeDef Meltdown AllCapsNick
973893751536,"Норма Джессоп - женщина, шутки с которой плохи. С одинаковой готовностью поливая противников матом и свинцом, Лава обожает, когда от врага остаются лишь брызги крови и висящие по кустам кишки. Хотя она в совершенстве владеет стрельбой из пистолетов по-македонски, больше всего ей по нраву тяжёлые пушки. Как она сама любит выражаться, «Не было случайных пострадавших - деньги на ветер». В местах, недавно посещённых Нормой, страховые компании отказывают пострадавшим в выплатах.",,,ModItemUnitDataCompositeDef Meltdown Bio
771770749853,Не будите во мне зверя,,,ModItemUnitDataCompositeDef Meltdown Title
337960420959,lava69@aim.com,,,ModItemUnitDataCompositeDef Meltdown Email
672285437236,lava69,,,ModItemUnitDataCompositeDef Meltdown snype_nick
585931569314,"Да блин! Чёртовы псы опять грызутся... Нет, стоп... Твою ж! Всё, я пошла. Соседского ушлёпка опять в больницу везти надо. НЕ ТРОЖЬТЕ МОИХ СОБАК! Для вас, дебилов, табличку повесила.",,Meltdown,ModItemUnitDataCompositeDef Meltdown Text MercChatRefusal Lines ChatMessage 
461192928382,"Закатай губу, мальчик! У тебя репутация гробовщика. Если мне жить надоест, я лучше со своим бывшим съедусь!",,Meltdown,ModItemUnitDataCompositeDef Meltdown Text MercChatRefusal Lines ChatMessage 
569509023059,"Слышь, ты? Я думала, мне хоть пострелять в кого дадут. А то у меня сегодня из движухи - только то, что я на толчке полдня просидела. Я сюда не штаны протирать и глазки строить приехала. Гони ещё бабла, или я отсюда сваливаю.",,Meltdown,ModItemUnitDataCompositeDef Meltdown Text MercChatHaggle Lines ChatMessage 
108651033026,"Я уже хотела послать тебя в жопу, но увидела, на какой куче бабла ты сидишь. Это я люблю. Надеюсь, это значит, что ты прикупишь мне новых цацек. Уломал, короче.",,Meltdown,ModItemUnitDataCompositeDef Meltdown Text MercChatMitigation Lines ChatMessage 
853843382687,Это Лава. Кто-то хочет предложить мне работу? Тогда пусть оставит сообщение. Или катится к чёрту.,,Meltdown,ModItemUnitDataCompositeDef Meltdown Text Offline ChatMessage 
359198286308,Лава слушает. Это насчёт работы?,,Meltdown,ModItemUnitDataCompositeDef Meltdown Text GreetingAndOffer ChatMessage 
805237372457,Опять ты? Какого хрена тебе надо?,,Meltdown,ModItemUnitDataCompositeDef Meltdown Text ConversationRestart ChatMessage 
533736630214,"Эй, ты там вообще? На порносайты, что ли, отвлекся? Смотри, не вздумай пробовать ту увеличивающую хрень на арахисовом масле, как мой бывший.",,Meltdown,ModItemUnitDataCompositeDef Meltdown Text IdleLine ChatMessage 
221657714144,Хорошо. Замётано. Готовься: надвигается ураган Норма.,,Meltdown,ModItemUnitDataCompositeDef Meltdown Text PartingWords ChatMessage 
933208110208,"Слышь, босс. Контрактик-то наш того и гляди протухнет. Тебе надо, чтоб я и дальше убивала врагов, или где?",,Meltdown,ModItemUnitDataCompositeDef Meltdown Text RehireIntro ChatMessage 
450120703239,"Сойдёт. Потусуюсь тут ещё. С тебя - цели, с меня - трупы.",,Meltdown,ModItemUnitDataCompositeDef Meltdown Text RehireOutro ChatMessage 
990490681062,Эрл Уолкер «Маг»,,,ModItemUnitDataCompositeDef Magic Name
597495451908,Маг,,,ModItemUnitDataCompositeDef Magic Nick
400907277958,МАГ,,,ModItemUnitDataCompositeDef Magic AllCapsNick
273999095685,"Хоть сам Маг и старается не придавать этому большого значения, мы с гордостью сообщаем, что Эрл Уолкер стал победителем Международного конкурса наёмников сразу в двух номинациях: «самые ловкие пальцы» и «самый элегантный внешний вид». Зачёт, Маг! Сочетание олимпийского атлетизма, юркости, чуткости слуха и ловкости делают из Мага оперативника высшего класса. А в сочетании с исключительной меткостью - и вовсе аса среди наёмников.",,,ModItemUnitDataCompositeDef Magic Bio
392626315903,Ловкость рук - и никакого мошенничества,,,ModItemUnitDataCompositeDef Magic Title
201985029292,magic@aim.com,,,ModItemUnitDataCompositeDef Magic Email
367614979450,magic,,,ModItemUnitDataCompositeDef Magic snype_nick
791488790738,"До тех пор, пока в списке приглашённых остаётся эта цыпочка Сдоба, можешь забыть, что я собирался на твою вечеринку.",,Magic,ModItemUnitDataCompositeDef Magic Text MercChatRefusal Lines ChatMessage 
624090922681,"Слышь, друг... Если хочешь посмотреть на Мага в деле, придётся отвалить капусты. Сечёшь?",,Magic,ModItemUnitDataCompositeDef Magic Text MercChatRefusal Lines ChatMessage 
715661622535,"Эта цыпочка Сдоба ломает мне весь кайф. Я пошёл. Может, в другой раз.",,Magic,ModItemUnitDataCompositeDef Magic Text MercChatRefusal Lines ChatMessage 
610720160197,Ты взял Айсмена - ты взял меня.,,Magic,ModItemUnitDataCompositeDef Magic Text MercChatMitigation Lines ChatMessage 
274138944570,"Я уж думал сказать, что не могу, потому что собираюсь упорядочивать свою коллекцию пластинок, но вижу, что у тебя в команде есть мой братишка, Блад Гансон. С ним я где угодно готов работать.",,Magic,ModItemUnitDataCompositeDef Magic Text MercChatMitigation Lines ChatMessage 
825397889767,Если хочешь ещё толковых парней - бери Айса. Мужик что надо.,,Magic,ModItemUnitDataCompositeDef Magic Text MercChatBranch Lines ChatMessage 
450011435940,"Слышал, мой братишка Блад тоже работу ищет. Приценись и к нему тоже.",,Magic,ModItemUnitDataCompositeDef Magic Text MercChatBranch Lines ChatMessage 
370043022550,"Это Маг. Я сейчас занят. Но не дрейфь - оставь сообщение, и я звякну тебе, когда вернусь.",,Magic,ModItemUnitDataCompositeDef Magic Text Offline ChatMessage 
675309371261,Маг. Чем помочь?,,Magic,ModItemUnitDataCompositeDef Magic Text GreetingAndOffer ChatMessage 
217534341976,"Здорово. Ну, что на этот раз?",,Magic,ModItemUnitDataCompositeDef Magic Text ConversationRestart ChatMessage 
514348844008,"Не хочу тебя торопить, мужик, но... я ещё хотел в магазин грампластинок заскочить до закрытия. Сечёшь?",,Magic,ModItemUnitDataCompositeDef Magic Text IdleLine ChatMessage 
199111145437,Супер. Договорились. До скорого.,,Magic,ModItemUnitDataCompositeDef Magic Text PartingWords ChatMessage 
341035456537,Дело есть. Ты собираешься продлевать мой контракт или как?,,Magic,ModItemUnitDataCompositeDef Magic Text RehireIntro ChatMessage 
435176604344,Отлично. Готов зажигать и дальше.,,Magic,ModItemUnitDataCompositeDef Magic Text RehireOutro ChatMessage 
686612112398,Др. Майкл Доусон «ЭмДи»,,,ModItemUnitDataCompositeDef MD Name
484352976943,ЭмДи,,,ModItemUnitDataCompositeDef MD Nick
640628882023,ЭМДИ,,,ModItemUnitDataCompositeDef MD AllCapsNick
186460451002,"Закончив мединститут, Майкл отказался от перспективной карьеры врача и подался в наёмники. Сам он на этот счёт отвечает уклончиво, но многие подозревают, что Доусон вступал в A.I.M. в полной уверенности, что имеет дело с отделением «Врачей без границ». Как бы то ни было, впервые нюхнув пороху в Арулько, ЭмДи нашёл, что солдатская жизнь ему по вкусу. Ловкость, с которой он обращается со скальпелем, пригождается ему и в бою, и в импровизированной операционной, а неистребимый оптимизм побуждает других учиться на его примере.",,,ModItemUnitDataCompositeDef MD Bio
892027636726,Синдром самозванца и неувядающий оптимизм,,,ModItemUnitDataCompositeDef MD Title
853992834316,md@aim.com,,,ModItemUnitDataCompositeDef MD Email
894034021981,md,,,ModItemUnitDataCompositeDef MD snype_nick
589316307933,"Ммм… Анаболик тоже будет. Нет, я против него ничего личного не имею, но... он любит дразниться — говорит, что я «слабак и баба».",,MD,ModItemUnitDataCompositeDef MD Text MercChatHaggle Lines ChatMessage 
377316958854,"Нет, конечно, я могу его понять. Но мне же потом платить за психотерапию потребуется…",,MD,ModItemUnitDataCompositeDef MD Text MercChatHaggle Lines ChatMessage 
255971337240,"Всё чудесно. Просто с Лавой мы не очень ладим. Она всё говорит, что я напоминаю ей ту каку, что однажды ел её пёс.",,MD,ModItemUnitDataCompositeDef MD Text MercChatHaggle Lines ChatMessage 
706928440131,"Конечно, может и так. Я же не видел. Кака могла быть похожа. Просто это сильно подкашивает меня, и оплата новых сессий психотерапии будет очень кстати.",,MD,ModItemUnitDataCompositeDef MD Text MercChatHaggle Lines ChatMessage 
133732872963,"Боже мой. Гвоздь тоже с вами? Он переехал меня как-то мотоцикл- Байком! Он вроде велел называть байком. Потом развернулся и опять переехал. Пару раз. А потом ещё и обматерил, так как я изпачкал ему шины кровью.",,MD,ModItemUnitDataCompositeDef MD Text MercChatHaggle Lines ChatMessage 
812957826017,"Ну, допускаю, что я виноват, нужно было успеть отпрыгнуть. Словом… он так любит вспоминать это, что мне будут нужны средства на лечение ПТСР.",,MD,ModItemUnitDataCompositeDef MD Text MercChatHaggle Lines ChatMessage 
232520855092,"Привет! Это доктор Майкл Доусон. Не могу разговаривать. Перезвоните позже… А, хотя зачем я стараюсь? Никто не перезвонит. Возьмут и обратятся к людям подороже, поопытнее... к Сиднею там или Доку Кью.",,MD,ModItemUnitDataCompositeDef MD Text Offline ChatMessage 
844200702211,"Привет. А это не розыгрыш? А то мне позвонил один наёмник, представился чужим именем и я на две недели застрял в Камбодже. Это ведь реальное предложение?",,MD,ModItemUnitDataCompositeDef MD Text GreetingAndOffer ChatMessage 
156327251175,"Ох, слава Богу! Думал вы меня отвергли.",,MD,ModItemUnitDataCompositeDef MD Text ConversationRestart ChatMessage 
514838144823,"А-а-м-м-м... Вы же не передумали меня брать, нет? Да?",,MD,ModItemUnitDataCompositeDef MD Text IdleLine ChatMessage 
204072676737,Ух ты! Я уж и не надеялся. Уверены? Точно? Вы ничего не спутали? Точно-точно???,,MD,ModItemUnitDataCompositeDef MD Text PartingWords ChatMessage 
248975416845,"Что это я… конечно ничего... Т-то есть конечно точно. Глупости говорю, простите. Так куда отправляемся? В Африку? Ой, я шортики возьму.",,MD,ModItemUnitDataCompositeDef MD Text PartingWords ChatMessage 
141535236983,"М-м-м... Даже не знаю, как сказать, но… м-м-мой контракт… заканчивается. Видимо. Можем, продлить его, если не против.",,MD,ModItemUnitDataCompositeDef MD Text RehireIntro ChatMessage 
169241431651,"Вы… Ого! Спасибо! Я тогда пойду, э-э-у-у… продолжать вот это… всё — да?",,MD,ModItemUnitDataCompositeDef MD Text RehireOutro ChatMessage 
856122685331,Капрал Лен Андерсон,,,ModItemUnitDataCompositeDef Len Name
100823268874,Лен,,,ModItemUnitDataCompositeDef Len Nick
765224105732,ЛЕН,,,ModItemUnitDataCompositeDef Len AllCapsNick
651747616157,"Записавшись в армию сразу же по окончании школы, капрал Андерсон большую частью своей взрослой жизни не выпускал из рук автомата. Лен отслужил в «зелёных беретах», а получив почётное увольнение со службы, переквалифицировался в солдата удачи, став одним из первых членов A.I.M. Лен располагает превосходными навыками во всех областях солдатской науки и имеет за плечами многие годы опыта борьбы с боевиками и спасения похищенных бизнесменов. Коллеги уважают его как командира и инструктора, а враги боятся как грозу мелких военных диктаторов.",,,ModItemUnitDataCompositeDef Len Bio
452293562944,Настоящий батя,,,ModItemUnitDataCompositeDef Len Title
159574405546,len_anderson@aim.com,,,ModItemUnitDataCompositeDef Len Email
152770436506,len_anderson,,,ModItemUnitDataCompositeDef Len snype_nick
728045541164,"Я наслышан о вашем стиле командования. Слишком много «двухсотых». Я потому и дожил до своих лет, что научился вовремя говорить «нет». Вот как сейчас.",,Len,ModItemUnitDataCompositeDef Len Text MercChatRefusal Lines ChatMessage 
334870751923,Предложение отклоняется. Всего доброго.,,Len,ModItemUnitDataCompositeDef Len Text MercChatRefusal Lines ChatMessage 
779667141211,"Вы мне не нравитесь. Я достаточно пожил, чтоб самому выбирать, под чьим командованием служить - и у вас я служить не намерен.",,Len,ModItemUnitDataCompositeDef Len Text MercChatRefusal Lines ChatMessage 
615940175069,Предложение отклоняется. Всего доброго.,,Len,ModItemUnitDataCompositeDef Len Text MercChatRefusal Lines ChatMessage 
252206147171,"Простите, сэр, но командир из вас так себе. Слишком много толковых парней уже не вернулись с ваших заданий. И я не намерен стать следующим.",,Len,ModItemUnitDataCompositeDef Len Text MercChatRefusal Lines ChatMessage 
483984421915,"Боюсь, я не могу продлить действие нашего контракта.",,Len,ModItemUnitDataCompositeDef Len Text MercChatRefusal Lines ChatMessage 
775023517205,"За то время, что я знаком с доктором Кью, он показал себя отличным солдатом и великолепным медиком. Я был бы очень рад поработать с ним снова.",,Len,ModItemUnitDataCompositeDef Len Text MercChatMitigation Lines ChatMessage 
226612508863,"Не могу назвать ваше командование идеальным, но возможность работать с Вики вполне позволяет мне сделать вам некоторые поблажки.",,Len,ModItemUnitDataCompositeDef Len Text MercChatMitigation Lines ChatMessage 
130371395685,Хорошо. Такой вариант меня устраивает. Я также весьма рекомендовал бы нанять Доктора Кью - он отличный солдат и медик. Мне будет приятно вновь работать вместе с ним.,,Len,ModItemUnitDataCompositeDef Len Text MercChatBranch Lines ChatMessage 
989283642424,"Хорошо. Такой вариант меня устраивает. Кстати: если вам нужен толковый механик, Вики - идеальный кандидат. После её ремонта даже мой старый «шевроле» мурлычет, как котёнок.",,Len,ModItemUnitDataCompositeDef Len Text MercChatBranch Lines ChatMessage 
593193742103,Это капрал Лен Андерсон. Я временно недоступен. По возвращении дам вам знать.,,Len,ModItemUnitDataCompositeDef Len Text Offline ChatMessage 
499964957820,Приветствую. Капрал Лен Андерсон к вашим услугам. Я готов к несению службы. Изложите своё предложение.,,Len,ModItemUnitDataCompositeDef Len Text GreetingAndOffer ChatMessage 
623982343340,Чёртова техника отказала. На чём мы остановились?,,Len,ModItemUnitDataCompositeDef Len Text ConversationRestart ChatMessage 
794781501609,Я не привык впустую тратить время. Нельзя ли перейти к делу?,,Len,ModItemUnitDataCompositeDef Len Text IdleLine ChatMessage 
453156990394,Отлично. Я начну собирать вещи. Буду на месте в назначенное время.,,Len,ModItemUnitDataCompositeDef Len Text PartingWords ChatMessage 
531047441945,"Командир, если мои услуги требуются вам и дальше, нужно продлить действие контракта. Предлагаю не тянуть с этим.",,Len,ModItemUnitDataCompositeDef Len Text RehireIntro ChatMessage 
822598459526,Прекрасно. Возвращаюсь к своим служебным обязанностям.,,Len,ModItemUnitDataCompositeDef Len Text RehireOutro ChatMessage 
869169089971,Ларри Роачберн,,,ModItemUnitDataCompositeDef Larry Name
753281095956,Ларри,,,ModItemUnitDataCompositeDef Larry Nick
620838526188,ЛАРРИ,,,ModItemUnitDataCompositeDef Larry AllCapsNick
333869191425,"Чтобы обращаться со взрывчаткой, требуется верная рука, а вернее руки Ларри ещё нужно поискать - правда, это при условии, что он недавно ничего не принимал. Хотя в прошлом Роачберн регулярно уходил в запои и «марафоны», вот уже два года, как он держится молодцом. Глубокие практические познания в фармакологии пригождаются ему, когда нужно оказать помощь раненому товарищу, а опыт побегов из наркодиспансеров говорит о хорошо развитых навыках скрытного перемещения и вскрытия замков. Тем не менее, Ларри клянётся и божится, что отныне он чист, как стёклышко, и мы в M.E.R.C. с готовностью ему верим!",,,ModItemUnitDataCompositeDef Larry Bio
157807300841,Живописец. Минами по полю.,,,ModItemUnitDataCompositeDef Larry Title
226963931566,Ларри Роачберн,,,ModItemUnitDataCompositeDef Larry_Clean Name
585663232996,Ларри,,,ModItemUnitDataCompositeDef Larry_Clean Nick
713622604085,ЛАРРИ,,,ModItemUnitDataCompositeDef Larry_Clean AllCapsNick
489792807692,"Чтобы обращаться со взрывчаткой, требуется верная рука, а вернее руки Ларри ещё нужно поискать - правда, это при условии, что он недавно ничего не принимал. Хотя в прошлом Роачберн регулярно уходил в запои и «марафоны», вот уже два года, как он держится молодцом. Глубокие практические познания в фармакологии пригождаются ему, когда нужно оказать помощь раненому товарищу, а опыт побегов из наркодиспансеров говорит о хорошо развитых навыках скрытного перемещения и вскрытия замков. Тем не менее, Ларри клянётся и божится, что отныне он чист, как стёклышко, и мы в M.E.R.C. с готовностью ему верим!",,,ModItemUnitDataCompositeDef Larry_Clean Bio
112796718025,Бывший живописец. Настоящий взрывотехник,,,ModItemUnitDataCompositeDef Larry_Clean Title
748830427164,Иван Долвич,,,ModItemUnitDataCompositeDef Ivan Name
493354712045,Иван,,,ModItemUnitDataCompositeDef Ivan Nick
857448797342,ИВАН,,,ModItemUnitDataCompositeDef Ivan AllCapsNick
631392006133,"После развала Советского Союза Иван, в прошлом майор Советской Армии, решил попытать удачи на рынке капиталистических стран. Хотя разговорный английский по-прежнему дается ему с трудом, время, проведенное в A.I.M., лишь отточило его и без того выдающиеся навыки бойца. Иван настолько прославился своими подвигами, что в Голливуде даже решили снять о нем фильм. Однако проект пришлось отменить, поскольку Иван настаивал, что главную роль будет играть он сам, а все перестрелки в фильме должны вестись с применением боевого оружия.",,,ModItemUnitDataCompositeDef Ivan Bio
659068379440,Русский медведь,,,ModItemUnitDataCompositeDef Ivan Title
435235065061,иван@aim.com,,,ModItemUnitDataCompositeDef Ivan Email
306981357442,иван,,,ModItemUnitDataCompositeDef Ivan snype_nick
801318908726,"Игорь работал на кретинов, вроде тебя, и погиб. Шваль ты, а не командир. Так что иди-ка нахер.",,Ivan,ModItemUnitDataCompositeDef Ivan Text MercChatRefusal Lines ChatMessage 
385900044934,"Отставить! У тебя с деньгами проблемы, голубчик. А я устал от дураков без денег, за которыми потом мне подтирать приходится.",,Ivan,ModItemUnitDataCompositeDef Ivan Text MercChatRefusal Lines ChatMessage 
405562095128,"Все это плохо пахнет, но я соглашусь. За Игорьком глаз да глаз нужен, пригляжу за ним.  Сколько раз еще из-за племяша придется с идиотами работать, а? ",,Ivan,ModItemUnitDataCompositeDef Ivan Text MercChatMitigation Lines ChatMessage 
166369730019,"Племяшку моего возьми тоже, Игорька. Он, конечно, говна бесполезного кусок, но так хоть от бутылки оторвется. Как к сиське мамкиной прилип.",,Ivan,ModItemUnitDataCompositeDef Ivan Text MercChatBranch Lines ChatMessage 
152187545209,"Я слышал, Хряп ищет работу. Мы с ним хорошо сработались, возьми его тоже. ",,Ivan,ModItemUnitDataCompositeDef Ivan Text MercChatBranch Lines ChatMessage 
638867606061,"Это Иван Долвич. Я сейчас на задании, свяжусь с тобой позже. Не названивай мне, как последний осел.",,Ivan,ModItemUnitDataCompositeDef Ivan Text Offline ChatMessage 
618731597504,"Это Иван Долвич. Хочешь предложить мне работу? Надеюсь, деньги у тебя есть. Эти ослы думают, что можно просто позвонить в AIM и спросить Ивана.",,Ivan,ModItemUnitDataCompositeDef Ivan Text GreetingAndOffer ChatMessage 
163444722395,"Алё, куда пропал там? Идиоты всякие названивают…",,Ivan,ModItemUnitDataCompositeDef Ivan Text ConversationRestart ChatMessage 
191528611145,"Ты здесь, идиотина? У меня дела есть вообще-то. Шевели шестеренками!",,Ivan,ModItemUnitDataCompositeDef Ivan Text IdleLine ChatMessage 
370387628463,"Хорошо, договорились. Поеду я в этот ваш Гранд-Шьен",,Ivan,ModItemUnitDataCompositeDef Ivan Text PartingWords ChatMessage 
429789494124,"Мой контракт скоро закончится. Продлевать будем, или глазками хлопать? Останешься без Ивана, ослик!",,Ivan,ModItemUnitDataCompositeDef Ivan Text RehireIntro ChatMessage 
231732374331,"Согласен. Командира бы поумнее, но работаем с тем, что есть.",,Ivan,ModItemUnitDataCompositeDef Ivan Text RehireOutro ChatMessage 
951021360874,Игорь Долвич,,,ModItemUnitDataCompositeDef Igor Name
242446641011,Игорь,,,ModItemUnitDataCompositeDef Igor Nick
383779569786,ИГОРЬ,,,ModItemUnitDataCompositeDef Igor AllCapsNick
401565007653,"Хоть Игорь и гордится тем, что он - племянник самого Ивана Долвича, он по праву может похвалиться и собственными достижениями. Молодой, но исключительно талантливый наёмник, он уже завоевал уважение коллег своей выносливостью, отвагой, меткостью и способностью незаметно подкрадываться к противнику. Тем не менее, до своего легендарного дяди ему ещё расти и расти, и Игорь исполнен решимости преумножить славу семьи Долвичей. Крайне перспективный боец!",,,ModItemUnitDataCompositeDef Igor Bio
753598137188,Наёмник-орденоносец,,,ModItemUnitDataCompositeDef Igor Title
673794011457,super_igor@aim.com,,,ModItemUnitDataCompositeDef Igor Email
951768641593,super_igor,,,ModItemUnitDataCompositeDef Igor snype_nick
336851318657,"Нет! Ты убил дядю Ивана. Он был самый лучший! Если он умер под твоим командованием, значит, ты ужасный командир. Теперь Игорь - последний из Долвичей. Игорь должен выжить.",,Igor,ModItemUnitDataCompositeDef Igor Text MercChatRefusal Lines ChatMessage 
387833852326,"Нет. Ты - ужасный командир, и мой дядя мёртв. Я больше не буду на тебя работать.",,Igor,ModItemUnitDataCompositeDef Igor Text MercChatRefusal Lines ChatMessage 
122302977852,Слишком многие из твоих бойцов возвращаются домой по частям. Я не настолько стремлюсь умереть. Я должен отклонить твоё предложение.,,Igor,ModItemUnitDataCompositeDef Igor Text MercChatRefusal Lines ChatMessage 
449010257088,"Нет! A.I.M. вечно недоплачивает Игрою. Игорь заслуживает надбавки. Например, такой.",,Igor,ModItemUnitDataCompositeDef Igor Text MercChatHaggle Lines ChatMessage 
604251052049,Я уже совершил немало подвигов. Я заслуживаю прибавки.,,Igor,ModItemUnitDataCompositeDef Igor Text MercChatHaggle Lines ChatMessage 
134926984200,"Я всегда считал честью служить там, где служит мой потрясающий дядя. Я согласен!",,Igor,ModItemUnitDataCompositeDef Igor Text MercChatMitigation Lines ChatMessage 
424670207295,"Я уже думал сказать, что больше не хочу работать на тебя, но с тобой моя Калинка. Я должен оберегать её. Я останусь - но попрошу надбавки за то, что забочусь о ней.",,Igor,ModItemUnitDataCompositeDef Igor Text MercChatMitigation Lines ChatMessage 
689959628569,"Найми и дядю Ивана тоже. Он - самый лучший. Пусть видит, что я не опозорил имя Долвичей. А теперь давай выпьем. Я ушёл за водкой.",,Igor,ModItemUnitDataCompositeDef Igor Text MercChatBranch Lines ChatMessage 
100640650018,"Это Игорь. Игорь - отличный наёмник. Почти все бывшие командиры его хвалят. Напишите позже, если хотите нанять Игоря.",,Igor,ModItemUnitDataCompositeDef Igor Text Offline ChatMessage 
103428746749,Это Игорь. Игорь - отличный наёмник. Как и его великий дядя. Что нужно делать?,,Igor,ModItemUnitDataCompositeDef Igor Text GreetingAndOffer ChatMessage 
513452735443,"Нужно было отвлечься, выпить с друзьями? Понимаю. Продолжим разговор?",,Igor,ModItemUnitDataCompositeDef Igor Text ConversationRestart ChatMessage 
710657353028,"Алё? Мне водку пить пора, давай к делу. Игорь спешит.",,Igor,ModItemUnitDataCompositeDef Igor Text IdleLine ChatMessage 
332890798261,"Ты не пожалеешь. Игорь - отличный наемник. Много почетных грамот заслужит. Может, даже орден.",,Igor,ModItemUnitDataCompositeDef Igor Text PartingWords ChatMessage 
434040400943,Отлично. Теперь давай выпьем. Я пошёл за водкой.,,Igor,ModItemUnitDataCompositeDef Igor Text PartingWords ChatMessage 
863582844498,"Ты видишь, что Игорь - отличный наёмник. Но его контракт скоро заканчивается. Это нужно исправить.",,Igor,ModItemUnitDataCompositeDef Igor Text RehireIntro ChatMessage 
938302509814,Теперь давай выпьем. Русский обычай.,,Igor,ModItemUnitDataCompositeDef Igor Text RehireOutro ChatMessage 
487023376427,Айс Уильямс,,,ModItemUnitDataCompositeDef Ice Name
176437286252,Айс,,,ModItemUnitDataCompositeDef Ice Nick
117433013766,АЙС,,,ModItemUnitDataCompositeDef Ice AllCapsNick
207628950939,"Один из наиболее востребованных наёмников в A.I.M., Айс пользуется популярностью как у новых, так и у постоянных клиентов благодаря своей ненавязчивой, дружеской манере общения. Хотя Уильямс с лёгкостью обращается и со снайперским оружием, его излюбленный режим стрельбы - старая добрая очередь из автомата, и он с готовностью делится с коллегами практическими советами, как лучше контролировать увод ствола в сторону.",,,ModItemUnitDataCompositeDef Ice Bio
634721638536,Настоящий «айс»,,,ModItemUnitDataCompositeDef Ice Title
234986731479,ice@aim.com,,,ModItemUnitDataCompositeDef Ice Email
680935424578,ice,,,ModItemUnitDataCompositeDef Ice snype_nick
980198563693,"Похоже, у тебя туго с бабками. Нет бабок - нет шмоток, нет шмоток - нет Айсмена. Сечёшь?",,Ice,ModItemUnitDataCompositeDef Ice Text MercChatRefusal Lines ChatMessage 
947420046783,"Ох, ёпт. Чувак, реально забыл: обещал другану помочь с переездом. Мой косяк. Мир!",,Ice,ModItemUnitDataCompositeDef Ice Text MercChatRefusal Lines ChatMessage 
449305513325,"Задания-однодневки - это не моё, друг. Зови, если нужно как следует покуралесить.",,Ice,ModItemUnitDataCompositeDef Ice Text MercChatRefusal Lines ChatMessage 
253254561122,"Мы с тобой ещё не ныряли на делишки. Может, ты нормальный мужик... а может, нет. Подкинь ещё бабосов, там видно будет.",,Ice,ModItemUnitDataCompositeDef Ice Text MercChatHaggle Lines ChatMessage 
451725402409,"Йоу, с Магом я всегда готов работать. Уже иду.",,Ice,ModItemUnitDataCompositeDef Ice Text MercChatMitigation Lines ChatMessage 
220360813308,"Гризли своё дело знает. Раз он в твоей пати, значит, ты нормалдесный чувак. Я в деле.",,Ice,ModItemUnitDataCompositeDef Ice Text MercChatMitigation Lines ChatMessage 
196058391078,"Фа-а-ак!.. У тебя в отряде Блад? Это всем чувакам чувак. Лады. Считай, я согласен.",,Ice,ModItemUnitDataCompositeDef Ice Text MercChatMitigation Lines ChatMessage 
355937024201,"Заметано. Йо, еще одно: Маг - наш человек. Найми и его тоже.",,Ice,ModItemUnitDataCompositeDef Ice Text MercChatBranch Lines ChatMessage 
446131633228,"Замётано. А если хочешь совсем как взрослый, найми и Гризли тоже. Он крутой мужик.",,Ice,ModItemUnitDataCompositeDef Ice Text MercChatBranch Lines ChatMessage 
354674179288,"Замётано. Кстати, Блад, говорят, тож работу ищет. Найми-ка ты и его. Чувак - талантище.",,Ice,ModItemUnitDataCompositeDef Ice Text MercChatBranch Lines ChatMessage 
439765835734,"Эт Айс Уильямс. Я ща занят, но если это по работе, скиньте сообщение, я вам в ответку звякну-шмякну.",,Ice,ModItemUnitDataCompositeDef Ice Text Offline ChatMessage 
796351074859,Айс у аппарата. Чо как?,,Ice,ModItemUnitDataCompositeDef Ice Text GreetingAndOffer ChatMessage 
394207735795,"Ну камон, чел. Чё там за делишки у тя, колись шустрей.",,Ice,ModItemUnitDataCompositeDef Ice Text ConversationRestart ChatMessage 
879227309291,"Эт чё, игра такая? Типа я должен оттелепатировать, чё ты там замыслил?",,Ice,ModItemUnitDataCompositeDef Ice Text IdleLine ChatMessage 
306254363554,"Ништяк. Найс темка, чел, заценим, чё там.",,Ice,ModItemUnitDataCompositeDef Ice Text PartingWords ChatMessage 
722650285343,"Контракт почти вышел. Чо как, обновляем?",,Ice,ModItemUnitDataCompositeDef Ice Text RehireIntro ChatMessage 
425548162876,"Супер, супер. Лан, не будем терять время.",,Ice,ModItemUnitDataCompositeDef Ice Text RehireOutro ChatMessage 
799859181071,Фрэнк Хеннеси «Стрелок»,,,ModItemUnitDataCompositeDef Hitman Name
946077284416,Стрелок,,,ModItemUnitDataCompositeDef Hitman Nick
734624158090,СТРЕЛОК,,,ModItemUnitDataCompositeDef Hitman AllCapsNick
649246167400,"Проведя последние несколько лет в безуспешных попытках сбросить лишний вес, Фрэнк вынужден был признать, что стал очередным обладателем пивного животика (несмотря на то, что все в A.I.M. знают его как любителя женского пола, а не пива). Тем не менее, Хеннеси остаётся одним из лучших мастеров обращения с огнестрельным оружием и метательными ножами, а обходительные манеры делают из него превосходного инструктора. «Стрелок» - весомое во всех смыслах добавление к любой команде.",,,ModItemUnitDataCompositeDef Hitman Bio
831408309409,Обходительный киллер,,,ModItemUnitDataCompositeDef Hitman Title
626379380637,strelok@aim.com,,,ModItemUnitDataCompositeDef Hitman Email
645661687272,strelok,,,ModItemUnitDataCompositeDef Hitman snype_nick
808348013682,"Нет уж, я с Рейдером работать не намерен. Тупой, как пробка, а строит из себя начальника. Извиняй, ас, но эту ошибку я повторять не намерен.",,Hitman,ModItemUnitDataCompositeDef Hitman Text MercChatRefusal Lines ChatMessage 
601719461266,"Скажем так, ас: поговаривают, что у тебя солдаты мрут, как мухи. А мне моя жизнь дорога. Извини, я на такие риски не иду.",,Hitman,ModItemUnitDataCompositeDef Hitman Text MercChatRefusal Lines ChatMessage 
620001696951,"Говорят, у тебя денег куры не клюют, ас. Я согласен поработать на тебя, если ты и мне бабок отвалишь.",,Hitman,ModItemUnitDataCompositeDef Hitman Text MercChatHaggle Lines ChatMessage 
554415577338,"Слышь, ас, мне тут сказали, тебе деньжат привалило. Хочешь, чтоб я и дальше на тебя работал, - делись.",,Hitman,ModItemUnitDataCompositeDef Hitman Text MercChatHaggle Lines ChatMessage 
531216698923,"Знаешь, ас. Профи-то я профи, но я тут на тебя вкалываю, как на трёх работах. А рук и ног у меня не три пары. Хочешь, чтоб я и дальше в таком режиме работал, придётся отстегнуть мне денег, и немало.",,Hitman,ModItemUnitDataCompositeDef Hitman Text MercChatHaggle Lines ChatMessage 
630933806416,"Что ж. С такой красоткой, как Сова, кто откажется? Я в деле, ас. Хоть оно мне и не нравится.",,Hitman,ModItemUnitDataCompositeDef Hitman Text MercChatMitigation Lines ChatMessage 
219051126945,"Ну, ас, Хряпа ты уломал, а где Хряп - считай, операция удалась. Я тогда тоже согласен. Надеюсь, я об этом не пожалею.",,Hitman,ModItemUnitDataCompositeDef Hitman Text MercChatMitigation Lines ChatMessage 
933155613749,"Стрелок Хеннеси, наёмник! Я тут в отлучке, ас, так что напишу, когда вернусь. Счастливо тебе.",,Hitman,ModItemUnitDataCompositeDef Hitman Text Offline ChatMessage 
349490027919,"Здорово, ас! Кажется, ты хочешь предложить мне работу.",,Hitman,ModItemUnitDataCompositeDef Hitman Text GreetingAndOffer ChatMessage 
588171612533,"Ты здесь, ас? На чём мы остановились?",,Hitman,ModItemUnitDataCompositeDef Hitman Text ConversationRestart ChatMessage 
286657788041,"Ты там заснул, ас? Давай уже к делу.",,Hitman,ModItemUnitDataCompositeDef Hitman Text IdleLine ChatMessage 
949447625244,"Значит, по рукам, ас. Ты не пожалеешь, что нанял меня.",,Hitman,ModItemUnitDataCompositeDef Hitman Text PartingWords ChatMessage 
830992502289,"Ас, мой контракт того и гляди закончится. Не хочешь застолбить меня на подольше?",,Hitman,ModItemUnitDataCompositeDef Hitman Text RehireIntro ChatMessage 
798713629390,"Отлично, ас. Я знал, что тебе нужны первоклассные стрелки.",,Hitman,ModItemUnitDataCompositeDef Hitman Text RehireOutro ChatMessage 
427138476543,Гас Тарболс,,,ModItemUnitDataCompositeDef Gus Name
732907985726,Гас,,,ModItemUnitDataCompositeDef Gus Nick
980126090528,ГАС,,,ModItemUnitDataCompositeDef Gus AllCapsNick
257144197846,"Ходят слухи, что, когда вновь избранный правитель Арулько предложил Тарболсу пост старшего военного советника, старый солдат отказался, заявив: «Я вам не штабная крыса, чёрт подери!» Он всё-таки задержался достаточно, чтобы помочь подготовить первые несколько отрядов новой армии Арулько, но в конце концов покинул страну, проворчав что-то насчёт новой ноги. На данный момент его анкета всё ещё значится в списке находящихся на активной боевой службе наёмников, однако Гас уже несколько месяцев как не отвечает на звонки.",,,ModItemUnitDataCompositeDef Gus Bio
453788960669,Ненавидит штабную работу,,,ModItemUnitDataCompositeDef Gus Title
844112356581,napalm_poutru@aim.com,,,ModItemUnitDataCompositeDef Gus Email
568370092426,napalm_poutru,,,ModItemUnitDataCompositeDef Gus snype_nick
367663661849,"Отбой, Деревянский. Я теперь на пенсии. Рад бы, конечно, снова пострелять, но нога ни к чёрту.",,Gus,ModItemUnitDataCompositeDef Gus Text MercChatRefusal Lines ChatMessage 
434798682432,"Мне страсть как охота потусить снова со старыми друзьями, но засранцы почти все на том свете. Эх, а я по ним скучаю... Ладно, пенсия - она и есть пенсия. Иди подоставай кого-нибудь ещё.",,Gus,ModItemUnitDataCompositeDef Gus Text MercChatRefusal Lines ChatMessage 
263880823235,"Чёрт, Деревяшкин, я ж сказал: на пенсии я! Мне дома положено сидеть, телек смотреть. Хотя... тряхнуть стариной с Леном... да и денег у тебя, похоже, на меня хватит...",,Gus,ModItemUnitDataCompositeDef Gus Text MercChatMitigation Lines ChatMessage 
886757961404,"Хрен с тобой, Деревяга. Я в деле. Смотри, чтоб я об этом не пожалел.",,Gus,ModItemUnitDataCompositeDef Gus Text MercChatMitigation Lines ChatMessage 
700927801510,"Посмотри в словаре, что значит «пенсия», Деревяшкин. По мне - это значит «сиди и плюй в потолок».",,Gus,ModItemUnitDataCompositeDef Gus Text MercChatMitigation Lines ChatMessage 
976770556216,"Но раз уж ты уломал Лысого и даже покрыл все его алименты, значит, ты не лыком шит. Чёрт, Дубинкин, убедил ты меня. За дело. К чёрту пенсию.",,Gus,ModItemUnitDataCompositeDef Gus Text MercChatMitigation Lines ChatMessage 
498050185462,"Раз уж ты собираешь стариков-разбойников, что б тебе не нанять и Лысого? Он - профи, каких мало. Да и свалить от своих бывших жён подальше будет рад.",,Gus,ModItemUnitDataCompositeDef Gus Text MercChatBranch Lines ChatMessage 
723868347890,"Я слышал, Лен всё ещё зажигает. Он толковый солдат, хоть и упёртый как хрен знает что. Если предпочитаешь старпёров вроде меня, советую его тоже нанять.",,Gus,ModItemUnitDataCompositeDef Gus Text MercChatBranch Lines ChatMessage 
476258380189,"Ладно, Деревядзе, конец связи. Скоро свидимся.",,Gus,ModItemUnitDataCompositeDef Gus Text MercChatBranch Lines ChatMessage 
318037696742,"Валите нахрен, я на пенсии. Больше никаких заданий, сплошной отдых. День, мать его, за днём. И не пишите мне больше.",,Gus,ModItemUnitDataCompositeDef Gus Text Offline ChatMessage 
535111747196,"Не-не-не, Деревяшка. Я пас. На этот раз - реально. Я с этой чёртовой ногой еле ковыляю.",,Gus,ModItemUnitDataCompositeDef Gus Text GreetingAndOffer ChatMessage 
623440416332,"Обломись, Деревяшкин. Я ещё не в маразме. Думаешь, если напишешь мне пять минут спустя, я уже всё забуду? Сказано же: я пас.",,Gus,ModItemUnitDataCompositeDef Gus Text ConversationRestart ChatMessage 
174739397106,"Я не понял: кто тут старый пердун, не врубающийся в новые технологии, - ты или я? В чём затык? Комп завис? Или мозги твои?",,Gus,ModItemUnitDataCompositeDef Gus Text IdleLine ChatMessage 
374431190814,"Выходит, скоро свидимся, Деревяшка.",,Gus,ModItemUnitDataCompositeDef Gus Text PartingWords ChatMessage 
615386056408,"Слышь, Деревяшкин! Раз уж ты меня сюда вытащил, может, не забудешь про меня и мой чёртов контракт, а?",,Gus,ModItemUnitDataCompositeDef Gus Text RehireIntro ChatMessage 
509965443319,"Вот так-то. А теперь наваляем этим гадам, пока у меня нога опять не разболелась.",,Gus,ModItemUnitDataCompositeDef Gus Text RehireOutro ChatMessage 
509794901102,Гельмут Грунтер «Хряп»,,,ModItemUnitDataCompositeDef Grunty Name
844792410600,Хряп,,,ModItemUnitDataCompositeDef Grunty Nick
878015981670,ХРЯП ,,,ModItemUnitDataCompositeDef Grunty AllCapsNick
805883834301,"Боец, стремительно взлетающий к вершинам карьеры наёмника, Хряп пользуется большой популярностью среди клиентов A.I.M. Гельмут - отличный солдат с умеренными денежными запросами, а дружелюбная матера общения и оптимизм делают его прекрасным товарищем по команде. Хряп - универсал, умеющий отлично обращаться с тяжелым оружием, так что едва ли найдётся тактическая задача, из которой он не вышел бы с победой.",,,ModItemUnitDataCompositeDef Grunty Bio
559710714576,Наёмник хоть куда. В самом расцвете лет,,,ModItemUnitDataCompositeDef Grunty Title
930964299879,mamin_lubimez@aim.com,,,ModItemUnitDataCompositeDef Grunty Email
511404631540,mamin_lubimez,,,ModItemUnitDataCompositeDef Grunty snype_nick
824665715419,"Hallo. Ты разбрасываешься хорошими солдатами, будто они у тебя на пятачок пучок! Я рассматриваю принятие твоего предложения как недопустимый риск.",,Grunty,ModItemUnitDataCompositeDef Grunty Text MercChatRefusal Lines ChatMessage 
822031561859,"Hallo. Извини, но в твоей команде одни салаги. Это для меня недопустимый риск.",,Grunty,ModItemUnitDataCompositeDef Grunty Text MercChatRefusal Lines ChatMessage 
577289136229,"Да я бы гвозди ел, лишь бы работать с Иваном. Я о железных гвоздях, не о Гвозде. Его бы я есть не стал, сплошная кожа. В общем, я счастлив присоединиться к вам с Иваном.",,Grunty,ModItemUnitDataCompositeDef Grunty Text MercChatMitigation Lines ChatMessage 
844233838316,"У меня некоторая слабость к Сдобе Зондергад. Я думаю, все дело в том, как прелестно она склоняет головку перед тем, как проделать дырку у врага в брюхе. Раз она идёт с тобой, я иду тоже.",,Grunty,ModItemUnitDataCompositeDef Grunty Text MercChatMitigation Lines ChatMessage 
383765618496,"Иван был моим учителем. Он научил меня убивать с достоинством и терпением. Я буду очень рад, если ты наймёшь и его тоже.",,Grunty,ModItemUnitDataCompositeDef Grunty Text MercChatBranch Lines ChatMessage 
531561579625,"У меня некоторая слабость к Сдобе Зондергад. Если она тоже будет в твоей команде, дело заладится.",,Grunty,ModItemUnitDataCompositeDef Grunty Text MercChatBranch Lines ChatMessage 
393927461621,"Но это просто рекомендация. Ладно, tschüss.",,Grunty,ModItemUnitDataCompositeDef Grunty Text MercChatBranch Lines ChatMessage 
330168467319,"Hallo. С большим сожалением извещаю вас, что в данный момент я недоступен. Я свяжусь с вами, когда ситуация поменяется.",,Grunty,ModItemUnitDataCompositeDef Grunty Text Offline ChatMessage 
552434878051,"Hallo, das ist Хряп, Гельмут Грунтер. Желаешь предложить мне работу?",,Grunty,ModItemUnitDataCompositeDef Grunty Text GreetingAndOffer ChatMessage 
758234830840,"Мама всегда говорила: «Связь рвётся легче сухожилий». Похоже, что наша разорвалась. Не желаешь ли продолжить переговоры?",,Grunty,ModItemUnitDataCompositeDef Grunty Text ConversationRestart ChatMessage 
479381961044,"Achtung! Мы ведь беседуем. Пожалуйста, не отвлекайся.",,Grunty,ModItemUnitDataCompositeDef Grunty Text IdleLine ChatMessage 
841092083711,Супер. Тогда tschüssikowski: до скорой личной встречи.,,Grunty,ModItemUnitDataCompositeDef Grunty Text PartingWords ChatMessage 
240997779233,"Конец нашего контракта всё ближе. Как я понимаю, ты бы хотел продлить его, ja?",,Grunty,ModItemUnitDataCompositeDef Grunty Text RehireIntro ChatMessage 
773993917152,Ты сделал мудрый выбор.,,Grunty,ModItemUnitDataCompositeDef Grunty Text RehireOutro ChatMessage 
118208459244,Стив Борнелл «Гризли»,,,ModItemUnitDataCompositeDef Grizzly Name
954696021309,Гризли,,,ModItemUnitDataCompositeDef Grizzly Nick
136802932068,ГРИЗЛИ,,,ModItemUnitDataCompositeDef Grizzly AllCapsNick
163594350898,"Сказать, что Стив Борнелл крут, - это ещё ничего не сказать. В бою это ходячая машина для убийства. Если враг пеший - он может голыми руками порвать его, как тузик грелку. Если прячется в танке - разнести к чертям собачьим выстрелом из гранатомёта. И в драке, и в перестрелке за Гризли вы как за каменной стеной.",,,ModItemUnitDataCompositeDef Grizzly Bio
978696341509,Зверская сила,,,ModItemUnitDataCompositeDef Grizzly Title
669497410975,grizz@aim.com,,,ModItemUnitDataCompositeDef Grizzly Email
158191965405,grizz,,,ModItemUnitDataCompositeDef Grizzly snype_nick
533291715108,Я с Доктором Кью не работаю и тебе не советую. Хочешь умный совет? Держись от него подальше.,,Grizzly,ModItemUnitDataCompositeDef Grizzly Text MercChatRefusal Lines ChatMessage 
515442003007,"У тебя в отряде сплошь иностранцы. Чё, трудно было нормальных американских вояк набрать? Нет, я не расист, но если хочешь, чтоб я доверил свою жизнь чумазым иностранцам, придётся доплатить.",,Grizzly,ModItemUnitDataCompositeDef Grizzly Text MercChatHaggle Lines ChatMessage 
330985534421,"Я и моя Тень? Мы с ним одной закваски! Блин, я в деле!",,Grizzly,ModItemUnitDataCompositeDef Grizzly Text MercChatMitigation Lines ChatMessage 
457905575962,"У тебя тут не всё в порядке, но ради того, чтобы еще раз посмотреть, как Волк воет на луну... от такого не откажешься.",,Grizzly,ModItemUnitDataCompositeDef Grizzly Text MercChatMitigation Lines ChatMessage 
360731833087,Будет круто снова поработать с Тенью. Не хочешь и его тоже позвать? Вдвоём мы с ним - сила.,,Grizzly,ModItemUnitDataCompositeDef Grizzly Text MercChatBranch Lines ChatMessage 
467797906670,"Ооо, а хочешь услышать, как мы с Волком на пару завываем? Он-то мне - считай, братишка. Может, позовёшь его? Он отличный солдат, клык даю. ",,Grizzly,ModItemUnitDataCompositeDef Grizzly Text MercChatBranch Lines ChatMessage 
445648002358,"Это Стив Борнелл. Я сейчас не на месте, так что вот. Попробуйте в другой раз.",,Grizzly,ModItemUnitDataCompositeDef Grizzly Text Offline ChatMessage 
476655841150,Борнелл слушает. Чего надо?,,Grizzly,ModItemUnitDataCompositeDef Grizzly Text GreetingAndOffer ChatMessage 
261408286901,"Попробуем ещё разок. Может, ты и выйдешь из спячки.",,Grizzly,ModItemUnitDataCompositeDef Grizzly Text ConversationRestart ChatMessage 
672618998313,"Кончай лапу сосать. Куй железо, пока горячо.",,Grizzly,ModItemUnitDataCompositeDef Grizzly Text IdleLine ChatMessage 
994320539737,Супер! Теперь повеселимся.,,Grizzly,ModItemUnitDataCompositeDef Grizzly Text PartingWords ChatMessage 
213572996234,"Да, насчёт контракта. Он почти закончился. Будем продлевать или как?",,Grizzly,ModItemUnitDataCompositeDef Grizzly Text RehireIntro ChatMessage 
509310335150,Второй раз всегда лучше получается. Так? Так!,,Grizzly,ModItemUnitDataCompositeDef Grizzly Text RehireOutro ChatMessage 
653970492916,Синтия Газмен «Лиска»,,,ModItemUnitDataCompositeDef Fox Name
550680559818,Лиска,,,ModItemUnitDataCompositeDef Fox Nick
533036246701,ЛИСКА,,,ModItemUnitDataCompositeDef Fox AllCapsNick
431815979541,"Согласившись задержаться в стране, чтобы позировать для рекламирующих новый мирный Арулько брошюр, Синтия с готовностью фотографировалась в бикини на местных пляжах и выступала на местных стрелковых конкурсах, щеголяя навыками стрельбы по-македонски. Её глубокие познания в человеческой анатомии также оказались востребованы: сын президента нанял её, чтобы она давала ему частные уроки. Тем не менее, недавно она сообщила, что вновь открыта к деловым отношениями, - где угодно, когда угодно и с кем угодно.",,,ModItemUnitDataCompositeDef Fox Bio
643740690300,С пистолетами и наголо,,,ModItemUnitDataCompositeDef Fox Title
275428567670,liska@aim.com,,,ModItemUnitDataCompositeDef Fox Email
750146314874,liska,,,ModItemUnitDataCompositeDef Fox snype_nick
968862205775,"Ещё чего! Пока у тебя в команде этот надутый матрас Анаболик, на меня не рассчитывай!",,Fox,ModItemUnitDataCompositeDef Fox Text MercChatRefusal Lines ChatMessage 
424506783398,"Ой, совсем забыла. Меня ждёт реальная голливудская звезда в пляжном домике на закрытый кастинг! Это мой шанс протолкнуться!  Покажу ему всё, что умею!",,Fox,ModItemUnitDataCompositeDef Fox Text MercChatRefusal Lines ChatMessage 
690973322218,"У тебя в команде тупой перекаченный Анаболик, а это дополнительный стресс. Нужен стимул побольше для этой работки.",,Fox,ModItemUnitDataCompositeDef Fox Text MercChatHaggle Lines ChatMessage 
545857097628,"Этот жутик Смайли тупо меня бесит! Если хочешь, чтобы я осталась в команде, плати больше, и я не откручу его сальные лапки.",,Fox,ModItemUnitDataCompositeDef Fox Text MercChatHaggle Lines ChatMessage 
160370239004,"Ой, Волчок уже в обойме, тогда и я! Покажусь ему в новом бикини!",,Fox,ModItemUnitDataCompositeDef Fox Text MercChatMitigation Lines ChatMessage 
158023635837,Когда в команде медвежонок Гризли — это команда по мне.,,Fox,ModItemUnitDataCompositeDef Fox Text MercChatMitigation Lines ChatMessage 
168114906666,"О'кей, договорились. Кстати, слышала Волк свободен, а я люблю работать с ним. Буду очень благодарна, если и его наймёшь",,Fox,ModItemUnitDataCompositeDef Fox Text MercChatBranch Lines ChatMessage 
202992877509,"О'кей. Договорились. Просто предложение. Гризли тоже свободен. У меня очень гибкие условия труда, когда рядышком мой медвежонок Гризли!",,Fox,ModItemUnitDataCompositeDef Fox Text MercChatBranch Lines ChatMessage 
372042629873,"Это Синтия Газмен. Я сейчас связана по рукам и ногам, но регулярно проверяю входящие. Так что наговори что-нибудь и может встретимся с тобой! А если бы вы предпочли, чтобы я проигнорировала ваш звонок, подышите в трубку - разок, не больше.",,Fox,ModItemUnitDataCompositeDef Fox Text Offline ChatMessage 
303692254961,Лиска слушает. Если ты по работе — ушки на макушке. И не только они. У меня всё на своём месте.,,Fox,ModItemUnitDataCompositeDef Fox Text GreetingAndOffer ChatMessage 
258922001582,"Снова ты, а? Я знала, что передо мной не устоишь.",,Fox,ModItemUnitDataCompositeDef Fox Text ConversationRestart ChatMessage 
173758988412,Ну что так долго? У меня сегодня ещё запись на депиляцию.,,Fox,ModItemUnitDataCompositeDef Fox Text IdleLine ChatMessage 
210052524908,"Кайф! Бросаю в сумочку лосьон от солнца и перевязочные пакеты, и сразу к тебе.",,Fox,ModItemUnitDataCompositeDef Fox Text PartingWords ChatMessage 
972810372163,"Я девушка занятая, и желающих - хоть отбавляй на меня. Не жди последней минутки — решай наше будущее.",,Fox,ModItemUnitDataCompositeDef Fox Text RehireIntro ChatMessage 
760883994778,"Рада, что приглянулась тебе. И это я ещё не всё тебе показала.",,Fox,ModItemUnitDataCompositeDef Fox Text RehireOutro ChatMessage 
118909675158,Фидель Дахан,,,ModItemUnitDataCompositeDef Fidel Name
489035873223,Фидель,,,ModItemUnitDataCompositeDef Fidel Nick
127950817003,ФИДЕЛЬ,,,ModItemUnitDataCompositeDef Fidel AllCapsNick
888155597181,"Хотя власти Арулько так и не объявили его в розыск, мало кто сомневается, что именно Фидель взорвал пункт проката видеокассет в Альме после того, как владелец отказался пускать его в заднюю комнату магазинчика. По счастью, - правда, не на взгляд самого Фиделя - обошлось без жертв. Руководство A.I.M. допустило Фиделя к дальнейшей службе, так как специалисты-взрывотехники, равно хорошо владеющие и стрелковым оружием, всегда нарасхват.",,,ModItemUnitDataCompositeDef Fidel Bio
337961143159,Ходячий Карибский кризис,,,ModItemUnitDataCompositeDef Fidel Title
735301247589,fidel_bomba@aim.com,,,ModItemUnitDataCompositeDef Fidel Email
843991705045,fidel_bomba,,,ModItemUnitDataCompositeDef Fidel snype_nick
601499126033,"Мерзкий дети написали на двери Фиделя гадость. Всё. Фидель ждёт: наступят на мину — бабах и Фидель прибьёт к двери их кусочки — будет им урок. Хехе. Кароче… Фидель занят по семейным обстоятельствам, скажем так. Позже тогда, да? Давай!",,Fidel,ModItemUnitDataCompositeDef Fidel Text MercChatRefusal Lines ChatMessage 
322149216469,Фиделю скучна работа. Ты не просишь Фиделя убивать враг. Фидель больше не будет работать тебе.,,Fidel,ModItemUnitDataCompositeDef Fidel Text MercChatRefusal Lines ChatMessage 
821638510526,"Это машина, которая говорит, как Фидель. Сейчас Фидель убивает врагов. Хочешь нанять Фиделя убивать врагов — перезвонишь. Или ТЫ враг?! Фидель идёт за тобой. Хехе.",,Fidel,ModItemUnitDataCompositeDef Fidel Text Offline ChatMessage 
400111149290,"Это машина с голосом Фиделя. Хочешь убивать людей руками Фиделя? Фидель тоже хочет убивать своими руками! Ну так это самое, договорились, да?",,Fidel,ModItemUnitDataCompositeDef Fidel Text GreetingAndOffer ChatMessage 
781594867566,"Тянет убивать вражин, а не болтать? Ой. Не волнуйся! Фиделя тоже — ай как тянет! Хехе.",,Fidel,ModItemUnitDataCompositeDef Fidel Text ConversationRestart ChatMessage 
101738114840,"ГОВОРИ, МАШИНА! ГОВОРИ! ИЛИ ФИДЕЛЬ ВЗОРВАТЬ ТЕБЯ!",,Fidel,ModItemUnitDataCompositeDef Fidel Text IdleLine ChatMessage 
783316549514,"Ох, надеюсь там будет много вражин. А то Фиделю скучно.",,Fidel,ModItemUnitDataCompositeDef Fidel Text PartingWords ChatMessage 
337330388680,"Машина говорит «Фидель, контракт кончается». А сколько ещё врагов! Плати, чтоб Фидель убивать! Давай!",,Fidel,ModItemUnitDataCompositeDef Fidel Text RehireIntro ChatMessage 
100497682392,Хорошо. Хехехе. Убивать не терпится.,,Fidel,ModItemUnitDataCompositeDef Fidel Text RehireOutro ChatMessage 
231173544601,Доктор Кью Хуаонг,,,ModItemUnitDataCompositeDef DrQ Name
293945362464,Кью,,,ModItemUnitDataCompositeDef DrQ Nick
562036496158,КЬЮ,,,ModItemUnitDataCompositeDef DrQ AllCapsNick
527433658116,"Рассказывают, что однажды, приехав в некую страну на семинар по иглоукалыванию, доктор Кью умудрился не только прочитать там лекцию, но и тем же вечером применить свои навыки ночных операций вкупе с познаниями в боевых искусствах. Пробравшись в расположенный неподалёку лагерь местного наркобарона, он нейтрализовал охранников, стороживших захваченный груз медикаментов, и доставил его в ближайшую больницу. Поговаривают даже, что он отказался брать плату за свои услуги, хотя сам доктор это отрицает.",,,ModItemUnitDataCompositeDef DrQ Bio
727721975643,Эксперт по тактическому иглоукалыванию,,,ModItemUnitDataCompositeDef DrQ Title
970559294874,doctor_q@aim.com,,,ModItemUnitDataCompositeDef DrQ Email
893736356942,doctor_q,,,ModItemUnitDataCompositeDef DrQ snype_nick
614053168152,"Очень сожалею, но вынужден отказаться. Я участвую в исследовании новых методов лечения. Возможно, нам ещё предначертано встретиться вновь.",,DrQ,ModItemUnitDataCompositeDef DrQ Text MercChatRefusal Lines ChatMessage 
767241591939,"Я не могу принять ваше предложение. Мне кажется, что вы с пренебрежением относитесь к жизням своих солдат.",,DrQ,ModItemUnitDataCompositeDef DrQ Text MercChatRefusal Lines ChatMessage 
656350600015,"Я не хотел бы ставить вас в неловкое положение, но состояние вашего банковского счёта намекает, что вы явно не успели принять во внимание некоторые финансовые соображения. Я на такое не согласен.",,DrQ,ModItemUnitDataCompositeDef DrQ Text MercChatRefusal Lines ChatMessage 
144557312468,"Некоторые из ваших методов вызывают у меня большие сомнения. Несмотря на это, я готов положиться на суждение Виктории Уотерс, которой всегда доверял. Я согласен принять ваши условия.",,DrQ,ModItemUnitDataCompositeDef DrQ Text MercChatMitigation Lines ChatMessage 
275961281267,"Спешу сообщить, что присутствие в команде Виктории Уотерс, также известной как Вики, принесёт обоюдную пользу и вам, и мне.",,DrQ,ModItemUnitDataCompositeDef DrQ Text MercChatBranch Lines ChatMessage 
882968834068,"Раз уж мы достигли согласия, я пойду собирать вещи. Спасибо.",,DrQ,ModItemUnitDataCompositeDef DrQ Text MercChatBranch Lines ChatMessage 
959106516354,"Это доктор Кью Хуаонг. В данный момент я занят. Я извещу вас, когда вернусь, - или попробуйте ещё раз сами.",,DrQ,ModItemUnitDataCompositeDef DrQ Text Offline ChatMessage 
342206637305,Доктор Кью Хуаонг. Говорите.,,DrQ,ModItemUnitDataCompositeDef DrQ Text GreetingAndOffer ChatMessage 
958782603918,Давайте очистим наши сознания от ненужного шума и попытаемся вновь достичь взаимовыгодного соглашения.,,DrQ,ModItemUnitDataCompositeDef DrQ Text ConversationRestart ChatMessage 
476696721288,"Похоже, что торопливость новых технологий повлияла и на меня. Я с нетерпением жду от вас новых слов.",,DrQ,ModItemUnitDataCompositeDef DrQ Text IdleLine ChatMessage 
835003965086,Такая форма соглашения будет полезна нам обоим. Я согласен на ваши условия.,,DrQ,ModItemUnitDataCompositeDef DrQ Text PartingWords ChatMessage 
591231386836,Срок действия нашего взаимного соглашения истекает. Не хотели бы вы обсудить вопрос о его продлении?,,DrQ,ModItemUnitDataCompositeDef DrQ Text RehireIntro ChatMessage 
614588738362,Мысль о продлении контракта меня вполне устраивает.,,DrQ,ModItemUnitDataCompositeDef DrQ Text RehireOutro ChatMessage 
956763701762,Моника Зондергад «Сдоба»,,,ModItemUnitDataCompositeDef Buns Name
730486601047,Сдоба,,,ModItemUnitDataCompositeDef Buns Nick
355208859292,СДОБА,,,ModItemUnitDataCompositeDef Buns AllCapsNick
777309152047,"Резюме Моники Зондергад, кажется, специально написано для того, чтобы вызывать у читающих острый приступ синдрома самозванца: стрелок-олимпиец, медицинская сестра, автор видеоуроков по семейной форме обучения, технике искусственного дыхания, стрельбе из автоматического оружия, здоровому образу жизни и борьбе с депрессией посредством последовательного самосовершенствования.

Многие могут спросить себя: разве может жизнь наёмника предложить такой женщине что-но новое? Тем не менее, коллеги по A.I.M. высоко ценят Монику как умелого специалиста и хорошего - пусть и въедливого - учителя.",,,ModItemUnitDataCompositeDef Buns Bio
852578438925,Начинаем урок,,,ModItemUnitDataCompositeDef Buns Title
199610516408,MonicaSondergaard@aim.com,,,ModItemUnitDataCompositeDef Buns Email
154054560014,MonicaSondergaard,,,ModItemUnitDataCompositeDef Buns snype_nick
226180244539,"У вас в команде Лиска. Очевидно, упаковка вас интересует куда больше, чем товар. Свяжитесь со мной, когда вам потребуется нечто большее, чем смазливая мордашка.",,Buns,ModItemUnitDataCompositeDef Buns Text MercChatRefusal Lines ChatMessage 
236123461893,"У вас в команде человек по прозвищу «Жнец». У него серьёзные проблемы с психикой. Может быть, в другой раз.",,Buns,ModItemUnitDataCompositeDef Buns Text MercChatRefusal Lines ChatMessage 
993128152189,Это первое наше сотрудничество. Будет разумным заручиться дополнительными финансовыми гарантиями.,,Buns,ModItemUnitDataCompositeDef Buns Text MercChatHaggle Lines ChatMessage 
574540805848,"Вы наняли этого ненормального «Жнеца». У этой образины определённо не все дома! Хотите со мной работать, тогда уж потрудитесь компенсировать мне неблагоприятные условия труда.",,Buns,ModItemUnitDataCompositeDef Buns Text MercChatHaggle Lines ChatMessage 
998763690178,"Не знаю, что побудило вас нанять эту бестолковую фотомодель Лиску! У неё в голове то же, что в груди. Наверняка один силикон. Я уверена… Так или иначе, терпеть её присутствие без доплаты я не намерена.",,Buns,ModItemUnitDataCompositeDef Buns Text MercChatHaggle Lines ChatMessage 
691020141104,"Обычно я не соглашаюсь на такие предложения. Но коль скоро на вас работает… Сидней, возможно, у вас всё просчитано. Я в деле.",,Buns,ModItemUnitDataCompositeDef Buns Text MercChatMitigation Lines ChatMessage 
545257109553,"Это Моника Зондергад. Полагаю, вам рекомендовали меня как образцового, исполнительного и аккуратного сотрудника. В данный момент я недоступна. Свяжитесь со мной позже.",,Buns,ModItemUnitDataCompositeDef Buns Text Offline ChatMessage 
852499190735,"Приветствую. Это Моника Зондергад. Рада знакомству. Полагаю, вам требуются работники, и вас покорили мои образцовые навыки и аккуратный подход.",,Buns,ModItemUnitDataCompositeDef Buns Text GreetingAndOffer ChatMessage 
698087255368,"Невежливо так резко обрывать разговор, но я вас прощаю. Продолжим.",,Buns,ModItemUnitDataCompositeDef Buns Text ConversationRestart ChatMessage 
180203089731,"Я не терплю тех, кто впустую тратит моё время, но для вас готова сделать исключение. Терпимость - одно из многих моих достоинств. Итак, продолжим.",,Buns,ModItemUnitDataCompositeDef Buns Text IdleLine ChatMessage 
906674942216,Вот и славненько. Жду плодотворного сотрудничества.,,Buns,ModItemUnitDataCompositeDef Buns Text PartingWords ChatMessage 
918365695405,"Добрый день. Наш контракт подходит к концу. Боюсь, команде тяжело придётся без моих навыков, так что я готова продлить его действие.",,Buns,ModItemUnitDataCompositeDef Buns Text RehireIntro ChatMessage 
558845485811,"Хорошо. Я рада, что мы пришли к соглашению и контракт продлён.",,Buns,ModItemUnitDataCompositeDef Buns Text RehireOutro ChatMessage 
341095663210,Кит Гансон «Блад»,,,ModItemUnitDataCompositeDef Blood Name
697027342093,Блад,,,ModItemUnitDataCompositeDef Blood Nick
941246151451,БЛАД,,,ModItemUnitDataCompositeDef Blood AllCapsNick
879797808599,"Не обманывайтесь дружелюбием Блада: этот боец знает тридцать способов, как убить человека одними только голыми руками (хотя сам предпочитает делать это метательными ножами). Как бывший член Африканского национального конгресса, Кит пристрастен к тиранам и эксплуататорам - и обычно выражает своё отношение к ним исключительными по своей агрессивности методами.",,,ModItemUnitDataCompositeDef Blood Bio
656795996276,И будет кровь,,,ModItemUnitDataCompositeDef Blood Title
672490755828,gurman@aim.com,,,ModItemUnitDataCompositeDef Blood Email
240898156196,gurman,,,ModItemUnitDataCompositeDef Blood snype_nick
426442139990,"Знаешь, мне ведь придётся платить, а твой бумажник что-то отощал, как я посмотрю.",,Blood,ModItemUnitDataCompositeDef Blood Text MercChatRefusal Lines ChatMessage 
475250829783,"Я тебя не знаю. С незнакомцами я обычно дел не имею, но если надбавишь деньжат - могу сделать исключение.",,Blood,ModItemUnitDataCompositeDef Blood Text MercChatHaggle Lines ChatMessage 
588114353209,"Я надеялся, что командировка будет посодержательнее. Хочешь, чтоб я тусовался в лагере и харчи готовил - без проблем. Но я не хочу помирать со скуки, штампуя бургеры. Мне меню поинтересней нужно, может, накинешь немного на него?",,Blood,ModItemUnitDataCompositeDef Blood Text MercChatHaggle Lines ChatMessage 
205066005249,"Если ты сумел заполучить в свою команду Мага Уолкера, значит, не лыком шит. Так что меня ты тоже заполучил.",,Blood,ModItemUnitDataCompositeDef Blood Text MercChatMitigation Lines ChatMessage 
267868205180,"Нифига себе, чудо техники эти ваши автоответчики! Ништяк! Хе-хе-хе! XXI Век на дворе! Оставьте сообщение, и я с вами свяжусь.",,Blood,ModItemUnitDataCompositeDef Blood Text Offline ChatMessage 
199682617046,"Да, это Блад. Что там такое?",,Blood,ModItemUnitDataCompositeDef Blood Text GreetingAndOffer ChatMessage 
277793194502,На чем мы остановились?,,Blood,ModItemUnitDataCompositeDef Blood Text ConversationRestart ChatMessage 
905505064939,"Шевелись, дружище. У меня курятина подгорает.",,Blood,ModItemUnitDataCompositeDef Blood Text IdleLine ChatMessage 
303024294883,Отлично! Теперь отожжём!,,Blood,ModItemUnitDataCompositeDef Blood Text PartingWords ChatMessage 
408648943422,"Печально это говорить, дружище, но у меня контракт тут почти истек. Как поступим, а?",,Blood,ModItemUnitDataCompositeDef Blood Text RehireIntro ChatMessage 
729529774361,Отлично! Продолжим смаковать местные блюда и мочить всяких гадов!,,Blood,ModItemUnitDataCompositeDef Blood Text RehireOutro ChatMessage 
919764309920,Барри Ангер,,,ModItemUnitDataCompositeDef Barry Name
872433137526,Барри,,,ModItemUnitDataCompositeDef Barry Nick
420472155832,БАРРИ,,,ModItemUnitDataCompositeDef Barry AllCapsNick
201477611708,"Благочестивый христианин и педант - на первый взгляд Барри Ангеру больше подошла бы карьера не солдата удачи, а электрика. Тем не менее, сам он предпочитает зарабатывать на жизнь, не прокладывая провода в своей родной Венгрии, а закладывая взрывчатку на складах противника (куда сам же и проникает, вскрывая замки).",,,ModItemUnitDataCompositeDef Barry Bio
139748625274,Святой покровитель пластида,,,ModItemUnitDataCompositeDef Barry Title
314757335274,unger.barry@aim.com,,,ModItemUnitDataCompositeDef Barry Email
435268553018,unger.barry,,,ModItemUnitDataCompositeDef Barry snype_nick
674127463811,"Даже с бомбами безопасно работать, а вот с тобой слишком опасно. Начни лучше заботиться о своих солдатах! Пока!",,Barry,ModItemUnitDataCompositeDef Barry Text MercChatRefusal Lines ChatMessage 
650809113310,Предпочитаю долгосрочные контракты. Так надёжнее.,,Barry,ModItemUnitDataCompositeDef Barry Text MercChatRefusal Lines ChatMessage 
646034666673,Работать на тебя опасно. Но за дополнительную плату я согласен.,,Barry,ModItemUnitDataCompositeDef Barry Text MercChatHaggle Lines ChatMessage 
115207671188,Мы раньше не работали вместе. Я тебя не разузнал. Заплати больше - это будет моя страховка.,,Barry,ModItemUnitDataCompositeDef Barry Text MercChatHaggle Lines ChatMessage 
456533953431,"Я не до конца уверен, но Рыжий с тобой. Он мой друг, так что ладно, по рукам.",,Barry,ModItemUnitDataCompositeDef Barry Text MercChatMitigation Lines ChatMessage 
935578724304,Мы достигли взаимного согласия. Считай меня своим наёмником.,,Barry,ModItemUnitDataCompositeDef Barry Text MercChatBranch Lines ChatMessage 
408115538874,Ещё одно: мой друг Рыжий - просто взрывное устройство. Я буду рад работать вместе с ним. Имей в виду.,,Barry,ModItemUnitDataCompositeDef Barry Text MercChatBranch Lines ChatMessage 
196551213889,Мы скоро встретимся. Пока.,,Barry,ModItemUnitDataCompositeDef Barry Text MercChatBranch Lines ChatMessage 
816742272286,"Барри Ангер. Я сейчас не на связи. Но готов работать. Я работаю со взрывчаткой. Пишите, когда сможете.",,Barry,ModItemUnitDataCompositeDef Barry Text Offline ChatMessage 
255302860986,"Барри Ангер. Это по поводу работы? Сейчас работы мало, так что я не привередливый.",,Barry,ModItemUnitDataCompositeDef Barry Text GreetingAndOffer ChatMessage 
490078009951,Мы не достигли согласия. Предлагаю продолжить дальше.,,Barry,ModItemUnitDataCompositeDef Barry Text ConversationRestart ChatMessage 
181178716282,Машина зависла? Если нет - предлагаю продолжить.,,Barry,ModItemUnitDataCompositeDef Barry Text IdleLine ChatMessage 
553481989500,Мы достигли взаимного согласия. Считай меня своим наёмником. Пока.,,Barry,ModItemUnitDataCompositeDef Barry Text PartingWords ChatMessage 
779078342210,Мой контракт подходит к завершению. Предлагаю достигнуть нового согласия.,,Barry,ModItemUnitDataCompositeDef Barry Text RehireIntro ChatMessage 
912455165410,Я удовлетворён. Спасибо.,,Barry,ModItemUnitDataCompositeDef Barry Text RehireOutro ChatMessage 
796542264805,"Зверь, а не девчонка!",,Raven,ModItemVoiceResponse Raven PraisesBuddy2 VoiceResponse PraisesBuddy2 - Played on a successful kill by Jazz_Spider. 
994600876666,"Мы еще потренируемся с тобой, Донна! Будешь мухам крылья отстреливать!",,Raven,ModItemVoiceResponse Raven MockLike2 VoiceResponse MockLike2 - Played on a high chance miss by Jazz_Spider. 
826948509327,"Отставить стрельбу! Доктор Хьюстон, оружие к осмотру! Запомни, не вижу- не стреляю!",,Raven,ModItemVoiceResponse Raven FriendlyFireBuddy2 VoiceResponse FriendlyFireBuddy2 - Played on friendly fire by the unit hit if the hitting unit is Liked - Jazz_Spider. 
373496630515,"Зачем, зачем я стреляла? Это ужасно. Бедная моя Донна. Она даже не успела... ничего не успела!",,Raven,ModItemVoiceResponse Raven KillFriendlyFireBuddy2 VoiceResponse KillFriendlyFireBuddy2 - Played when a unit kills an ally with friendly fire and the dying unit is Liked - Jazz_Spider. 
183777024912,"Вы были талантливейшим доктором, фройляйн Паук. Ваша грация под шквальным огнем, ваши быстрые пальцы, ваше душевное тепло... Мне остается только надеяться, что когда-нибудь я смогу сравниться с вами. Храни вас господь. ",,Thor,ModItemVoiceResponse Thor DeathBuddy2 VoiceResponse DeathBuddy2 - Played on the death of Jazz_Spider. 
635898925775,"Я только уверяюсь в своем расположении к фройляин Паук. Она такая женщина, такая женщина!",,Thor,ModItemVoiceResponse Thor PraisesBuddy2 VoiceResponse PraisesBuddy2 - Played on a successful kill by Jazz_Spider. 
889064631541,"Может, вам стоит уделить больше внимания стрелковой подготовке, фройляйн Паук. По правде говоря, нам обоим стоит.",,Thor,ModItemVoiceResponse Thor MockLike2 VoiceResponse MockLike2 - Played on a high chance miss by Jazz_Spider. 
942541541319,"Фройляйн Паук, на вас удивительным образом невозможно сердиться. Но все же, будьте аккуратнее с оружием.",,Thor,ModItemVoiceResponse Thor FriendlyFireBuddy2 VoiceResponse FriendlyFireBuddy2 - Played on friendly fire by the unit hit if the hitting unit is Liked - Jazz_Spider. 
888762070322,"Ужасно. Говорится ""врач, исцелися сам"", а не ""убей другого врача"". Надеюсь, там, где сейчас фройляйн Хьюстон, у нее нет таких проблем.",,Thor,ModItemVoiceResponse Thor KillFriendlyFireBuddy2 VoiceResponse KillFriendlyFireBuddy2 - Played when a unit kills an ally with friendly fire and the dying unit is Liked - Jazz_Spider. 
390899348731,Паук... Горжусь я ей. Способная деваха! ,,Vicki,ModItemVoiceResponse Vicki PraisesBuddy1 VoiceResponse PraisesBuddy1 - Played on a successful kill by Jazz_Spider. 
619763824975,"Не парься, сестра, я тя и в пушках и в движках прикрою! ",,Vicki,ModItemVoiceResponse Vicki MockLike1 VoiceResponse MockLike1 - Played on a high chance miss by Jazz_Spider. 
872009026452,"Бросай смотреться на девушек - может, тогда и попадешь.",,Vicki,ModItemVoiceResponse Vicki MockLearnToDislike1 VoiceResponse MockLearnToDislike1 - Played on a high chance miss by Smiley. 
763366416906,"Сеструха, я тя люблю и все такое, но убери свою пушку с моей спины!",,Vicki,ModItemVoiceResponse Vicki FriendlyFireBuddy1 VoiceResponse FriendlyFireBuddy1 - Played on friendly fire by the unit hit if the hitting unit is Liked - Jazz_Spider. 
844199942341,"Подруга, как жеж это... Я... Ты... Тя... О, Матерь Божья, как стыдно очень!",,Vicki,ModItemVoiceResponse Vicki KillFriendlyFireBuddy1 VoiceResponse KillFriendlyFireBuddy1 - Played when a unit kills an ally with friendly fire and the dying unit is Liked - Jazz_Spider. 
698036404720,"Рыси мне будет не хватать. Он мою задницу всегда прикрывал, когда приходилось тяжело.",,Wolf,ModItemVoiceResponse Wolf DeathBuddy2 VoiceResponse DeathBuddy2 - Played on the death of Jazz_Lynx. 
176578784013,"Вот вам и Рысь, вашу мамашу!",,Wolf,ModItemVoiceResponse Wolf PraisesBuddy2 VoiceResponse PraisesBuddy2 - Played on a successful kill by Jazz_Lynx. 
261881212602,"Ну дела, Рысь промазал! Теперь я точно видел все!",,Wolf,ModItemVoiceResponse Wolf MockLike2 VoiceResponse MockLike2 - Played on a high chance miss by Jazz_Lynx. 
188581782749,"Черт. Руди же не мог сделать этого случайно. Это такой намек, чтоб я укрытие занял, точно.",,Wolf,ModItemVoiceResponse Wolf FriendlyFireBuddy2 VoiceResponse FriendlyFireBuddy2 - Played on friendly fire by the unit hit if the hitting unit is Liked - Jazz_Lynx. 
299656832368,"Да как так-то... Рысь, ты был такой молодой, такой сильный... Сколько женщин было у тебя впереди!",,Wolf,ModItemVoiceResponse Wolf KillFriendlyFireBuddy2 VoiceResponse KillFriendlyFireBuddy2 - Played when a unit kills an ally with friendly fire and the dying unit is Liked - Jazz_Lynx. 
749486825928,"Ураган ""Норма""",,,ModItemCombatAction VengefulTemperament1 DisplayName
954601292221,"<em>Once per turn</em>.
Move to a new location and then shoot the closest enemy.",,,ModItemCombatAction VengefulTemperament1 Description
623795138668,Мрачная судьба,,,ModItemCharacterEffectCompositeDef TheGrim DisplayName
773536167600,"<em>Дистанционная атака</em> автоматически вызывающая <GameTerm('Crit')>.

Когда атакующий убивает цель, остальные враги вокруг впадают в <GameTerm('Panic')>.

Не может быть использовано с дробовиками.",,,ModItemCharacterEffectCompositeDef TheGrim Description
780344747381,Тяжелый характер,,,ModItemCharacterEffectCompositeDef VengefulTemperament DisplayName
695881945070,"Враги, находящиеся в радиусе 5 клеток впадают в панику или бешенство при виде Надвигающегося Урагана ""Норма"". Зависит от уровня мудрости противника.",,,ModItemCharacterEffectCompositeDef VengefulTemperament Description
982240783679,Find My Feet,,,ModItemCharacterEffectCompositeDef Chaaaarge DisplayName
249265686079,Can become <GameTerm('Inspired')> and increase the team's <GameTerm('Morale')> during combat.,,,ModItemCharacterEffectCompositeDef Chaaaarge Description
