sep=,
ID,Text,Translation,VoiceActor,Context
100080397822,Ракетчик,Ракетчик,,jazz-units:items.lua:43368 | jazz-units:UnitData/JAZZ_Legion_HeavyT1_Rocketeer.lua:21
102086394463,Автоматический огонь,Автоматический огонь,,jazz-units:items.lua:59190
102139743828,пыхтит,(пыхтит),,jazz-units:items.lua:68951
102593759252,кашляет,кашляет,,jazz-units:items.lua:70005
102970979232,"Ого! Господи, что со мной могло случится!","Ого! Господи, что со мной могло случиться!",,jazz-units:items.lua:70217
103474241264,"Вот черт! Я, конечно, терпеть не могла Монику, но уж точно не желала ей смерти. И уж точно не хотела убивать ее сама! Записываю время смерти...","Вот черт! Я, конечно, терпеть не могла Монику, но уж точно не желала ей смерти. И уж точно не хотела убивать ее сама! Записываю время смерти...",,jazz-units:items.lua:70048
105784329687,Пистон,Пистон,,jazz-units:Code/Mercenary.lua:143
107713982322,"Все-таки, книжки это одно, а вот опыт, это совсем другое дело.","Всё-таки книжки — это одно, а опыт — совсем другое дело.",,jazz-units:items.lua:71026
107870618922,Боль непереносима.,Боль непереносима.,,jazz-units:items.lua:70186
109651245516,"Ещё не вечер! Можно уже жахнуть, командир?","Ещё не вечер! Можно уже жахнуть, командир?",,jazz-units:items.lua:70665
109699413644,"И что такой парень, как я, может делать в таком месте? Да это ж бред собачий!","И что такой парень, как я, может делать в таком месте? Да это ж бред собачий!",,jazz-units:items.lua:69102
110929798318,БК на исходе.,БК на исходе.,,jazz-units:items.lua:70610
111872647333,"Полагаю, не мешало бы продумать все это получше.","Полагаю, не мешало бы продумать все это получше.",,jazz-units:items.lua:69903
111936767427,"Я снова с вами, свеж, бодр и относительно цел!","Я снова с вами, свеж, бодр и относительно цел!",,jazz-units:items.lua:70738
112256418640,"Люблю, когда мне уделяют столько внимания.","Люблю, когда мне уделяют столько внимания.",,jazz-units:items.lua:69602
113050924217,"Считай, свелся. Командуй ""огонь"", братан.","Считай, свелся. Командуй ""огонь"", братан.",,jazz-units:items.lua:70594
113948731495,Налётчик,Налётчик,,jazz-units:items.lua:40634 | jazz-units:UnitData/JAZZ_Legion_FrontT2_Raider.lua:22
114586522565,Штурмовики Легиона,Штурмовики Легиона,,jazz-units:items.lua:53126
115039977738,Че-то какие-то приколы тут развешаны.,Чё это за странные штуки тут развешаны?,,jazz-units:items.lua:70760
118410023717,Век живи - век учись!,Век живи — век учись!,,jazz-units:items.lua:70054
119369941249,"Гммммм... Разве здесь все, что мы заказывали? ","Гммммм... Разве здесь все, что мы заказывали? ",,jazz-units:items.lua:69138
120260566033,Кхм. Я сказал...,Кхм. Я сказал...,,jazz-units:items.lua:69014
120287195956,А чего от них еще ожидать!,А чего от них еще ожидать!,,jazz-units:items.lua:69553
122264591303,Нужен медик...,Нужен медик...,,jazz-units:items.lua:70746
124003637664,Слышал странный звук.,Слышал странный звук.,,jazz-units:items.lua:69126
124030261247,"Тут или наших маловато, или ихних многовато...","Тут или наших маловато, или ихних многовато...",,jazz-units:items.lua:70811
124509637581,Вебер,Вебер,,jazz-units:Code/Mercenary.lua:78
126127451344,Хреново!,Хреново!,,jazz-units:items.lua:69547
126202971861,"Граната? Я видел и похуже. Например, когда бак пробило на взлёте","Граната? Я видел и похуже. Например, когда бак пробило на взлёте",,jazz-units:items.lua:68589
127238942497,Харпер,Харпер,,jazz-units:Code/Mercenary.lua:46
129078279066,Всего лишь десять процентов удачи и девяносто процентов моей убойной харизмы.,Всего лишь десять процентов удачи и девяносто процентов моей убойной харизмы.,,jazz-units:items.lua:70805
129657430584,Стоун,Стоун,,jazz-units:Code/Mercenary.lua:118
131072494107,"Ну как-бы, вроде все, всех посчитали.","Ну, вроде всё. Всех посчитали.",,jazz-units:items.lua:70645
131463743436,Чего-то я замотался. Надо стенку подпереть.,Чего-то я замотался. Надо стенку подпереть.,,jazz-units:items.lua:70706
132305200292,Да ты шутишь!,Да ты шутишь!,,jazz-units:items.lua:69387
135932071649,План с воздуха выглядит проще. С земли - как лотерея с пулями,С воздуха план выглядит проще. На земле — как лотерея с пулями.,,jazz-units:items.lua:68580
136635798005,Взрываем?,Взрываем?,,jazz-units:items.lua:70959
139409181422,Тяжелое дыхание,Тяжелое дыхание,,jazz-units:items.lua:70750
141058614304,"Я слишком сильно утомлена, чтобы продолжать работу.","Я слишком сильно утомлена, чтобы продолжать работу.",,jazz-units:items.lua:70223
141311750958,"Опаньки, тут для меня есть работенка. Лежит, кушать не просит...","Опаньки, тут для меня есть работенка. Лежит, кушать не просит...",,jazz-units:items.lua:70829
141916904054,"Ты его уложил, как профессионал. В небе я так же точно выхожу на цель","Ты его уложил, как профессионал. В небе я так же точно выхожу на цель",,jazz-units:items.lua:68564
143658772175,Тишина - лучший свидетель. Ты это знаешь,Тишина — лучший свидетель. Ты это знаешь.,,jazz-units:items.lua:68570
144141204511,Взяла!,Взяла!,,jazz-units:items.lua:70131
145667150510,"Прости, командир, я не спецом.","Прости, командир, я не спецом.",,jazz-units:items.lua:70835
147878975531,Хм-м,Хм-м,,jazz-units:items.lua:70976
147923369701,"Ниже пояса всё целое, жить будешь!","Ниже пояса всё целое, жить будешь!",,jazz-units:items.lua:70622
148527902634,Картер,Картер,,jazz-units:Code/Mercenary.lua:54
148583031817,"бежит, дышит","(бежит, тяжело дышит)",,jazz-units:items.lua:70019
149864170243,"Айс, Братан, братиш, нет! Сука! Пизда вам, жирафьи выблядки, со стен соскребать со штукатуркой будут.","Айс, Братан, братиш, нет! Сука! Пизда вам, жирафьи выблядки, со стен соскребать со штукатуркой будут.",,jazz-units:items.lua:70687
150379284613,Аул,Аул,,jazz-units:Code/Mercenary.lua:149
150639393097,"Ты хочешь, чтобы я еще осталась, или как?","Ты хочешь, чтобы я ещё осталась, или как?",,jazz-units:items.lua:69320 | jazz-units:UnitData/Jazz_Buzz.lua:167
151644631553,"Парни, время доставать самые большие пушки!","Парни, время доставать самые большие пушки!",,jazz-units:items.lua:70908
151665864036,"Мне нужна помощь, неотложно!","Мне нужна помощь, неотложно!",,jazz-units:items.lua:70193
152493018567,Бишоп,Бишоп,,jazz-units:Code/Mercenary.lua:103
152608247986,Понял!,Понял!,,jazz-units:items.lua:69044
153980462714,Мёрк,Мёрк,,jazz-units:Code/Mercenary.lua:156
155611659517,"Послушай. Я не знал, что ты собираешься влючать Тоску в команду. Тут через минуту духа моего бы не было, если бы я так не заботился о своей репутации. Мой тебе совет: держи ее от меня подальше!","Послушай. Я не знал, что ты собираешься включать Тоску в команду. Тут через минуту духа моего бы не было, если бы я так не заботился о своей репутации. Мой тебе совет: держи её от меня подальше!",,jazz-units:items.lua:68912
156206279384,"Иди, дам тебе валерьяночки!","Иди, дам тебе валерьяночки!",,jazz-units:items.lua:69605
157892640315,Роуг,Роуг,,jazz-units:Code/Mercenary.lua:182
162678461029,Давайте его кастрируем? Чтоб больше не шлялся.,Давайте его кастрируем? Чтоб больше не шлялся.,,jazz-units:items.lua:69622
162767570479,"Есть, начальник! Правда, мне интересно, как это получится.","Есть, начальник! Правда, мне интересно, как это получится.",,jazz-units:items.lua:68885
164455308660,Гранатомётчик,Гранатомётчик,,jazz-units:items.lua:43466 | jazz-units:items.lua:49824 | jazz-units:items.lua:50029 | jazz-units:UnitData/JAZZ_Legion_HeavyT2_Grenadier.lua:21 | jazz-units:UnitData/RebelRPG.lua:21 | jazz-units:UnitData/RebelRPG_Immortal.lua:21
165148802231,Рысь! Что случилось?,Рысь! Что случилось?,,jazz-units:items.lua:68740
165619259527,"Ну чо, трафареты! Мама вас к такому не готовила!","Ну чо, трафареты! Мама вас к такому не готовила!",,jazz-units:items.lua:70670
165681713241,"Извини, я тут играю в Большого Брата. Просто делаю то, что должен, понимаешь?","Извини, я тут играю в Большого Брата. Просто делаю то, что должен, понимаешь?",,jazz-units:items.lua:69105
167287521495,"Мля, Майор Спайк, я охуенно рад, что ты теперь на нашей стороне. ","Мля, Майор Спайк, я охуенно рад, что ты теперь на нашей стороне. ",,jazz-units:items.lua:70940
168247136303,"Я - профессионал. Просто покажи, в кого стрелять.","Я — профессионал. Просто покажи, в кого стрелять.",,jazz-units:items.lua:69383
169899515205,"Это - работа. Так к ней и относитесь. А то тут есть бездельники, которые полагают, что за приключениями пришли.","Это - работа. Так к ней и относитесь. А то тут есть бездельники, которые полагают, что за приключениями пришли.",,jazz-units:items.lua:69079
169962128097,Батя в здании.,Батя в здании.,,jazz-units:items.lua:70957
170093331856,"Да уж, тут и уха целого не найдешь.","Да уж, тут и уха целого не найдешь.",,jazz-units:items.lua:69586
170534982613,Слит,Слит,,jazz-units:Code/Mercenary.lua:175
172629795100,"Я стараюсь не допускать эмоций, когда убиваю, но... если честно... Это было просто здорово!","Я стараюсь не допускать эмоций, когда убиваю, но... если честно... Это было просто здорово!",,jazz-units:items.lua:68958
174966595975,Зачем мне все это барахло? Дайте мне трубочку для плевания и фанерку - загораживаться! Куда полезнее будет.,Зачем мне все это барахло? Дайте мне трубочку для плевания и фанерку - загораживаться! Куда полезнее будет.,,jazz-units:items.lua:68945
176574496642,Алексей Иванов,Алексей Иванов,,jazz-units:items.lua:70270 | jazz-units:UnitData/JAZZ_Ivanov.lua:19
176578784013,"Вот вам и Рысь, вашу мамашу!","Вот вам и Рысь, вашу мамашу!",,jazz-units:items.lua:79598
178720739297,Гранатометное усиление,Гранатометное усиление,,jazz-units:items.lua:56622
178898076800,"Извини, эту неделю я занят в Обществе содействия пожарным. Знаешь, обычно я могу сам планировать свое расписание, но только если предупредить меня заблаговременно, угу?","Извини, эту неделю я занят в Обществе содействия пожарным. Знаешь, обычно я могу сам планировать свое расписание, но только если предупредить меня заблаговременно, угу?",,jazz-units:items.lua:68647
182815571901,"""Фраг"", слушаю.","""Фраг"", слушаю.",,jazz-units:items.lua:70958
183507962431,Даст,Даст,,jazz-units:Code/Mercenary.lua:114
183777024912,"Вы были талантливейшим доктором, фройляйн Паук. Ваша грация под шквальным огнем, ваши быстрые пальцы, ваше душевное тепло... Мне остается только надеяться, что когда-нибудь я смогу сравниться с вами. Храни вас господь. ","Вы были талантливейшим доктором, фройляйн Паук. Ваша грация под шквальным огнем, ваши быстрые пальцы, ваше душевное тепло... Мне остается только надеяться, что когда-нибудь я смогу сравниться с вами. Храни вас господь. ",,jazz-units:items.lua:78688
187482808739,Доктор Хьюстон.,Доктор Хьюстон.,,jazz-units:items.lua:70178
188332474737,Громила,Громила,,jazz-units:items.lua:39309 | jazz-units:UnitData/JAZZ_Legion_AssaultT1_Crusher.lua:21
188581782749,"Черт. Руди же не мог сделать этого случайно. Это такой намек, чтоб я укрытие занял, точно.","Черт. Руди же не мог сделать этого случайно. Это такой намек, чтоб я укрытие занял, точно.",,jazz-units:items.lua:79434
189026777382,Немного везения мне бы сейчас никак не помешало!,Немного везения мне бы сейчас никак не помешало!,,jazz-units:items.lua:68977
190301337760,"Пару грамм пластика в замок, да? Да?","Пару грамм пластика в замок, да? Да?",,jazz-units:items.lua:70699
190753426804,Коул,Коул,,jazz-units:Code/Mercenary.lua:125
192507634851,Триггер,Триггер,,jazz-units:Code/Mercenary.lua:99
194060943538,Тише... Здесь эхо - худший предатель,Тише... Здесь эхо — худший предатель.,,jazz-units:items.lua:68586
194072583019,Дарт,Дарт,,jazz-units:Code/Mercenary.lua:162
194125837412,"Вот так! Знаешь, а мы отлично справились. Ничто не сравнится с женщиной, у которой в руках винтовка, я тебе скажу. Ад не знает ярости! Не забывай.","Вот так! Знаешь, а мы отлично справились. Ничто не сравнится с женщиной, у которой в руках винтовка, я тебе скажу. Ад не знает ярости! Не забывай.",,jazz-units:items.lua:69424
196405827903,Ламберт,Ламберт,,jazz-units:Code/Mercenary.lua:70
198249711216,"Чо, брат, думаешь, ебанет? Да не, не должно.","Чо, брат, думаешь, ебанет? Да не, не должно.",,jazz-units:items.lua:70819
199449552302,Опять они!,Опять они!,,jazz-units:items.lua:69017
200362931034,Следующая задача?,Следующая задача?,,jazz-units:items.lua:69892
202028848843,"Всё... Накрылось, мать его вэдэшку.","Всё... Накрылось, мать его вэдэшку.",,jazz-units:items.lua:71036
205050620277,"Не представляю, как можно это сделать. Как врач, я стараюсь уважать чужую жизнь, насколько это возможно при такой работе, конечно. Судя по вашей биографии, вы придерживаетесь другой философии. Я очень разборчива когда дело доходит до контракта. Вы для меня слегка... вульгарны, пожалуй.","Не представляю, как можно это сделать. Как врач, я стараюсь уважать чужую жизнь, насколько это возможно при такой работе, конечно. Судя по вашей биографии, вы придерживаетесь другой философии. Я очень разборчива когда дело доходит до контракта. Вы для меня слегка... вульгарны, пожалуй.",,jazz-units:items.lua:69764 | jazz-units:UnitData/Jazz_Spider.lua:59
206446981168,Я пустой!,Я пустой!,,jazz-units:items.lua:70861
207048313891,"Не представляю, как можно это сделать. Как врач, я стараюсь уважать чужую жизнь, насколько это возможно при такой работе, конечно. Судя по вашей биографии, вы придерживаетесь другой философии. Я очень разборчива когда дело доходит до контракта. Вы для меня слегка... вульгарны, пожалуй.","Не представляю, как можно это сделать. Как врач, я стараюсь уважать чужую жизнь, насколько это возможно при такой работе, конечно. Судя по вашей биографии, вы придерживаетесь другой философии. Я очень разборчива когда дело доходит до контракта. Вы для меня слегка... вульгарны, пожалуй.",,jazz-units:items.lua:69777 | jazz-units:UnitData/Jazz_Spider.lua:72
207134300660,че?,Чё?,,jazz-units:items.lua:70190
208359484899,Чуждые элементы!,Чуждые элементы!,,jazz-units:items.lua:70110
209094011789,В стороны!,В стороны!,,jazz-units:items.lua:71015
209534781642,Мейс,Мейс,,jazz-units:Code/Mercenary.lua:129
212967091229,Вы откуда это взяли? На распродаже? Не работает!,Вы откуда это взяли? На распродаже? Не работает!,,jazz-units:items.lua:69693
213709547831,Буллет,Буллет,,jazz-units:Code/Mercenary.lua:139
214018072550,"Скажи мне это в лицо, мля, если ты мужчина!","Скажи мне это в лицо, мля, если мужик!",,jazz-units:items.lua:70893
214311297685,"Я работаю. Не мешайте. Ходют тут, ходют, а потом пластик пропадает.","Я работаю. Не мешайте. Ходют тут, ходют, а потом пластик пропадает.",,jazz-units:items.lua:70629
214745093796,"Думаю, прервав эту жизнь, я сохранила много других.","Думаю, прервав эту жизнь, я сохранила много других.",,jazz-units:items.lua:70119
217901684853,Головорез,Головорез,,jazz-units:items.lua:39174 | jazz-units:UnitData/JAZZ_Legion_AssaultT1_Roughneck.lua:22
217996558203,Уф-ф сука,Уф-ф сука,,jazz-units:items.lua:70922
218806644175,Они идут... Как стадо в узком коридоре. Легко будет срезать,Они идут... Как стадо в узком коридоре. Легко будет срезать.,,jazz-units:items.lua:68575
219342036908,"Делай, как я!","Делай, как я!",,jazz-units:items.lua:70731
221163366923,"Ой, мля. Братан, как его теперь мамке-то отправлять?","Ой, мля. Братан, как его теперь мамке-то отправлять?",,jazz-units:items.lua:70886
221166180370,"Видали? Айс знает, что почем!","Видали? Айс знает, что почем!",,jazz-units:items.lua:69070
221620701735,Сержант,Сержант,,jazz-units:items.lua:45183 | jazz-units:UnitData/ArmySergant.lua:20
224504835002,А чего от них еще ожидать!,А чего от них еще ожидать!,,jazz-units:items.lua:69666
226419811457,Ща б пивка холодненького...,Ща б пивка холодненького...,,jazz-units:items.lua:70904
226755462734,Меня прижали!,Меня прижали!,,jazz-units:items.lua:70914
227039351750,"Ах, ходи опять, ищи этих гамадрилов по кустам. Давай просто жахнем их, и дело с концом.","Ах, ходи опять, ищи этих гамадрилов по кустам. Давай просто жахнем их, и дело с концом.",,jazz-units:items.lua:70638
229175344508,Роудс,Роудс,,jazz-units:Code/Mercenary.lua:53
229551591966,lonelyandsad,lonelyandsad,,jazz-units:items.lua:69181 | jazz-units:UnitData/Jazz_Buzz.lua:28
230498571903,Скорч,Скорч,,jazz-units:Code/Mercenary.lua:157
231003169314,Сегодня тебе повезло.,Сегодня тебе повезло.,,jazz-units:items.lua:69040
232768555391,ИВАНОВ,ИВАНОВ,,jazz-units:items.lua:70272 | jazz-units:UnitData/JAZZ_Ivanov.lua:21
234064899192,Паук,Паук,,jazz-units:items.lua:69728 | jazz-units:UnitData/Jazz_Spider.lua:23
239462113851,Стрелок,Стрелок,,jazz-units:items.lua:40386 | jazz-units:UnitData/JAZZ_Legion_FrontT1_Rifleman.lua:21
242652360553,"Братаны. у них же нет этого, как его... свистимандоза? Жрать их можно, спрашиваю?","Братаны. У них же нет этого, как его... свистимандоза? Жрать их можно, спрашиваю?",,jazz-units:items.lua:70881
243070819799,"Мадам, мы не знакомы? Разрешите представиться, Фраг!","Мадам, мы не знакомы? Разрешите представиться, Фраг!",,jazz-units:items.lua:70944
244409151764,"Ладно, скажу правду, были у меня предложения и получше, но в Пауке что-то есть такое, отчего с ней в кайф работать вместе. Согласна, чел!","Ладно, скажу правду, были у меня предложения и получше, но в Пауке что-то есть такое, отчего с ней в кайф работать вместе. Согласна, чел!",,jazz-units:items.lua:72141 | jazz-units:UnitData/Vicki.lua:113
245370968215,Гиро,Гиро,,jazz-units:Code/Mercenary.lua:73
246720526618,"Айсберг, в рот тебе Титаник, ты чо, мля?","Айсберг, в рот тебе Титаник, ты чо, мля?",,jazz-units:items.lua:70709
247207957208,"Ну да, я тут сижу и жду, когда ты появишься. У меня другие планы.","Ну да, я тут сижу и жду, когда ты появишься. У меня другие планы.",,jazz-units:items.lua:69219 | jazz-units:UnitData/Jazz_Buzz.lua:66
248179878606,Гм. Что-то мне здесь не нравится...,Гм. Что-то мне здесь не нравится...,,jazz-units:items.lua:68989
248609393738,"Хорошо, что я на твоей стороне.","Хорошо, что я на твоей стороне.",,jazz-units:items.lua:69004
249265686079,Can become <GameTerm('Inspired')> and increase the team's <GameTerm('Morale')> during combat.,Может получить <GameTerm('Inspired')> и повысить <GameTerm('Morale')> команды во время боя.,,jazz-units:CharacterEffect/Chaaaarge.lua:41 | jazz-units:items.lua:82603
249950979247,"Что же, это не лучшая группа, с которой мне приходилось работать","Что же, это не лучшая группа, с которой мне приходилось работать.",,jazz-units:items.lua:70088
251440093588,"Э, завязывай!","Э, завязывай!",,jazz-units:items.lua:70721
253085579896,"Патроны, немедленно!","Патроны, немедленно!",,jazz-units:items.lua:69914
253932060437,Руди Робертс «Рысь»,Руди Робертс «Рысь»,,jazz-units:items.lua:68621
253970486219,Торк,Торк,,jazz-units:Code/Mercenary.lua:111
254157828912,Засадник,Засадник,,jazz-units:items.lua:40917 | jazz-units:UnitData/JAZZ_Legion_FrontT2_Ambusher.lua:22
254321093188,а,а,,jazz-units:items.lua:69098
255478950698,Очень хорошо! ,Очень хорошо! ,,jazz-units:items.lua:69946
256390393730,Патронов нужных больше нет.,Патронов нужных больше нет.,,jazz-units:items.lua:70611
257516510368,"Мать моя святая женщина, и где теперь чья нога?","Мать моя святая женщина, и где теперь чья нога?",,jazz-units:items.lua:70855
258728495811,"Ща как подкрадусь, да как жахну...","Ща как подкрадусь, да как жахну...",,jazz-units:items.lua:70659
259340094074,"Мне нужна помощь, неотложно!","Мне нужна помощь, неотложно!",,jazz-units:items.lua:70070
260016101225,"О, братан, не керосинь, я там че-то видел такое, залупастое!","О, братан, не керосинь, я там че-то видел такое, залупастое!",,jazz-units:items.lua:70763
260975148320,Зиро,Зиро,,jazz-units:Code/Mercenary.lua:167
261881212602,"Ну дела, Рысь промазал! Теперь я точно видел все!","Ну дела, Рысь промазал! Теперь я точно видел все!",,jazz-units:items.lua:79534
263680299412,Понял!,Понял!,,jazz-units:items.lua:68864
264303659858,"Победа, мля. Пора шмонать жмуров.","Победа, мля. Пора шмонать жмуров.",,jazz-units:items.lua:70647
267140928253,"Поднимаем рождаемость, мля!","Поднимаем рождаемость, мля!",,jazz-units:items.lua:70875
267233176158,Есть! На жопе шерсть...,Есть! На жопе шерсть...,,jazz-units:items.lua:70654
268314076234,Застрельщик,Застрельщик,,jazz-units:items.lua:41863 | jazz-units:UnitData/JAZZ_Legion_FlankerT2_Skirmisher.lua:22
269475044150,Схлопотала!,Схлопотала!,,jazz-units:items.lua:69699
269791276611,"Я раньше любил острить на такие темы, но, черт возьми, слишком много моих друзей погибло так же. Мне больше не смешно.","Я раньше любил острить на такие темы, но, черт возьми, слишком много моих друзей погибло так же. Мне больше не смешно.",,jazz-units:items.lua:68897
270671509954,Слушаю,Слушаю,,jazz-units:items.lua:69637
271593846017,Скар,Скар,,jazz-units:Code/Mercenary.lua:120
273335796421,Ополченец,Ополченец,,jazz-units:items.lua:50208
274466626035,"Собираю манатки и выезжаю. К слову, там мой братишка Айс не занят, пригласи его. Он мой братюня от другой мамуни, да и шмаляет что твой Пикассо.","Собираю манатки и выезжаю. К слову, там мой братишка Айс не занят, пригласи его. Он мой братюня от другой мамуни, да и шмаляет что твой Пикассо.",,jazz-units:items.lua:70507 | jazz-units:UnitData/JAZZ_Merc_Spouke.lua:77
278695304484,Грабитель,Грабитель,,jazz-units:items.lua:39563 | jazz-units:UnitData/JAZZ_Legion_AssaultT2_Pillager.lua:20
278833303066,Это еще что?,Это еще что?,,jazz-units:items.lua:68967
279053461802,Фокс,Фокс,,jazz-units:Code/Mercenary.lua:148
279419436377,Я не сомневаюсь в присутствии противника.,Я не сомневаюсь в присутствии противника.,,jazz-units:items.lua:69900
279996202112,"Может, я опять смогу заснуть!","Может, я опять смогу заснуть!",,jazz-units:items.lua:70122
280109571132,Принял четко!,Принял четко!,,jazz-units:items.lua:70652
281807945653,я на некоторое время займусь научной работой.,Я на некоторое время займусь научной работой.,,jazz-units:items.lua:70023
282291513363,кашляет,кашляет,,jazz-units:items.lua:68918
282394383624,На цыпочках.,На цыпочках.,,jazz-units:items.lua:70964
282913353932,"Не могу. Вернее, НЕ ХОЧУ.","Не могу. Вернее, НЕ ХОЧУ.",,jazz-units:items.lua:69911
283410120330,"Это чо, это из меня столько вытекло? Е-мааа... Парни, у меня третья положительная, если чо....","Это чё, из меня столько вытекло? Ё-ма-а... Парни, у меня третья положительная, если чё...",,jazz-units:items.lua:70968
283654937572,"Э-э-э... Знаешь, мы ведь как договаривались - деньги на бочку, правда? Что-то я их здесь не вижу!","Э-э-э... Знаешь, мы ведь как договаривались - деньги на бочку, правда? Что-то я их здесь не вижу!",,jazz-units:items.lua:68655
284015763095,Линднер,Линднер,,jazz-units:Code/Mercenary.lua:82
284377278908,"Как это? Парни, жопы вниз, стволы наверх, не перепутайте, мля.","Как это? Парни, жопы вниз, стволы наверх, не перепутайте, мля.",,jazz-units:items.lua:70983
284541142020,"Сука-аааа, Чо ж так больно то? Брат! Братан! Морфий есть, брат?","Сука-аааа, Чо ж так больно то? Брат! Братан! Морфий есть, брат?",,jazz-units:items.lua:70967
287657224729,Ха-ха!,Ха-ха!,,jazz-units:items.lua:69592
288587538856,"Блядь, подбили меня, командир!","Блядь, подбили меня, командир!",,jazz-units:items.lua:70745
288720109427,Старший Лейтенант,Старший Лейтенант,,jazz-units:items.lua:44903 | jazz-units:UnitData/ArmyCommander_Elite.lua:20
289633215369,Хмм,Хмм,,jazz-units:items.lua:69598
290103631560,Рейнджер,Рейнджер,,jazz-units:items.lua:37741 | jazz-units:UnitData/ThugSniper_Stronger_Elite.lua:20
291706354809,Сэйбл,Сэйбл,,jazz-units:Code/Mercenary.lua:183
291907236404,Берриман Сил,Берриман Сил,,jazz-units:items.lua:68511 | jazz-units:UnitData/Merc_BarrySeal.lua:23
292221319285,"Подумай еще разок. Меня может вырвать от одной мысли, что придется опять общаться с Рысью. Я просто говорю, что меня... вырвет, именно так.","Подумай еще разок. Меня может вырвать от одной мысли, что придется опять общаться с Рысью. Я просто говорю, что меня... вырвет, именно так.",,jazz-units:items.lua:69229 | jazz-units:UnitData/Jazz_Buzz.lua:76
292603178441,Хантер,Хантер,,jazz-units:Code/Mercenary.lua:96
293764125098,Рэнд,Рэнд,,jazz-units:Code/Mercenary.lua:63
294854928125,Я готов.,Я готов.,,jazz-units:items.lua:69053
295850287322,кряхтит,кряхтит,,jazz-units:items.lua:68850
298710814297,Ууууу!,Ууууу!,,jazz-units:items.lua:68870
299186765919,"Блин, верняк же было. Ветер, наверное. Типа, эти пердящие, в смысле восходящие потоки.","Блин, верняк же было. Ветер, наверное. Типа, эти пердящие, в смысле восходящие потоки.",,jazz-units:items.lua:70832
299656832368,"Да как так-то... Рысь, ты был такой молодой, такой сильный... Сколько женщин было у тебя впереди!","Да как так-то... Рысь, ты был такой молодой, такой сильный... Сколько женщин было у тебя впереди!",,jazz-units:items.lua:79487
299698692708,"Я вовсе не в восторге от этого проекта. Но скажу без затей: по моему мнению, Сова - отличный товарищ, и я доверяю ей полностью. Поэтому - я согласна!","Я вовсе не в восторге от этого проекта. Но скажу без затей: по моему мнению, Сова - отличный товарищ, и я доверяю ей полностью. Поэтому - я согласна!",,jazz-units:items.lua:69809 | jazz-units:UnitData/Jazz_Spider.lua:104
300114486496,"Просто, чтобы ты знал - контракт почти закончен.","Просто, чтобы ты знал - контракт почти закончен.",,jazz-units:items.lua:69323 | jazz-units:UnitData/Jazz_Buzz.lua:170
300505284870,"Ты можешь уйти из армии, но армия из тебя - никогда.","Ты можешь уйти из армии, но армия из тебя — никогда.",,jazz-units:items.lua:70963
300731724515,"Не хочу никого пугать, но я очень люблю полевую хирургию!","Не хочу никого пугать, но я очень люблю полевую хирургию!",,jazz-units:items.lua:69895
301320309361,"Смотри, какую я для тебя штуку заточил!","Смотри, какую я для тебя штуку заточил!",,jazz-units:items.lua:70892
302600089671,"Учитывая специфику нашей работы, я требую хотя бы минимум уважения. Я нахожу, что мисс Зондергад весьма невоспитана и чрезвычайно склонна к снобизму. Это просто невыносимо. Извините.","Учитывая специфику нашей работы, я требую хотя бы минимум уважения. Я нахожу, что мисс Зондергад весьма невоспитана и чрезвычайно склонна к снобизму. Это просто невыносимо. Извините.",,jazz-units:items.lua:69739 | jazz-units:UnitData/Jazz_Spider.lua:34
302993143590,ХА!,ХА!,,jazz-units:items.lua:70220
303546330037,"После ухода из Организации таких, без преувеличения ""светил"" полевой хирургии, как Митча Шудлема, Берни Гловлесса и ""Стеллы"" Траммелл по разным естественным и противоестественным причинам, проведение полевых операций с высоким риском травматизма (то есть, почти любых операций Организации) стало под угрозой отказа для потенциальных заказчиков. К счастью, ""новая кровь"" не замедлила влиться в наш дружный коллектив, чему мы несказанно рады. Конечно, мы не устаем задавться вопросом, что в полевых операциях забыла молодой и перспективный хирург-травматолог, держащий на собственных изящных плечах практически всю неотложную Damage-хирургию своего округа, но некоторые вопросы так и не должны быть заданы. Дело либо не в деньгах, либо наоборот, в деньгах настолько больших, что Организации лучше не знать подробностей. Так или иначе, Доктор Хьюстон вполне способна собрать человеческий паззл правильно, даже если от человека осталась только та часть, которая дышит. Однако, не стоит удивляться, если при этом ваша фамилия окажется вписана в графу напротив согласия на использование экспериментального препарата, не прошедшего клинические испытания. Позывной ""Паук"" пришел вместе с ней в организацию с легкой руки Кирка ""Статика"". Там какая-то своя история, мы не вникали. И все же, стоит заметить, что для человека без боевого опыта и хоть сколько-нибудь тренированной физической формы, Донна чрезвычайно мягко ступает, и видит в темноте, как кошка.","После ухода из Организации таких, без преувеличения ""светил"" полевой хирургии, как Митча Шудлема, Берни Гловлесса и ""Стеллы"" Траммелл по разным естественным и противоестественным причинам, проведение полевых операций с высоким риском травматизма (то есть, почти любых операций Организации) стало под угрозой отказа для потенциальных заказчиков. К счастью, ""новая кровь"" не замедлила влиться в наш дружный коллектив, чему мы несказанно рады. Конечно, мы не устаем задавться вопросом, что в полевых операциях забыла молодой и перспективный хирург-травматолог, держащий на собственных изящных плечах практически всю неотложную Damage-хирургию своего округа, но некоторые вопросы так и не должны быть заданы. Дело либо не в деньгах, либо наоборот, в деньгах настолько больших, что Организации лучше не знать подробностей. Так или иначе, Доктор Хьюстон вполне способна собрать человеческий паззл правильно, даже если от человека осталась только та часть, которая дышит. Однако, не стоит удивляться, если при этом ваша фамилия окажется вписана в графу напротив согласия на использование экспериментального препарата, не прошедшего клинические испытания. Позывной ""Паук"" пришел вместе с ней в организацию с легкой руки Кирка ""Статика"". Там какая-то своя история, мы не вникали. И все же, стоит заметить, что для человека без боевого опыта и хоть сколько-нибудь тренированной физической формы, Донна чрезвычайно мягко ступает, и видит в темноте, как кошка.",,jazz-units:items.lua:69730 | jazz-units:UnitData/Jazz_Spider.lua:25
303615728910,Талон,Талон,,jazz-units:Code/Mercenary.lua:134
304060081124,"карабкается, пыхтит","карабкается, пыхтит",,jazz-units:items.lua:69932
304196752980,Рипер,Рипер,,jazz-units:Code/Mercenary.lua:116
304741413170,Ух-х,Ух-х,,jazz-units:items.lua:70921
306584344499,"Не хочу никого пугать, но я очень люблю полевую хирургию!","Не хочу никого пугать, но я очень люблю полевую хирургию!",,jazz-units:items.lua:69921
307429116238,Свинец нужен.,Свинец нужен.,,jazz-units:items.lua:69563
307499851875,Как будто я тебя еще хоть раз вспомню.,Как будто я тебя еще хоть раз вспомню.,,jazz-units:items.lua:69378
307810354279,Усиление Пулеметчиков,Усиление Пулеметчиков,,jazz-units:items.lua:56679
310008076558,Фраг,Фраг,,jazz-units:items.lua:70452 | jazz-units:UnitData/JAZZ_Merc_Spouke.lua:22
310428068750,"Окей, я здесь. Готова к работе.","Окей, я здесь. Готова к работе.",,jazz-units:items.lua:70173
311829639652,Молодцом! Мо-лод-цом!,Молодцом! Мо-лод-цом!,,jazz-units:items.lua:70949
313477221859,Балумба Курукуку,Балумба Курукуку,,jazz-units:items.lua:35560 | jazz-units:UnitData/ThugBoss_Balumba.lua:20
313930333855,Походу отвоевался...,Походу отвоевался...,,jazz-units:items.lua:70747
314598120562,"Снаряжение надо в ремонт сдать, конечно. Все бренчит и брякает.","Снаряжение надо в ремонт сдать, конечно. Все бренчит и брякает.",,jazz-units:items.lua:70766
316270954127,Кейн,Кейн,,jazz-units:Code/Mercenary.lua:107
316915090294,"Бывший военный, который волей судьбы стал контрабандистом, участвовал в уничтожении режима Кастро на кубе, не подпускайте его близко к Фиделю. На данный момент Барри контрабандист, который вёз нас для выполнения контракта, всех его друзей убили при высадке, да и он сам чуть не погиб, теперь он присоединился к A.I.M.","Бывший военный, волею судьбы ставший контрабандистом. Участвовал в свержении режима Кастро на Кубе — не подпускайте его к Фиделю. Барри доставлял нас на место контракта; при высадке все его друзья погибли, а сам он едва выжил. Теперь он присоединился к A.I.M.",,jazz-units:items.lua:68516 | jazz-units:UnitData/Merc_BarrySeal.lua:28
317025941794,Командир,Командир,,jazz-units:items.lua:36398 | jazz-units:UnitData/ThugBoss_Stronger.lua:20
318347271366,"Сделано в лучшем виде, братан, проверяй работу,","Сделано в лучшем виде, братан. Проверяй работу.",,jazz-units:items.lua:70587
318587916867,"Очевидно, ваш бюджет не позволит вам адекватно оценить мою работу.","Очевидно, ваш бюджет не позволит вам адекватно оценить мою работу.",,jazz-units:items.lua:69753 | jazz-units:UnitData/Jazz_Spider.lua:48
320066226203,"Ух, хорошо! Лучше не бывает.","Ух, хорошо! Лучше не бывает.",,jazz-units:items.lua:69007
320684423775,Ай!,Ай!,,jazz-units:items.lua:69060
323249741812,"Ещё один такой „фейерверк"" - и нам придётся копать окопы глубже",Ещё один такой «фейерверк» — и нам придётся копать окопы глубже.,,jazz-units:items.lua:68591
323511335269,Гарнизон Ло Блё,Гарнизон Ло Блё,,jazz-units:items.lua:52833
323677951037,"Да уж, это было ну такое потрясение!","Да уж, это было ну такое потрясение!",,jazz-units:items.lua:69669
326116154029,Санитар Диверсант,Санитар Диверсант,,jazz-units:items.lua:44671 | jazz-units:UnitData/ArmyMedic_Elite.lua:20
326142231461,Ай-ой,Ай-ой,,jazz-units:items.lua:69613
326547059680,"Лучше бы мне в больнице горшки выносить, чем все это терпеть.","Лучше бы мне в больнице горшки выносить, чем все это терпеть.",,jazz-units:items.lua:70205
326617220439,Я лучше подожду немного. Не хочу торопиться.,Я лучше подожду немного. Не хочу торопиться.,,jazz-units:items.lua:69135
326903240461,"Слушай, это было замечательно, но мой контракт кончается. Ты собираешься его продлевать? Я буду пока свободен.","Слушай, это было замечательно, но мой контракт кончается. Ты собираешься его продлевать? Я буду пока свободен.",,jazz-units:items.lua:68760
327015948720,Калм,Калм,,jazz-units:Code/Mercenary.lua:178
327914500514,"Ты чо, братан, забыл про меня, или деньги закончились?","Ты чо, братан, забыл про меня, или деньги закончились?",,jazz-units:items.lua:70684
332539396098,Эрни Споук «Фраг»,Эрни Споук «Фраг»,,jazz-units:items.lua:70451 | jazz-units:UnitData/JAZZ_Merc_Spouke.lua:21
334448173804,"Может, мне повезет.","Может, мне повезет.",,jazz-units:items.lua:68818
334995525715," Простите, я хотела сказать... Послушайте, у меня есть и другие дела на сегодня!","Простите, я хотела сказать... Послушайте, у меня есть и другие дела на сегодня!",,jazz-units:items.lua:69833 | jazz-units:UnitData/Jazz_Spider.lua:128
335290711519,Посмотри ей в глаза,Посмотри ей в глаза,,jazz-units:items.lua:69179 | jazz-units:UnitData/Jazz_Buzz.lua:26
335649405247,Побеждаем по очкам!,Побеждаем по очкам!,,jazz-units:items.lua:70989
336680243662,С этим куском дерьма что-то не так.,С этим куском дерьма что-то не так.,,jazz-units:items.lua:69141
337250145628,"Шансы попасть неплохие. Можно в жбан, можно в яйца.","Шансы попасть неплохие. Можно в жбан, можно в яйца.",,jazz-units:items.lua:70595
339004978895,Миномётчик,Миномётчик,,jazz-units:items.lua:43583 | jazz-units:items.lua:49925 | jazz-units:items.lua:50131 | jazz-units:UnitData/JAZZ_Legion_HeavyT3_Mortarman.lua:21 | jazz-units:UnitData/RebelHeavy_Mortar.lua:21 | jazz-units:UnitData/RebelHeavy_Mortar_Immortal.lua:21
340243775190,"Я хочу, чтоб это было ясно: я ненавижу всех. Я сказала - ВСЕХ!","Я хочу, чтоб это было ясно: я ненавижу всех. Я сказала - ВСЕХ!",,jazz-units:items.lua:69631
340601078428,Тяжелое дыхание 2,(тяжело дышит),,jazz-units:items.lua:70751
341773513592,Магазин почти пустой.,Магазин почти пустой.,,jazz-units:items.lua:70612
341972518037,Глейшер,Глейшер,,jazz-units:Code/Mercenary.lua:174
343274888743,"То, что ты просил!","То, что ты просил!",,jazz-units:items.lua:69576
344054099652,"Я заценил, как тут весело, братан. К сожалению, для продолжения веселья необходимо вставить купюру в купюроприемник.","Я заценил, как тут весело, братан. К сожалению, для продолжения веселья необходимо вставить купюру в купюроприемник.",,jazz-units:items.lua:70544 | jazz-units:UnitData/JAZZ_Merc_Spouke.lua:114
344607087024,Вот это здорово!,Вот это здорово!,,jazz-units:items.lua:69380
345107645162,Зачем мне все это барахло?,Зачем мне все это барахло?,,jazz-units:items.lua:68939
345340110773,"Отдел по борьбе с минной опасностью слушает! Шутка, не понял? Твои проблемы, Эрни Споук на проводе.","Отдел по борьбе с минной опасностью слушает! Шутка, не понял? Твои проблемы, Эрни Споук на проводе.",,jazz-units:items.lua:70524 | jazz-units:UnitData/JAZZ_Merc_Spouke.lua:94
345428116420,"Ну не могу поверить, что я потратила свою жизнь на этого человека. Меня рвет от одного взгляда на Рысь.","Ну не могу поверить, что я потратила свою жизнь на этого человека. Меня рвет от одного взгляда на Рысь.",,jazz-units:items.lua:69455
347920605650,Гранатомётчик,Гранатомётчик,,jazz-units:items.lua:37406 | jazz-units:UnitData/ThugGunner_Stronger_Elite.lua:19
348025115845,Готова к работе.,Готова к работе.,,jazz-units:items.lua:69950
348853551401,"Мне плевать, что так говорить некорректно, но Тоска - просто шлюха... врунья, подстилка, злобная сука... и это не я так говорю, это - объективная истина!","Мне плевать, что так говорить некорректно, но Тоска - просто шлюха... врунья, подстилка, злобная сука... и это не я так говорю, это - объективная истина!",,jazz-units:items.lua:69073
348939521107,Санита-а-а-ра сюда-а!,Санита-а-а-ра сюда-а!,,jazz-units:items.lua:70744
349799971764,Меняю позицию!,Меняю позицию!,,jazz-units:items.lua:70651
349823059626,"Пехота топает, как стадо. Я хожу, как пилот на чужой базе","Пехота топает, как стадо. Я хожу, как пилот на чужой базе.",,jazz-units:items.lua:68585
352094671058,Шульц,Шульц,,jazz-units:Code/Mercenary.lua:80
352643483332,"Чем этого лечить, проще нового сделать.","Чем этого лечить, проще нового сделать.",,jazz-units:items.lua:70878
353671688676,"Подруга...Вики, я бы лучше умерла вместо тебя, или как-нибудь спасла тебя, что ли! Как, черт возьми, я могу оставаться равнодушной, когда такое происходит?","Подруга... Вики, лучше бы я умерла вместо тебя — или хоть как-нибудь тебя спасла! Как, чёрт возьми, оставаться равнодушной, когда такое происходит?",,jazz-units:items.lua:69972
353806052937,Еще один!,Еще один!,,jazz-units:items.lua:69572
356154625467,"У нас тяжелый! Возможно, убит! Медика к нему!","У нас тяжелый! Возможно, убит! Медика к нему!",,jazz-units:items.lua:71004
358324330880,"Тут безопасно. Осторожно, братан, могут быть еще.","Тут безопасно. Осторожно, братан, могут быть ещё.",,jazz-units:items.lua:70817
358423443108,Ой! Тигр!,Ой! Тигр!,,jazz-units:items.lua:69917
360147259833,Стэнтон,Стэнтон,,jazz-units:Code/Mercenary.lua:59
364194360977,У меня начинается депрессия! Мне надо просто рвануть и прочесать все это место с автоматом.,У меня начинается депрессия! Мне надо просто рвануть и прочесать все это место с автоматом.,,jazz-units:items.lua:69449
366392063705,А вот это - славно.,А вот это — славно.,,jazz-units:items.lua:70118
366862204632,Немного везения мне бы сейчас никак не помешало!,Немного везения мне бы сейчас никак не помешало!,,jazz-units:items.lua:69050
367651229840,Вот это здорово!,Вот это здорово!,,jazz-units:items.lua:69579
367942400770,"Проклятье, Айс! Ты им понравишься там, на небесах... или куда там еще ты отправился. Не теряй веры, друг. И мы попробуем не терять ее здесь.","Проклятье, Айс! Ты им понравишься там, на небесах... или куда там еще ты отправился. Не теряй веры, друг. И мы попробуем не терять ее здесь.",,jazz-units:items.lua:68891
368042957180,Эйм,Эйм,,jazz-units:Code/Mercenary.lua:160
369037458150,Автоматический огонь,Автоматический огонь,,jazz-units:items.lua:58027
369806659349,"Пошел, раз-два!","Пошел, раз-два!",,jazz-units:items.lua:70653
371809736597,"Ну вы б там обнялись еще, анчоусы!","Ну вы б там обнялись ещё, анчоусы!",,jazz-units:items.lua:70854
372824017930,Чушка! Рассыпались!,Чушка! Рассыпались!,,jazz-units:items.lua:71014
373468043087,Автоматический огонь,Автоматический огонь,,jazz-units:items.lua:58488
373496630515,"Зачем, зачем я стреляла? Это ужасно. Бедная моя Донна. Она даже не успела... ничего не успела!","Зачем, зачем я стреляла? Это ужасно. Бедная моя Донна. Она даже не успела... ничего не успела!",,jazz-units:items.lua:78414
373784449831,Я могла бы сделать и побольше.,Я могла бы сделать и побольше.,,jazz-units:items.lua:69446
374340837360,"Хлам вонючий. Командир, дай чо-нить нормальное.","Хлам вонючий. Командир, дай чо-нить нормальное.",,jazz-units:items.lua:71037
374415667329,"По поводу операции есть известные сомнения, сечешь, шеф? Но, раз уж на тебя работает Рысь... О'кей, я в деле.","По поводу операции есть известные сомнения, сечешь, шеф? Но, раз уж на тебя работает Рысь... О'кей, я в деле.",,jazz-units:items.lua:71912 | jazz-units:UnitData/Wolf.lua:98
374823555124,"Щас потанцуем, В ритме вальса, раз-два, раз-два!","Щас потанцуем! В ритме вальса: раз-два, раз-два!",,jazz-units:items.lua:70669
375526940418,"Наконец-то! Хоть есть, чему порадоваться.","Наконец-то! Хоть есть, чему порадоваться.",,jazz-units:items.lua:70098
375592592463,Бригадир,Бригадир,,jazz-units:items.lua:42968 | jazz-units:UnitData/JAZZ_Legion_LeaderT1_Sergeant.lua:21
375719718344,"Дерьмо! Дерьмо! Дерьмо! Если мне попадется хоть что-нибудь приличное, что можно отнести к снаряжению, я точно буду знать, что это ошибка.","Дерьмо! Дерьмо! Дерьмо! Если мне попадется хоть что-нибудь приличное, что можно отнести к снаряжению, я точно буду знать, что это ошибка.",,jazz-units:items.lua:69503
376372530640,Снайпер,Снайпер,,jazz-units:items.lua:37640 | jazz-units:UnitData/ThugSniper_Stronger.lua:19
376568795049,"Пуля дура, а граната - ложись!","Пуля — дура, а граната — ложись!",,jazz-units:items.lua:71019
377109261084,Грим,Грим,,jazz-units:Code/Mercenary.lua:92
378163598765,Винтовку заело!,Винтовку заело!,,jazz-units:items.lua:69696
379480096045,"Вот дерьмо! Я ослеп, как летучая мышь.","Вот дерьмо! Я ослеп, как летучая мышь.",,jazz-units:items.lua:69148
380159978333,"Нарисовался, хер сотрешь, мля!","Нарисовался, хер сотрешь, мля!",,jazz-units:items.lua:70871
380552164029,"Может быть, эта работа меня бы больше устраивала, если б не эти тихие святоши, вроде Зондергад, которые все знают лучше тебя.","Может быть, эта работа меня бы больше устраивала, если б не эти тихие святоши, вроде Зондергад, которые все знают лучше тебя.",,jazz-units:items.lua:70164
381361568373,Есть - стать невидимым!,Есть - стать невидимым!,,jazz-units:items.lua:70962
381661751402,После такого грохота даже мёртвые встанут... или разлетятся,После такого грохота даже мёртвые встанут... или разлетятся.,,jazz-units:items.lua:68590
381905762019,Энвил,Энвил,,jazz-units:Code/Mercenary.lua:145
382077164312,Миллер,Миллер,,jazz-units:Code/Mercenary.lua:45
382095716482,Кросс,Кросс,,jazz-units:Code/Mercenary.lua:122
384096176225,Добавь меня к списку.,Добавь меня к списку.,,jazz-units:items.lua:69949
384723366977,"Я пока занят. Свяжись со мной завтра, послезавтра или когда-нибудь еще.","Я пока занят. Свяжись со мной завтра, послезавтра или когда-нибудь еще.",,jazz-units:items.lua:70519 | jazz-units:UnitData/JAZZ_Merc_Spouke.lua:89
385062947136,Леруа,Леруа,,jazz-units:Code/Mercenary.lua:68
385964216057,Ну давай похимичим.,Ну давай похимичим.,,jazz-units:items.lua:70590
386888790086,"Патроны, немедленно!","Патроны, немедленно!",,jazz-units:items.lua:70102
389265857987,Тут что-то есть.,Тут что-то есть.,,jazz-units:items.lua:68942
389792563855,"Может, мне еще поработать с каменными ножами и медвежьими шкурами? Будь все проклято, я - профессионал!","Может, мне еще поработать с каменными ножами и медвежьими шкурами? Будь все проклято, я - профессионал!",,jazz-units:items.lua:70035
390088025798,"Работаем тихо. Про двести грамм еще в силе, братан.","Работаем тихо. Про двести грамм ещё в силе, братан.",,jazz-units:items.lua:70897
390477891424,Я готова... ко всему.,Я готова... ко всему.,,jazz-units:items.lua:69427
390863951465,"Я не могу овладеть ситуацией! Мне надо отсюда вырваться, пока я не потеряла разум!","Я не могу овладеть ситуацией! Мне надо отсюда вырваться, пока я не потеряла разум!",,jazz-units:items.lua:70016
390899348731,Паук... Горжусь я ей. Способная деваха! ,Паук... Горжусь я ей. Способная деваха! ,,jazz-units:items.lua:79243
391843332947,Замечательно!,Замечательно!,,jazz-units:items.lua:70013
391984240592,Армейский Спецназ,Армейский Спецназ,,jazz-units:items.lua:56560
392427068113,Гренадёр,Гренадёр,,jazz-units:items.lua:39447 | jazz-units:UnitData/JAZZ_Legion_AssaultT1_Grenadier.lua:22
392532954219,Здорово!,Здорово!,,jazz-units:items.lua:69538
393390295731,Понеслась!,Понеслась!,,jazz-units:items.lua:70672
395636543718,Чего-то до хрена их тут.,Чего-то до хрена их тут.,,jazz-units:items.lua:70808
395851346053,Это было просто необходимо. ,Это было просто необходимо.,,jazz-units:items.lua:68840
397718810214,"Я знаю, что так думать немодно, но я думаю, что дело женщин - ходить босиком и вынашивать детей. Подождите немного, люди к этому еще вернутся!","Я знаю, что так думать немодно, но я думаю, что дело женщин - ходить босиком и вынашивать детей. Подождите немного, люди к этому еще вернутся!",,jazz-units:items.lua:69076
397958642127,Костоправ,Костоправ,,jazz-units:items.lua:40533 | jazz-units:UnitData/JAZZ_Legion_FrontT1_Bonemaker.lua:22
398154207634,Хейз,Хейз,,jazz-units:Code/Mercenary.lua:132
399210040383,Тут долго не поуворачиваешься!,Тут долго не поуворачиваешься!,,jazz-units:items.lua:70214
403326197899,Ха-ха!,Ха-ха!,,jazz-units:items.lua:69025
403959952241,Надо перезарядить. ,Надо перезарядить.,,jazz-units:items.lua:69011
407129560284,Ланс,Ланс,,jazz-units:Code/Mercenary.lua:104
408060419721,"Ух, мля. Блин, прости, братан, я не со зла. У меня первый раз такое.","Ух, мля. Блин, прости, братан, я не со зла. У меня первый раз такое.",,jazz-units:items.lua:70787
409615372084,Чилл,Чилл,,jazz-units:Code/Mercenary.lua:172
410271431075,Надо перезарядить. ,Надо перезарядить.,,jazz-units:items.lua:68830
410411022674,Назад! Здесь что-то не так!,Назад! Здесь что-то не так!,,jazz-units:items.lua:68986
414979988250,Ща всех так шомполами в ухо перещелкаем.,Ща всех так шомполами в ухо перещелкаем.,,jazz-units:items.lua:70896
416802619051,"Делаю то, что должен.","Делаю то, что должен.",,jazz-units:items.lua:68923
416911739915,Чемуренга,Чемуренга,,jazz-units:items.lua:48118 | jazz-units:UnitData/Chimurenga.lua:22
418043366071,"Некоторые просто не понимают, как надо разговаривать с людьми, когда у них в руках оружие!..","Некоторые просто не понимают, как надо разговаривать с людьми, когда у них в руках оружие!..",,jazz-units:items.lua:68915
420195938142,Что случилось?,Что случилось?,,jazz-units:items.lua:69086
421502914635,"О, вроде даже блестит.","О, вроде даже блестит.",,jazz-units:items.lua:70800
424414749198,Я слышала какой-то звук! Я совершенно уверена!,Я слышала какой-то звук! Я совершенно уверена!,,jazz-units:items.lua:70147
424870893963,У меня нет времени на этот дешевый треп!,У меня нет времени на этот дешевый треп!,,jazz-units:items.lua:69596
424907470239,"Майор Спайк, самое время показать нам, кого боится весь Гранд-Чиен! Перегнул с пафосом, да?","Майор Спайк, самое время показать нам, кого боится весь Гранд-Чиен! Перегнул с пафосом, да?",,jazz-units:items.lua:70850
425276899453,Можешь опять на меня расчитывать.,Можешь опять на меня рассчитывать.,,jazz-units:items.lua:69928
425385674976,"Чисто. Ни звука, ни следа. Как в лучших домах","Чисто. Ни звука, ни следа. Как в лучших домах.",,jazz-units:items.lua:68568
425623198151,а?,а?,,jazz-units:items.lua:70189
426231816634,Я сейчас просто рухну. Немного отдохнуть - и я опять буду в полном порядке.,Я сейчас просто рухну. Немного отдохнуть — и я опять буду в полном порядке.,,jazz-units:items.lua:68906
426733413761,"Не хочу никого пугать, но я очень люблю полевую хирургию!","Не хочу никого пугать, но я очень люблю полевую хирургию!",,jazz-units:items.lua:70196
427712998155,"Ну да... Как будто мне есть, куда торопиться!","Ну да... Как будто мне есть, куда торопиться!",,jazz-units:items.lua:69687
428218963534,Я бы осталась тут с Рысью еще ненадолго.,Я бы осталась тут с Рысью еще ненадолго.,,jazz-units:items.lua:69267 | jazz-units:UnitData/Jazz_Buzz.lua:114
430350527253,Достало! Я не собираюсь их весь день искать. Дохлятина!,Достало! Я не собираюсь их весь день искать. Дохлятина!,,jazz-units:items.lua:69418
433488347204,"Шарлин! Нет! Прости-прости-прости! Как я могла? Зачем я вообще взяла в руки оружие? Вокруг меня все умирают, я проклята!","Шарлин! Нет! Прости-прости-прости! Как я могла? Зачем я вообще взяла в руки оружие? Вокруг меня все умирают, я проклята!",,jazz-units:items.lua:70045
437565517773,Каратель,Каратель,,jazz-units:items.lua:40047 | jazz-units:UnitData/JAZZ_Legion_AssaultT3_Punisher.lua:22
437973556175,Хорошо!,Хорошо!,,jazz-units:items.lua:69643
438512970215,Койот,Койот,,jazz-units:Code/Mercenary.lua:151
438710259074,Рено,Рено,,jazz-units:Code/Mercenary.lua:76
442137809523,Бауэр,Бауэр,,jazz-units:Code/Mercenary.lua:87
442187410309,Тяжелый Отряд Легиона,Тяжелый Отряд Легиона,,jazz-units:items.lua:51995
442282729493,Двигаюсь!,Двигаюсь!,,jazz-units:items.lua:70650
442517621864,"Мля... Вот не первый раз замужем, а больно все так же.","Мля... Вот не первый раз замужем, а больно все так же.",,jazz-units:items.lua:71047
444688786443,"Я в этом участвовать не буду, да и тебе это на самом деле не нужно. Иначе Рысь - покойник.","Я в этом участвовать не буду, да и тебе это на самом деле не нужно. Иначе Рысь - покойник.",,jazz-units:items.lua:69186 | jazz-units:UnitData/Jazz_Buzz.lua:33
447021467824,"Это было безумно весело, но сейчас мне пора идти домой и настроить мой видак.","Это было безумно весело, но сейчас мне пора идти домой и настроить мой видак.",,jazz-units:items.lua:69452
450984196945,"Чо говоришь, Майором сам Скэллион был? Кремень мужик, наслышан, наслышан. Мля, чет очень хочу посмотреть, чем у вас там все кончится. Возьмешь?","Чо говоришь, Майором сам Скэллион был? Кремень мужик, наслышан, наслышан. Мля, чет очень хочу посмотреть, чем у вас там все кончится. Возьмешь?",,jazz-units:items.lua:70491 | jazz-units:UnitData/JAZZ_Merc_Spouke.lua:61
452526429322,"Если бы они только шевельнулись, чтоб я их заметил, я бы их тут же прикончил.","Если бы они только шевельнулись, чтоб я их заметил, я бы их тут же прикончил.",,jazz-units:items.lua:68854
452684503772,Кхм.,Кхм.,,jazz-units:items.lua:69091
452783725858,Хорошо!,Хорошо!,,jazz-units:items.lua:69945
453307136093,Ну я,Ну я,,jazz-units:items.lua:69642
454886760587,"Возьмите сектор, у меня авария!","Возьмите сектор, у меня авария!",,jazz-units:items.lua:71043
455240026604,Это меня взбодрило!,Это меня взбодрило!,,jazz-units:items.lua:69700
456729335516,"Черт, как мне не хотелось делать!","Чёрт, как же мне не хотелось это делать!",,jazz-units:items.lua:68955
457634741369,"Я многому научился у Паука, и еще большему научусь. Всегда готов поработать с ней в паре, а раз уж она работает на вас, то значит и я согласен.","Я многому научился у Паука и ещё большему научусь. Всегда готов поработать с ней в паре, а раз уж она работает на вас, значит, и я согласен.",,jazz-units:items.lua:72318 | jazz-units:UnitData/Thor.lua:93
459606553562,Выброс адреналина! Я чувствую - сейчас что-то случится.,Выброс адреналина! Я чувствую — сейчас что-то случится.,,jazz-units:items.lua:70144
460502027712,CHPOK!@aim.com,CHPOK!@aim.com,,jazz-units:items.lua:70457 | jazz-units:UnitData/JAZZ_Merc_Spouke.lua:27
461382179970,"Я скоро возвращаюсь домой - просто, чтобы ты об этом знал. ","Я скоро возвращаюсь домой - просто, чтобы ты об этом знал. ",,jazz-units:items.lua:68670
461470404380,Нет.,Нет.,,jazz-units:items.lua:69388
462123594221,"По своим лупишь, мля! Нахрена?","По своим лупишь, мля! Нахрена?",,jazz-units:items.lua:70719
462191772251,Сразу удрали. Типичные мужики.,Сразу удрали. Типичные мужики.,,jazz-units:items.lua:69421
463630214662,"Вот идиот! Ему место в рекламе - ""Контролируйте рождаемость""!","Вот идиот! Ему место в рекламе - ""Контролируйте рождаемость""!",,jazz-units:items.lua:70202
463858834011,Штурмовики Легиона,Штурмовики Легиона,,jazz-units:items.lua:51320
464401977453,Я готовлю работу по лечению связаных с потерей крови лихорадочных сотояний в полевых условиях.,"Я готовлю работу о лечении лихорадочных состояний, вызванных потерей крови, в полевых условиях.",,jazz-units:items.lua:70029
465052823647,Черт!,Черт!,,jazz-units:items.lua:70109
465176557843,Штурмовики Легиона,Штурмовики Легиона,,jazz-units:items.lua:51879
465277985554,Скаут,Скаут,,jazz-units:items.lua:41711 | jazz-units:UnitData/JAZZ_Legion_FlankerT2_Scout.lua:21
467553110152,"Мне нужен новый ствол, этот кончился!","Мне нужен новый ствол, этот кончился!",,jazz-units:items.lua:71038
467605323713,Эээй... подожди. Запыхался.,Эээй... подожди. Запыхался.,,jazz-units:items.lua:69132
468582654019,У меня начинается депрессия! Мне надо просто рвануть и прочесать все это место с автоматом.,У меня начинается депрессия! Мне надо просто рвануть и прочесать все это место с автоматом.,,jazz-units:items.lua:69437
470315892047,Марк,Марк,,jazz-units:Code/Mercenary.lua:164
472771202525,Тяжелый Штурмовик,Тяжелый Штурмовик,,jazz-units:items.lua:45592 | jazz-units:UnitData/AdonisAssault.lua:20
472871840069,"Ух, хорошо! Лучше не бывает.","Ух, хорошо! Лучше не бывает.",,jazz-units:items.lua:68995
473496320013,Сейчас начнется!,Сейчас начнется!,,jazz-units:items.lua:70112
473692128296,Хорошо!,Хорошо!,,jazz-units:items.lua:69045
475206078375,Сержант,Сержант,,jazz-units:items.lua:45896 | jazz-units:UnitData/AdonisSquadLeader_Sergant.lua:20
479861700346,Получи! Мы их всех прикончили!,Получи! Мы их всех прикончили!,,jazz-units:items.lua:68860
480352270619,"Вижу трафарета. Мать моя святая женщина, ну и рожа!","Вижу трафарета. Мать моя — святая женщина, ну и рожа!",,jazz-units:items.lua:70593
481545511185,HoustonMD,HoustonMD,,jazz-units:items.lua:69734 | jazz-units:UnitData/Jazz_Spider.lua:29
481771233102,Ну ладно!,Ну ладно!,,jazz-units:items.lua:69408
482785201411,Ущипните меня!,Ущипните меня!,,jazz-units:items.lua:69519
487267925473,"Спасибо, что дали мне возможность поработать с вашей командой. ","Спасибо, что дали мне возможность поработать с вашей командой. ",,jazz-units:items.lua:69960
488139214789,Нанести! Смыть! Повторить!,Нанести! Смыть! Повторить!,,jazz-units:items.lua:70853
489328798165,"Лови подачу, сникерс!","Лови подачу, сникерс!",,jazz-units:items.lua:71020
490217033288,пыхтит,(пыхтит),,jazz-units:items.lua:68952
492075631047,Снэйр,Снэйр,,jazz-units:Code/Mercenary.lua:137
492856048683,"Делаю то, что должен.","Делаю то, что должен.",,jazz-units:items.lua:68815
493164139843,Отсюда надо выбираться! ,Отсюда надо выбираться! ,,jazz-units:items.lua:69123
493638022259,Ща под раздачу попаду!,Ща под раздачу попаду!,,jazz-units:items.lua:70915
494150854420,Iseeyou,Iseeyou,,jazz-units:items.lua:68628
494601902542,Ни черта не вижу!,Ни черта не вижу!,,jazz-units:items.lua:69476
496206738742,Внимание! Здесь каждый шаг может стать последним!,Внимание! Здесь каждый шаг может стать последним!,,jazz-units:items.lua:70076
496511088531,Доктор Ливси,Доктор Ливси,,jazz-units:items.lua:68457 | jazz-units:UnitData/Doctor_Leevsy.lua:19
498155992830,Бэнкс,Бэнкс,,jazz-units:Code/Mercenary.lua:47
498160374265,Рейвен,Рейвен,,jazz-units:Code/Mercenary.lua:94
498845146351,Я сделала свою работу. ,Я сделала свою работу. ,,jazz-units:items.lua:69443
498910270585,Ой!,Ой!,,jazz-units:items.lua:69612
499121738647,"Отличный выстрел, братан!","Отличный выстрел, братан!",,jazz-units:items.lua:70948
499440250102,"После скандального расставания с Робертсом ""Рысью"", о котором, наверное, слышали даже марсиане, Луиза ожесточилась и возненавидела, кажется, вообще всех людей. Рысь - за то что он есть, себя - за то что была к нему привязана, мужчин - за то, что Рысь - мужчина, женщин - за то, что они рожают мужчин. И быть бы беде, если б один незадачливый наниматель не пригласил их обоих в команду, нанимая AIM для освобождения заложников на нефтяной платформе, захваченной радикальным крылом зоозащитной организации. Робертс поимел ... неосторожность получить тяжелое ранение в ходе операции и это привело Тоску в состояние неописуемой ярости. Буквально - описать то, что происходило на платформе, не смог никто. Зоозащитникам понадобилось новое боевое крыло, нанимателю  - новая нефтяная платформа, а заложники были найдены в состоянии крайнего истощения через неделю на самодельном плоту в Атлантическом океане. Так или иначе, Луиза готова к выполнению заданий как никто другой, и горе тому, кто попробует ее разозлить.
","После скандального расставания с Робертсом по прозвищу Рысь — о нём, кажется, слышали даже марсиане — Луиза ожесточилась и возненавидела почти всех: Рысь — за то, что он есть, себя — за привязанность к нему, мужчин — потому что Рысь мужчина, а женщин — потому что они рожают мужчин. Всё кончилось бы бедой, если бы один незадачливый наниматель не собрал их обоих в команде A.I.M. для освобождения заложников с нефтяной платформы, захваченной радикальными зоозащитниками. Во время операции Робертс имел... неосторожность получить тяжёлое ранение, и Тоска впала в неописуемую ярость. Буквально неописуемую: никто так и не смог объяснить, что творилось на платформе. Зоозащитникам понадобилось новое боевое крыло, нанимателю — новая нефтяная платформа, а заложников через неделю нашли истощёнными на самодельном плоту в Атлантике. Как бы то ни было, Луиза готова к заданиям как никто другой — и горе тому, кто её разозлит.
",,jazz-units:items.lua:115486 | jazz-units:UnitData/Jazz_Buzz.lua:24
499758495969,"Отлично, похоже, что все в порядке. Готова к службе!","Отлично, похоже, что все в порядке. Готова к службе!",,jazz-units:items.lua:69843 | jazz-units:UnitData/Jazz_Spider.lua:138
499865327224,В хорошей компании и работать приятнее....,В хорошей компании и работать приятнее...,,jazz-units:items.lua:70382
500086555472,"Ты заметил, как я стреляю? Я умею обращаться с любым оружием!","Ты заметил, как я стреляю? Я умею обращаться с любым оружием!",,jazz-units:items.lua:69310 | jazz-units:UnitData/Jazz_Buzz.lua:157
500434425609,Слушай внимательно. Я сказала...,Слушай внимательно. Я сказала...,,jazz-units:items.lua:69305 | jazz-units:UnitData/Jazz_Buzz.lua:152
500537214867,"Эх, говорила мне маманя, не ходи в армию...","Эх, говорила мне маманя, не ходи в армию...",,jazz-units:items.lua:70703
500654424505,Всем залечь!,Всем залечь!,,jazz-units:items.lua:71013
502680326984,"Капрал, мля, это чо за новые методы командования?","Капрал, мля, это чо за новые методы командования?",,jazz-units:items.lua:70713
502992010509,"Вот это их размножило, мля, как под копирку!","Вот это их размножило, мля, как под копирку!",,jazz-units:items.lua:70907
503068485640,Немного везения мне бы сейчас никак не помешало!,Немного везения мне бы сейчас никак не помешало!,,jazz-units:items.lua:68813
505750596768,Что-то мне хочется кого-нибудь убить!,Что-то мне хочется кого-нибудь убить!,,jazz-units:items.lua:69473
506384671724,Очень хорошо! Я с нетерпением жду новых заданий.,Очень хорошо! Я с нетерпением жду новых заданий.,,jazz-units:items.lua:69853 | jazz-units:UnitData/Jazz_Spider.lua:148
508166946977,Легче шаг...,Легче шаг...,,jazz-units:items.lua:70658
508177537882,"Капрал Лен Андерсон, сэр! Так точно, сэр! Заебись вышло, сэр!","Капрал Лен Андерсон, сэр! Так точно, сэр! Заебись вышло, сэр!",,jazz-units:items.lua:70937
508965931222,Газы!,Газы!,,jazz-units:items.lua:70725
509015221107,"Ну все, хана. Накрылась маскировочка.","Ну все, хана. Накрылась маскировочка.",,jazz-units:items.lua:70664
509896041860,"Ну пошли, че.","Ну пошли, че.",,jazz-units:items.lua:70900
511604236324,"А ты ведь не верил, что получится, а? ","А ты ведь не верил, что получится, а? ",,jazz-units:items.lua:68974
512031002404,Ха-ха!,Ха-ха!,,jazz-units:items.lua:69681
512115282353,"Я нахожу, что мисс Зондергад весьма невоспитана и чрезвычайно склонна к снобизму. Это просто невыносимо. ","Я нахожу, что мисс Зондергад весьма невоспитана и чрезвычайно склонна к снобизму. Это просто невыносимо. ",,jazz-units:items.lua:70085
512609438715,"Что? Вики? Вики! Нет! Почему? Почему я убиваю своих друзей? Я не должна никого убивать! Я врач, я должна лечить их, а не убивать! Я не хочу, чтоб они умирали!","Что? Вики? Вики! Нет! Почему? Почему я убиваю своих друзей? Я не должна никого убивать! Я врач, я должна лечить их, а не убивать! Я не хочу, чтоб они умирали!",,jazz-units:items.lua:70042
513131038337,Доктор Донна «Паук» Хьюстон,Доктор Донна «Паук» Хьюстон,,jazz-units:items.lua:69727 | jazz-units:UnitData/Jazz_Spider.lua:22
513237077073,"Если каждый виноват, где ж на всех набрать гранат?","Если каждый виноват, где ж на всех набрать гранат?",,jazz-units:items.lua:70809
513375237054,Я бы лучше прикончила Рысь!,Я бы лучше прикончила Рысь!,,jazz-units:items.lua:69580
513995264753,"Смотри сюда, анчоус, щас вылетит бомбочка!","Смотри сюда, анчоус, щас вылетит бомбочка!",,jazz-units:items.lua:70671
514280209635,"Если не шуметь - можно услышать, как другие сами себя выдают","Если не шуметь - можно услышать, как другие сами себя выдают",,jazz-units:items.lua:68584
514698550653,"Нет, сейчас не получится.","Нет, сейчас не получится.",,jazz-units:items.lua:68827
514802376195,Готье,Готье,,jazz-units:Code/Mercenary.lua:69
515173793525,А-а-а-а-а-а,А-а-а-а-а-а,,jazz-units:items.lua:70619
515353939957,"Я рада, что все закончилось. Врагов здесь не осталось, только их потери в живой силе!","Я рада, что все закончилось. Врагов здесь не осталось, только их потери в живой силе!",,jazz-units:items.lua:69941
515735951720,Палач,Палач,,jazz-units:items.lua:36770 | jazz-units:UnitData/ThugGoon_Stronger_Elite.lua:19
515826095239,LouisaGarneau@aim.com,LouisaGarneau@aim.com,,jazz-units:items.lua:69180 | jazz-units:UnitData/Jazz_Buzz.lua:27
516378752870,Командир,Командир,,jazz-units:items.lua:45776 | jazz-units:UnitData/AdonisSquadLeader_Heavy.lua:20
516488153182,"Нет, для меня это слишком сложно. Похоже, этого вообще нельзя сделать.","Нет, для меня это слишком сложно. Похоже, этого вообще нельзя сделать.",,jazz-units:items.lua:69907
517772094687,Ладно... я так думаю.,Ладно... я так думаю.,,jazz-units:items.lua:69315 | jazz-units:UnitData/Jazz_Buzz.lua:162
519366026133,"Ух, хорошо! Лучше не бывает.","Ух, хорошо! Лучше не бывает.",,jazz-units:items.lua:69026
521007046314,Мародёр,Мародёр,,jazz-units:items.lua:40262 | jazz-units:UnitData/JAZZ_Legion_FrontT1_Marauder.lua:21
521607646039,Элитный Тяжелый Штурмовик,Элитный тяжёлый штурмовик,,jazz-units:items.lua:45526 | jazz-units:UnitData/AdonisAssault_Elite.lua:20
522049693201,Это слишком трудно - даже для меня.,Это слишком трудно - даже для меня.,,jazz-units:items.lua:68822
522296454319,"Наконец-то! Если повезет, подстрелю пару мужиков.","Наконец-то! Если повезёт, подстрелю пару мужиков.",,jazz-units:items.lua:69570
522569897458,Я пойду... Только держи от меня подальше этого сукиного сына Рысь и всех остальных мужиков тоже.,Я пойду... Только держи от меня подальше этого сукиного сына Рысь и всех остальных мужиков тоже.,,jazz-units:items.lua:69232 | jazz-units:UnitData/Jazz_Buzz.lua:79
523409377317,"Я в принципе не имею ничего против женщин, особенно - матерей, если не считать того, что они, подчас, рожают мужчин","Я в принципе ничего не имею против женщин, особенно матерей, если не считать того, что они порой рожают мужчин.",,jazz-units:items.lua:69625
524906689913,"Все, я ложусь. Скоро буду опять готова к работе.","Все, я ложусь. Скоро буду опять готова к работе.",,jazz-units:items.lua:69990
527385177589,"Ну че парни, понабиваем Фрагов?","Ну че парни, понабиваем Фрагов?",,jazz-units:items.lua:70681
528546746564,Век живи - век учись!,Век живи — век учись!,,jazz-units:items.lua:70226
529158036479,"Как на ладони, бро.","Как на ладони, бро.",,jazz-units:items.lua:70598
530027855207,Со мной все в порядке. Только злить меня не надо!,Со мной все в порядке. Только злить меня не надо!,,jazz-units:items.lua:69401
530213193898,Армейский взвод,Армейский взвод,,jazz-units:items.lua:57022
530556568332,"Это и правда было так близко, или мне показалось?","Это и правда было так близко, или мне показалось?",,jazz-units:items.lua:70128
531023558183,"Ученье свет, а не ученье - чуть свет и на работу.","Ученье — свет, а неученье — чуть свет и на работу.",,jazz-units:items.lua:70790
531121055156,Выброс адреналина! Я чувствую - сейчас что-то случится.,Выброс адреналина! Я чувствую — сейчас что-то случится.,,jazz-units:items.lua:69899
531159738476,"Братан, не шелести. Видишь, серьезные дяди рамсят. Сховайся пока.","Братан, не шелести. Видишь, серьезные дяди рамсят. Сховайся пока.",,jazz-units:items.lua:70865
531483834733,"по моему мнению, Сова - отличный товарищ, и я доверяю ей абсолютно.","По моему мнению, Сова — отличный товарищ, и я доверяю ей полностью.",,jazz-units:items.lua:70094
534127356489,Жизни Саперов Важны,Жизни сапёров важны,,jazz-units:items.lua:70456 | jazz-units:UnitData/JAZZ_Merc_Spouke.lua:26
535112321767,Как в старые добрые!,Как в старые добрые!,,jazz-units:items.lua:70389
536792876890,"Щас мисс Зондергадина бы завернула чо-нить трехэтажное, но без мата.","Щас мисс Зондергадина бы завернула чо-нить трехэтажное, но без мата.",,jazz-units:items.lua:70840
536970482013,Грид,Грид,,jazz-units:Code/Mercenary.lua:168
538817396599,"Жирафьи выблядки. Лезут со всех щелей, как тараканы, мля.","Жирафьи выблядки. Лезут со всех щелей, как тараканы, мля.",,jazz-units:items.lua:70979
540573932957,letsgoboom,letsgoboom,,jazz-units:items.lua:70458 | jazz-units:UnitData/JAZZ_Merc_Spouke.lua:28
540645319934,"Найс, брателло. Пошли взрывать.","Найс, брателло. Пошли взрывать.",,jazz-units:items.lua:70549 | jazz-units:UnitData/JAZZ_Merc_Spouke.lua:119
543496909776,"Честно говоря, мне это все не очень нравится, но в команде - доктор  Хьюстон, Паук. Она - то, что надо! Так что я согласна.","Честно говоря, мне всё это не очень нравится, но в команде доктор Хьюстон — Паук. Она — то, что надо! Так что я согласна.",,jazz-units:items.lua:73938 | jazz-units:UnitData/Raven.lua:92
544193872670,Блэк,Блэк,,jazz-units:Code/Mercenary.lua:97
545864137921,Вот им и конец!,Вот им и конец!,,jazz-units:items.lua:69560
546032242947,Пироман,Пироман,,jazz-units:items.lua:39694 | jazz-units:UnitData/JAZZ_Legion_AssaultT2_Pyro.lua:22
547061568930,Хреново!,Хреново!,,jazz-units:items.lua:69599
548780115142,Коммандо,Коммандо,,jazz-units:items.lua:37291 | jazz-units:UnitData/ThugGunner_Stronger.lua:20
549151219359,Фрагу - фраг!,Фрагу - фраг!,,jazz-units:items.lua:70874
550719634985,"Винтовку заело - не пойму, с чего!","Винтовку заело - не пойму, с чего!",,jazz-units:items.lua:69144
551908327410,Хаузер,Хаузер,,jazz-units:Code/Mercenary.lua:85
552549279859,"Погнали, пацаны!","Погнали, пацаны!",,jazz-units:items.lua:70730
552827378950,Закрыто!,Закрыто!,,jazz-units:items.lua:68900
554240280022,"Подумай еще разок. Меня может вырвать от одной мысли, что придется опять общаться с Рысью. Я просто говорю, что меня... вырвет, именно так.","Подумай еще разок. Меня может вырвать от одной мысли, что придется опять общаться с Рысью. Я просто говорю, что меня... вырвет, именно так.",,jazz-units:items.lua:69248 | jazz-units:UnitData/Jazz_Buzz.lua:95
555123787114,Животные... В этих джунглях даже звери хотят нас убить,Животные... В этих джунглях даже звери хотят нас убить.,,jazz-units:items.lua:68557
555266715833,"Ну чо ж вы, братаны, верняк же фраги были. Эх...","Ну чо ж вы, братаны, верняк же фраги были. Эх...",,jazz-units:items.lua:70678
556919213671,Добавь меня к списку.,Добавь меня к списку.,,jazz-units:items.lua:70136
556968077117,Кровь. Хорошо хоть прививку от столбняка сделала!,Кровь. Хорошо хоть прививку от столбняка сделала!,,jazz-units:items.lua:70241
557816817655,"Меня от всей этой компании просто трясет. Убить бы парочку - может, я тогда опять научусь улыбаться.","Меня от всей этой компании просто трясёт. Убить бы парочку — может, я тогда опять научусь улыбаться.",,jazz-units:items.lua:69660
558500899025,"Слушай, почему, если мужчина мне что-то присылает, в коробке всегда оказывается чуть меньше того, что я ожидала?","Слушай, почему, если мужчина мне что-то присылает, в коробке всегда оказывается чуть меньше того, что я ожидала?",,jazz-units:items.lua:69672
560063196152,Готова к работе.,Готова к работе.,,jazz-units:items.lua:70138
560217604449,Своя!,Своя!,,jazz-units:items.lua:71018
564874178676,Заперто!,Заперто!,,jazz-units:items.lua:69461
566163170053,"Окей, время прогуляться по долине смерти.","Окей, время прогуляться по долине смерти.",,jazz-units:items.lua:68814
566351894894,"бежит, дышит","(бежит, тяжело дышит)",,jazz-units:items.lua:70020
566547246038,"Окей, время прогуляться по долине смерти.","Окей, время прогуляться по долине смерти.",,jazz-units:items.lua:68876
567246704413,ПИЛОТ,ПИЛОТ,,jazz-units:items.lua:68513 | jazz-units:UnitData/Merc_BarrySeal.lua:25
567757791660,"Не думаю, что мы нашли их всех.","Не думаю, что мы нашли их всех.",,jazz-units:items.lua:69935
567807605034,"Командир, экипе надо бы техосмотр провести, туда-сюда, смазать, подшить, подвязать. Есть у нас умелец?","Командир, экипе надо бы техосмотр провести, туда-сюда, смазать, подшить, подвязать. Есть у нас умелец?",,jazz-units:items.lua:70768
568327904111,"Да, готов!","Да, готов!",,jazz-units:items.lua:69087
569056152986,Ой!,Ой!,,jazz-units:items.lua:69059
569935050433,"Похоже, мой контракт почти закончен. Поговорим о продлении, или мне подумать о другой работе?","Похоже, мой контракт почти закончен. Поговорим о продлении, или мне подумать о другой работе?",,jazz-units:items.lua:69848 | jazz-units:UnitData/Jazz_Spider.lua:143
570086844191,"Ого! Господи, что со мной могло случится!","Ого! Господи, что со мной могло случиться!",,jazz-units:items.lua:70082
570532255961,Меня прозвали Рысью не за красивые глаза.,Меня прозвали Рысью не за красивые глаза.,,jazz-units:items.lua:69008
571545929877,Куда ты меня послал?,Куда ты меня послал?,,jazz-units:items.lua:70901
571903284610,Смоук,Смоук,,jazz-units:Code/Mercenary.lua:154
572423503632,"это я его убила! Не знаю, гордиться собой... или меня от себя стошнит! Всего понемножку, наверное!","Это я его убила! Не знаю, гордиться собой... или меня от себя стошнит. Всего понемножку, наверное!",,jazz-units:items.lua:70051
572586373311,"Сломалось, уже почти не держит... Командир, если в бою отвалится, я тебе буду во снах являться. В кошмарах.","Сломалось, уже почти не держит... Командир, если в бою отвалится, я тебе буду во снах являться. В кошмарах.",,jazz-units:items.lua:70767
574365442620,"Ого, да от такой вони может и протащить! Никому не чиркать спичками!","Ого, да от такой вони может и протащить! Никому не чиркать спичками!",,jazz-units:items.lua:69120
574520540655,Я бы попросил....,Я бы попросил...,,jazz-units:items.lua:70403
574920684105,Хоук,Хоук,,jazz-units:Code/Mercenary.lua:115
575987062755,кряхтит,кряхтит,,jazz-units:items.lua:68851
577012002969,Слишком большая потеря крови! Сейчас будет шок!,Слишком большая потеря крови! Сейчас будет шок!,,jazz-units:items.lua:69987
577658652787,Достало!,Достало!,,jazz-units:items.lua:69480
579655211150,"Мы с Вики Вотерс отлично ладим. Поэтому я готова ответить на ваше предложение согласием, несмотря на некоторые сомнения. Я уверена, что вместе с Вики мы сумеем со всем этим справится.","Мы с Вики Вотерс отлично ладим. Поэтому я готова ответить на ваше предложение согласием, несмотря на некоторые сомнения. Я уверена, что вместе с Вики мы сумеем со всем этим справиться.",,jazz-units:items.lua:69795 | jazz-units:UnitData/Jazz_Spider.lua:90
581619355853,"Кончил, мля. Гы-гы.","Кончил, мля. Гы-гы.",,jazz-units:items.lua:70877
582016394270,Бэр,Бэр,,jazz-units:Code/Mercenary.lua:109
582199010085,"Проклятье, Айс!","Проклятье, Айс!",,jazz-units:items.lua:68909
582562373198,Фига! Это чо у меня за патроны крышесносные такие?,Фига! Это чо у меня за патроны крышесносные такие?,,jazz-units:items.lua:70888
582640190015,Нэш,Нэш,,jazz-units:Code/Mercenary.lua:52
583107492015,Болт,Болт,,jazz-units:Code/Mercenary.lua:127
583199524339,Следующая задача?,Следующая задача?,,jazz-units:items.lua:69925
583874080532,"Вы с Роном были как сиамские близнецы, Шарлин. Представить невозможно, что один из вас сможет обходиться без другого. Прощай, Шарлин.","Вы с Роном были как сиамские близнецы, Шарлин. Представить невозможно, что один из вас сможет обходиться без другого. Прощай, Шарлин.",,jazz-units:items.lua:69975
584093716208,Рейнджер,Рейнджер,,jazz-units:Code/Mercenary.lua:136
585790994900,"Кое-кого ближайшие пару дней злить не стоит, понятно. Когда ж вы синхро... синхв... синхрхр... тьфу, сцепитесь уже.","Кое-кого ближайшие пару дней злить не стоит, понятно. Когда ж вы синхро... синхв... синхрхр... тьфу, сцепитесь уже.",,jazz-units:items.lua:70945
587748488427,Диверсант,Диверсант,,jazz-units:items.lua:44124 | jazz-units:UnitData/ArmyCommando_Scout.lua:20
589107264310,Бореал,Бореал,,jazz-units:Code/Mercenary.lua:176
589735084653,"Эрни родился в одном из портовых городов на востоке США. Как и все остальные пацаны с района, он играл в стритбол, мечтая когда-нибудь выйти на корт за главную команду Сент-Луиса. Был членом молодежной банды своего района, несколько раз задерживался полицией, но натворить больших бед не успел. Повзрослев, вступил в армию США, так как посчитал, что служба станет для него отличным социальным лифтом. После учебки служил сапером в морской пехоте, так что отлично владеет навыками минного дела. При выполнении одного из заданий, о которых не рассказывают дома, получил ранение. Был эвакуирован, а после курса реабилитации и вовсе вышел в отставку. Через какое-то время примкнул к AIM, чему Организация несказанно рада. На должности сапера обычно очень высокая текучка кадров. Не скрывает, что пришел в Организацию за деньгами, так что держите карман шире.","Эрни родился в одном из портовых городов на востоке США. Как и все остальные пацаны с района, он играл в стритбол, мечтая когда-нибудь выйти на корт за главную команду Сент-Луиса. Был членом молодёжной банды своего района, несколько раз задерживался полицией, но натворить больших бед не успел. Повзрослев, вступил в армию США, так как считал, что служба станет для него отличным социальным лифтом. После учебки служил сапёром в морской пехоте, так что отлично владеет минным делом. При выполнении одного из заданий, о которых не рассказывают дома, получил ранение. Был эвакуирован, а после курса реабилитации и вовсе вышел в отставку. Через какое-то время примкнул к AIM, чему Организация несказанно рада: на должности сапёра обычно очень высокая текучка кадров. Не скрывает, что пришёл в Организацию за деньгами, так что держите карман шире.",,jazz-units:items.lua:70454 | jazz-units:UnitData/JAZZ_Merc_Spouke.lua:24
590235542352,Рысь,Рысь,,jazz-units:items.lua:68622
590273814602,Фалкон,Фалкон,,jazz-units:Code/Mercenary.lua:146
592497176764,Взяла!,Взяла!,,jazz-units:items.lua:70061
595437803097,Пулеметчик,Пулеметчик,,jazz-units:items.lua:46256 | jazz-units:UnitData/AdonisHeavy.lua:20
596939489153,"Я еще жив... ох, боюсь сглазить!","Я еще жив... ох, боюсь сглазить!",,jazz-units:items.lua:68903
597301428007,Мэдден,Мэдден,,jazz-units:Code/Mercenary.lua:61
598414131441,Свинец нужен.,Свинец нужен.,,jazz-units:items.lua:69394
600879852371,Фрагу-Фраг! Вот так-то!,Фрагу-Фраг! Вот так-то!,,jazz-units:items.lua:70675
601932715102,Гост,Гост,,jazz-units:Code/Mercenary.lua:91
602384197032,Штайнер,Штайнер,,jazz-units:Code/Mercenary.lua:79
602782802811,Пулемётчик,Пулемётчик,,jazz-units:items.lua:42482 | jazz-units:UnitData/JAZZ_Legion_GunnerT2_GMPG.lua:21
603365739040,Тут эта отрыжка носорога че-то бычит на меня.,Тут эта отрыжка носорога че-то бычит на меня.,,jazz-units:items.lua:70814
604674102021,Готов.,Готов.,,jazz-units:items.lua:68869
606902871816,"Люблю, когда мне уделяют столько внимания.","Люблю, когда мне уделяют столько внимания.",,jazz-units:items.lua:69532
606905761121,Понял.,Понял.,,jazz-units:items.lua:68868
609010784993,Слаба старушка к старости глазами стала...,Слаба старушка к старости глазами стала...,,jazz-units:items.lua:70836
609243624096,смылся,смылся,,jazz-units:items.lua:70931
609347215896,Эш,Эш,,jazz-units:Code/Mercenary.lua:119
609842379014,Колман,Колман,,jazz-units:Code/Mercenary.lua:56
610487125242,"Вот это я называю ""накрыло Айсбергом"", мля!","Вот это я называю ""накрыло Айсбергом"", мля!",,jazz-units:items.lua:70934
613989791386,"И чо это за говно ты мне выдал? Не, вот ты щас серьезно, командир, не бздишь? В натуре? Ну дела...","И чо это за говно ты мне выдал? Не, вот ты щас серьезно, командир, не бздишь? В натуре? Ну дела...",,jazz-units:items.lua:70771
614304015048,Охранение лагеря,Охранение лагеря,,jazz-units:items.lua:51212
615526883141,"Послушайте, у меня есть и другие дела на сегодня!","Послушайте, у меня есть и другие дела на сегодня!",,jazz-units:items.lua:70105
616450986509,"Пойди, умойся. Я ногти крашу.","Пойди, умойся. Я ногти крашу.",,jazz-units:items.lua:69595
617254997265,Приказывай Босс,"Приказывай, босс.",,jazz-units:items.lua:68578
618432097815,Нокс,Нокс,,jazz-units:Code/Mercenary.lua:131
618740402029,"Правда, мне интересно, как это получится.","Правда, мне интересно, как это получится.",,jazz-units:items.lua:68823
619215783391,"прыгает, гоп",(прыгает) Гоп!,,jazz-units:items.lua:70039
619491844894,"Помедленнее, а то у меня будут проблемы с легкими!","Помедленнее, а то у меня будут проблемы с легкими!",,jazz-units:items.lua:70010
619763824975,"Не парься, сестра, я тя и в пушках и в движках прикрою! ","Не парься, сестра, я тя и в пушках, и в движках прикрою!",,jazz-units:items.lua:79183
620020470489,Лучше не бывает! Не часто можно получить такое удовлетворение от нашей работы. ,Лучше не бывает! Не часто можно получить такое удовлетворение от нашей работы.,,jazz-units:items.lua:68894
620648651508,Дозорный,Дозорный,,jazz-units:items.lua:41561 | jazz-units:UnitData/JAZZ_Legion_FlankerT1_Warden.lua:20
622058629659,ХА!,ХА!,,jazz-units:items.lua:70116
623103654662,Прыжок 2,Прыжок 2,,jazz-units:items.lua:70775
623794979175,Осадный отряд,Осадный отряд,,jazz-units:items.lua:50538 | jazz-units:items.lua:50687 | jazz-units:items.lua:50851 | jazz-units:items.lua:50960 | jazz-units:items.lua:51082
623795138668,Мрачная судьба,Мрачная судьба,,jazz-units:CharacterEffect/TheGrim.lua:31 | jazz-units:items.lua:82510
624356366496,"Это Руди Робертс. Меня прозвали Рысь. Раз Вы позвонили - возможно, вы обо мне слышали. В любом случае, просто оставьте сообщение, и я с вами свяжусь.","Это Руди Робертс. Меня прозвали Рысь. Раз вы позвонили, возможно, вы обо мне слышали. В любом случае просто оставьте сообщение, и я с вами свяжусь.",,jazz-units:items.lua:68735
624911492248,"Я бы предложил тебе присмотреться к Айсу Вильямсу. Он - парень, что надо.","Я бы предложил тебе присмотреться к Айсу Вильямсу. Он - парень, что надо.",,jazz-units:items.lua:68723
624951576698,Вот это я называю Биг-Бада-Бум!,Вот это я называю Биг-Бада-Бум!,,jazz-units:items.lua:70856
625064533501,Капитан,Капитан,,jazz-units:items.lua:45047 | jazz-units:UnitData/ArmyCommander.lua:20
625207669816,Да-а.,Да-а.,,jazz-units:items.lua:70955
625489049946,Давайте его кастрируем? Чтоб больше не шлялся.,Давайте его кастрируем? Чтоб больше не шлялся.,,jazz-units:items.lua:69556
625760841709,"Если ты решил бить своих, чтоб чужие боялись, я тебе щас рожу то подправлю, клоун!","Если ты решил бить своих, чтоб чужие боялись, я тебе щас рожу то подправлю, клоун!",,jazz-units:items.lua:70720
626054332065,"Ну да... Как будто мне есть, куда торопиться!","Ну да... Как будто мне есть, куда торопиться!",,jazz-units:items.lua:69663
628384640115,"Глянем, чо там такое.","Глянем, чо там такое.",,jazz-units:items.lua:70796
628621056311,Чужаки!,Чужаки!,,jazz-units:items.lua:69569
628646186230,"Есть, начальник! ","Есть, начальник! ",,jazz-units:items.lua:68921
630854748822,Ладно!,Ладно!,,jazz-units:items.lua:70183
632915371810,Меня мутит.,Меня мутит.,,jazz-units:items.lua:69981
633598512041,"Тик-так, мазафака, тиик-тааак.","Тик-так, мазафака, тиик-тааак.",,jazz-units:items.lua:70534 | jazz-units:UnitData/JAZZ_Merc_Spouke.lua:104
633924799191,Окей,Окей,,jazz-units:items.lua:69043
635392951739,"Я стала очень раздражительной, и производительность упала.","Я стала очень раздражительной, и производительность упала.",,jazz-units:items.lua:69467
635669226459,"Всякий раз, как скажешь себе: ""Вот он, предел падения человека!"" - обязательно окажешься в компании вроде этой.","Всякий раз, как скажешь себе: ""Вот он, предел падения человека!"" - обязательно окажешься в компании вроде этой.",,jazz-units:items.lua:70002
635701368585,"Заживает, как на... на волке, во!","Заживает, как на... на волке, во!",,jazz-units:items.lua:70735
635898925775,"Я только уверяюсь в своем расположении к фройляин Паук. Она такая женщина, такая женщина!","Я только уверяюсь в своем расположении к фройляин Паук. Она такая женщина, такая женщина!",,jazz-units:items.lua:78880
637242710997,"Окей, время прогуляться по долине смерти.","Окей, время прогуляться по долине смерти.",,jazz-units:items.lua:69067
637504933318,"Вещь лежит. Типа, не нужная никому.","Вещь лежит. Типа, не нужная никому.",,jazz-units:items.lua:70797
637518490271,Леклер,Леклер,,jazz-units:Code/Mercenary.lua:71
637682304626,Где противогаз?,Где противогаз?,,jazz-units:items.lua:70724
638205914703,Дог,Дог,,jazz-units:Code/Mercenary.lua:102
638265936693,Пилот,Пилот,,jazz-units:items.lua:68520 | jazz-units:UnitData/Merc_BarrySeal.lua:32
638363130733,Готова к работе.,Готова к работе.,,jazz-units:items.lua:69924
638419002772,"Звери - это ещё полбеды. Хуже, когда они ведут за собой охотников","Звери — это ещё полбеды. Хуже, когда они ведут за собой охотников.",,jazz-units:items.lua:68559
638833823539,"Не представляю, как. ","Не представляю, как.",,jazz-units:items.lua:69391
638847714296,Пойдет.,Пойдет.,,jazz-units:items.lua:69047
641193627757,"Ну, я немного удивлен, но.. это ведь твоя война! Делай, как считаешь нужным.","Ну, я немного удивлен, но.. это ведь твоя война! Делай, как считаешь нужным.",,jazz-units:items.lua:69111
641400217995,Командир,Командир,,jazz-units:items.lua:36489 | jazz-units:UnitData/ThugBoss.lua:20
641563680463,ПАУК,ПАУК,,jazz-units:items.lua:69729 | jazz-units:UnitData/Jazz_Spider.lua:24
644672895006,"Я не люблю обращаться за рекомендациями, но послушай - спроси обо мне любого из наших. Я очень надежен!","Я не люблю обращаться за рекомендациями, но послушай - спроси обо мне любого из наших. Я очень надежен!",,jazz-units:items.lua:68750
644740807099,"Окей, насчет этой работы договорились.","Окей, насчет этой работы договорились.",,jazz-units:items.lua:68810
646522112366,"О, господи, еще одно СУЩЕСТВО.","О, господи, еще одно СУЩЕСТВО.",,jazz-units:items.lua:69918
647431985781,Хорошо!,Хорошо!,,jazz-units:items.lua:69407
649839486980,Лейтенант,Лейтенант,,jazz-units:items.lua:45124 | jazz-units:UnitData/ArmyLeitenant.lua:20
650582191601,"Всем оставаться на чеку, сектор не зачищен.","Всем оставаться начеку, сектор не зачищен.",,jazz-units:items.lua:70637
650935403616,Осечка. Надо вытащить патрон.,Осечка. Надо вытащить патрон.,,jazz-units:items.lua:70238
653174142416,Красный! Не могу стрелять!,Красный! Не могу стрелять!,,jazz-units:items.lua:70862
654032335337,Чем могу служить?,Чем могу служить?,,jazz-units:items.lua:70134
654136216360,Я держу этот участок. Если что-то шевельнётся - узнаю первым,Я держу этот участок. Если что-то шевельнётся — узнаю первым.,,jazz-units:items.lua:68574
654345259101,А почему я должна об этом беспокоиться?,А почему я должна об этом беспокоиться?,,jazz-units:items.lua:69404
654442681700,Грабитель,Грабитель,,jazz-units:items.lua:36974 | jazz-units:UnitData/ThugGrenadier_Stronger.lua:18
654982270798,"Ну что ж, это никак не назовешь ""идеальными условиями"", но, раз это дает шанс работать с Айсом - я иду с вами.","Ну что ж, это никак не назовёшь «идеальными условиями», но, раз это даёт шанс работать с Айсом, я иду с вами.",,jazz-units:items.lua:68707
655003570544,Дьявол!,Дьявол!,,jazz-units:items.lua:69117
656349721144,"Ух, хорошо! Лучше не бывает.","Ух, хорошо! Лучше не бывает.",,jazz-units:items.lua:68837
658024542546,А я и не удивляюсь..! Уж Вики умеет работать!,А я и не удивляюсь! Уж Вики умеет работать!,,jazz-units:items.lua:70158
658824394701,"Тяжелая участь солдата, сука...","Тяжёлая участь солдата, сука...",,jazz-units:items.lua:70696
659277276887,Тут долго не поуворачиваешься!,Тут долго не поуворачиваешься!,,jazz-units:items.lua:69954
659647363192,"Может, удастся прихлопнуть тараканчика.","Может, удастся прихлопнуть тараканчика.",,jazz-units:items.lua:69379
659760847936,"Ты чо уши греешь, Рейдер?","Ты чо уши греешь, Рейдер?",,jazz-units:items.lua:70411
661177876993,"Ты чо, тявкалку замкни свою, тухлятиной тащит.","Ты чо, тявкалку замкни свою, тухлятиной тащит.",,jazz-units:items.lua:70616
661838275086,Ммм... Гм... хорошо подогнано!,Ммм... Гм... хорошо подогнано!,,jazz-units:items.lua:69541
662960700376,Задержка!,Задержка!,,jazz-units:items.lua:71042
663837406922,Пуляло,Пуляло,,jazz-units:items.lua:42356 | jazz-units:UnitData/JAZZ_Legion_GunnerT1_Gunner.lua:22
665932192541,Я лучше подожду немного. Не хочу торопиться.,Я лучше подожду немного. Не хочу торопиться.,,jazz-units:items.lua:68824
669174238474,"Я слишком занята. Обязательно позвоните мне, когда выясните для себя, что вам, собственно, нужно.","Я слишком занята. Обязательно позвоните мне, когда выясните для себя, что вам, собственно, нужно.",,jazz-units:items.lua:69838 | jazz-units:UnitData/Jazz_Spider.lua:133
669687407644,Стрелок,Стрелок,,jazz-units:items.lua:37509 | jazz-units:UnitData/ThugSniper.lua:19
672319054709,Скоуп,Скоуп,,jazz-units:Code/Mercenary.lua:169
673665649440,"Не пойму, почему мужчинам так нравятся подобные занятия... убивать, чесаться, блевать, все в таком роде.","Не пойму, почему мужчинам так нравятся подобные занятия... убивать, чесаться, блевать, все в таком роде.",,jazz-units:items.lua:70170
674868295918,Зачем мне все это барахло? Дайте мне трубочку для плевания и фанерку - загораживаться! Куда полезнее будет.,Зачем мне все это барахло? Дайте мне трубочку для плевания и фанерку - загораживаться! Куда полезнее будет.,,jazz-units:items.lua:68948
675165000259,Двигаю туда.,Двигаю туда.,,jazz-units:items.lua:70903
675722179704,Я с нетерпением жду новых заданий.,Я с нетерпением жду новых заданий.,,jazz-units:items.lua:70137
675951925750,Рискуем нарваться!,Рискуем нарваться!,,jazz-units:items.lua:69021
676216529798,Штурмовики Легиона,Штурмовики Легиона,,jazz-units:items.lua:52980
676253179204,Есть контакт!,Есть контакт!,,jazz-units:items.lua:69573
676271731652,"От жирафа слышу, мля.","От жирафа слышу, мля.",,jazz-units:items.lua:70869
680606004654,"Он может считать, что ему повезло...","Он может считать, что ему повезло...",,jazz-units:items.lua:69589
680951234078,Пин,Пин,,jazz-units:Code/Mercenary.lua:163
682329187809,Я не сомневаюсь в присутствии противника.,Я не сомневаюсь в присутствии противника.,,jazz-units:items.lua:70111
682930415207,Хоукс,Хоукс,,jazz-units:Code/Mercenary.lua:65
683199688740,Лишь бы растяжки не оказалось.,Лишь бы растяжки не оказалось.,,jazz-units:items.lua:70801
683910542719,Кристал,Кристал,,jazz-units:Code/Mercenary.lua:180
683983528014,"Внимание, все! Что-то мне хочется кого-нибудь убить!","Внимание, все! Что-то мне хочется кого-нибудь убить!",,jazz-units:items.lua:69494
684046837445,"Шире шаг! В канаву не е... свались, мля!","Шире шаг! В канаву не е... свались, мля!",,jazz-units:items.lua:70732
685769555215,Слушаю!,Слушаю!,,jazz-units:items.lua:70181
686283466520,Потрясно!,Потрясно!,,jazz-units:items.lua:69024
686859182168,"То, что доктор прописал!","То, что доктор прописал!",,jazz-units:items.lua:70737
686980301418,Голяк!,Голяк!,,jazz-units:items.lua:69526
687221729960,"Мне нужна помощь, неотложно!","Мне нужна помощь, неотложно!",,jazz-units:items.lua:70141
687305083067,Отлично! Сейчас будет весело!,Отлично! Сейчас будет весело!,,jazz-units:items.lua:69535
688594235320,чо,Чё?,,jazz-units:items.lua:69099
690905052800,Готова к работе.,Готова к работе.,,jazz-units:items.lua:70177
695881945070,"Враги, находящиеся в радиусе 5 клеток впадают в панику или бешенство при виде Надвигающегося Урагана ""Норма"". Зависит от уровня мудрости противника.",Враги в радиусе 5 клеток впадают в панику или бешенство при виде надвигающегося урагана «Норма». Исход зависит от уровня мудрости противника.,,jazz-units:CharacterEffect/VengefulTemperament.lua:28 | jazz-units:items.lua:82547
697121656343,Там что-то есть...,Там что-то есть...,,jazz-units:items.lua:70058
697319055735,Хм?,Хм?,,jazz-units:items.lua:70975
697898544301,Ах какая же я лицемерка!,Ах какая же я лицемерка!,,jazz-units:items.lua:70117
698036404720,"Рыси мне будет не хватать. Он мою задницу всегда прикрывал, когда приходилось тяжело.","Рыси мне будет не хватать. Он мою задницу всегда прикрывал, когда приходилось тяжело.",,jazz-units:items.lua:79416
698749684781,"Окей, я в твоем распоряжении.","Окей, я в твоем распоряжении.",,jazz-units:items.lua:68755
699018947084,"Ох, будь оно неладно!","Ох, будь оно неладно!",,jazz-units:items.lua:68980
699356854886,"Он сказал: ""курлык""!","Он сказал: ""курлык""!",,jazz-units:items.lua:70876
699368427124,"Ну не могу поверить, что я потратила свою жизнь на этого человека. Меня рвет от одного взгляда на Рысь.","Ну не могу поверить, что я потратила свою жизнь на этого человека. Меня рвет от одного взгляда на Рысь.",,jazz-units:items.lua:69513
700215474496,"А ты ведь не верил, что получится, а? ","А ты ведь не верил, что получится, а? ",,jazz-units:items.lua:68879
700625945946,Потрясно!,Потрясно!,,jazz-units:items.lua:68983
701157196231,Армейский Спецназ,Армейский Спецназ,,jazz-units:items.lua:56498
701454824479,Гммммм...,Гммммм...,,jazz-units:items.lua:69092
703962671528,Тут хреновина какая-то.,Тут хреновина какая-то.,,jazz-units:items.lua:70802
704031871886,Вижу бомбу на земле! Эта бомба - это мне?,Вижу бомбу на земле! Эта бомба — мне?,,jazz-units:items.lua:70822
704121565760,"Это был большой заброд, и работы полно, но я бы взялся за нее опять, не задумываясь.","Это был долгий заход, и работы было полно, но я бы взялся за неё снова не задумываясь.",,jazz-units:items.lua:68847
704359125870,Торн,Торн,,jazz-units:Code/Mercenary.lua:58
704518239016,Моро,Моро,,jazz-units:Code/Mercenary.lua:72
705978782029,Давайте попробуем не повторять эту ошибку.,Давайте попробуем не повторять эту ошибку.,,jazz-units:items.lua:69904
706193284510,Вайс,Вайс,,jazz-units:Code/Mercenary.lua:83
707682431232,Ух-ты!,Ух-ты!,,jazz-units:items.lua:70026
707700625892,"Если мы не найдём транспорт, я начну смотреть на деревья как на посадочные площадки","Если мы не найдём транспорт, я начну смотреть на деревья как на посадочные площадки.",,jazz-units:items.lua:68579
708253621531,"Тоски Гарно сейчас нет. Скажите, что нужно. Учтите, что все лица мужского пола успеют сто раз умереть, прежде чем я им перезвоню.","Тоски Гарно сейчас нет. Скажите, что нужно. Учтите, что все лица мужского пола успеют сто раз умереть, прежде чем я им перезвоню.",,jazz-units:items.lua:69295 | jazz-units:UnitData/Jazz_Buzz.lua:142
708964251739,Кроу,Кроу,,jazz-units:Code/Mercenary.lua:108
709132175659,Разведчик Сапер,Разведчик Сапер,,jazz-units:items.lua:44008 | jazz-units:UnitData/ArmyCommando_Demolution.lua:20
709375641547,А!,А!,,jazz-units:items.lua:69611
709745548820,Разведчик Снайпер,Разведчик Снайпер,,jazz-units:items.lua:44066 | jazz-units:UnitData/ArmyCommando_Sniper.lua:20
711036928551,Дэвис,Дэвис,,jazz-units:Code/Mercenary.lua:50
711131072956,"Ну чо, беру побольше пластмассы всякой разной. Ну знаешь, чтоб все по-серьезному было. Давай, до связи, командир.","Ну чо, беру побольше пластмассы всякой разной. Ну знаешь, чтоб все по-серьезному было. Давай, до связи, командир.",,jazz-units:items.lua:70539 | jazz-units:UnitData/JAZZ_Merc_Spouke.lua:109
711879444074,"Только тапки брызнули, ха-ха!","Только тапки брызнули, ха-ха!",,jazz-units:items.lua:70887
711938205471,Фрост,Фрост,,jazz-units:Code/Mercenary.lua:93
712211577936,"Скажи им, чтоб сбились в кучку, брателло! Заебеню им групповое фото.","Скажи им, чтоб сбились в кучку, брателло! Заебеню им групповое фото.",,jazz-units:items.lua:70810
712930475612,Слэш,Слэш,,jazz-units:Code/Mercenary.lua:140
713775236023,Вещь!,Вещь!,,jazz-units:items.lua:69690
713805168468,"Крою сектор, пацаны! Муха не просвистит!","Крою сектор, пацаны! Муха не просвистит!",,jazz-units:items.lua:70911
713865724075,"Окей, я остаюсь.","Окей, я остаюсь.",,jazz-units:items.lua:69328 | jazz-units:UnitData/Jazz_Buzz.lua:175
715959020275,"Фартануло, мля!","Фартануло, мля!",,jazz-units:items.lua:71032
716767204533,Дай мне еще не много времени на анализ ситуации - а тогда уж и поговорим.,Дай мне еще не много времени на анализ ситуации - а тогда уж и поговорим.,,jazz-units:items.lua:70008
717331783376,Капитан Альварез,Капитан Альварез,,jazz-units:items.lua:45299 | jazz-units:UnitData/Adonis_CaptainAlvarez_Immortal.lua:21
717418830781,Алмазная Донна полевой хирургии.,Алмазная Донна полевой хирургии.,,jazz-units:items.lua:69732 | jazz-units:UnitData/Jazz_Spider.lua:27
717512767911,"Хорошо, что я на твоей стороне.","Хорошо, что я на твоей стороне.",,jazz-units:items.lua:69001
718550717511,"Что-то вы быстро кончились, анчоусы.","Что-то вы быстро кончились, анчоусы.",,jazz-units:items.lua:70646
718716176780,"Наконец-то! Хоть есть, чему порадоваться.","Наконец-то! Хоть есть, чему порадоваться.",,jazz-units:items.lua:70232
718868776454,"Отлично, похоже, что все в порядке. Готова к службе!","Отлично, похоже, что все в порядке. Готова к службе!",,jazz-units:items.lua:69963
719729545787,Автоматический огонь,Автоматический огонь,,jazz-units:items.lua:58620
719837811947,"Понатыкали тут, тьфу, ни ума, ни фантазии.","Понатыкали тут, тьфу. Ни ума ни фантазии.",,jazz-units:items.lua:70828
721503532384,Так...,Так...,,jazz-units:items.lua:70057
722019872331,Это мне самоуважения никак не прибавит. Проехали.,Это мне самоуважения никак не прибавит. Проехали.,,jazz-units:items.lua:68882
728684721778,дышит,(дышит),,jazz-units:items.lua:68933
728895856636,Боль,Боль,,jazz-units:items.lua:70920
731102317560,Ха-ха!,Ха-ха!,,jazz-units:items.lua:69650
731775310376,"Пришли за Эрни мюсли, походу....","Пришли за Эрни мюсли, походу...",,jazz-units:items.lua:70702
733950549374,"Так, ничо на мне не брякает?","Так, ничо на мне не брякает?",,jazz-units:items.lua:70626
735135614427,Чужак!,Чужак!,,jazz-units:items.lua:69571
736336478739,Вот это выстрел! Зверь и опомниться не успел,Вот это выстрел! Зверь и опомниться не успел.,,jazz-units:items.lua:68563
737045544313,"Одно из приятных качеств этой работы - то, что успеваешь встретить столько интересных людей.","Одно из приятных качеств этой работы - то, что успеваешь встретить столько интересных людей.",,jazz-units:items.lua:70009
738083497715,"Мля! Вот что случается, если мужика пасти в прицеле постоянно! Забыл я, что он наш теперь.","Мля! Вот что случается, если мужика пасти в прицеле постоянно! Забыл я, что он наш теперь.",,jazz-units:items.lua:70784
739021548316,Линкс,Линкс,,jazz-units:Code/Mercenary.lua:147
739631325325,"Не такой я снайпер, чтобы туда попасть.","Не такой я снайпер, чтобы туда попасть.",,jazz-units:items.lua:69908
740204922473,"Ищем, ищем. Жирафий сын где-то рядом.","Ищем, ищем. Жирафий сын где-то рядом.",,jazz-units:items.lua:70992
741379309876,"Если бы все звери так легко сдавались, джунгли стали бы курортом","Если бы все звери так легко сдавались, джунгли стали бы курортом.",,jazz-units:items.lua:68565
741570005839,Известен не за красивые глаза,Известен не за красивые глаза,,jazz-units:items.lua:68626
743209815207,Флинт,Флинт,,jazz-units:Code/Mercenary.lua:126
743479715111,Внимание! Здесь каждый шаг может стать последним!,Внимание! Здесь каждый шаг может стать последним!,,jazz-units:items.lua:70073
746266615640,Да ради бога.,Да ради бога.,,jazz-units:items.lua:69481
746426158957,Отряд Легиона,Отряд Легиона,,jazz-units:items.lua:51552
746957720143,Сова сразу произвела на меня приятное впечатление - и я попала в точку!,Сова сразу произвела на меня приятное впечатление — и я попала в точку!,,jazz-units:items.lua:70161
747393272724,Магазин! Как нету? Да мля!,Магазин! Как нету? Да мля!,,jazz-units:items.lua:70860
747716825453,Пуляло,Пуляло,,jazz-units:items.lua:37174 | jazz-units:UnitData/ThugGunner.lua:20
748269501253,Стил,Стил,,jazz-units:Code/Mercenary.lua:98
748733504828,"Вот идиот! Ему место в рекламе - ""Контролируйте рождаемость""!","Вот идиот! Ему место в рекламе - ""Контролируйте рождаемость""!",,jazz-units:items.lua:69898
749205187641,Дюваль,Дюваль,,jazz-units:Code/Mercenary.lua:67
749239410975,"Не человек, а куча мусора.","Не человек, а куча мусора.",,jazz-units:items.lua:69034
749486825928,"Ураган ""Норма""","Ураган ""Норма""",,jazz-units:items.lua:82391
749824327464,Тут что-то есть.,Тут что-то есть.,,jazz-units:items.lua:68968
749881565515,Хорошо!,Хорошо!,,jazz-units:items.lua:68865
749937406773,Ну че?,Ну че?,,jazz-units:items.lua:69090
751404184505,Ха-ха!,Ха-ха!,,jazz-units:items.lua:69129
752313157556,Джон,Джон,,jazz-units:Code/Mercenary.lua:2
752313157557,Джек,Джек,,jazz-units:Code/Mercenary.lua:3
752313157558,Майк,Майк,,jazz-units:Code/Mercenary.lua:4
752313157559,Том,Том,,jazz-units:Code/Mercenary.lua:5
752313157560,Джеймс,Джеймс,,jazz-units:Code/Mercenary.lua:6
752313157561,Алекс,Алекс,,jazz-units:Code/Mercenary.lua:7
752313157562,Скотт,Скотт,,jazz-units:Code/Mercenary.lua:8
752313157563,Блейк,Блейк,,jazz-units:Code/Mercenary.lua:9
752313157564,Шон,Шон,,jazz-units:Code/Mercenary.lua:10
752313157565,Кевин,Кевин,,jazz-units:Code/Mercenary.lua:11
752313157566,Марк,Марк,,jazz-units:Code/Mercenary.lua:12
752313157567,Кайл,Кайл,,jazz-units:Code/Mercenary.lua:13
752313157568,Дилан,Дилан,,jazz-units:Code/Mercenary.lua:14
752313157569,Грег,Грег,,jazz-units:Code/Mercenary.lua:15
752313157570,Рик,Рик,,jazz-units:Code/Mercenary.lua:16
752313157571,Росс,Росс,,jazz-units:Code/Mercenary.lua:17
752313157572,Рой,Рой,,jazz-units:Code/Mercenary.lua:18
752313157573,Бен,Бен,,jazz-units:Code/Mercenary.lua:19
752313157574,Дин,Дин,,jazz-units:Code/Mercenary.lua:20
752313157575,Эд,Эд,,jazz-units:Code/Mercenary.lua:21
752313157576,Жан,Жан,,jazz-units:Code/Mercenary.lua:22
752313157577,Арно,Арно,,jazz-units:Code/Mercenary.lua:23
752313157578,Матьё,Матьё,,jazz-units:Code/Mercenary.lua:24
752313157579,Реми,Реми,,jazz-units:Code/Mercenary.lua:25
752313157580,Лоран,Лоран,,jazz-units:Code/Mercenary.lua:26
752313157581,Гийом,Гийом,,jazz-units:Code/Mercenary.lua:27
752313157582,Патрис,Патрис,,jazz-units:Code/Mercenary.lua:28
752313157583,Шарль,Шарль,,jazz-units:Code/Mercenary.lua:29
752313157584,Бенуа,Бенуа,,jazz-units:Code/Mercenary.lua:30
752313157586,Эрих,Эрих,,jazz-units:Code/Mercenary.lua:32
752313157587,Курт,Курт,,jazz-units:Code/Mercenary.lua:33
752313157588,Конрад,Конрад,,jazz-units:Code/Mercenary.lua:34
752313157589,Отто,Отто,,jazz-units:Code/Mercenary.lua:35
752313157590,Петер,Петер,,jazz-units:Code/Mercenary.lua:36
752313157591,Мартин,Мартин,,jazz-units:Code/Mercenary.lua:37
752313157592,Томас,Томас,,jazz-units:Code/Mercenary.lua:38
752313157593,Хельмут,Хельмут,,jazz-units:Code/Mercenary.lua:39
752313157594,Клаус,Клаус,,jazz-units:Code/Mercenary.lua:40
752313157595,Франц,Франц,,jazz-units:Code/Mercenary.lua:41
752385006330,"Может, я и выберусь отсюда живым. Может, выиграю эту лотерею. Думаю, шансы примерно одинаковые.","Может, я и выберусь отсюда живым. Может, выиграю эту лотерею. Думаю, шансы примерно одинаковые.",,jazz-units:items.lua:68929
752524055707,"Без шума, без пыли. Вот это работа","Без шума, без пыли. Вот это работа.",,jazz-units:items.lua:68569
752676296336,Да чтоб его... бля...,Да чтоб его... бля...,,jazz-units:items.lua:71041
753330501613,Луиза Гарно «Тоска»,Луиза Гарно «Тоска»,,jazz-units:items.lua:69174 | jazz-units:UnitData/Jazz_Buzz.lua:21
754182147566,"Смотри-ка, местные жители. И они явно не рады гостям","Смотри-ка, местные жители. И они явно не рады гостям.",,jazz-units:items.lua:68558
754225917996,"Нет, не пойдет. Мне такое ни к чему - ни уму, ни сердцу, ясно? Извини.","Нет, не пойдёт. Мне такое ни к чему — ни уму, ни сердцу, ясно? Извини.",,jazz-units:items.lua:68667
756097259155,"Забьемся, этого на гранату посажу!","Забьемся, этого на гранату посажу!",,jazz-units:items.lua:70870
756408203900,Отлично.,Отлично.,,jazz-units:items.lua:68863
756723481269,"Все видели? Учитесь, мля, пока я жив!","Все видели? Учитесь, мля, пока я жив!",,jazz-units:items.lua:70889
756727231524,Что за черт? И сколько у нас шансов завалить такого?,Что за черт? И сколько у нас шансов завалить такого?,,jazz-units:items.lua:68833
756807324263,Ай! Мисс Зондергард! Это было в высшей степени непрофессионально с вашей стороны! Выбирайте мишень тщательнее! Уж будьте любезны потрудиться!,Ай! Мисс Зондергард! Это было в высшей степени непрофессионально с вашей стороны! Выбирайте мишень тщательнее! Уж будьте любезны потрудиться!,,jazz-units:items.lua:69999
756841694440,Капрал,Капрал,,jazz-units:items.lua:45836 | jazz-units:UnitData/AdonisSquadLeader_Corporal.lua:20
757219972483,"Четыре лапы, пятый хвост. Ободранный весь, мля.","Четыре лапы, пятый хвост. Ободранный весь, мля.",,jazz-units:items.lua:70882
758813083028,Ты мне СЕЙЧАС решил припомнить ту девчонку? Вот прям ваще другого случая не нашел?,Ты мне СЕЙЧАС решил припомнить ту девчонку? Вот прям ваще другого случая не нашел?,,jazz-units:items.lua:70710
759861895798,"Не представляю, как. Тебе наверняка придется продать свой труп на опыты, чтобы мне заплатить, а я столько ждать не собираюсь.","Не представляю, как. Тебе наверняка придется продать свой труп на опыты, чтобы мне заплатить, а я столько ждать не собираюсь.",,jazz-units:items.lua:69208 | jazz-units:UnitData/Jazz_Buzz.lua:55
760366688044,"Да уж, капрал не молодеет.","Да уж, капрал не молодеет.",,jazz-units:items.lua:70847
761023690098,"Еще где-то шхерятся, шакалы.","Еще где-то шхерятся, шакалы.",,jazz-units:items.lua:70636
761196135748,"Я уверена, что вместе с Вики мы сумеем со всем этим справится.","Я уверена, что вместе с Вики мы сумеем со всем этим справиться.",,jazz-units:items.lua:70091
761300945659,"Только дай мне шанс, и вы все - покойники!","Только дай мне шанс, и вы все - покойники!",,jazz-units:items.lua:69619
762951840537,Дрейк,Дрейк,,jazz-units:Code/Mercenary.lua:130
763366416906,"Сеструха, я тя люблю и все такое, но убери свою пушку с моей спины!","Сеструха, я тя люблю и все такое, но убери свою пушку с моей спины!",,jazz-units:items.lua:79081
764285098369,Не поднимай неподъемное!,Не поднимай неподъемное!,,jazz-units:items.lua:70793
765470374054,Штурмовик,Штурмовик,,jazz-units:items.lua:36668 | jazz-units:UnitData/ThugGoon_Stronger.lua:20
766354442971,(Выдох) Устал.,(Выдох) Устал.,,jazz-units:items.lua:71023
768700996283,"Окей, время прогуляться по долине смерти.","Окей, время прогуляться по долине смерти.",,jazz-units:items.lua:68819
770093869034,Стрелок,Стрелок,,jazz-units:items.lua:46656 | jazz-units:UnitData/AdonisSoldier.lua:20
770346872189,Берегите глазки!,Берегите глазки!,,jazz-units:items.lua:70972
770795604613,ФРАГ,ФРАГ,,jazz-units:items.lua:70453 | jazz-units:UnitData/JAZZ_Merc_Spouke.lua:23
772618679769,"Твоюж мать, тебе бы руки вырвать. Не умеешь не берись.","Твоюж мать, тебе бы руки вырвать. Не умеешь не берись.",,jazz-units:items.lua:70754
773536167600,"<em>Дистанционная атака</em> автоматически вызывающая <GameTerm('Crit')>.

Когда атакующий убивает цель, остальные враги вокруг впадают в <GameTerm('Panic')>.

Не может быть использовано с дробовиками.","<em>Дистанционная атака</em>, которая автоматически наносит <GameTerm('Crit')>.
Если атакующий убивает цель, враги поблизости впадают в <GameTerm('Panic')>.
Нельзя использовать с дробовиками.",,jazz-units:CharacterEffect/TheGrim.lua:32 | jazz-units:items.lua:143252
775919735090,"Ну ты че, Айсберг, как так-то? Верняк же было.","Ну ты че, Айсберг, как так-то? Верняк же было.",,jazz-units:items.lua:70843
777362713522,"Э, Майор, прекращай! А то подумаю, что за старое взялся, и подброшу пластида в носок.","Э, Майор, прекращай! А то подумаю, что за старое взялся, и подброшу пластида в носок.",,jazz-units:items.lua:70716
777803846373,Хреново! Патроны закончились!,Хреново! Патроны закончились!,,jazz-units:items.lua:70859
777877015086,"Только дай мне шанс, и вы все - покойники!","Только дай мне шанс, и вы все - покойники!",,jazz-units:items.lua:69675
778042684795,"Эти твари даже пахнут, как пахнет Рысь - особенно утром.","Эти твари даже пахнут, как пахнет Рысь - особенно утром.",,jazz-units:items.lua:69583
780344747381,Тяжелый характер,Мстительный характер,,jazz-units:CharacterEffect/VengefulTemperament.lua:27 | jazz-units:items.lua:82546
780475734638,"Ох, будь оно неладно! ","Ох, будь оно неладно! ",,jazz-units:items.lua:69019
783125522540,Скучно. Давай хоть маленькую петардочку жахну?,Скучно. Давай хоть маленькую петардочку жахну?,,jazz-units:items.lua:70902
783823719369,бежалка,бежалка,,jazz-units:items.lua:69509
783911262884,Я встала и уже у станка!,Я встала и уже у станка!,,jazz-units:items.lua:69375
784674819954,"Интересно, каково держать такую тварь дома!","Интересно, каково держать такую тварь дома!",,jazz-units:items.lua:69398
786423367133,Командир,Командир,,jazz-units:items.lua:43063 | jazz-units:UnitData/JAZZ_Legion_LeaderT2_Lieutenant.lua:22
786568878374,"Ага, конечно. Как будто ты имеешь хоть малейшее представление о том, что делаешь! Иди, проветрись!","Ага, конечно. Как будто ты имеешь хоть малейшее представление о том, что делаешь! Иди, проветрись!",,jazz-units:items.lua:69200 | jazz-units:UnitData/Jazz_Buzz.lua:47
787992021169,"Наверное, это была не самая легкая работа в моей жизни, но в конце концов я поняла, насколько она была необходима.","Наверное, это была не самая легкая работа в моей жизни, но в конце концов я поняла, насколько она была необходима.",,jazz-units:items.lua:70097
788428589380,Усиление Пулеметчиков,Усиление Пулеметчиков,,jazz-units:items.lua:56802
788485574959,Эти твари всегда ходят стаей. Если одна тут - скоро будет десяток,Эти твари всегда ходят стаей. Если одна тут — скоро будет десяток.,,jazz-units:items.lua:68560
789084104079,"Брателло, я лучше ему пластика в карман подкину, вот это верняк будет.","Брателло, я лучше ему пластика в карман подкину, вот это верняк будет.",,jazz-units:items.lua:70602
789208109513,"""У всех проблем одно начало - сидела женщина, скучала"". Жизнь Руди Робертса до его работы в Организации была лишена каких-то потрясений и шла как по накатанной. Охота на исчезающие виды животных, немногочисленные заказы на исчезновение людей - рутина. Ну, на ""Длинную милю"" раз в год съездит, но и там уже почти не осталось вызовов. И так было, пока после задания на Метавире, он не закрутил роман с новобранцем организации Луизой Гарно. (Презрев древнее правило - не ешь, там где гадишь). Сюрпризом оказалось наличие у Луизы маниакально-депрессивного расстройства личности в тяжелой форме, так-то, требующего принудительного лечения в соответствующем учреждении. А лечения Луиза избегала благодаря связям своего влиятельного папаши-генерала. Да и будем честны, кто в здравом уме сможет принудить Тоску к чему то, чего она сама не хочет? Так что теперь жизнь Рыси полна развлечений, в первую очередь связанных с поиском уголка Земли, в котором Тоска не сможет до него добраться.","«У всех проблем одно начало: сидела женщина, скучала». До работы в Организации жизнь Руди Робертса шла без особых потрясений. Охота на вымирающие виды, редкие заказы на исчезновение людей — обычная рутина. Раз в год он отправлялся на «Длинную милю», но даже там почти не осталось настоящих испытаний. Всё изменилось после задания на Метавире, когда Руди закрутил роман с новобранцем Организации Луизой Гарно, презрев древнее правило: не ешь там, где гадишь. Вскоре выяснилось, что Луиза страдает тяжёлым маниакально-депрессивным расстройством и нуждается в принудительном лечении. От лечения её спасали связи влиятельного отца-генерала. Да и будем честны: кто в здравом уме заставит Тоску делать то, чего она не хочет? Теперь жизнь Рыси полна приключений — главным образом поисков такого уголка Земли, куда Тоска до него не доберётся.",,jazz-units:items.lua:68624
789999079436,"Мне плевать, что так говорить некорректно, но Тоска - просто шлюха... врунья, подстилка, злобная сука... и это не я так говорю, это - объективная истина!","Мне плевать, что так говорить некорректно, но Тоска - просто шлюха... врунья, подстилка, злобная сука... и это не я так говорю, это - объективная истина!",,jazz-units:items.lua:68998
790778374126,"Вижу цель ясно. Зубы у него кривые. Рахит, наверное.","Вижу цель ясно. Зубы у него кривые. Рахит, наверное.",,jazz-units:items.lua:70928
791079197040,Что-нибудь еще? ,Что-нибудь еще? ,,jazz-units:items.lua:68922
793278321472,Так! Я это сделала. Теперь что?,Так! Я это сделала. Теперь что?,,jazz-units:items.lua:69372
793481254572,"Может, мне еще поработать с каменными ножами и медвежьими шкурами? Будь все проклято, я - профессионал!","Может, мне еще поработать с каменными ножами и медвежьими шкурами? Будь все проклято, я - профессионал!",,jazz-units:items.lua:70032
793783090759,"Либо она, либо мы!","Либо она, либо мы!",,jazz-units:items.lua:69978
795013246087,Пойнт,Пойнт,,jazz-units:Code/Mercenary.lua:161
796482030622,"В рот мне... Капрал! Мля, Лен, это чистая случайность, зуб даю! Хотя, что теперь тебе мой зуб....","В рот мне... Капрал! Мля, Лен, это чистая случайность, зуб даю! Хотя, что теперь тебе мой зуб....",,jazz-units:items.lua:70781
796542264805,"Зверь, а не девчонка!","Зверь, а не девчонка!",,jazz-units:items.lua:78523
801109641915,"Окей, я пока остаюсь.","Окей, я пока остаюсь.",,jazz-units:items.lua:68765
802514970613,Сут,Сут,,jazz-units:Code/Mercenary.lua:153
802741395103,Блю,Блю,,jazz-units:Code/Mercenary.lua:179
802843216260,И это назвают - близко?,И это называют близко?,,jazz-units:items.lua:69550
804312759162,Рок,Рок,,jazz-units:Code/Mercenary.lua:105
805237805844,дышит,(дышит),,jazz-units:items.lua:68932
805863336928,Отлично. Я здесь.,Отлично. Я здесь.,,jazz-units:items.lua:69082
807134295687,Сайленд,Сайленд,,jazz-units:Code/Mercenary.lua:171
807341295104,Фордж,Фордж,,jazz-units:Code/Mercenary.lua:142
807861534450,"Ну вы чо, парни, куда вы лупите? Целик, мушка, мишень! Мишени - это вон те трафареты, мля!","Ну вы чё, парни, куда вы лупите? Целик, мушка, мишень! Мишени — это вон те трафареты, мля!",,jazz-units:items.lua:70986
809191849641,"Я ее не для красоты ношу, ублюдок!","Я ее не для красоты ношу, ублюдок!",,jazz-units:items.lua:69559
810234579162,Пирс,Пирс,,jazz-units:Code/Mercenary.lua:62
810492635074,Тэп,Тэп,,jazz-units:Code/Mercenary.lua:166
811544676732,"Ах ты, мля, выкидыш жирафа, так по красоте шли.","Ах ты, мля, выкидыш жирафа, так по красоте шли.",,jazz-units:items.lua:70666
811579933430,Здорово!,Здорово!,,jazz-units:items.lua:69529
811698369039,"Таак, мы на месте. Чо нам тут, собственно, надо?","Таак, мы на месте. Чо нам тут, собственно, надо?",,jazz-units:items.lua:70952
812274195558,"Полагаю, не мешало бы продумать все это получше.","Полагаю, не мешало бы продумать все это получше.",,jazz-units:items.lua:70199
812773397200,"Э, куда? Стоять, бояться, падлы. Ровные пацаны со стрелы не сваливают.","Э, куда? Стоять, бояться, падлы. Ровные пацаны со стрелы не сваливают.",,jazz-units:items.lua:70642
812831809650,Костоправ,Костоправ,,jazz-units:items.lua:36580 | jazz-units:UnitData/ThugGoon.lua:20
813512374244,"Похоже, я что-то слышала... или нет.","Похоже, я что-то слышала... или нет.",,jazz-units:items.lua:69608
815740499368,Lynx@aim.com,Lynx@aim.com,,jazz-units:items.lua:68627
815923858149,"Слушай, я люблю рисковать - в разумных пределах. Подписать контракт с тобой это все равно, что подписать себе смертный приговор.","Слушай, я люблю рисковать — в разумных пределах. Подписать контракт с тобой — всё равно что подписать себе смертный приговор.",,jazz-units:items.lua:68633
816111949087,А чего от них еще ожидать!,А чего от них еще ожидать!,,jazz-units:items.lua:69458
817805811528,Пилот,Пилот,,jazz-units:items.lua:68512 | jazz-units:UnitData/Merc_BarrySeal.lua:24
818118807560,Лулумба Гуталин,Лулумба Гуталин,,jazz-units:items.lua:48351 | jazz-units:UnitData/RebelSergeant_Immortal_L1.lua:22
821503674913,Вайпер,Вайпер,,jazz-units:Code/Mercenary.lua:124
821577436872,Отвали!,Отвали!,,jazz-units:items.lua:69566
822122602136,"Тик-так, мазафака! Тик-так!","Тик-так, мазафака! Тик-так!",,jazz-units:items.lua:70925
824514235621,Со мной все в порядке. Только злить меня не надо!,Со мной все в порядке. Только злить меня не надо!,,jazz-units:items.lua:69411
825139078124,Всю малину обосрал....,Всю малину обосрал....,,jazz-units:items.lua:70419
826948509327,"Отставить стрельбу! Доктор Хьюстон, оружие к осмотру! Запомни, не вижу- не стреляю!","Отставить стрельбу! Доктор Хьюстон, оружие к осмотру! Запомни, не вижу- не стреляю!",,jazz-units:items.lua:78365
827079724044,"Не, братан, дохлый номер.","Не, братан, дохлый номер.",,jazz-units:items.lua:70603
827728759217,"А! Шарлин! Что ты делаешь? Это какой-то знак, или что? Что я должна сделать? Не понимаю.","А! Шарлин! Что ты делаешь? Это какой-то знак, или что? Что я должна сделать? Не понимаю.",,jazz-units:items.lua:69996
830194576283,Рид,Рид,,jazz-units:Code/Mercenary.lua:51
830522051541,"Теперь ты в арми, нахой. Оу-у-оу-у-у, теперь ты в арми, нахой.","Теперь ты в арми, нахой. Оу-у-оу-у-у, теперь ты в арми, нахой.",,jazz-units:items.lua:71029
832833228822,"Отлично! Сейчас будет весело! В этом секторе есть, с кем поиграть!","Отлично! Сейчас будет весело! В этом секторе есть, с кем поиграть!",,jazz-units:items.lua:69440
834546728463,Потрясно!,Потрясно!,,jazz-units:items.lua:68926
835414162205,Это мне самоуважения никак не прибавит. Проехали.,Это мне самоуважения никак не прибавит. Проехали.,,jazz-units:items.lua:68961
838774264495,"Значит, так? Хорошо. Ну что же, если вы считаете, что так надо... Уверена, что скоро вы опять ко мне обратитесь.","Значит, так? Хорошо. Ну что же, если вы считаете, что так надо... Уверена, что скоро вы опять ко мне обратитесь.",,jazz-units:items.lua:69969
839102182062,(Кашель),(кашляет),,jazz-units:items.lua:70726
840176309304,Я с нетерпением жду новых заданий.,Я с нетерпением жду новых заданий.,,jazz-units:items.lua:69951
840672720529,"Мне придется слегка поднять расценки. Я стал опытнее, понимаешь? Все равно это могло бы стоить и больше - просто не хочу тебя пугать.","Мне придется слегка поднять расценки. Я стал опытнее, понимаешь? Все равно это могло бы стоить и больше - просто не хочу тебя пугать.",,jazz-units:items.lua:68697
841186112527,"Одно из приятных качеств этой работы - то, что успеваешь встретить столько интересных людей.","Одно из приятных качеств этой работы - то, что успеваешь встретить столько интересных людей.",,jazz-units:items.lua:70167
842561919315,"Он может считать, что ему повезло... Я его убивать не стану.","Он может считать, что ему повезло... Я его убивать не стану.",,jazz-units:items.lua:69628
843643649503,"Мля-а-а-а... Эти бабуины капрала завалили, падлы. Чо теперь делать-то?","Мля-а-а-а... Эти бабуины капрала завалили, падлы. Чо теперь делать-то?",,jazz-units:items.lua:70690
843953750983,Элитный стрелок,Элитный стрелок,,jazz-units:items.lua:46717 | jazz-units:UnitData/AdonisSoldier_Elite.lua:20
844199942341,"Подруга, как жеж это... Я... Ты... Тя... О, Матерь Божья, как стыдно очень!","Подруга, как жеж это... Я... Ты... Тя... О, Матерь Божья, как стыдно очень!",,jazz-units:items.lua:79130
844599512838,Barry_Smugler@yandex.com,Barry_Smugler@yandex.com,,jazz-units:items.lua:68519 | jazz-units:UnitData/Merc_BarrySeal.lua:31
846135709250,Спир,Спир,,jazz-units:Code/Mercenary.lua:138
846317873771,"Нады(кашель)мили, скоты.","Нады(кашель)мили, скоты.",,jazz-units:items.lua:70727
846981672044,Тшш-шш. Не шуми. Тут за шум я решаю.,Тшш-шш. Не шуми. Тут за шум я решаю.,,jazz-units:items.lua:70661
848654270080,"И что такой парень, как я, может делать в таком месте? Да это ж бред собачий!","И что такой парень, как я, может делать в таком месте? Да это ж бред собачий!",,jazz-units:items.lua:69064
849583853920,"Ой-ей. Ладно, это подлатаем.","Ой-ей. Ладно, это подлатаем.",,jazz-units:items.lua:71048
851001397582,Дьявол!,Дьявол!,,jazz-units:items.lua:68834
853213611494,Рысь! ,Рысь!,,jazz-units:items.lua:69085
855526083813,"Так и тапки сбросить не долго... Эх, мля, надо было в колледж поступать... На химика...","Так и тапки сбросить недолго... Эх, мля, надо было в колледж поступать... На химика...",,jazz-units:items.lua:70969
855628401828,Ну я,Ну я,,jazz-units:items.lua:69432
859250526123,"Стычка, считай, обеспечена. ","Стычка, считай, обеспечена. ",,jazz-units:items.lua:69018
859699876869,"Стычка, считай, обеспечена. Осталось только их обнаружить.","Стычка, считай, обеспечена. Осталось только их обнаружить.",,jazz-units:items.lua:69114
859850047462,Чужаки,Чужаки,,jazz-units:items.lua:70108
860489191576,"Я лично полагаю, что всякий, кто покушается на чужую свободу, должен ответить по закону, и именно так мы и расчитываем поступить.","Я лично полагаю, что всякий, кто покушается на чужую свободу, должен ответить по закону, и именно так мы и рассчитываем поступить.",,jazz-units:items.lua:70211
860964391877,Я жду.,Я жду.,,jazz-units:items.lua:69638
861111377140,"Секунду так постой, чувак, я щас.","Секунду так постой, чувак, я щас.",,jazz-units:items.lua:70599
861692069775,А почему я должна об этом беспокоиться?,А почему я должна об этом беспокоиться?,,jazz-units:items.lua:69597
861725900793,Кхм. ,Кхм. ,,jazz-units:items.lua:68843
861905427160,Пэнтер,Пэнтер,,jazz-units:Code/Mercenary.lua:150
861927014589,Вольф,Вольф,,jazz-units:Code/Mercenary.lua:95
863009450991,Оооооой,Оооооой,,jazz-units:items.lua:69061
864999167797,чмо,чмо,,jazz-units:items.lua:69654
865021347183,О!,О!,,jazz-units:items.lua:70150
865263260973,Смена позиции!,Смена позиции!,,jazz-units:items.lua:71001
868051771565,"Полагаю, не мешало бы продумать все это получше.","Полагаю, не мешало бы продумать все это получше.",,jazz-units:items.lua:70067
870806144974,Продолжаем прессовать анчоусов!,Продолжаем прессовать анчоусов!,,jazz-units:items.lua:70998
872315773096,Закрыто!,Закрыто!,,jazz-units:items.lua:69984
874057212077,Хорошо!,Хорошо!,,jazz-units:items.lua:69433
874125639054,Клей,Клей,,jazz-units:Code/Mercenary.lua:60
875234609175,Дитрих,Дитрих,,jazz-units:Code/Mercenary.lua:86
876005699189,"Айс в деле?! Ништяк. Я весь твой, командир.","Айс в деле?! Ништяк. Я весь твой, командир.",,jazz-units:items.lua:70463 | jazz-units:UnitData/JAZZ_Merc_Spouke.lua:33
878842387501,Замечательно!,Замечательно!,,jazz-units:items.lua:70115
879205416327,Лафонт,Лафонт,,jazz-units:Code/Mercenary.lua:74
879205649936,"Слушай, я ведь от времени моложе не делаюсь!","Слушай, я ведь от времени моложе не делаюсь!",,jazz-units:items.lua:68745
879381074193,"Что-то, прямо здесь!",Что-то прямо здесь!,,jazz-units:items.lua:69522
879717894619,Армейский взвод,Армейский взвод,,jazz-units:items.lua:56917
880961384603,"А вот и ""подарочки"" с той стороны.",А вот и «подарочки» с той стороны.,,jazz-units:items.lua:70827
882031167871,"Ух, мля. Я это, пробитый чутка! Да не, в смысле - ранен! Да не в жопу, мля!","Ух, мля. Я это, пробитый чутка! Да не, в смысле — ранен! Да не в жопу, мля!",,jazz-units:items.lua:71049
885406546804,"Не представляю, как можно это сделать. Как врач, я стараюсь уважать чужую жизнь, насколько это возможно при такой работе, конечно.","Не представляю, как можно это сделать. Как врач, я стараюсь уважать чужую жизнь, насколько это возможно при такой работе, конечно.",,jazz-units:items.lua:70208
886760219486,"Ох ты. Эдак чо, тут и настоящие жирафы есть?","Ох ты. Эдак чо, тут и настоящие жирафы есть?",,jazz-units:items.lua:70615
887878273045,пыхтелка,пыхтелка,,jazz-units:items.lua:69491
888438334396,Это мы забираем.,Это мы забираем.,,jazz-units:items.lua:71033
888762070322,"Ужасно. Говорится ""врач, исцелися сам"", а не ""убей другого врача"". Надеюсь, там, где сейчас фройляйн Хьюстон, у нее нет таких проблем.","Ужасно. Говорится ""врач, исцелися сам"", а не ""убей другого врача"". Надеюсь, там, где сейчас фройляйн Хьюстон, у нее нет таких проблем.",,jazz-units:items.lua:78764
889064631541,"Может, вам стоит уделить больше внимания стрелковой подготовке, фройляйн Паук. По правде говоря, нам обоим стоит.","Может, вам стоит уделить больше внимания стрелковой подготовке, фройляйн Паук. По правде говоря, нам обоим стоит.",,jazz-units:items.lua:78817
889908965912,"Делай, как считаешь нужным.","Делай, как считаешь нужным.",,jazz-units:items.lua:69046
890271346195,Эрроу,Эрроу,,jazz-units:Code/Mercenary.lua:117
890960021320,"Растяжка, типа. Да я в тринадцать круче бомбы собирал.","Растяжка, типа. Да я в тринадцать круче бомбы собирал.",,jazz-units:items.lua:70824
891094391069,"Ох, слава богу! Они ушли.","Ох, слава богу! Они ушли.",,jazz-units:items.lua:69938
891263173901,Харди,Харди,,jazz-units:Code/Mercenary.lua:48
891282281925,"Командир, мля! НАДО! СРОЧНО! ЧО-ТО! ДЕЛАТЬ! ","Командир, мля! НАДО! СРОЧНО! ЧТО-ТО! ДЕЛАТЬ!",,jazz-units:items.lua:70995
893692526058,"Нет. Работать с Тоской я не буду. Стоит отвернуться, и она всадит тебе нож в спину. Уж можешь мне поверить. От нее ничего, кроме неприятностей. Только и знает, что поливать меня грязью.","Нет, с Тоской я работать не буду. Стоит отвернуться, и она всадит тебе нож в спину. Уж можешь мне поверить: от неё одни неприятности. Только и знает, что поливать меня грязью.",,jazz-units:items.lua:68682
895866562784,Хорошо!,Хорошо!,,jazz-units:items.lua:70182
896543881214,Сержант Разведчик,Сержант Разведчик,,jazz-units:items.lua:43950 | jazz-units:UnitData/ArmyCommando_Sergant.lua:20
898527816735,"Доктор Хьюстон. Чем могу служить? Хорошо, поговорим о том, насколько долгий контракт вы собирались мне предложить.","Доктор Хьюстон. Чем могу служить? Хорошо, поговорим о том, насколько долгий контракт вы собирались мне предложить.",,jazz-units:items.lua:69828 | jazz-units:UnitData/Jazz_Spider.lua:123
899558582657,Тут не соскучишься! ,Тут не соскучишься! ,,jazz-units:items.lua:69020
900043784462,Тишина - мой старый друг. В небе она бывает только в кабине... когда двигатель выключен,Тишина — мой старый друг. В небе она бывает только в кабине... когда двигатель выключен.,,jazz-units:items.lua:68583
900864449153,Со мной все в порядке. Только злить меня не надо!,Со мной все в порядке. Только злить меня не надо!,,jazz-units:items.lua:69428
901031758481,Вернемся к делу.,Вернёмся к делу.,,jazz-units:items.lua:70529 | jazz-units:UnitData/JAZZ_Merc_Spouke.lua:99
901059667115,Раны зализаны. Пора проредить поголовье жирафов.,Раны зализаны. Пора проредить поголовье жирафов.,,jazz-units:items.lua:70741
902814314514,Прыжок,(прыгает),,jazz-units:items.lua:70774
906548087723,"Я - профессионал. Просто покажи, в кого стрелять.","Я — профессионал. Просто покажи, в кого стрелять.",,jazz-units:items.lua:69384
908374610542,Бэйн,Бэйн,,jazz-units:Code/Mercenary.lua:64
908468352963,"Ну, знаете! Я не могу позволить себе работать с оборудованием, которое в принципе не надежно.","Ну знаете! Я не могу позволить себе работать с оборудованием, которое в принципе ненадёжно.",,jazz-units:items.lua:70235
909446226076,"Ну чо, трафареты! Я вашу маму того-этого самого, в кино поведу! А потом, это! Будем новых негритят делать, нормальных! Все проще, чем вас отмывать.","Ну чо, трафареты! Я вашу маму того-этого самого, в кино поведу! А потом, это! Будем новых негритят делать, нормальных! Все проще, чем вас отмывать.",,jazz-units:items.lua:71007
910000000000,Биг,Биг,,jazz-units:Code/Legion.lua:2
910000000001,Лил,Лил,,jazz-units:Code/Legion.lua:3
910000000002,Дон,Дон,,jazz-units:Code/Legion.lua:4
910000000003,Кинг,Кинг,,jazz-units:Code/Legion.lua:5
910000000004,Босс,Босс,,jazz-units:Code/Legion.lua:6
910000000006,Вуду,Вуду,,jazz-units:Code/Legion.lua:8
910000000007,Блэк,Блэк,,jazz-units:Code/Legion.lua:9
910000000008,Стоун,Стоун,,jazz-units:Code/Legion.lua:10
910000000009,Буллет,Буллет,,jazz-units:Code/Legion.lua:11
910000000010,Смоук,Смоук,,jazz-units:Code/Legion.lua:12
910000000011,Шэдоу,Шэдоу,,jazz-units:Code/Legion.lua:13
910000000012,Фрост,Фрост,,jazz-units:Code/Legion.lua:14
910000000013,Блэйз,Блэйз,,jazz-units:Code/Legion.lua:15
910000000014,Кобра,Кобра,,jazz-units:Code/Legion.lua:16
910000000015,Дог,Дог,,jazz-units:Code/Legion.lua:17
910000000016,Бо,Бо,,jazz-units:Code/Legion.lua:18
910000000017,Ман,Ман,,jazz-units:Code/Legion.lua:19
910000000018,Папа,Папа,,jazz-units:Code/Legion.lua:20
910000000019,Рич,Рич,,jazz-units:Code/Legion.lua:21
910000000020,Кэш,Кэш,,jazz-units:Code/Legion.lua:22
910000000021,Мани,Мани,,jazz-units:Code/Legion.lua:23
910000000022,Джун,Джун,,jazz-units:Code/Legion.lua:24
910000000023,Соул,Соул,,jazz-units:Code/Legion.lua:25
910000000024,Грим,Грим,,jazz-units:Code/Legion.lua:26
910000000025,Брут,Брут,,jazz-units:Code/Legion.lua:27
910000000026,Фокс,Фокс,,jazz-units:Code/Legion.lua:28
910000000027,Гост,Гост,,jazz-units:Code/Legion.lua:29
910000000028,Нокс,Нокс,,jazz-units:Code/Legion.lua:30
910000000029,Кобальт,Кобальт,,jazz-units:Code/Legion.lua:31
910000000030,Снейк,Снейк,,jazz-units:Code/Legion.lua:32
910000000031,Рипер,Рипер,,jazz-units:Code/Legion.lua:33
910000000032,Блэйд,Блэйд,,jazz-units:Code/Legion.lua:34
910000000033,Лорд,Лорд,,jazz-units:Code/Legion.lua:35
910000000034,Тигр,Тигр,,jazz-units:Code/Legion.lua:36
910000000035,Файямэн,Файямэн,,jazz-units:Code/Legion.lua:37
910000000036,Ганг,Ганг,,jazz-units:Code/Legion.lua:38
910000000037,Бэнг,Бэнг,,jazz-units:Code/Legion.lua:39
910000000038,Дьюк,Дьюк,,jazz-units:Code/Legion.lua:40
910000000039,Джангл,Джангл,,jazz-units:Code/Legion.lua:41
910000000040,Рейдж,Рейдж,,jazz-units:Code/Legion.lua:42
910000000041,Лилман,Лилман,,jazz-units:Code/Legion.lua:43
910000000042,Файях,Файях,,jazz-units:Code/Legion.lua:44
910000000043,Смолл,Смолл,,jazz-units:Code/Legion.lua:45
910000000044,Боссман,Боссман,,jazz-units:Code/Legion.lua:46
910000000045,Стоунбой,Стоунбой,,jazz-units:Code/Legion.lua:47
910000000046,Файябой,Файябой,,jazz-units:Code/Legion.lua:48
910000000047,Кингбой,Кингбой,,jazz-units:Code/Legion.lua:49
910000000048,Донбой,Донбой,,jazz-units:Code/Legion.lua:50
910000000049,Дрэгон,Дрэгон,,jazz-units:Code/Legion.lua:51
910000000050,Винч,Винч,,jazz-units:Code/Legion.lua:52
910000000051,Спарк,Спарк,,jazz-units:Code/Legion.lua:53
910000000052,Ган,Ган,,jazz-units:Code/Legion.lua:54
910000000053,Джи,Джи,,jazz-units:Code/Legion.lua:55
910000000054,Мор,Мор,,jazz-units:Code/Legion.lua:56
910000000055,Хит,Хит,,jazz-units:Code/Legion.lua:57
910000000056,Найт,Найт,,jazz-units:Code/Legion.lua:58
910000000057,Дестро,Дестро,,jazz-units:Code/Legion.lua:59
910000000058,Слэш,Слэш,,jazz-units:Code/Legion.lua:60
910000000059,Дарк,Дарк,,jazz-units:Code/Legion.lua:61
910000000060,Хеви,Хеви,,jazz-units:Code/Legion.lua:62
910000000061,Сайлент,Сайлент,,jazz-units:Code/Legion.lua:63
910000000062,Дабл,Дабл,,jazz-units:Code/Legion.lua:64
910000000063,Трипл,Трипл,,jazz-units:Code/Legion.lua:65
910000000064,Куик,Куик,,jazz-units:Code/Legion.lua:66
910000000065,Лоуд,Лоуд,,jazz-units:Code/Legion.lua:67
910000000066,Слипи,Слипи,,jazz-units:Code/Legion.lua:68
910000000067,Рэд,Рэд,,jazz-units:Code/Legion.lua:69
910000000068,Фреш,Фреш,,jazz-units:Code/Legion.lua:70
910000000069,Блу,Блу,,jazz-units:Code/Legion.lua:71
910000000070,Голд,Голд,,jazz-units:Code/Legion.lua:72
910000000071,Грин,Грин,,jazz-units:Code/Legion.lua:73
910000000072,Браун,Браун,,jazz-units:Code/Legion.lua:74
910000000073,Бронкс,Бронкс,,jazz-units:Code/Legion.lua:75
910000000074,Худ,Худ,,jazz-units:Code/Legion.lua:76
910000000075,Кингстон,Кингстон,,jazz-units:Code/Legion.lua:77
910000000076,Дюка,Дюка,,jazz-units:Code/Legion.lua:78
910000000077,Мют,Мют,,jazz-units:Code/Legion.lua:79
910000000078,Слоу,Слоу,,jazz-units:Code/Legion.lua:80
910000000079,Мал,Мал,,jazz-units:Code/Legion.lua:81
910000000080,Лоу,Лоу,,jazz-units:Code/Legion.lua:82
910000000081,Дизи,Дизи,,jazz-units:Code/Legion.lua:83
910000000082,Изи,Изи,,jazz-units:Code/Legion.lua:84
910000000083,Петит,Петит,,jazz-units:Code/Legion.lua:85
910000000084,Гран,Гран,,jazz-units:Code/Legion.lua:86
910000000085,Босс,Босс,,jazz-units:Code/Legion.lua:87
910000000086,Литл,Литл,,jazz-units:Code/Legion.lua:88
910000000087,Файя,Файя,,jazz-units:Code/Legion.lua:89
910000000089,Питон,Питон,,jazz-units:Code/Legion.lua:91
910000000090,Сол,Сол,,jazz-units:Code/Legion.lua:92
910000000091,Дьюс,Дьюс,,jazz-units:Code/Legion.lua:93
910000000092,Стик,Стик,,jazz-units:Code/Legion.lua:94
910000000093,Скай,Скай,,jazz-units:Code/Legion.lua:95
910000000094,Фэйт,Фэйт,,jazz-units:Code/Legion.lua:96
910000000095,Флоу,Флоу,,jazz-units:Code/Legion.lua:97
910000000096,Сэвидж,Сэвидж,,jazz-units:Code/Legion.lua:98
910000000097,Драко,Драко,,jazz-units:Code/Legion.lua:99
910000000098,Бэйби,Бэйби,,jazz-units:Code/Legion.lua:100
910000000099,Гучи,Гучи,,jazz-units:Code/Legion.lua:101
910000000100,Снуп,Снуп,,jazz-units:Code/Legion.lua:102
910000000111,Голд,Голд,,jazz-units:Code/Legion.lua:103
910000000112,Оуджи,Оуджи,,jazz-units:Code/Legion.lua:104
910000000113,Семерка,Семерка,,jazz-units:Code/Legion.lua:105
910000000114,Девятка,Девятка,,jazz-units:Code/Legion.lua:106
910000001000,Ти,Ти,,jazz-units:Code/Legion.lua:110
910000001001,Бо,Бо,,jazz-units:Code/Legion.lua:111
910000001002,Джи,Джи,,jazz-units:Code/Legion.lua:112
910000001003,Ди,Ди,,jazz-units:Code/Legion.lua:113
910000001004,Дон,Дон,,jazz-units:Code/Legion.lua:114
910000001005,Мэн,Мэн,,jazz-units:Code/Legion.lua:115
910000001008,Стоун,Стоун,,jazz-units:Code/Legion.lua:118
910000001009,Файя,Файя,,jazz-units:Code/Legion.lua:119
910000001010,Ман,Ман,,jazz-units:Code/Legion.lua:120
910000001011,Босс,Босс,,jazz-units:Code/Legion.lua:121
910000001012,Кинг,Кинг,,jazz-units:Code/Legion.lua:122
910000001013,Флоу,Флоу,,jazz-units:Code/Legion.lua:123
910000001014,Дог,Дог,,jazz-units:Code/Legion.lua:124
910000001015,Ган,Ган,,jazz-units:Code/Legion.lua:125
910000001016,Рич,Рич,,jazz-units:Code/Legion.lua:126
910000001017,Блейз,Блейз,,jazz-units:Code/Legion.lua:127
910000001018,Смоук,Смоук,,jazz-units:Code/Legion.lua:128
910000001019,Шэдоу,Шэдоу,,jazz-units:Code/Legion.lua:129
910000001020,Нокс,Нокс,,jazz-units:Code/Legion.lua:130
910000001021,Джун,Джун,,jazz-units:Code/Legion.lua:131
910000001022,Дюк,Дюк,,jazz-units:Code/Legion.lua:132
910000001023,Стоунз,Стоунз,,jazz-units:Code/Legion.lua:133
910000001024,Кобра,Кобра,,jazz-units:Code/Legion.lua:134
910000001025,Фрост,Фрост,,jazz-units:Code/Legion.lua:135
910000001026,Фокс,Фокс,,jazz-units:Code/Legion.lua:136
910000001027,Кэш,Кэш,,jazz-units:Code/Legion.lua:137
910000001028,Сол,Сол,,jazz-units:Code/Legion.lua:138
910000001029,Грим,Грим,,jazz-units:Code/Legion.lua:139
910000001030,Рип,Рип,,jazz-units:Code/Legion.lua:140
910000001031,Рейдж,Рейдж,,jazz-units:Code/Legion.lua:141
910000001032,Лайф,Лайф,,jazz-units:Code/Legion.lua:142
910000001033,Биг,Биг,,jazz-units:Code/Legion.lua:143
910000001034,Блэк,Блэк,,jazz-units:Code/Legion.lua:144
910000001035,Голд,Голд,,jazz-units:Code/Legion.lua:145
910000001036,Файямэн,Файямэн,,jazz-units:Code/Legion.lua:146
910000001037,Блэйд,Блэйд,,jazz-units:Code/Legion.lua:147
910000001038,Дарк,Дарк,,jazz-units:Code/Legion.lua:148
910000001039,Фаер,Фаер,,jazz-units:Code/Legion.lua:149
910000001040,Найт,Найт,,jazz-units:Code/Legion.lua:150
910000001041,Дьюк,Дьюк,,jazz-units:Code/Legion.lua:151
910000001042,Джун,Джун,,jazz-units:Code/Legion.lua:152
910000001043,Стоун,Стоун,,jazz-units:Code/Legion.lua:153
910000001044,Босс,Босс,,jazz-units:Code/Legion.lua:154
910000001046,Тигр,Тигр,,jazz-units:Code/Legion.lua:156
910000001047,Кинг,Кинг,,jazz-units:Code/Legion.lua:157
910000001048,Файя,Файя,,jazz-units:Code/Legion.lua:158
910000001049,Бо,Бо,,jazz-units:Code/Legion.lua:159
910000001050,Ти,Ти,,jazz-units:Code/Legion.lua:160
910000001051,Ман,Ман,,jazz-units:Code/Legion.lua:161
910000001053,Ган,Ган,,jazz-units:Code/Legion.lua:163
910000001054,Стоун,Стоун,,jazz-units:Code/Legion.lua:164
910000001055,Рич,Рич,,jazz-units:Code/Legion.lua:165
910000001056,Ман,Ман,,jazz-units:Code/Legion.lua:166
910000001057,Дизи,Дизи,,jazz-units:Code/Legion.lua:167
910000001058,Пэйн,Пэйн,,jazz-units:Code/Legion.lua:168
910000001059,Бэйби,Бэйби,,jazz-units:Code/Legion.lua:169
910000001060,Гуч,Гуч,,jazz-units:Code/Legion.lua:170
910000001061,Гуц,Гуц,,jazz-units:Code/Legion.lua:171
910000001062,Тригга,Тригга,,jazz-units:Code/Legion.lua:172
910000001063,Слик,Слик,,jazz-units:Code/Legion.lua:173
910000001064,Краш,Краш,,jazz-units:Code/Legion.lua:174
910000001065,Дайм,Дайм,,jazz-units:Code/Legion.lua:175
910000001066,Дизи,Дизи,,jazz-units:Code/Legion.lua:176
910000001067,Гуц,Гуц,,jazz-units:Code/Legion.lua:177
910000001068,Бэндо,Бэндо,,jazz-units:Code/Legion.lua:178
910000001069,Шотти,Шотти,,jazz-units:Code/Legion.lua:179
910000001070,Трей,Трей,,jazz-units:Code/Legion.lua:180
910000001071,Глок,Глок,,jazz-units:Code/Legion.lua:181
910000001072,Ганста,Ганста,,jazz-units:Code/Legion.lua:182
910000001073,Трай,Трай,,jazz-units:Code/Legion.lua:183
910000001074,Кэп,Кэп,,jazz-units:Code/Legion.lua:184
910000001075,Бэйзи,Бэйзи,,jazz-units:Code/Legion.lua:185
910000001076,Грэйм,Грэйм,,jazz-units:Code/Legion.lua:186
910000001077,Блэйк,Блэйк,,jazz-units:Code/Legion.lua:187
910000001078,Рак,Рок,,jazz-units:Code/Legion.lua:188
910000001079,Кингз,Кингз,,jazz-units:Code/Legion.lua:189
910000001080,Мэйс,Мэйс,,jazz-units:Code/Legion.lua:190
910000001081,Куп,Куп,,jazz-units:Code/Legion.lua:191
910000001082,Фэйт,Фэйт,,jazz-units:Code/Legion.lua:192
910000001083,Дьюс,Дьюс,,jazz-units:Code/Legion.lua:193
910000001084,Джангл,Джангл,,jazz-units:Code/Legion.lua:194
910000001085,Стикс,Стикс,,jazz-units:Code/Legion.lua:195
910000001086,Блэк,Блэк,,jazz-units:Code/Legion.lua:196
910000001087,Пит,Пит,,jazz-units:Code/Legion.lua:197
910000001088,Дэй,Дэй,,jazz-units:Code/Legion.lua:198
910000001089,Лоуд,Лоуд,,jazz-units:Code/Legion.lua:199
910000001090,Трэп,Трэп,,jazz-units:Code/Legion.lua:200
910000001091,Глок,Глок,,jazz-units:Code/Legion.lua:201
910000001092,Флип,Флип,,jazz-units:Code/Legion.lua:202
910000001093,Крид,Крид,,jazz-units:Code/Legion.lua:203
910000001094,Хаунд,Хаунд,,jazz-units:Code/Legion.lua:204
910000001095,Грин,Грин,,jazz-units:Code/Legion.lua:205
910000001096,Топ,Топ,,jazz-units:Code/Legion.lua:206
910000001097,Джит,Джит,,jazz-units:Code/Legion.lua:207
910000001098,Вест,Вест,,jazz-units:Code/Legion.lua:208
910000001099,Коул,Коул,,jazz-units:Code/Legion.lua:209
910000001100,Ро,Ро,,jazz-units:Code/Legion.lua:210
910000001101,Рокко,Рокко,,jazz-units:Code/Legion.lua:211
910000001102,Кейн,Кейн,,jazz-units:Code/Legion.lua:212
910000001103,Сантана,Сантана,,jazz-units:Code/Legion.lua:213
910000001104,Бэйби,Бэйби,,jazz-units:Code/Legion.lua:214
910000001105,Гуч,Гуч,,jazz-units:Code/Legion.lua:215
910000001106,Танк,Танк,,jazz-units:Code/Legion.lua:216
910000001107,Дрэй,Дрэй,,jazz-units:Code/Legion.lua:217
910000001108,Лилз,Лилз,,jazz-units:Code/Legion.lua:218
910000001109,Джизи,Джизи,,jazz-units:Code/Legion.lua:219
910000001110,Стака,Стака,,jazz-units:Code/Legion.lua:220
910000001111,Крашер,Крашер,,jazz-units:Code/Legion.lua:221
910000001112,Бигга,Бигга,,jazz-units:Code/Legion.lua:222
910000001113,Гринго,Гринго,,jazz-units:Code/Legion.lua:223
910000001114,Капо,Капо,,jazz-units:Code/Legion.lua:224
910000001115,Спайди,Спайди,,jazz-units:Code/Legion.lua:225
910000001116,Флип,Флип,,jazz-units:Code/Legion.lua:226
910000001117,Дерти,Дерти,,jazz-units:Code/Legion.lua:227
910000001118,Кид,Кид,,jazz-units:Code/Legion.lua:228
910000001119,Блейдс,Блейдс,,jazz-units:Code/Legion.lua:229
910000001120,Мурда,Мурда,,jazz-units:Code/Legion.lua:230
910000001121,Спэйд,Спэйд,,jazz-units:Code/Legion.lua:231
910000001122,Коппер,Коппер,,jazz-units:Code/Legion.lua:232
910000001123,Скрейп,Скрейп,,jazz-units:Code/Legion.lua:233
910000001124,Риппа,Риппа,,jazz-units:Code/Legion.lua:234
910000001125,Трайб,Трайб,,jazz-units:Code/Legion.lua:235
910000001126,Крипс,Крипс,,jazz-units:Code/Legion.lua:236
910000001127,Сопа,Сопа,,jazz-units:Code/Legion.lua:237
910000001128,Дюрак,Дюрак,,jazz-units:Code/Legion.lua:238
910000001129,Лоуджи,Лоуджи,,jazz-units:Code/Legion.lua:239
910000001130,Доу,Доу,,jazz-units:Code/Legion.lua:240
910000001131,Флиппа,Флиппа,,jazz-units:Code/Legion.lua:241
910000001132,Пэйпер,Пэйпер,,jazz-units:Code/Legion.lua:242
910000001133,Сэвидж,Сэвидж,,jazz-units:Code/Legion.lua:243
910000001134,Ганзо,Ганзо,,jazz-units:Code/Legion.lua:244
910000001135,Трэп,Трэп,,jazz-units:Code/Legion.lua:245
910000001136,Холла,Холла,,jazz-units:Code/Legion.lua:246
910000001137,Джанк,Джанк,,jazz-units:Code/Legion.lua:247
910000001138,Джуси,Джуси,,jazz-units:Code/Legion.lua:248
910000001139,Бэнкс,Бэнкс,,jazz-units:Code/Legion.lua:249
910000001140,Брик,Брик,,jazz-units:Code/Legion.lua:250
910000001141,Рип,Рип,,jazz-units:Code/Legion.lua:251
910000001142,Стикс,Стикс,,jazz-units:Code/Legion.lua:252
910000001143,Круз,Круз,,jazz-units:Code/Legion.lua:253
910000001144,Скуб,Скуб,,jazz-units:Code/Legion.lua:254
910000001145,Снэп,Снэп,,jazz-units:Code/Legion.lua:255
910000001146,Фэйд,Фэйд,,jazz-units:Code/Legion.lua:256
910000001147,Фэд,Фэд,,jazz-units:Code/Legion.lua:257
910000001148,Твист,Твист,,jazz-units:Code/Legion.lua:258
910000001149,Пламбо,Пламбо,,jazz-units:Code/Legion.lua:259
910000001150,Дрэкс,Дрэкс,,jazz-units:Code/Legion.lua:260
910000001151,Ганста,Ганста,,jazz-units:Code/Legion.lua:261
910000001152,Ричи,Ричи,,jazz-units:Code/Legion.lua:262
910000001153,Грязь,Грязь,,jazz-units:Code/Legion.lua:263
910000001154,Трайбз,Трайбз,,jazz-units:Code/Legion.lua:264
910000001155,Флоу,Флоу,,jazz-units:Code/Legion.lua:265
910000001156,Вайпер,Вайпер,,jazz-units:Code/Legion.lua:266
910000001157,Токен,Токен,,jazz-units:Code/Legion.lua:267
910000001158,Моб,Моб,,jazz-units:Code/Legion.lua:268
910000001159,Блууд,Блууд,,jazz-units:Code/Legion.lua:269
910000001160,Слим,Слим,,jazz-units:Code/Legion.lua:270
910000001161,Крим,Крим,,jazz-units:Code/Legion.lua:271
910000001162,Кэшбо,Кэшбо,,jazz-units:Code/Legion.lua:272
910000001163,Роадз,Роадз,,jazz-units:Code/Legion.lua:273
910000001164,Деф,Деф,,jazz-units:Code/Legion.lua:274
910000001165,Гримз,Гримз,,jazz-units:Code/Legion.lua:275
910000001166,Твиста,Твиста,,jazz-units:Code/Legion.lua:276
910000001167,Хаунд,Хаунд,,jazz-units:Code/Legion.lua:277
910000001168,Рэй,Рэй,,jazz-units:Code/Legion.lua:278
910000001169,Гейтор,Гейтор,,jazz-units:Code/Legion.lua:279
910000001170,Чоппа,Чоппа,,jazz-units:Code/Legion.lua:280
910000001171,Бэкшот,Бэкшот,,jazz-units:Code/Legion.lua:281
910000001172,Неф,Неф,,jazz-units:Code/Legion.lua:282
910000001173,Тру,Тру,,jazz-units:Code/Legion.lua:283
910000001174,Гейнг,Гейнг,,jazz-units:Code/Legion.lua:284
910000001175,Триг,Триг,,jazz-units:Code/Legion.lua:285
910000001176,Сэрдж,Сэрдж,,jazz-units:Code/Legion.lua:286
910000001177,Драм,Драм,,jazz-units:Code/Legion.lua:287
910000001178,Скрилла,Скрилла,,jazz-units:Code/Legion.lua:288
910000001179,Файв,Файв,,jazz-units:Code/Legion.lua:289
910000001180,Дюсман,Дюсман,,jazz-units:Code/Legion.lua:290
910000001181,Найт,Найт,,jazz-units:Code/Legion.lua:291
910000001182,Гудди,Гудди,,jazz-units:Code/Legion.lua:292
910000001183,Слайм,Слайм,,jazz-units:Code/Legion.lua:293
910000001184,Дро,Дро,,jazz-units:Code/Legion.lua:294
910000001185,Коул,Коул,,jazz-units:Code/Legion.lua:295
910000001186,Флипз,Флипз,,jazz-units:Code/Legion.lua:296
910000001187,Куджо,Куджо,,jazz-units:Code/Legion.lua:297
910000001188,Скола,Скола,,jazz-units:Code/Legion.lua:298
910000001189,Дубс,Дубс,,jazz-units:Code/Legion.lua:299
910000001190,Сноуп,Сноуп,,jazz-units:Code/Legion.lua:300
910000001191,Фо,Фо,,jazz-units:Code/Legion.lua:301
910000001192,Бэнт,Бэнт,,jazz-units:Code/Legion.lua:302
910000001193,Лосо,Лосо,,jazz-units:Code/Legion.lua:303
910000001194,Гудман,Гудман,,jazz-units:Code/Legion.lua:304
910000001195,Ро,Ро,,jazz-units:Code/Legion.lua:305
910000001196,Бэй,Бэй,,jazz-units:Code/Legion.lua:306
910000001197,Кэйс,Кэйс,,jazz-units:Code/Legion.lua:307
910000001198,Домо,Домо,,jazz-units:Code/Legion.lua:308
910000001199,Ганман,Ганман,,jazz-units:Code/Legion.lua:309
910000001200,Фрик,Фрик,,jazz-units:Code/Legion.lua:310
910000001201,Плоу,Плоу,,jazz-units:Code/Legion.lua:311
910000001202,Брэйкс,Брэйкс,,jazz-units:Code/Legion.lua:312
910000001203,Сли,Сли,,jazz-units:Code/Legion.lua:313
910000001204,Хитта,Хитта,,jazz-units:Code/Legion.lua:314
910000001205,Плэй,Плэй,,jazz-units:Code/Legion.lua:315
910000001206,Дрон,Дрон,,jazz-units:Code/Legion.lua:316
910000001207,Кин,Кин,,jazz-units:Code/Legion.lua:317
910000001208,Вест,Вест,,jazz-units:Code/Legion.lua:318
910000001209,Клей,Клей,,jazz-units:Code/Legion.lua:319
910000001210,Майлз,Майлз,,jazz-units:Code/Legion.lua:320
910000001211,Крисп,Крисп,,jazz-units:Code/Legion.lua:321
910000001212,Фэйм,Фэйм,,jazz-units:Code/Legion.lua:322
910000001213,Глокки,Глокки,,jazz-units:Code/Legion.lua:323
910000001214,Кардо,Кардо,,jazz-units:Code/Legion.lua:324
910000001215,Панч,Панч,,jazz-units:Code/Legion.lua:325
910000001216,Джак,Джак,,jazz-units:Code/Legion.lua:326
910000001217,Крип,Крип,,jazz-units:Code/Legion.lua:327
910000001218,Дюке,Дюке,,jazz-units:Code/Legion.lua:328
910000001219,Рейдж,Рейдж,,jazz-units:Code/Legion.lua:329
910000001220,Трейп,Трейп,,jazz-units:Code/Legion.lua:330
910000001221,Тон,Тон,,jazz-units:Code/Legion.lua:331
910000001222,Грейвз,Грейвз,,jazz-units:Code/Legion.lua:332
910000001223,Дирт,Дирт,,jazz-units:Code/Legion.lua:333
910000001224,Скейр,Скейр,,jazz-units:Code/Legion.lua:334
910000001225,Пит,Пит,,jazz-units:Code/Legion.lua:335
910000001226,Дэш,Дэш,,jazz-units:Code/Legion.lua:336
910000001227,Драмз,Драмз,,jazz-units:Code/Legion.lua:337
910000001228,Классик,Классик,,jazz-units:Code/Legion.lua:338
910000001229,Роадман,Роадман,,jazz-units:Code/Legion.lua:339
910000001230,Чейнз,Чейнз,,jazz-units:Code/Legion.lua:340
910000001231,Пэйн,Пэйн,,jazz-units:Code/Legion.lua:341
910000001232,Долл,Долл,,jazz-units:Code/Legion.lua:342
910000001233,Слайд,Слайд,,jazz-units:Code/Legion.lua:343
910000001234,Хэйз,Хэйз,,jazz-units:Code/Legion.lua:344
910000001235,Флипп,Флипп,,jazz-units:Code/Legion.lua:345
910000001236,Лор,Лор,,jazz-units:Code/Legion.lua:346
910000001237,Мэдж,Мэдж,,jazz-units:Code/Legion.lua:347
910000001238,Кобэйн,Кобэйн,,jazz-units:Code/Legion.lua:348
910000001239,Рэйн,Рэйн,,jazz-units:Code/Legion.lua:349
910000001240,Хит,Хит,,jazz-units:Code/Legion.lua:350
910000001241,Гудз,Гудз,,jazz-units:Code/Legion.lua:351
910000001242,Скрим,Скрим,,jazz-units:Code/Legion.lua:352
910000001243,Даб,Даб,,jazz-units:Code/Legion.lua:353
910000001244,Топик,Топик,,jazz-units:Code/Legion.lua:354
910000001245,Фэйт,Фэйт,,jazz-units:Code/Legion.lua:355
910000001246,Лоу,Лоу,,jazz-units:Code/Legion.lua:356
910000001247,Дизи,Дизи,,jazz-units:Code/Legion.lua:357
910000001248,Потч,Потч,,jazz-units:Code/Legion.lua:358
910000001249,Смоук,Смоук,,jazz-units:Code/Legion.lua:359
910000001250,Дог,Дог,,jazz-units:Code/Legion.lua:360
910000001251,Чоппа,Чоппа,,jazz-units:Code/Legion.lua:361
910000001252,Биг,Биг,,jazz-units:Code/Legion.lua:362
910000001253,Дик,Дик,,jazz-units:Code/Legion.lua:363
910000002000,Тригга,Тригга,,jazz-units:Code/Legion.lua:367
910000002001,Слик,Слик,,jazz-units:Code/Legion.lua:368
910000002002,Краш,Краш,,jazz-units:Code/Legion.lua:369
910000002003,Дайм,Дайм,,jazz-units:Code/Legion.lua:370
910000002004,Дизи,Дизи,,jazz-units:Code/Legion.lua:371
910000002005,Гуц,Гуц,,jazz-units:Code/Legion.lua:372
910000002006,Бэндо,Бэндо,,jazz-units:Code/Legion.lua:373
910000002007,Шотти,Шотти,,jazz-units:Code/Legion.lua:374
910000002008,Трей,Трей,,jazz-units:Code/Legion.lua:375
910000002009,Глок,Глок,,jazz-units:Code/Legion.lua:376
910000002010,Дюс,Дюс,,jazz-units:Code/Legion.lua:377
910000002011,Рокко,Рокко,,jazz-units:Code/Legion.lua:378
910000002012,Кейн,Кейн,,jazz-units:Code/Legion.lua:379
910000002013,Сантана,Сантана,,jazz-units:Code/Legion.lua:380
910000002014,Бэйби,Бэйби,,jazz-units:Code/Legion.lua:381
910000002015,Гуч,Гуч,,jazz-units:Code/Legion.lua:382
910000002016,Танк,Танк,,jazz-units:Code/Legion.lua:383
910000002017,Дрэй,Дрэй,,jazz-units:Code/Legion.lua:384
910000002018,Лилз,Лилз,,jazz-units:Code/Legion.lua:385
910000002019,Джизи,Джизи,,jazz-units:Code/Legion.lua:386
910000002020,Стака,Стака,,jazz-units:Code/Legion.lua:387
910000002021,Крашер,Крашер,,jazz-units:Code/Legion.lua:388
910000002022,Бигга,Бигга,,jazz-units:Code/Legion.lua:389
910000002023,Гринго,Гринго,,jazz-units:Code/Legion.lua:390
910000002024,Капо,Капо,,jazz-units:Code/Legion.lua:391
910000002025,Спайди,Спайди,,jazz-units:Code/Legion.lua:392
910000002026,Флип,Флип,,jazz-units:Code/Legion.lua:393
910000002027,Дерти,Дерти,,jazz-units:Code/Legion.lua:394
910000002028,Кид,Кид,,jazz-units:Code/Legion.lua:395
910000002029,Блейдс,Блейдс,,jazz-units:Code/Legion.lua:396
910000002030,Мурда,Мурда,,jazz-units:Code/Legion.lua:397
910000002031,Спэйд,Спэйд,,jazz-units:Code/Legion.lua:398
910000002032,Коппер,Коппер,,jazz-units:Code/Legion.lua:399
910000002033,Скрейп,Скрейп,,jazz-units:Code/Legion.lua:400
910000002034,Риппа,Риппа,,jazz-units:Code/Legion.lua:401
910000002035,Трайб,Трайб,,jazz-units:Code/Legion.lua:402
910000002036,Крипс,Крипс,,jazz-units:Code/Legion.lua:403
910000002037,Сопа,Сопа,,jazz-units:Code/Legion.lua:404
910000002038,Дюрак,Дюрак,,jazz-units:Code/Legion.lua:405
910000002039,Лоуджи,Лоуджи,,jazz-units:Code/Legion.lua:406
910000002040,Доу,Доу,,jazz-units:Code/Legion.lua:407
910000002041,Флиппа,Флиппа,,jazz-units:Code/Legion.lua:408
910000002042,Пэйпер,Пэйпер,,jazz-units:Code/Legion.lua:409
910000002043,Сэвидж,Сэвидж,,jazz-units:Code/Legion.lua:410
910000002044,Ганзо,Ганзо,,jazz-units:Code/Legion.lua:411
910000002045,Трэп,Трэп,,jazz-units:Code/Legion.lua:412
910000002046,Холла,Холла,,jazz-units:Code/Legion.lua:413
910000002047,Джанк,Джанк,,jazz-units:Code/Legion.lua:414
910000002048,Джуси,Джуси,,jazz-units:Code/Legion.lua:415
910000002049,Бэнкс,Бэнкс,,jazz-units:Code/Legion.lua:416
910000002050,Брик,Брик,,jazz-units:Code/Legion.lua:417
910000002051,Рип,Рип,,jazz-units:Code/Legion.lua:418
910000002052,Стикс,Стикс,,jazz-units:Code/Legion.lua:419
910000002053,Круз,Круз,,jazz-units:Code/Legion.lua:420
910000002054,Скуб,Скуб,,jazz-units:Code/Legion.lua:421
910000002055,Снэп,Снэп,,jazz-units:Code/Legion.lua:422
910000002056,Фэйд,Фэйд,,jazz-units:Code/Legion.lua:423
910000002057,Фэд,Фэд,,jazz-units:Code/Legion.lua:424
910000002058,Твист,Твист,,jazz-units:Code/Legion.lua:425
910000002059,Пламбо,Пламбо,,jazz-units:Code/Legion.lua:426
910000002060,Дрэкс,Дрэкс,,jazz-units:Code/Legion.lua:427
910000002061,Ганста,Ганста,,jazz-units:Code/Legion.lua:428
910000002062,Ричи,Ричи,,jazz-units:Code/Legion.lua:429
910000002063,Грязь,Грязь,,jazz-units:Code/Legion.lua:430
910000002064,Трайбз,Трайбз,,jazz-units:Code/Legion.lua:431
910000002065,Флоу,Флоу,,jazz-units:Code/Legion.lua:432
910000002066,Вайпер,Вайпер,,jazz-units:Code/Legion.lua:433
910000002067,Токен,Токен,,jazz-units:Code/Legion.lua:434
910000002068,Моб,Моб,,jazz-units:Code/Legion.lua:435
910000002069,Блууд,Блууд,,jazz-units:Code/Legion.lua:436
910000002070,Слим,Слим,,jazz-units:Code/Legion.lua:437
910000002071,Крим,Крим,,jazz-units:Code/Legion.lua:438
910000002072,Кэшбо,Кэшбо,,jazz-units:Code/Legion.lua:439
910000002073,Роадз,Роадз,,jazz-units:Code/Legion.lua:440
910000002074,Деф,Деф,,jazz-units:Code/Legion.lua:441
910000002075,Гримз,Гримз,,jazz-units:Code/Legion.lua:442
910000002076,Твиста,Твиста,,jazz-units:Code/Legion.lua:443
910000002077,Хаунд,Хаунд,,jazz-units:Code/Legion.lua:444
910000002078,Рэй,Рэй,,jazz-units:Code/Legion.lua:445
910000002079,Гейтор,Гейтор,,jazz-units:Code/Legion.lua:446
910000002080,Чоппа,Чоппа,,jazz-units:Code/Legion.lua:447
910000002081,Бэкшот,Бэкшот,,jazz-units:Code/Legion.lua:448
910000002082,Неф,Неф,,jazz-units:Code/Legion.lua:449
910000002083,Тру,Тру,,jazz-units:Code/Legion.lua:450
910000002084,Гейнг,Гейнг,,jazz-units:Code/Legion.lua:451
910000002085,Триг,Триг,,jazz-units:Code/Legion.lua:452
910000002086,Сэрдж,Сэрдж,,jazz-units:Code/Legion.lua:453
910000002087,Драм,Драм,,jazz-units:Code/Legion.lua:454
910000002088,Скрилла,Скрилла,,jazz-units:Code/Legion.lua:455
910000002089,Файв,Файв,,jazz-units:Code/Legion.lua:456
910000002090,Дюсман,Дюсман,,jazz-units:Code/Legion.lua:457
910000002091,Найт,Найт,,jazz-units:Code/Legion.lua:458
910000002092,Гудди,Гудди,,jazz-units:Code/Legion.lua:459
910000002093,Слайм,Слайм,,jazz-units:Code/Legion.lua:460
910000002094,Дро,Дро,,jazz-units:Code/Legion.lua:461
910000002095,Коул,Коул,,jazz-units:Code/Legion.lua:462
910000002096,Флипз,Флипз,,jazz-units:Code/Legion.lua:463
910000002097,Куджо,Куджо,,jazz-units:Code/Legion.lua:464
910000002098,Скола,Скола,,jazz-units:Code/Legion.lua:465
910000002099,Дубс,Дубс,,jazz-units:Code/Legion.lua:466
910000002100,Сноуп,Сноуп,,jazz-units:Code/Legion.lua:467
910000002101,Фо,Фо,,jazz-units:Code/Legion.lua:468
910000002102,Бэнт,Бэнт,,jazz-units:Code/Legion.lua:469
910000002103,Лосо,Лосо,,jazz-units:Code/Legion.lua:470
910000002104,Гудман,Гудман,,jazz-units:Code/Legion.lua:471
910000002105,Ро,Ро,,jazz-units:Code/Legion.lua:472
910000002106,Твист,Твист,,jazz-units:Code/Legion.lua:473
910000002107,Бэй,Бэй,,jazz-units:Code/Legion.lua:474
910000002108,Кэйс,Кэйс,,jazz-units:Code/Legion.lua:475
910000002109,Домо,Домо,,jazz-units:Code/Legion.lua:476
910000002110,Ганман,Ганман,,jazz-units:Code/Legion.lua:477
910000002111,Фрик,Фрик,,jazz-units:Code/Legion.lua:478
910000002112,Плоу,Плоу,,jazz-units:Code/Legion.lua:479
910000002113,Брэйкс,Брэйкс,,jazz-units:Code/Legion.lua:480
910000002114,Сли,Сли,,jazz-units:Code/Legion.lua:481
910000002115,Хитта,Хитта,,jazz-units:Code/Legion.lua:482
910000002116,Плэй,Плэй,,jazz-units:Code/Legion.lua:483
910000002117,Дрон,Дрон,,jazz-units:Code/Legion.lua:484
910000002118,Кин,Кин,,jazz-units:Code/Legion.lua:485
910000002119,Вест,Вест,,jazz-units:Code/Legion.lua:486
910000002120,Клей,Клей,,jazz-units:Code/Legion.lua:487
910000002121,Майлз,Майлз,,jazz-units:Code/Legion.lua:488
910000002122,Крисп,Крисп,,jazz-units:Code/Legion.lua:489
910000002123,Фэйм,Фэйм,,jazz-units:Code/Legion.lua:490
910000002124,Глокки,Глокки,,jazz-units:Code/Legion.lua:491
910000002125,Кардо,Кардо,,jazz-units:Code/Legion.lua:492
910000002126,Панч,Панч,,jazz-units:Code/Legion.lua:493
910000002127,Джак,Джак,,jazz-units:Code/Legion.lua:494
910000002128,Крип,Крип,,jazz-units:Code/Legion.lua:495
910000002129,Дюке,Дюке,,jazz-units:Code/Legion.lua:496
910000002130,Рейдж,Рейдж,,jazz-units:Code/Legion.lua:497
910000002131,Трейп,Трейп,,jazz-units:Code/Legion.lua:498
910000002132,Тон,Тон,,jazz-units:Code/Legion.lua:499
910000002133,Грейвз,Грейвз,,jazz-units:Code/Legion.lua:500
910000002134,Дирт,Дирт,,jazz-units:Code/Legion.lua:501
910000002135,Скейр,Скейр,,jazz-units:Code/Legion.lua:502
910000002136,Пит,Пит,,jazz-units:Code/Legion.lua:503
910000002137,Дэш,Дэш,,jazz-units:Code/Legion.lua:504
910000002138,Драмз,Драмз,,jazz-units:Code/Legion.lua:505
910000002139,Классик,Классик,,jazz-units:Code/Legion.lua:506
910000002140,Ганста,Ганста,,jazz-units:Code/Legion.lua:507
910000002141,Трай,Трай,,jazz-units:Code/Legion.lua:508
910000002142,Кэп,Кэп,,jazz-units:Code/Legion.lua:509
910000002143,Бэйзи,Бэйзи,,jazz-units:Code/Legion.lua:510
910000002144,Грэйм,Грэйм,,jazz-units:Code/Legion.lua:511
910000002145,Блэйк,Блэйк,,jazz-units:Code/Legion.lua:512
910000002146,Рак,Рок,,jazz-units:Code/Legion.lua:513
910000002147,Кингз,Кингз,,jazz-units:Code/Legion.lua:514
910000002148,Мэйс,Мэйс,,jazz-units:Code/Legion.lua:515
910000002149,Куп,Куп,,jazz-units:Code/Legion.lua:516
910000002150,Роадман,Роадман,,jazz-units:Code/Legion.lua:517
910000002151,Чейнз,Чейнз,,jazz-units:Code/Legion.lua:518
910000002152,Пэйн,Пэйн,,jazz-units:Code/Legion.lua:519
910000002153,Долл,Долл,,jazz-units:Code/Legion.lua:520
910000002154,Слайд,Слайд,,jazz-units:Code/Legion.lua:521
910000002155,Хэйз,Хэйз,,jazz-units:Code/Legion.lua:522
910000002156,Флипп,Флипп,,jazz-units:Code/Legion.lua:523
910000002157,Лор,Лор,,jazz-units:Code/Legion.lua:524
910000002158,Мэдж,Мэдж,,jazz-units:Code/Legion.lua:525
910000002159,Кобэйн,Кобэйн,,jazz-units:Code/Legion.lua:526
910000002160,Рэйн,Рэйн,,jazz-units:Code/Legion.lua:527
910000002161,Хит,Хит,,jazz-units:Code/Legion.lua:528
910000002162,Гудз,Гудз,,jazz-units:Code/Legion.lua:529
910000002163,Скрим,Скрим,,jazz-units:Code/Legion.lua:530
910000002164,Даб,Даб,,jazz-units:Code/Legion.lua:531
910000002165,Топик,Топик,,jazz-units:Code/Legion.lua:532
910000002166,Фэйт,Фэйт,,jazz-units:Code/Legion.lua:533
910000002167,Лоу,Лоу,,jazz-units:Code/Legion.lua:534
910000002168,Дизи,Дизи,,jazz-units:Code/Legion.lua:535
910000002169,Потч,Потч,,jazz-units:Code/Legion.lua:536
910000002170,Смоук,Смоук,,jazz-units:Code/Legion.lua:537
910000002171,Дог,Дог,,jazz-units:Code/Legion.lua:538
910000002172,CJ,CJ,,jazz-units:Code/Legion.lua:539
911767416640,Что-нибудь еще? ,Что-нибудь еще? ,,jazz-units:items.lua:68807
913471116788,Здорово!,Здорово!,,jazz-units:items.lua:69578
914296644319,Так! Я это сделала. Теперь что?,Так! Я это сделала. Теперь что?,,jazz-units:items.lua:69634
915847985105,Автоматический огонь,Автоматический огонь,,jazz-units:items.lua:58060
916724097519,"Капрал Лен Андерсон, сэр! Ха-ха-ха. Лен - командир что надо, любую команду за уши из жопы вытащит. Так что, я впишусь, если нет возражений.","Капрал Лен Андерсон, сэр! Ха-ха-ха. Лен — командир что надо, любую команду за уши из жопы вытащит. Так что я впишусь, если нет возражений.",,jazz-units:items.lua:70477 | jazz-units:UnitData/JAZZ_Merc_Spouke.lua:47
916793019921,Гематогенку бы щас... Чо? Вкусные ж.,Гематогенку бы щас... Чо? Вкусная же.,,jazz-units:items.lua:70736
916874205351,Бандит,Бандит,,jazz-units:Code/Mercenary.lua:135
918482995946,"Падай, мля. ","Падай, мля. ",,jazz-units:items.lua:71010
919463735747,"Тихонько, тихонько...","Тихонько, тихонько...",,jazz-units:items.lua:70657
920000000000,Владимир,Владимир,,jazz-units:Code/Rebels.lua:2
920000000001,Ильич,Ильич,,jazz-units:Code/Rebels.lua:3
920000000002,Павел,Павел,,jazz-units:Code/Rebels.lua:4
920000000003,Алексей,Алексей,,jazz-units:Code/Rebels.lua:5
920000000004,Никита,Никита,,jazz-units:Code/Rebels.lua:6
920000000005,Михаил,Михаил,,jazz-units:Code/Rebels.lua:7
920000000006,Тимур,Тимур,,jazz-units:Code/Rebels.lua:8
920000000007,Сергей,Сергей,,jazz-units:Code/Rebels.lua:9
920000000008,Пётр,Пётр,,jazz-units:Code/Rebels.lua:10
920000000009,Григорий,Григорий,,jazz-units:Code/Rebels.lua:11
920000000010,Ленин,Ленин,,jazz-units:Code/Rebels.lua:12
920000000011,Маркс,Маркс,,jazz-units:Code/Rebels.lua:13
920000000012,Сталин,Сталин,,jazz-units:Code/Rebels.lua:14
920000000013,Ревик,Ревик,,jazz-units:Code/Rebels.lua:15
920000000014,Товарищ,Товарищ,,jazz-units:Code/Rebels.lua:16
920000000015,Народ,Народ,,jazz-units:Code/Rebels.lua:17
920000000016,Свобода,Свобода,,jazz-units:Code/Rebels.lua:18
920000000017,Александр,Александр,,jazz-units:Code/Rebels.lua:19
920000000018,Борис,Борис,,jazz-units:Code/Rebels.lua:20
920000000019,Егор,Егор,,jazz-units:Code/Rebels.lua:21
920000000020,Рома,Рома,,jazz-units:Code/Rebels.lua:22
920000000021,Максим,Максим,,jazz-units:Code/Rebels.lua:23
920000000022,Фёдор,Фёдор,,jazz-units:Code/Rebels.lua:24
920000000023,Кирилл,Кирилл,,jazz-units:Code/Rebels.lua:25
920000000024,Яков,Яков,,jazz-units:Code/Rebels.lua:26
920000000025,Андрей,Андрей,,jazz-units:Code/Rebels.lua:27
920000000026,Амаду,Амаду,,jazz-units:Code/Rebels.lua:28
920000000027,Кваме,Кваме,,jazz-units:Code/Rebels.lua:29
920000000028,Кофи,Кофи,,jazz-units:Code/Rebels.lua:30
920000000029,Чике,Чике,,jazz-units:Code/Rebels.lua:31
920000000030,Адем,Адем,,jazz-units:Code/Rebels.lua:32
920000000031,Мустафа,Мустафа,,jazz-units:Code/Rebels.lua:33
920000000032,Амаду,Амаду,,jazz-units:Code/Rebels.lua:34
920000000033,Абдулла,Абдулла,,jazz-units:Code/Rebels.lua:35
920000000034,Муса,Муса,,jazz-units:Code/Rebels.lua:36
920000000035,Зубери,Зубери,,jazz-units:Code/Rebels.lua:37
920000000036,Нуру,Нуру,,jazz-units:Code/Rebels.lua:38
920000000037,Сефу,Сефу,,jazz-units:Code/Rebels.lua:39
920000000038,Ндари,Ндари,,jazz-units:Code/Rebels.lua:40
920000000039,Кабира,Кабира,,jazz-units:Code/Rebels.lua:41
920000000040,Кенза,Кенза,,jazz-units:Code/Rebels.lua:42
920000000041,Амина,Амина,,jazz-units:Code/Rebels.lua:43
920000000042,Аюба,Аюба,,jazz-units:Code/Rebels.lua:44
920000000043,Джамал,Джамал,,jazz-units:Code/Rebels.lua:45
920000000044,Амара,Амара,,jazz-units:Code/Rebels.lua:46
920000000045,Диарра,Диарра,,jazz-units:Code/Rebels.lua:47
920000000046,Коне,Коне,,jazz-units:Code/Rebels.lua:48
920000000047,Джибрил,Джибрил,,jazz-units:Code/Rebels.lua:49
920000000048,Салех,Салех,,jazz-units:Code/Rebels.lua:50
920000000049,Тема,Тема,,jazz-units:Code/Rebels.lua:51
920000000050,Бала,Бала,,jazz-units:Code/Rebels.lua:52
920000000051,Кай,Кай,,jazz-units:Code/Rebels.lua:53
920000000052,Омар,Омар,,jazz-units:Code/Rebels.lua:54
920000000053,Каддафи,Каддафи,,jazz-units:Code/Rebels.lua:55
920000000054,Ашраф,Ашраф,,jazz-units:Code/Rebels.lua:56
920000000055,Зин,Зин,,jazz-units:Code/Rebels.lua:57
920000000056,Танго,Танго,,jazz-units:Code/Rebels.lua:58
920000000057,Рудак,Рудак,,jazz-units:Code/Rebels.lua:59
920000000058,Войт,Войт,,jazz-units:Code/Rebels.lua:60
920000000059,Рудой,Рудой,,jazz-units:Code/Rebels.lua:61
920000000060,Степан,Степан,,jazz-units:Code/Rebels.lua:62
920000000062,Василий,Василий,,jazz-units:Code/Rebels.lua:64
920000000063,Назар,Назар,,jazz-units:Code/Rebels.lua:65
920000000064,Ян,Ян,,jazz-units:Code/Rebels.lua:66
920000000065,Лазар,Лазар,,jazz-units:Code/Rebels.lua:67
920000000066,Эмиль,Эмиль,,jazz-units:Code/Rebels.lua:68
920000000067,Бакари,Бакари,,jazz-units:Code/Rebels.lua:69
920000000068,Амана,Амана,,jazz-units:Code/Rebels.lua:70
920000000069,Саид,Саид,,jazz-units:Code/Rebels.lua:71
920000000070,Идрис,Идрис,,jazz-units:Code/Rebels.lua:72
920000000071,Карам,Карам,,jazz-units:Code/Rebels.lua:73
920000000072,Мбенге,Мбенге,,jazz-units:Code/Rebels.lua:74
920000000073,Осуна,Осуна,,jazz-units:Code/Rebels.lua:75
920000000074,Ндойе,Ндойе,,jazz-units:Code/Rebels.lua:76
920000000075,Абоба,Абоба,,jazz-units:Code/Rebels.lua:77
920000000076,Родион,Родион,,jazz-units:Code/Rebels.lua:78
920000000077,Георгий,Георгий,,jazz-units:Code/Rebels.lua:79
920000000078,Лука,Лука,,jazz-units:Code/Rebels.lua:80
920000000079,Алмаз,Алмаз,,jazz-units:Code/Rebels.lua:81
920000000080,Толя,Толя,,jazz-units:Code/Rebels.lua:82
920000000081,Захар,Захар,,jazz-units:Code/Rebels.lua:83
920000000082,Эльдар,Эльдар,,jazz-units:Code/Rebels.lua:84
920000000083,Жан,Жан,,jazz-units:Code/Rebels.lua:85
920000000084,Фрэнк,Фрэнк,,jazz-units:Code/Rebels.lua:86
920000000085,Кадир,Кадир,,jazz-units:Code/Rebels.lua:87
920000000086,Самвель,Самвель,,jazz-units:Code/Rebels.lua:88
920000000087,Пакт,Пакт,,jazz-units:Code/Rebels.lua:89
920000000088,Рубен,Рубен,,jazz-units:Code/Rebels.lua:90
920000000089,Сема,Сема,,jazz-units:Code/Rebels.lua:91
920000000090,Гарун,Гарун,,jazz-units:Code/Rebels.lua:92
920000000091,Товарищ,Товарищ,,jazz-units:Code/Rebels.lua:93
920000000092,Комрад,Комрад,,jazz-units:Code/Rebels.lua:94
920000000093,Клим,Клим,,jazz-units:Code/Rebels.lua:95
920000001000,Краснов,Краснов,,jazz-units:Code/Rebels.lua:99
920000001001,Народов,Народов,,jazz-units:Code/Rebels.lua:100
920000001003,Промыслов,Промыслов,,jazz-units:Code/Rebels.lua:102
920000001004,Свободин,Свободин,,jazz-units:Code/Rebels.lua:103
920000001005,Гвардейский,Гвардейский,,jazz-units:Code/Rebels.lua:104
920000001006,Партийный,Партийный,,jazz-units:Code/Rebels.lua:105
920000001007,Комаров,Комаров,,jazz-units:Code/Rebels.lua:106
920000001008,Союзов,Союзов,,jazz-units:Code/Rebels.lua:107
920000001009,Червон,Червон,,jazz-units:Code/Rebels.lua:108
920000001010,Красный,Красный,,jazz-units:Code/Rebels.lua:109
920000001011,Колон,Колон,,jazz-units:Code/Rebels.lua:110
920000001012,Народенко,Народенко,,jazz-units:Code/Rebels.lua:111
920000001013,Мирный,Мирный,,jazz-units:Code/Rebels.lua:112
920000001014,Борец,Борец,,jazz-units:Code/Rebels.lua:113
920000001015,Победин,Победин,,jazz-units:Code/Rebels.lua:114
920000001016,Шах,Шах,,jazz-units:Code/Rebels.lua:115
920000001017,Джалло,Джалло,,jazz-units:Code/Rebels.lua:116
920000001018,Диалло,Диалло,,jazz-units:Code/Rebels.lua:117
920000001019,Камара,Камара,,jazz-units:Code/Rebels.lua:118
920000001020,Коне,Коне,,jazz-units:Code/Rebels.lua:119
920000001021,Ндиайе,Ндиайе,,jazz-units:Code/Rebels.lua:120
920000001022,Кумба,Кумба,,jazz-units:Code/Rebels.lua:121
920000001023,Мбенге,Мбенге,,jazz-units:Code/Rebels.lua:122
920000001024,Каба,Каба,,jazz-units:Code/Rebels.lua:123
920000001025,Курта,Курта,,jazz-units:Code/Rebels.lua:124
920000001026,Сидибе,Сидибе,,jazz-units:Code/Rebels.lua:125
920000001027,Кунде,Кунде,,jazz-units:Code/Rebels.lua:126
920000001028,Окуту,Окуту,,jazz-units:Code/Rebels.lua:127
920000001029,Амади,Амади,,jazz-units:Code/Rebels.lua:128
920000001030,Мбеле,Мбеле,,jazz-units:Code/Rebels.lua:129
920000001031,Траоре,Траоре,,jazz-units:Code/Rebels.lua:130
920000001032,Дьяло,Дьяло,,jazz-units:Code/Rebels.lua:131
920000001033,Крупин,Крупин,,jazz-units:Code/Rebels.lua:132
920000001034,Толмачёв,Толмачёв,,jazz-units:Code/Rebels.lua:133
920000001035,Заводов,Заводов,,jazz-units:Code/Rebels.lua:134
920000001036,Рудницкий,Рудницкий,,jazz-units:Code/Rebels.lua:135
920000001037,Кузнецов,Кузнецов,,jazz-units:Code/Rebels.lua:136
920000001038,Петров,Петров,,jazz-units:Code/Rebels.lua:137
920000001039,Ибрагимов,Ибрагимов,,jazz-units:Code/Rebels.lua:138
920000001040,Абдулов,Абдулов,,jazz-units:Code/Rebels.lua:139
920000001041,Мусаев,Мусаев,,jazz-units:Code/Rebels.lua:140
920000001042,Омаров,Омаров,,jazz-units:Code/Rebels.lua:141
920000001043,Бакаров,Бакаров,,jazz-units:Code/Rebels.lua:142
920000001044,Камбате,Камбате,,jazz-units:Code/Rebels.lua:143
920000001045,Кабу,Кабу,,jazz-units:Code/Rebels.lua:144
920000001046,Джонсон,Джонсон,,jazz-units:Code/Rebels.lua:145
920000001047,Окуфо,Окуфо,,jazz-units:Code/Rebels.lua:146
920000001048,Касама,Касама,,jazz-units:Code/Rebels.lua:147
920000001049,Ферган,Ферган,,jazz-units:Code/Rebels.lua:148
920000001050,Красин,Красин,,jazz-units:Code/Rebels.lua:149
920000001051,Берегов,Берегов,,jazz-units:Code/Rebels.lua:150
920000001052,Горлов,Горлов,,jazz-units:Code/Rebels.lua:151
920000001053,Степанов,Степанов,,jazz-units:Code/Rebels.lua:152
920000001054,Николаев,Николаев,,jazz-units:Code/Rebels.lua:153
920000001055,Ржавый,Ржавый,,jazz-units:Code/Rebels.lua:154
920000001056,Миронов,Миронов,,jazz-units:Code/Rebels.lua:155
920000001057,Товарищев,Товарищев,,jazz-units:Code/Rebels.lua:156
920000001058,Шпаков,Шпаков,,jazz-units:Code/Rebels.lua:157
920000001059,Буров,Буров,,jazz-units:Code/Rebels.lua:158
920000001060,Камара-Рев,Камара-Рев,,jazz-units:Code/Rebels.lua:159
920000001061,Клайд,Клайд,,jazz-units:Code/Rebels.lua:160
920000001062,Окапов,Окапов,,jazz-units:Code/Rebels.lua:161
920000001063,Богданов,Богданов,,jazz-units:Code/Rebels.lua:162
920000001064,Квезе,Квезе,,jazz-units:Code/Rebels.lua:163
920000001065,Ндоу,Ндоу,,jazz-units:Code/Rebels.lua:164
920000001066,Антонов,Антонов,,jazz-units:Code/Rebels.lua:165
920000001067,Павленко,Павленко,,jazz-units:Code/Rebels.lua:166
920000001068,Корчагин,Корчагин,,jazz-units:Code/Rebels.lua:167
920000001069,Мара,Мара,,jazz-units:Code/Rebels.lua:168
920000001070,Донго,Донго,,jazz-units:Code/Rebels.lua:169
920000001071,Камба,Камба,,jazz-units:Code/Rebels.lua:170
920000001072,Зомб,Зомб,,jazz-units:Code/Rebels.lua:171
920000001073,Сакам,Сакам,,jazz-units:Code/Rebels.lua:172
920000001074,Харт,Харт,,jazz-units:Code/Rebels.lua:173
920000001075,Грин,Грин,,jazz-units:Code/Rebels.lua:174
920000001076,Калаба,Калаба,,jazz-units:Code/Rebels.lua:175
920000001077,Мангала,Мангала,,jazz-units:Code/Rebels.lua:176
920000001078,Серу,Серу,,jazz-units:Code/Rebels.lua:177
920000001079,Олува,Олува,,jazz-units:Code/Rebels.lua:178
920000001080,Шарипов,Шарипов,,jazz-units:Code/Rebels.lua:179
920000001081,Рубцов,Рубцов,,jazz-units:Code/Rebels.lua:180
920000001082,Норец,Норец,,jazz-units:Code/Rebels.lua:181
920000001083,Рубеж,Рубеж,,jazz-units:Code/Rebels.lua:182
920000001084,Гранов,Гранов,,jazz-units:Code/Rebels.lua:183
920000001085,Симон,Симон,,jazz-units:Code/Rebels.lua:184
920000001086,Энгуле,Энгуле,,jazz-units:Code/Rebels.lua:185
920000001087,Конате,Конате,,jazz-units:Code/Rebels.lua:186
920000001088,Карамба,Карамба,,jazz-units:Code/Rebels.lua:187
920000001089,Малик,Малик,,jazz-units:Code/Rebels.lua:188
920000001090,Сафо,Сафо,,jazz-units:Code/Rebels.lua:189
920000001091,Кабанг,Кабанг,,jazz-units:Code/Rebels.lua:190
920000001092,Марков,Марков,,jazz-units:Code/Rebels.lua:191
920000001093,Иванов,Иванов,,jazz-units:Code/Rebels.lua:192
920000001094,Орлов,Орлов,,jazz-units:Code/Rebels.lua:193
920000001095,Назаров,Назаров,,jazz-units:Code/Rebels.lua:194
920000001096,Курбан,Курбан,,jazz-units:Code/Rebels.lua:195
920000001097,Гассан,Гассан,,jazz-units:Code/Rebels.lua:196
920000001098,Моряч,Моряч,,jazz-units:Code/Rebels.lua:197
920000001099,Акин,Акин,,jazz-units:Code/Rebels.lua:198
920000001100,Тамба,Тамба,,jazz-units:Code/Rebels.lua:199
920000001101,Саныч,Саныч,,jazz-units:Code/Rebels.lua:200
920000002000,Товарищ Баюн,Товарищ Баюн,,jazz-units:Code/Rebels.lua:204
920000002001,Товарищ Ливси,Товарищ Ливси,,jazz-units:Code/Rebels.lua:205
923158740693,Лайн,Лайн,,jazz-units:Code/Mercenary.lua:165
923960576868,HoustonMD@aim.com,HoustonMD@aim.com,,jazz-units:items.lua:69733 | jazz-units:UnitData/Jazz_Spider.lua:28
925557375079,Дернусь - и привет мамане.,Дёрнусь — и привет мамане.,,jazz-units:items.lua:70916
925794218194,Так динозавры и вымерли. Ха-ХА!,Так динозавры и вымерли. Ха-ха!,,jazz-units:items.lua:69031
926619480801,Седалищем чую - кто-то на меня глаз положил.,Седалищем чую: кто-то на меня глаз положил.,,jazz-units:items.lua:70917
926842382510,Посмотри - у меня пульс как с цепи сорвался! Я покрываюсь испариной... ,Посмотри - у меня пульс как с цепи сорвался! Я покрываюсь испариной... ,,jazz-units:items.lua:70242
927098390925,Тут явно нечисто - аж двинуться страшно.,Тут явно нечисто — аж двинуться страшно.,,jazz-units:items.lua:69056
927223711798,Советник,Советник,,jazz-units:items.lua:36311 | jazz-units:UnitData/ThugBoss_Stronger_Elite.lua:20
928018472744,Вещь!,Вещь!,,jazz-units:items.lua:69497
928050957973,Я под этим тоже подпишусь.,Я под этим тоже подпишусь.,,jazz-units:items.lua:69108
928161401130,"Что-то, прямо здесь!",Что-то прямо здесь!,,jazz-units:items.lua:69500
929151113578,бежалка,бежалка,,jazz-units:items.lua:69510
930148900953,Отвали!,Отвали!,,jazz-units:items.lua:69577
930578412650,Джекал,Джекал,,jazz-units:Code/Mercenary.lua:121
930691489381,"Взял, у меня",Взял. У меня.,,jazz-units:items.lua:68971
931285992937,Наемник Пулеметчик,Наёмник-пулемётчик,,jazz-units:items.lua:37091 | jazz-units:UnitData/ThugGrenadier_Stronger_Elite.lua:20
933693153270,карабалка,(карабкается),,jazz-units:items.lua:69415
934700876331,Перелазанье 2,Перелазанье 2,,jazz-units:items.lua:70633
934715860279,Блейд,Блейд,,jazz-units:Code/Mercenary.lua:128
934996152027,Следующая задача?,Следующая задача?,,jazz-units:items.lua:70176
935033359195,Отсюда надо выбираться! ,Отсюда надо выбираться! ,,jazz-units:items.lua:69095
935614300047,Мне надо прилечь.,Мне надо прилечь.,,jazz-units:items.lua:69684
936521847304,Шейд,Шейд,,jazz-units:Code/Mercenary.lua:100
937614852103,Спаркс,Спаркс,,jazz-units:Code/Mercenary.lua:110
939764638704,Надо было смотреть за оружием.,Надо было следить за оружием.,,jazz-units:items.lua:71044
940470095476,Хреново!,Хреново!,,jazz-units:items.lua:69647
940580376015,Как в тыкву сраную!,Как в тыкву сраную!,,jazz-units:items.lua:70885
941528063776,"Ах! Зачем ты выстрелила в меня, Вики? Я тебе не ""Корвет"", я из плоти и крови! Меня не выйдет замазать шпаклевкой и отполировать!","Ах! Зачем ты выстрелила в меня, Вики? Я тебе не ""Корвет"", я из плоти и крови! Меня не выйдет замазать шпаклевкой и отполировать!",,jazz-units:items.lua:69993
942359520376,Гммммм...,Гммммм...,,jazz-units:items.lua:68844
942541541319,"Фройляйн Паук, на вас удивительным образом невозможно сердиться. Но все же, будьте аккуратнее с оружием.","Фройляйн Паук, на вас удивительным образом невозможно сердиться. Но все же, будьте аккуратнее с оружием.",,jazz-units:items.lua:78709
943218507326,Бёрн,Бёрн,,jazz-units:Code/Mercenary.lua:155
943363007045,"Внимание, все! Что-то мне хочется кого-нибудь убить!","Внимание, все! Что-то мне хочется кого-нибудь убить!",,jazz-units:items.lua:69429
944057890342,Иванов,Иванов,,jazz-units:items.lua:70271 | jazz-units:UnitData/JAZZ_Ivanov.lua:20
944512092544,Выброс адреналина! Я чувствую - сейчас что-то случится.,Выброс адреналина! Я чувствую — сейчас что-то случится.,,jazz-units:items.lua:70155
945102836417,Норт,Норт,,jazz-units:Code/Mercenary.lua:177
947222815353,Здесь!,Здесь!,,jazz-units:items.lua:69523
947641553708,Гренадёр,Гренадёр,,jazz-units:items.lua:36872 | jazz-units:UnitData/ThugGrenadier.lua:21
947928737416,Есть варик без палева. А есть 200 грамм пластида. Решай.,Есть варик без палева. А есть 200 грамм пластида. Решай.,,jazz-units:items.lua:70660
948635796154,"Как можно такое увидеть и не подумать, что работка у нас - не очень?","Как можно такое увидеть и не подумать, что работка у нас - не очень?",,jazz-units:items.lua:70125
949351597162,а,а,,jazz-units:items.lua:69653
949418392441,Ну ладно!,Ну ладно!,,jazz-units:items.lua:69644
949818891918,Я только сделала одолжение... Избавила от страданий. Что еще тут можно сделать?,Я только сделала одолжение... Избавила от страданий. Что еще тут можно сделать?,,jazz-units:items.lua:69516
950600888574,"прыгает, гоп",(прыгает) Гоп!,,jazz-units:items.lua:70038
950681491418,Тут подойти надо. Или поджечь чего.,Тут подойти надо. Или поджечь чего.,,jazz-units:items.lua:70607
951406281709,Грейсон,Грейсон,,jazz-units:Code/Mercenary.lua:57
951442777109,Тёмный Властелин,Тёмный Властелин,,jazz-units:items.lua:83049 | jazz-units:UnitData/Jazz_RecruterG10.lua:21
951646776916,"Трафарет! Ну мля, рожи у них, как на одном столе лепили.","Трафарет! Ну мля, рожи у них, как на одном столе лепили.",,jazz-units:items.lua:70868
951773239303,Это был тот еще опыт! Увидимся.,Это был тот еще опыт! Увидимся.,,jazz-units:items.lua:68888
953737232800,Сейчас начнется!,Сейчас начнется!,,jazz-units:items.lua:69957
954128588772,"Доктор Хьюстон. Меня нет на месте, но, если вы оставите сообщение, кто-нибудь свяжется с вами в ближайшее время. Если нужна срочная медицинская помощь, позвоните в клинику по номеру JL5-1494.","Доктор Хьюстон. Меня нет на месте, но, если вы оставите сообщение, кто-нибудь свяжется с вами в ближайшее время. Если нужна срочная медицинская помощь, позвоните в клинику по номеру JL5-1494.",,jazz-units:items.lua:69823 | jazz-units:UnitData/Jazz_Spider.lua:118
954343359194,"Спайк! Вставай, Майор, не спать! Мля, ну хоть отползи... Вот, блин!","Спайк! Вставай, Майор, не спать! Мля, ну хоть отползи... Вот, блин!",,jazz-units:items.lua:70693
954601292221,"<em>Once per turn</em>.
Move to a new location and then shoot the closest enemy.","<em>Раз в ход</em>. Переместитесь на новую позицию, а затем выстрелите в ближайшего врага.",,jazz-units:items.lua:143131
957064295330,Черт!,Черт!,,jazz-units:items.lua:70079
958337909144,"Слушай, я ведь от времени моложе не делаюсь!","Слушай, я ведь от времени моложе не делаюсь!",,jazz-units:items.lua:68936
959177485503,Тут не расслабишься!,Тут не расслабишься!,,jazz-units:items.lua:69678
959677631902,Мерзкая пробоина - так и хлещет! Придется зашивать.,Мерзкая пробоина - так и хлещет! Придется зашивать.,,jazz-units:items.lua:69147
959778001084,"Я запыхалась, как бешеная собака!","Я запыхалась, как бешеная собака!",,jazz-units:items.lua:69487
960189656665,"Братан, такая стрельба только этим анчоусам на смех. Завтра будем учиться.","Братан, такая стрельба этим анчоусам только на смех. Завтра будем учиться.",,jazz-units:items.lua:70839
960739752933,Усиление Пулеметчиков,Усиление Пулеметчиков,,jazz-units:items.lua:56736
961247380512,Фэнг,Фэнг,,jazz-units:Code/Mercenary.lua:113
962084315017,Вэйл,Вэйл,,jazz-units:Code/Mercenary.lua:184
962084315018,Баюн,Баюн,,jazz-units:Code/Mercenary.lua:185
962084735140,Гир,Гир,,jazz-units:Code/Mercenary.lua:144
962451046569,Можешь опять на меня расчитывать.,Можешь опять на меня рассчитывать.,,jazz-units:items.lua:70135
962640753793,РЫСЬ,РЫСЬ,,jazz-units:items.lua:68623
962715430109,Фриз,Фриз,,jazz-units:Code/Mercenary.lua:173
962940395587,"Не, брат, только патроны переводить...","Не, брат, только патроны переводить...",,jazz-units:items.lua:70606
964197488980,"Мина. Пора делать то, за что мне платят. А как платят, так и работаем!","Мина. Пора делать то, за что мне платят. А как платят, так и работаем!",,jazz-units:items.lua:70823
965333256165,Так к какому решению ты собираешься придти?,Так к какому решению ты собираешься прийти?,,jazz-units:items.lua:69300 | jazz-units:UnitData/Jazz_Buzz.lua:147
967900698879,"Барриман ""Пилот"" Сил","Барриман ""Пилот"" Сил",,jazz-units:items.lua:68518 | jazz-units:UnitData/Merc_BarrySeal.lua:30
970185236017,Краус,Краус,,jazz-units:Code/Mercenary.lua:81
971004246271,"Нейрохирург, точно!","Нейрохирург, точно!",,jazz-units:items.lua:69484
971124630882,А!,А!,,jazz-units:items.lua:70151
971435609781,"Мисс, а вы, часом, не бывали в Бруклине раньше?","Мисс, а вы, часом, не бывали в Бруклине раньше?",,jazz-units:items.lua:70943
971716367378,"Айс! Блин, братан, чо ж ты так похож на этих одинаковых... Как теперь твоей мамане-то сказать?","Айс! Блин, братан, чо ж ты так похож на этих одинаковых... Как теперь твоей мамане-то сказать?",,jazz-units:items.lua:70778
971951422708,ТОСКА,ТОСКА,,jazz-units:items.lua:69176 | jazz-units:UnitData/Jazz_Buzz.lua:23
973543834873,карабалка,(карабкается),,jazz-units:items.lua:69414
973995464374,"Айс, ты бы проверился там. У ствола с конца капает.","Айс, ты бы проверился там. У ствола с конца капает.",,jazz-units:items.lua:70844
974518231406,Слейт,Слейт,,jazz-units:Code/Mercenary.lua:106
974948259291,Я слушаю.,Я слушаю.,,jazz-units:items.lua:69639
975008642876,Я на некоторое время займусь научной работой. Этот контракт меня просто вымотал. Мне нужно прийти в себя.,Я на некоторое время займусь научной работой. Этот контракт меня просто вымотал. Мне нужно прийти в себя.,,jazz-units:items.lua:69966
975126744269,"Похоже, они отступили. Мудрое решение, должен сказать.","Похоже, они отступили. Мудрое решение, должен сказать.",,jazz-units:items.lua:68857
975412845307,Кроуфорд,Кроуфорд,,jazz-units:Code/Mercenary.lua:49
976384972004,Это мне самоуважения никак не прибавит. Проехали.,Это мне самоуважения никак не прибавит. Проехали.,,jazz-units:items.lua:68992
977499535307,"Только дай мне шанс, и вы все - покойники!","Только дай мне шанс, и вы все - покойники!",,jazz-units:items.lua:69657
979155326648,Ладно!,Ладно!,,jazz-units:items.lua:69944
979462905932,"Да, не очень-то добрые они были. Копов я до сих пор на дух не переношу...","Да, не очень-то добрые они были. Копов я до сих пор на дух не переношу...",,jazz-units:items.lua:70396
979751155093,Замечательно!,Замечательно!,,jazz-units:items.lua:70064
980493657450,"Ты привел сюда этого сукиного сына, Рысь. Хорошо... позволь тогда и мне высказаться. Он потаскун, он жив-то только потому, что я еще не решила, как его убить, чтоб было поприятнее.","Ты привёл сюда этого сукиного сына, Рысь. Хорошо... позволь тогда и мне высказаться. Он потаскун. Жив-то он только потому, что я ещё не решила, как его убить, чтобы было поприятнее.",,jazz-units:items.lua:69470
980611805568,Тоска,Тоска,,jazz-units:items.lua:69175 | jazz-units:UnitData/Jazz_Buzz.lua:22
981115538686,"Это вызывает больше подозрений, чем довольный мужик!","Это вызывает больше подозрений, чем довольный мужик!",,jazz-units:items.lua:69544
981274350612,Берже,Берже,,jazz-units:Code/Mercenary.lua:75
981665767122,Ну ладно!,Ну ладно!,,jazz-units:items.lua:69434
982108133338,"Было ваше, стало наше. Я теперь такую бомбу сделаю, ебанет - так в Порте-Кофе будет видать!","Было ваше, стало наше. Я теперь такую бомбу сделаю — ебанёт так, что в Порт-Какао будет видать!",,jazz-units:items.lua:70818
982240783679,Find My Feet,Обрести опору,,jazz-units:CharacterEffect/Chaaaarge.lua:40 | jazz-units:items.lua:82602
982625829884,Немного везения мне бы сейчас никак не помешало!,Немного везения мне бы сейчас никак не помешало!,,jazz-units:items.lua:68873
983380107265,пыхтелка,пыхтелка,,jazz-units:items.lua:69490
983520435571,Что я могу сказать? Я имею полное право потребовать большего.,Что я могу сказать? Я имею полное право потребовать большего.,,jazz-units:items.lua:69251 | jazz-units:UnitData/Jazz_Buzz.lua:98
985241906593,На месте.,На позиции.,,jazz-units:items.lua:70956
985270049400,"Только дай мне шанс, и вы все - покойники!","Только дай мне шанс, и вы все - покойники!",,jazz-units:items.lua:69616
985474219069,Аааах.,Аааах.,,jazz-units:items.lua:70152
987596071980,"Братан, я за простой ставку не снижаю. Нагрузи меня чем-нибудь. Только не носить.","Братан, я за простой ставку не снижаю. Нагрузи меня чем-нибудь. Только не носить.",,jazz-units:items.lua:70757
990232035597,Чем-то оно мне Рысь напоминает!,Чем-то оно мне Рысь напоминает!,,jazz-units:items.lua:69397
990654874464,"Дерьмо! Дерьмо! Дерьмо! Если мне попадется хоть что-нибудь приличное, что можно отнести к снаряжению, я точно буду знать, что это ошибка.","Дерьмо! Дерьмо! Дерьмо! Если мне попадется хоть что-нибудь приличное, что можно отнести к снаряжению, я точно буду знать, что это ошибка.",,jazz-units:items.lua:69506
990786773044,Обезврежен!,Обезврежен!,,jazz-units:items.lua:69027
992790399036,Перелазанье,Перелазанье,,jazz-units:items.lua:70632
993042615284,Вольф,Вольф,,jazz-units:Code/Mercenary.lua:84
993170256470,Я бы спрятался там. Ветер в лицо - запах не унесёт,Я бы спрятался там. Ветер в лицо — запах не унесёт.,,jazz-units:items.lua:68573
993980648953,Учиться никогда не поздно!,Учиться никогда не поздно!,,jazz-units:items.lua:68964
994375099702,Получи!,Получи!,,jazz-units:items.lua:69037
994385004304,"В кусты, мля.","В кусты, мля.",,jazz-units:items.lua:70625
994600876666,"Мы еще потренируемся с тобой, Донна! Будешь мухам крылья отстреливать!","Мы еще потренируемся с тобой, Донна! Будешь мухам крылья отстреливать!",,jazz-units:items.lua:78458
995720215017,Надо было мне взять с собой противомоскитную сетку! Насекомые переносят столько заболеваний! Сетки должны быть частью обязательного снаряжения!,Надо было мне взять с собой противомоскитную сетку! Насекомые переносят столько заболеваний! Сетки должны быть частью обязательного снаряжения!,,jazz-units:items.lua:70229
995807055541,"Если тебе нужен настоящий профи, ну, или, по крайней мере, настоящий красавчик, обратись к Рыси.","Если тебе нужен настоящий профи, ну, или, по крайней мере, настоящий красавчик, обратись к Рыси.",,jazz-units:items.lua:69283 | jazz-units:UnitData/Jazz_Buzz.lua:130
996444606473,Дайте мне умереть! Это хотя бы прекратит мои страдания!,Дайте мне умереть! Это хотя бы прекратит мои страдания!,,jazz-units:items.lua:69464
997417029186,Да я еще даже не вспотел!..,Да я ещё даже не вспотел!,,jazz-units:items.lua:69028
997521063108,"Надоело, надоело, надоело!","Надоело, надоело, надоело!",,jazz-units:items.lua:69479
997580439409,"Беги-беги, пока можешь. Шарахнуть бы чем, да нету.","Беги-беги, пока можешь. Шарахнуть бы чем, да нету.",,jazz-units:items.lua:70641
998384052168,"Блядь! Со всех сторон насыпают! Надо сменить тактику, командир! Ты ж командир?","Блядь! Со всех сторон насыпают! Надо сменить тактику, командир! Ты ж командир?",,jazz-units:items.lua:70980
998509249527,"карабкается, пыхтит","карабкается, пыхтит",,jazz-units:items.lua:69931
999108347125,Шэдоу,Шэдоу,,jazz-units:Code/Mercenary.lua:158
890000000000097,Диверсант_Подрывник,Диверсант_Подрывник,,jazz-units:items.lua:49240 | jazz-units:UnitData/RebelGrenadier.lua:22
890000000000098,Штурмовик,Штурмовик,,jazz-units:items.lua:39829 | jazz-units:UnitData/JAZZ_Legion_AssaultT2_ShockTrooper.lua:22
890000000000186,Палач,Палач,,jazz-units:items.lua:40152 | jazz-units:UnitData/JAZZ_Legion_AssaultT4_Headsman.lua:21
890000000000187,Череполом,Череполом,,jazz-units:items.lua:39947 | jazz-units:UnitData/JAZZ_Legion_AssaultT3_SkullCrusher.lua:22
890000000000342,Призрак,Призрак,,jazz-units:items.lua:48461 | jazz-units:UnitData/Rebel_NPC_Ghost.lua:22
890000000000343,Босс,Босс,,jazz-units:items.lua:43753 | jazz-units:UnitData/ErnyVillage_Boss.lua:22
890000000000344,Мастер,Мастер,,jazz-units:items.lua:43263 | jazz-units:UnitData/JAZZ_Legion_LeaderT4_MercenaryCaptain.lua:22
890000000000507,Подавитель,Подавитель,,jazz-units:items.lua:42759 | jazz-units:UnitData/JAZZ_Legion_GunnerT3_VeteranGunner.lua:22
890000000000508,Наемник Пулеметчик,Наёмник-пулемётчик,,jazz-units:items.lua:42859 | jazz-units:UnitData/JAZZ_Legion_GunnerT4_MercGunner.lua:22
890000000000509,Засадный пулеметчик,Засадный пулеметчик,,jazz-units:items.lua:49338 | jazz-units:UnitData/RebelGunner.lua:22
890000000000510,Коммандо,Коммандо,,jazz-units:items.lua:42621 | jazz-units:UnitData/JAZZ_Legion_GunnerT2_AssaultGunner.lua:22
890000000000586,Патрульный,Патрульный,,jazz-units:items.lua:49432 | jazz-units:UnitData/RebelSentry.lua:21
890000000000587,Охотник,Охотник,,jazz-units:items.lua:40764 | jazz-units:UnitData/JAZZ_Legion_FrontT2_Marksman.lua:21
890000000000801,Повстанец-Рейнджер,Повстанец-Рейнджер,,jazz-units:items.lua:48584 | jazz-units:UnitData/Rebel_NPC_Ghost_Guards.lua:22
890000000000802,Рейнджер,Рейнджер,,jazz-units:items.lua:42233 | jazz-units:UnitData/JAZZ_Legion_FlankerT4_Ranger.lua:22
890000000000803,Следопыт,Следопыт,,jazz-units:items.lua:42115 | jazz-units:UnitData/JAZZ_Legion_FlankerT3_Pathfinder.lua:22
890000000000836,Командир отряда,Командир отряда,,jazz-units:items.lua:48690 | jazz-units:items.lua:48800 | jazz-units:items.lua:48910 | jazz-units:items.lua:49021 | jazz-units:UnitData/RebelSergant.lua:22 | jazz-units:UnitData/RebelSergant_Immortal.lua:22 | jazz-units:UnitData/RebelSergeant.lua:22 | jazz-units:UnitData/RebelSergeant_Immortal.lua:22
890000000000837,Контимир Бурда,Контимир Бурда,,jazz-units:items.lua:48241 | jazz-units:UnitData/RebelSergeant_Immortal_M1.lua:22
890000000000838,Советник,Советник,,jazz-units:items.lua:43171 | jazz-units:UnitData/JAZZ_Legion_LeaderT3_Captain.lua:22
890000000001129,Наемник снайпер,Наемник снайпер,,jazz-units:items.lua:41438 | jazz-units:UnitData/JAZZ_Legion_FrontT4_MercenarySniper.lua:22
890000000001130,Снайпер,Снайпер,,jazz-units:items.lua:41191 | jazz-units:UnitData/JAZZ_Legion_FrontT3_Sniper.lua:21
890000000001279,Наемник,Наемник,,jazz-units:items.lua:41297 | jazz-units:UnitData/JAZZ_Legion_FrontT4_Mercenary.lua:22
890000000001280,Ветеран,Ветеран,,jazz-units:items.lua:41060 | jazz-units:UnitData/JAZZ_Legion_FrontT3_Veteran.lua:22
890000000001343,Тяжелые штурмовики Легиона,Тяжелые штурмовики Легиона,,jazz-units:items.lua:55485
890000000001347,Диверсант,Диверсант,,jazz-units:items.lua:49132 | jazz-units:UnitData/RebelFlanker.lua:22
890000000001348,Разведчик,Разведчик,,jazz-units:items.lua:42017 | jazz-units:UnitData/JAZZ_Legion_FlankerT3_Recon.lua:22
890000000001448,Legion Recon,Разведка Легиона,,jazz-units:items.lua
890000000001449,Legion Patrol,Патруль Легиона,,jazz-units:items.lua
890000000001450,Legion Convoy,Конвой Легиона,,jazz-units:items.lua
890000000001451,Legion Garrison,Гарнизон Легиона,,jazz-units:items.lua
890000000001643,Новобранец,Новобранец,,jazz-units:items.lua | jazz-units:UnitData/JAZZ_Legion_Recruit.lua
890000000001650,<first> <last>,<first> <last>,,jazz-units:Code/EliteEnemyNamesFuncs.lua
890000000001702,Тревор Колби,Тревор Колби,,jazz:CharacterEffect/Jazz_Perk_Colby.lua | jazz-units:UnitData/Jazz_Colby.lua
890000000001703,Колби,Колби,,jazz:CharacterEffect/Jazz_Perk_Colby.lua | jazz-units:UnitData/Jazz_Colby.lua
890000000001704,КОЛБИ,КОЛБИ,,jazz:CharacterEffect/Jazz_Perk_Colby.lua | jazz-units:UnitData/Jazz_Colby.lua
890000000001705,"Боевой подрывник и ловушечник AIM. Жёсткие физикалы (кроме силы и подвижности), 99 механики, 88 взрывчатки. Дружит с Тором, не ладит с Фиделем; не любит американцев в отряде.","Боевой подрывник и ловушечник AIM. Жёсткие физикалы (кроме силы и подвижности), 99 механики, 88 взрывчатки. Дружит с Тором, не ладит с Фиделем; не любит американцев в отряде.",,jazz:CharacterEffect/Jazz_Perk_Colby.lua | jazz-units:UnitData/Jazz_Colby.lua
890000000001706,Ловушечник,Ловушечник,,jazz:CharacterEffect/Jazz_Perk_Colby.lua | jazz-units:UnitData/Jazz_Colby.lua
890000000001707,Colby@aim.com,Colby@aim.com,,jazz:CharacterEffect/Jazz_Perk_Colby.lua | jazz-units:UnitData/Jazz_Colby.lua
890000000001708,tripwire,tripwire,,jazz:CharacterEffect/Jazz_Perk_Colby.lua | jazz-units:UnitData/Jazz_Colby.lua
890000000001709,"Извини, пацан, но я лучше буду работать в саду у мамани, чем вместе с этим падлой Фиделем.","Извини, пацан, но я лучше буду работать в саду у мамани, чем вместе с этим падлой Фиделем.",,jazz:CharacterEffect/Jazz_Perk_Colby.lua | jazz-units:UnitData/Jazz_Colby.lua
890000000001710,"Угу, может, ещё и гроб заказать? Извини, подвинься!","Угу, может, ещё и гроб заказать? Извини, подвинься!",,jazz:CharacterEffect/Jazz_Perk_Colby.lua | jazz-units:UnitData/Jazz_Colby.lua
890000000001711,"Без проблем, позвоните мне, когда разбогатеете. Просто сейчас я вам не по карману.","Без проблем, позвоните мне, когда разбогатеете. Просто сейчас я вам не по карману.",,jazz:CharacterEffect/Jazz_Perk_Colby.lua | jazz-units:UnitData/Jazz_Colby.lua
890000000001712,"Американцы в отряде… Ладно, но надбавка за нервы.","Американцы в отряде… Ладно, но надбавка за нервы.",,jazz:CharacterEffect/Jazz_Perk_Colby.lua | jazz-units:UnitData/Jazz_Colby.lua
890000000001713,"Я немного сомневаюсь по поводу дельца, тёмное оно… Но раз Тор с вами — я согласен.","Я немного сомневаюсь по поводу дельца, тёмное оно… Но раз Тор с вами — я согласен.",,jazz:CharacterEffect/Jazz_Perk_Colby.lua | jazz-units:UnitData/Jazz_Colby.lua
890000000001714,Если нужен ещё один спокойный спец — берите Тора.,Если нужен ещё один спокойный спец — берите Тора.,,jazz:CharacterEffect/Jazz_Perk_Colby.lua | jazz-units:UnitData/Jazz_Colby.lua
890000000001715,Как дела? Тревор и Шейла не могут подойти к телефону. Они пошли на пляж. Оставьте сообщение.,Как дела? Тревор и Шейла не могут подойти к телефону. Они пошли на пляж. Оставьте сообщение.,,jazz:CharacterEffect/Jazz_Perk_Colby.lua | jazz-units:UnitData/Jazz_Colby.lua
890000000001716,Говорит Тревор Колби. Как дела?,Говорит Тревор Колби. Как дела?,,jazz:CharacterEffect/Jazz_Perk_Colby.lua | jazz-units:UnitData/Jazz_Colby.lua
890000000001717,"Я сказал, что…","Я сказал, что…",,jazz:CharacterEffect/Jazz_Perk_Colby.lua | jazz-units:UnitData/Jazz_Colby.lua
890000000001718,"Если вам нужен механик, лучше меня вы не найдёте. Ну я так думаю.","Если вам нужен механик, лучше меня вы не найдёте. Ну я так думаю.",,jazz:CharacterEffect/Jazz_Perk_Colby.lua | jazz-units:UnitData/Jazz_Colby.lua
890000000001719,"Думаю, я попробую — во мне можете быть уверены.","Думаю, я попробую — во мне можете быть уверены.",,jazz:CharacterEffect/Jazz_Perk_Colby.lua | jazz-units:UnitData/Jazz_Colby.lua
890000000001720,Спросить хотел: мы ещё на один срок подписываемся или нет? Я не прочь ещё врага покрошить.,Спросить хотел: мы ещё на один срок подписываемся или нет? Я не прочь ещё врага покрошить.,,jazz:CharacterEffect/Jazz_Perk_Colby.lua | jazz-units:UnitData/Jazz_Colby.lua
890000000001721,"Принимаю. Как вы со мной, так и я с вами. Всё по-честному.","Принимаю. Как вы со мной, так и я с вами. Всё по-честному.",,jazz:CharacterEffect/Jazz_Perk_Colby.lua | jazz-units:UnitData/Jazz_Colby.lua
890000000001722,Колби!,Колби!,,jazz-units:VoiceResponse Jazz_Colby Selection
890000000001723,Да?,Да?,,jazz-units:VoiceResponse Jazz_Colby Selection
890000000001724,Слушаю.,Слушаю.,,jazz-units:VoiceResponse Jazz_Colby Selection
890000000001725,Тихо…,Тихо…,,jazz-units:VoiceResponse Jazz_Colby SelectionStealth
890000000001726,"Тише, пацан…","Тише, пацан…",,jazz-units:VoiceResponse Jazz_Colby SelectionStealth
890000000001727,На цыпочках.,На цыпочках.,,jazz-units:VoiceResponse Jazz_Colby SelectionStealth
890000000001728,Есть.,Есть.,,jazz-units:VoiceResponse Jazz_Colby Order
890000000001729,Понял.,Понял.,,jazz-units:VoiceResponse Jazz_Colby Order
890000000001730,Сделаю.,Сделаю.,,jazz-units:VoiceResponse Jazz_Colby Order
890000000001731,"Иду, е-мое.","Иду, е-мое.",,jazz-units:VoiceResponse Jazz_Colby Order
890000000001732,Лады.,Лады.,,jazz-units:VoiceResponse Jazz_Colby Order
890000000001733,Иду.,Иду.,,jazz-units:items.lua:116800
890000000001734,Перемещаюсь.,Перемещаюсь.,,jazz-units:items.lua:116801
890000000001735,Двигаюсь.,Двигаюсь.,,jazz-units:items.lua:116802
890000000001736,Крадусь.,Крадусь.,,jazz-units:items.lua:116805
890000000001737,Тихо иду.,Тихо иду.,,jazz-units:items.lua:116806
890000000001738,"Без шума, е-мое.","Без шума, е-мое.",,jazz-units:items.lua:116807
890000000001739,С вами.,С вами.,,jazz-units:items.lua:116843
890000000001740,"Я тоже, е-мое.","Я тоже, е-мое.",,jazz-units:items.lua:116844
890000000001741,"С вами, пацаны.","С вами, пацаны.",,jazz-units:items.lua:116845
890000000001742,Держу на мушке.,Держу на мушке.,,jazz-units:items.lua:116760
890000000001743,"Сейчас жарко будет, е-мое.","Сейчас жарко будет, е-мое.",,jazz-units:items.lua:116761
890000000001744,"Держись, падла.","Держись, падла.",,jazz-units:items.lua:116762
890000000001745,Тихо сниму…,Тихо сниму…,,jazz-units:items.lua:116765
890000000001746,Без шума уберу.,Без шума уберу.,,jazz-units:items.lua:116766
890000000001747,"Никаких проблем, только вряд ли я туда попаду отсюда!","Никаких проблем, только вряд ли я туда попаду отсюда!",,jazz-units:items.lua:116769
890000000001748,Это полная задница.,Это полная задница.,,jazz-units:items.lua:116772
890000000001749,Вижу их!,Вижу их!,,jazz-units:items.lua:116897
890000000001750,Вон они. Я их вижу!,Вон они. Я их вижу!,,jazz-units:items.lua:116898
890000000001751,Враги!,Враги!,,jazz-units:items.lua:116899
890000000001752,Задница!,Задница!,,jazz-units:items.lua:116878
890000000001753,"Попал, попал, е-мое!","Попал, попал, е-мое!",,jazz-units:items.lua:116902
890000000001754,"Готово, е-мое.","Готово, е-мое.",,jazz-units:items.lua:116903
890000000001755,"Ещё один, падла.","Ещё один, падла.",,jazz-units:items.lua:116904
890000000001756,"Вот тебе в задницу, е-мое!","Вот тебе в задницу, е-мое!",,jazz-units:items.lua:116905
890000000001757,Попал!,Попал!,,jazz-units:items.lua:116906
890000000001758,"Еклмн, патроны кончились.","Еклмн, патроны кончились.",,jazz-units:items.lua:116891
890000000001759,"Патроны на исходе, е-мое!","Патроны на исходе, е-мое!",,jazz-units:items.lua:116775
890000000001760,"Ничего, ничего… только моя пушка заклинила!","Ничего, ничего… только моя пушка заклинила!",,jazz-units:items.lua:116970
890000000001761,"Еклмн… Надо подождать, и эта штука заработает.","Еклмн… Надо подождать, и эта штука заработает.",,jazz-units:items.lua:116967
890000000001762,"Снаряжение, е-мое! Да это кусок дерьма!","Снаряжение, е-мое! Да это кусок дерьма!",,jazz-units:items.lua:116865
890000000001763,(боль),(боль),,jazz-units:items.lua:116922
890000000001764,(боль),(боль),,jazz-units:items.lua:116923
890000000001765,(боль),(боль),,jazz-units:items.lua:116924
890000000001766,В меня попали… е-мое…,В меня попали… е-мое…,,jazz-units:items.lua:116973
890000000001767,"Досталось мне, падла.","Досталось мне, падла.",,jazz-units:items.lua:116974
890000000001768,"Ну е-мое, перевязать бы меня…","Ну е-мое, перевязать бы меня…",,jazz-units:items.lua:116943
890000000001769,Меня… подбили…,Меня… подбили…,,jazz-units:items.lua:116834
890000000001770,"Бьют как, херы!","Бьют как, херы!",,jazz-units:items.lua:116949
890000000001771,Херово чего-то мне…,Херово чего-то мне…,,jazz-units:items.lua:116851
890000000001772,"Готов к выполнению задания, е-мое.","Готов к выполнению задания, е-мое.",,jazz-units:items.lua:116813
890000000001773,"Меня заметили, е-мое!","Меня заметили, е-мое!",,jazz-units:items.lua:116810
890000000001774,"Е-мое! Все, врагов больше нет!","Е-мое! Все, врагов больше нет!",,jazz-units:items.lua:116797
890000000001775,"Там эти кругом… Поостерегись, пацан.","Там эти кругом… Поостерегись, пацан.",,jazz-units:items.lua:116791
890000000001776,Эти хрены убрались восвояси.,Эти хрены убрались восвояси.,,jazz-units:items.lua:116794
890000000001777,"Чёрт, е-мое…","Чёрт, е-мое…",,jazz-units:items.lua:116828
890000000001778,"Ну, е-мое, Тор… Спи спокойно, коротышка.","Ну, е-мое, Тор… Спи спокойно, коротышка.",,jazz-units:items.lua:116825
890000000001779,"Фидель, е-мое, такая тупая задница.","Фидель, е-мое, такая тупая задница.",,jazz-units:items.lua:116888
890000000001780,"Ну не е-ли-мое-ли? Я же говорил, Тор пацан что надо!","Ну не е-ли-мое-ли? Я же говорил, Тор пацан что надо!",,jazz-units:items.lua:116927
890000000001781,Оп-па! Не зря я упирался!,Оп-па! Не зря я упирался!,,jazz-units:items.lua:116871
890000000001782,"Жду, пацаны.","Жду, пацаны.",,jazz-units:items.lua:116857
890000000001783,Американцы. Лохи вялые.,Американцы. Лохи вялые.,,jazz-units:items.lua:116858
890000000001784,(смех),(смех),,jazz-units:items.lua:116859
890000000001785,Прячусь…,Прячусь…,,jazz-units:items.lua:116784
890000000001786,"Меня не видно, е-мое.","Меня не видно, е-мое.",,jazz-units:items.lua:116785
890000000001787,"Эй, пацаны… здесь не ходите.","Эй, пацаны… здесь не ходите.",,jazz-units:items.lua:116881
890000000001788,Эгеге… похоже здесь опасность!,Эгеге… похоже здесь опасность!,,jazz-units:items.lua:116882
890000000001789,Дверь закрыта.,Дверь закрыта.,,jazz-units:items.lua:116831
890000000001790,Это ещё что?,Это ещё что?,,jazz-units:items.lua:116874
890000000001791,Это что за..?,Это что за..?,,jazz-units:items.lua:116875
890000000001792,Е-мое! Отлично!,Е-мое! Отлично!,,jazz-units:items.lua:116964
890000000001793,Интересно…,Интересно…,,jazz-units:items.lua:116862
890000000001794,"Спать надо, спать.","Спать надо, спать.",,jazz-units:items.lua:116961
890000000001795,Посплю-ка я…,Посплю-ка я…,,jazz-units:items.lua:116837
890000000001796,(пыхтит),(пыхтит),,jazz-units:items.lua:116854
890000000001797,"Эй, пацан, конец пути.","Эй, пацан, конец пути.",,jazz-units:items.lua:116930
890000000001798,Задание выполнено! Хочу что-нибудь сделать.,Задание выполнено! Хочу что-нибудь сделать.,,jazz-units:items.lua:116757
890000000001799,Я тебе не игрушечный солдатик. Не буду делать!,Я тебе не игрушечный солдатик. Не буду делать!,,jazz-units:items.lua:116894
890000000001802,Билл «Бритва» Ламонт,Билл «Бритва» Ламонт,,jazz:CharacterEffect/Jazz_Perk_Blade.lua | jazz-units:UnitData/Jazz_Blade.lua
890000000001803,Бритва,Бритва,,jazz:CharacterEffect/Jazz_Perk_Blade.lua | jazz-units:UnitData/Jazz_Blade.lua
890000000001804,БРИТВА,БРИТВА,,jazz:CharacterEffect/Jazz_Perk_Blade.lua | jazz-units:UnitData/Jazz_Blade.lua
890000000001805,"Бриллиант среди MERC. Статы 80–90, навыки около нуля — но в ноже «патроны» не кончаются. Псих, обожает резню в ближнем бою и не признаёт огнестрел серьёзным аргументом. Дружит с Фиделем и Нервным (родственные безумцы); не любит Бифа и Фло; презирает местных Арулько.","Бриллиант среди MERC. Статы 80–90, навыки около нуля — но в ноже «патроны» не кончаются. Псих, обожает резню в ближнем бою и не признаёт огнестрел серьёзным аргументом. Дружит с Фиделем и Нервным (родственные безумцы); не любит Бифа и Фло; презирает местных Арулько.",,jazz:CharacterEffect/Jazz_Perk_Blade.lua | jazz-units:UnitData/Jazz_Blade.lua
890000000001806,Нож не кончается,Нож не кончается,,jazz:CharacterEffect/Jazz_Perk_Blade.lua | jazz-units:UnitData/Jazz_Blade.lua
890000000001807,Blade@merc.com,Blade@merc.com,,jazz:CharacterEffect/Jazz_Perk_Blade.lua | jazz-units:UnitData/Jazz_Blade.lua
890000000001808,sharpstuff,sharpstuff,,jazz:CharacterEffect/Jazz_Perk_Blade.lua | jazz-units:UnitData/Jazz_Blade.lua
890000000001809,Слишком много наших полегло. Даже мне это не по вкусу.,Слишком много наших полегло. Даже мне это не по вкусу.,,jazz:CharacterEffect/Jazz_Perk_Blade.lua | jazz-units:UnitData/Jazz_Blade.lua
890000000001810,За такие копейки я лучше дома ножи точить буду.,За такие копейки я лучше дома ножи точить буду.,,jazz:CharacterEffect/Jazz_Perk_Blade.lua | jazz-units:UnitData/Jazz_Blade.lua
890000000001811,У тебя тут одни местные. Скучно и опасно — доплати.,У тебя тут одни местные. Скучно и опасно — доплати.,,jazz:CharacterEffect/Jazz_Perk_Blade.lua | jazz-units:UnitData/Jazz_Blade.lua
890000000001812,"О, Нервный/Фидель уже здесь? Тогда не откажусь, будет весело.","О, Нервный/Фидель уже здесь? Тогда не откажусь, будет весело.",,jazz:CharacterEffect/Jazz_Perk_Blade.lua | jazz-units:UnitData/Jazz_Blade.lua
890000000001813,Хочешь ещё психа в команду — зови Фиделя.,Хочешь ещё психа в команду — зови Фиделя.,,jazz:CharacterEffect/Jazz_Perk_Blade.lua | jazz-units:UnitData/Jazz_Blade.lua
890000000001814,"Бритва занят — режет. Оставь сообщение, если жить надоело.","Бритва занят — режет. Оставь сообщение, если жить надоело.",,jazz:CharacterEffect/Jazz_Perk_Blade.lua | jazz-units:UnitData/Jazz_Blade.lua
890000000001815,Чо надо? Резать будем?,Чо надо? Резать будем?,,jazz:CharacterEffect/Jazz_Perk_Blade.lua | jazz-units:UnitData/Jazz_Blade.lua
890000000001816,"Связь прервалась. Ну, продолжай, а то нож стынет.","Связь прервалась. Ну, продолжай, а то нож стынет.",,jazz:CharacterEffect/Jazz_Perk_Blade.lua | jazz-units:UnitData/Jazz_Blade.lua
890000000001817,Ножницы тупые — ножи нет. Двигай давай.,Ножницы тупые — ножи нет. Двигай давай.,,jazz:CharacterEffect/Jazz_Perk_Blade.lua | jazz-units:UnitData/Jazz_Blade.lua
890000000001818,"Я уже в пути, хе-хе. Кто-то там не доживёт до утра.","Я уже в пути, хе-хе. Кто-то там не доживёт до утра.",,jazz:CharacterEffect/Jazz_Perk_Blade.lua | jazz-units:UnitData/Jazz_Blade.lua
890000000001819,Контракт горит. Продлеваем или мне точить нож на кого-то другого?,Контракт горит. Продлеваем или мне точить нож на кого-то другого?,,jazz:CharacterEffect/Jazz_Perk_Blade.lua | jazz-units:UnitData/Jazz_Blade.lua
890000000001820,Остаюсь. Ещё не всех порезал.,Остаюсь. Ещё не всех порезал.,,jazz:CharacterEffect/Jazz_Perk_Blade.lua | jazz-units:UnitData/Jazz_Blade.lua
890000000001821,Бритва на связи.,Бритва на связи.,,jazz-units:items.lua:71780
890000000001822,Ближе... ближе...,Ближе... ближе...,,jazz-units:items.lua:71749
890000000001823,Порежу на ленточки.,Порежу на ленточки.,,jazz-units:items.lua:71750
890000000001824,Чисто прошёл.,Чисто прошёл.,,jazz-units:items.lua:71774
890000000001825,Не тот нож взял...,Не тот нож взял...,,jazz-units:items.lua:71759
890000000001826,"Зацепили, гады!","Зацепили, гады!",,jazz-units:items.lua:71762
890000000001827,"О, наконец-то!","О, наконец-то!",,jazz-units:items.lua:71756
890000000001828,Острее не бывает.,Острее не бывает.,,jazz-units:items.lua:71768
890000000001829,Нож не кончается — но патроны да.,Нож не кончается — но патроны да.,,jazz-units:items.lua:71753
890000000001830,Ну где веселье?,Ну где веселье?,,jazz-units:items.lua:71765
890000000001831,Опять этот зануда рядом.,Опять этот зануда рядом.,,jazz-units:items.lua:71771
890000000001832,Хорошая компания подобралась.,Хорошая компания подобралась.,,jazz-units:items.lua:71777
890000000001902,Айра Смит,Айра Смит,,jazz:CharacterEffect/Jazz_Perk_Ira.lua | jazz-units:UnitData/Jazz_Ira.lua
890000000001903,Айра,Айра,,jazz:CharacterEffect/Jazz_Perk_Ira.lua | jazz-units:UnitData/Jazz_Ira.lua
890000000001904,АЙРА,АЙРА,,jazz:CharacterEffect/Jazz_Perk_Ira.lua | jazz-units:UnitData/Jazz_Ira.lua
890000000001905,"Слабые боевые статы и меткость 55, но для ополченцев Арулько — живой бог: любой встреченный ею новобранец учится быстрее. Leadership низкий на старте, компенсируется именным перком и статусом Locals. Дружит с Мигелем, Карлосом и Димитрием (местное сопротивление); не любит Злобного; не умеет плавать (флейвор, без игровой механики).","Слабые боевые статы и меткость 55, но для ополченцев Арулько — живой бог: любой встреченный ею новобранец учится быстрее. Leadership низкий на старте, компенсируется именным перком и статусом Locals. Дружит с Мигелем, Карлосом и Димитрием (местное сопротивление); не любит Злобного; не умеет плавать (флейвор, без игровой механики).",,jazz:CharacterEffect/Jazz_Perk_Ira.lua | jazz-units:UnitData/Jazz_Ira.lua
890000000001906,Царица ополчения,Царица ополчения,,jazz:CharacterEffect/Jazz_Perk_Ira.lua | jazz-units:UnitData/Jazz_Ira.lua
890000000001907,Ira@arulco.reb,Ira@arulco.reb,,jazz:CharacterEffect/Jazz_Perk_Ira.lua | jazz-units:UnitData/Jazz_Ira.lua
890000000001908,givegun,givegun,,jazz:CharacterEffect/Jazz_Perk_Ira.lua | jazz-units:UnitData/Jazz_Ira.lua
890000000001909,Пока Злобный у вас — я в отряд не пойду. Он моих людей пугает.,Пока Злобный у вас — я в отряд не пойду. Он моих людей пугает.,,jazz:CharacterEffect/Jazz_Perk_Ira.lua | jazz-units:UnitData/Jazz_Ira.lua
890000000001910,"Раз кто-то из наших уже с вами — значит, вам можно доверять. Согласна.","Раз кто-то из наших уже с вами — значит, вам можно доверять. Согласна.",,jazz:CharacterEffect/Jazz_Perk_Ira.lua | jazz-units:UnitData/Jazz_Ira.lua
890000000001911,"Найдёте Мигеля, Карлоса или Димитрия — берите не думая, это наши лучшие люди.","Найдёте Мигеля, Карлоса или Димитрия — берите не думая, это наши лучшие люди.",,jazz:CharacterEffect/Jazz_Perk_Ira.lua | jazz-units:UnitData/Jazz_Ira.lua
890000000001912,Айра. Если это про пулемёт для ребят — говорите после сигнала.,Айра. Если это про пулемёт для ребят — говорите после сигнала.,,jazz:CharacterEffect/Jazz_Perk_Ira.lua | jazz-units:UnitData/Jazz_Ira.lua
890000000001913,Ну? Пулемёта дашь или опять только советы?,Ну? Пулемёта дашь или опять только советы?,,jazz:CharacterEffect/Jazz_Perk_Ira.lua | jazz-units:UnitData/Jazz_Ira.lua
890000000001914,Связь прервалась. Ополчение ждать не будет — давай к делу.,Связь прервалась. Ополчение ждать не будет — давай к делу.,,jazz:CharacterEffect/Jazz_Perk_Ira.lua | jazz-units:UnitData/Jazz_Ira.lua
890000000001915,"Война идёт — не мешкай, у меня люди на позициях.","Война идёт — не мешкай, у меня люди на позициях.",,jazz:CharacterEffect/Jazz_Perk_Ira.lua | jazz-units:UnitData/Jazz_Ira.lua
890000000001916,"Беру своих ребят и иду. Только скажи, где стрелять.","Беру своих ребят и иду. Только скажи, где стрелять.",,jazz:CharacterEffect/Jazz_Perk_Ira.lua | jazz-units:UnitData/Jazz_Ira.lua
890000000001917,Контракт заканчивается. Сектор ещё не спокоен — продлеваем?,Контракт заканчивается. Сектор ещё не спокоен — продлеваем?,,jazz:CharacterEffect/Jazz_Perk_Ira.lua | jazz-units:UnitData/Jazz_Ira.lua
890000000001918,Остаюсь. Мои люди меня одну не отпустят.,Остаюсь. Мои люди меня одну не отпустят.,,jazz:CharacterEffect/Jazz_Perk_Ira.lua | jazz-units:UnitData/Jazz_Ira.lua
890000000001919,Айра здесь.,Айра здесь.,,jazz-units:items.lua:71979
890000000001920,За Арулько!,За Арулько!,,jazz-units:items.lua:71948
890000000001921,Держим позицию.,Держим позицию.,,jazz-units:items.lua:71949
890000000001922,Один меньше.,Один меньше.,,jazz-units:items.lua:71973
890000000001923,"Простите, ребята...","Простите, ребята...",,jazz-units:items.lua:71958
890000000001924,Меня ранили — прикройте!,Меня ранили — прикройте!,,jazz-units:items.lua:71961
890000000001925,К оружию!,К оружию!,,jazz-units:items.lua:71955
890000000001926,Учусь на ходу.,Учусь на ходу.,,jazz-units:items.lua:71967
890000000001927,Патроны на исходе!,Патроны на исходе!,,jazz-units:items.lua:71952
890000000001928,Жду сигнала.,Жду сигнала.,,jazz-units:items.lua:71964
890000000001929,Хоть бы Злобного тут не было.,Хоть бы Злобного тут не было.,,jazz-units:items.lua:71970
890000000001930,Рада драться рядом со своими.,Рада драться рядом со своими.,,jazz-units:items.lua:71976
890000000002002,Димитрий Газзо,Димитрий Газзо,,jazz:CharacterEffect/Jazz_Perk_Dimitri.lua | jazz-units:UnitData/Jazz_Dimitri.lua
890000000002003,Димитрий,Димитрий,,jazz:CharacterEffect/Jazz_Perk_Dimitri.lua | jazz-units:UnitData/Jazz_Dimitri.lua
890000000002004,ДИМИТРИЙ,ДИМИТРИЙ,,jazz:CharacterEffect/Jazz_Perk_Dimitri.lua | jazz-units:UnitData/Jazz_Dimitri.lua
890000000002005,"Статы под 70, ловкость 50, механика 71. Забывчивый — может остановиться посреди хода и переспросить, куда шёл. Дружит с Мигелем и Карлосом; недолюбливает Ротмана за высокомерие. Крафтит и точит собственные метательные ножи — бонус к ведущему навыку броска.","Статы под 70, ловкость 50, механика 71. Забывчивый — может остановиться посреди хода и переспросить, куда шёл. Дружит с Мигелем и Карлосом; недолюбливает Ротмана за высокомерие. Крафтит и точит собственные метательные ножи — бонус к ведущему навыку броска.",,jazz:CharacterEffect/Jazz_Perk_Dimitri.lua | jazz-units:UnitData/Jazz_Dimitri.lua
890000000002006,Я забыл опять,Я забыл опять,,jazz:CharacterEffect/Jazz_Perk_Dimitri.lua | jazz-units:UnitData/Jazz_Dimitri.lua
890000000002007,Dima@arulco.reb,Dima@arulco.reb,,jazz:CharacterEffect/Jazz_Perk_Dimitri.lua | jazz-units:UnitData/Jazz_Dimitri.lua
890000000002008,forgotagain,forgotagain,,jazz:CharacterEffect/Jazz_Perk_Dimitri.lua | jazz-units:UnitData/Jazz_Dimitri.lua
890000000002009,"Пока Ротман у вас — извини, нет. Он на местных смотрит свысока.","Пока Ротман у вас — извини, нет. Он на местных смотрит свысока.",,jazz:CharacterEffect/Jazz_Perk_Dimitri.lua | jazz-units:UnitData/Jazz_Dimitri.lua
890000000002010,"О, Мигель или Карлос уже здесь? Тогда я спокоен, иду.","О, Мигель или Карлос уже здесь? Тогда я спокоен, иду.",,jazz:CharacterEffect/Jazz_Perk_Dimitri.lua | jazz-units:UnitData/Jazz_Dimitri.lua
890000000002011,Если найдёте Мигеля или Карлоса — берите. С ними я работаю лучше.,Если найдёте Мигеля или Карлоса — берите. С ними я работаю лучше.,,jazz:CharacterEffect/Jazz_Perk_Dimitri.lua | jazz-units:UnitData/Jazz_Dimitri.lua
890000000002012,"Дима... э-э... перезвоните. Я забыл, зачем мне телефон.","Дима... э-э... перезвоните. Я забыл, зачем мне телефон.",,jazz:CharacterEffect/Jazz_Perk_Dimitri.lua | jazz-units:UnitData/Jazz_Dimitri.lua
890000000002013,А? Это я. Димитрий. Кажется. Работа есть?,А? Это я. Димитрий. Кажется. Работа есть?,,jazz:CharacterEffect/Jazz_Perk_Dimitri.lua | jazz-units:UnitData/Jazz_Dimitri.lua
890000000002014,"Стоп, о чём мы говорили? А, точно — вернёмся к делу.","Стоп, о чём мы говорили? А, точно — вернёмся к делу.",,jazz:CharacterEffect/Jazz_Perk_Dimitri.lua | jazz-units:UnitData/Jazz_Dimitri.lua
890000000002015,"Стой... куда я шёл? А, точно, помогать тебе.","Стой... куда я шёл? А, точно, помогать тебе.",,jazz:CharacterEffect/Jazz_Perk_Dimitri.lua | jazz-units:UnitData/Jazz_Dimitri.lua
890000000002016,"Так, ножи с собой... вроде все. Иду.","Так, ножи с собой... вроде все. Иду.",,jazz:CharacterEffect/Jazz_Perk_Dimitri.lua | jazz-units:UnitData/Jazz_Dimitri.lua
890000000002017,"Контракт заканчивается. Продлеваем, или я опять забуду, где мои ножи?","Контракт заканчивается. Продлеваем, или я опять забуду, где мои ножи?",,jazz:CharacterEffect/Jazz_Perk_Dimitri.lua | jazz-units:UnitData/Jazz_Dimitri.lua
890000000002018,"Остаюсь. Ножи точить веселее, когда есть цель.","Остаюсь. Ножи точить веселее, когда есть цель.",,jazz:CharacterEffect/Jazz_Perk_Dimitri.lua | jazz-units:UnitData/Jazz_Dimitri.lua
890000000002019,"Димитрий! Э-э, да, я тут.","Димитрий! Э-э, да, я тут.",,jazz-units:items.lua:72177
890000000002020,"Куда я его дел... а, вот!","Куда я его дел... а, вот!",,jazz-units:items.lua:72146
890000000002021,Летит!,Летит!,,jazz-units:items.lua:72147
890000000002022,Попал! Даже сам не ожидал.,Попал! Даже сам не ожидал.,,jazz-units:items.lua:72171
890000000002023,Забыл пригнуться...,Забыл пригнуться...,,jazz-units:items.lua:72153
890000000002024,Меня зацепило! Кто меня подстрелил?,Меня зацепило! Кто меня подстрелил?,,jazz-units:items.lua:72156
890000000002025,"О! Бой! Погодите, я готов?","О! Бой! Погодите, я готов?",,jazz-units:items.lua:72150
890000000002026,"Кажется, я что-то запомнил на этот раз.","Кажется, я что-то запомнил на этот раз.",,jazz-units:items.lua:72162
890000000002027,Ножи кончились!,Ножи кончились!,,jazz-units:items.lua:72168
890000000002028,А что я должен делать?,А что я должен делать?,,jazz-units:items.lua:72159
890000000002029,Опять этот Ротман бы поворчал.,Опять этот Ротман бы поворчал.,,jazz-units:items.lua:72165
890000000002030,"Хорошо, что свои рядом.","Хорошо, что свои рядом.",,jazz-units:items.lua:72174
890000000002102,Кевин «Бешеный» Камерон,Кевин «Бешеный» Камерон,,jazz:CharacterEffect/Jazz_Perk_Madman.lua | jazz-units:UnitData/Jazz_Madman.lua
890000000002103,Бешеный,Бешеный,,jazz:CharacterEffect/Jazz_Perk_Madman.lua | jazz-units:UnitData/Jazz_Madman.lua
890000000002104,БЕШЕНЫЙ,БЕШЕНЫЙ,,jazz:CharacterEffect/Jazz_Perk_Madman.lua | jazz-units:UnitData/Jazz_Madman.lua
890000000002105,"Алмаз среди местных: физикалы за 90, механика 68, псих без страха. Клеится к Лиске при каждом удобном случае. После кампании в Арулько готов уйти в MERC — дёшево, лишь бы была движуха и техника под рукой.","Алмаз среди местных: физикалы за 90, механика 68, псих без страха. Клеится к Лиске при каждом удобном случае. После кампании в Арулько готов уйти в MERC — дёшево, лишь бы была движуха и техника под рукой.",,jazz:CharacterEffect/Jazz_Perk_Madman.lua | jazz-units:UnitData/Jazz_Madman.lua
890000000002106,Ржавый бампер,Ржавый бампер,,jazz:CharacterEffect/Jazz_Perk_Madman.lua | jazz-units:UnitData/Jazz_Madman.lua
890000000002107,Madman@merc.com,Madman@merc.com,,jazz:CharacterEffect/Jazz_Perk_Madman.lua | jazz-units:UnitData/Jazz_Madman.lua
890000000002108,bumper,bumper,,jazz:CharacterEffect/Jazz_Perk_Madman.lua | jazz-units:UnitData/Jazz_Madman.lua
890000000002109,"О, Лиска с вами? Ну тогда я точно остаюсь, хе-хе.","О, Лиска с вами? Ну тогда я точно остаюсь, хе-хе.",,jazz:CharacterEffect/Jazz_Perk_Madman.lua | jazz-units:UnitData/Jazz_Madman.lua
890000000002110,"Если увидите Лиску — скажите, что Бешеный спрашивал.","Если увидите Лиску — скажите, что Бешеный спрашивал.",,jazz:CharacterEffect/Jazz_Perk_Madman.lua | jazz-units:UnitData/Jazz_Madman.lua
890000000002111,"Бешеный не берёт трубку — он ею бьёт. Перезвони, если не боишься.","Бешеный не берёт трубку — он ею бьёт. Перезвони, если не боишься.",,jazz:CharacterEffect/Jazz_Perk_Madman.lua | jazz-units:UnitData/Jazz_Madman.lua
890000000002112,"Да я лучше бампером всех перемочу! Ну, есть дело или как?","Да я лучше бампером всех перемочу! Ну, есть дело или как?",,jazz:CharacterEffect/Jazz_Perk_Madman.lua | jazz-units:UnitData/Jazz_Madman.lua
890000000002113,"Ты пропал, а я тут заскучал. Продолжай давай.","Ты пропал, а я тут заскучал. Продолжай давай.",,jazz:CharacterEffect/Jazz_Perk_Madman.lua | jazz-units:UnitData/Jazz_Madman.lua
890000000002114,Ну где драка? Мне бы уже кого-то стукнуть.,Ну где драка? Мне бы уже кого-то стукнуть.,,jazz:CharacterEffect/Jazz_Perk_Madman.lua | jazz-units:UnitData/Jazz_Madman.lua
890000000002115,Ха! Поехали крушить. Дёшево и сердито — лишь бы весело было.,Ха! Поехали крушить. Дёшево и сердито — лишь бы весело было.,,jazz:CharacterEffect/Jazz_Perk_Madman.lua | jazz-units:UnitData/Jazz_Madman.lua
890000000002116,"Контракт заканчивается — продлеваем, или сам пойду кого-нибудь чинить?","Контракт заканчивается — продлеваем, или сам пойду кого-нибудь чинить?",,jazz:CharacterEffect/Jazz_Perk_Madman.lua | jazz-units:UnitData/Jazz_Madman.lua
890000000002117,Остаюсь. Тут ещё есть что чинить и кого бить.,Остаюсь. Тут ещё есть что чинить и кого бить.,,jazz:CharacterEffect/Jazz_Perk_Madman.lua | jazz-units:UnitData/Jazz_Madman.lua
890000000002118,Бешеный готов крушить!,Бешеный готов крушить!,,jazz-units:items.lua:72351
890000000002119,А ну иди сюда!,А ну иди сюда!,,jazz-units:items.lua:72323
890000000002120,Бампером по башке!,Бампером по башке!,,jazz-units:items.lua:72324
890000000002121,Красота!,Красота!,,jazz-units:items.lua:72345
890000000002122,Не так я хотел кончить...,Не так я хотел кончить...,,jazz-units:items.lua:72330
890000000002123,"Меня приложило! Ха, но норм!","Меня приложило! Ха, но норм!",,jazz-units:items.lua:72333
890000000002124,ДА! Наконец-то!,ДА! Наконец-то!,,jazz-units:items.lua:72327
890000000002125,Ещё крепче стал!,Ещё крепче стал!,,jazz-units:items.lua:72339
890000000002126,Патроны? Кому они нужны!,Патроны? Кому они нужны!,,jazz-units:items.lua:72342
890000000002127,Скучно! Дай мне что-нибудь сломать.,Скучно! Дай мне что-нибудь сломать.,,jazz-units:items.lua:72336
890000000002128,Лиска рядом — день удался.,Лиска рядом — день удался.,,jazz-units:items.lua:72348
890000000002202,Лейтенант Конрад Джиллет,Лейтенант Конрад Джиллет,,jazz:CharacterEffect/Jazz_Perk_Conrad.lua | jazz-units:UnitData/Jazz_Conrad.lua
890000000002203,Конрад,Конрад,,jazz:CharacterEffect/Jazz_Perk_Conrad.lua | jazz-units:UnitData/Jazz_Conrad.lua
890000000002204,КОНРАД,КОНРАД,,jazz:CharacterEffect/Jazz_Perk_Conrad.lua | jazz-units:UnitData/Jazz_Conrad.lua
890000000002205,"Сильнейший из доступных местных наёмников: статы 75–80, Leadership 51 и полноценный инструктор, Marksmanship 95. Дружит с Игги и Стефаном; терпеть не может пьяного Ларри; не умеет плавать (флейвор). Дорог — берёт заметно выше рынка и торгуется жёстко.","Сильнейший из доступных местных наёмников: статы 75–80, Leadership 51 и полноценный инструктор, Marksmanship 95. Дружит с Игги и Стефаном; терпеть не может пьяного Ларри; не умеет плавать (флейвор). Дорог — берёт заметно выше рынка и торгуется жёстко.",,jazz:CharacterEffect/Jazz_Perk_Conrad.lua | jazz-units:UnitData/Jazz_Conrad.lua
890000000002206,Дорогой лейтенант,Дорогой лейтенант,,jazz:CharacterEffect/Jazz_Perk_Conrad.lua | jazz-units:UnitData/Jazz_Conrad.lua
890000000002207,Conrad@merc.com,Conrad@merc.com,,jazz:CharacterEffect/Jazz_Perk_Conrad.lua | jazz-units:UnitData/Jazz_Conrad.lua
890000000002208,ltgillett,ltgillett,,jazz:CharacterEffect/Jazz_Perk_Conrad.lua | jazz-units:UnitData/Jazz_Conrad.lua
890000000002209,"Пока пьяный Ларри в отряде — я не подписываюсь. Это не армия, а балаган.","Пока пьяный Ларри в отряде — я не подписываюсь. Это не армия, а балаган.",,jazz:CharacterEffect/Jazz_Perk_Conrad.lua | jazz-units:UnitData/Jazz_Conrad.lua
890000000002210,Моя ставка не обсуждается — разве что в большую сторону.,Моя ставка не обсуждается — разве что в большую сторону.,,jazz:CharacterEffect/Jazz_Perk_Conrad.lua | jazz-units:UnitData/Jazz_Conrad.lua
890000000002211,"Отряд полон американцев. Ясно, доплата за акцент, который приходится терпеть.","Отряд полон американцев. Ясно, доплата за акцент, который приходится терпеть.",,jazz:CharacterEffect/Jazz_Perk_Conrad.lua | jazz-units:UnitData/Jazz_Conrad.lua
890000000002212,Игги или Ротман уже здесь? Тогда условия меня устраивают.,Игги или Ротман уже здесь? Тогда условия меня устраивают.,,jazz:CharacterEffect/Jazz_Perk_Conrad.lua | jazz-units:UnitData/Jazz_Conrad.lua
890000000002213,Наймите ещё Игги — с толковым напарником дисциплина держится сама.,Наймите ещё Игги — с толковым напарником дисциплина держится сама.,,jazz:CharacterEffect/Jazz_Perk_Conrad.lua | jazz-units:UnitData/Jazz_Conrad.lua
890000000002214,"Лейтенант Джиллет. Оставьте сообщение — отвечу, если условия того стоят.","Лейтенант Джиллет. Оставьте сообщение — отвечу, если условия того стоят.",,jazz:CharacterEffect/Jazz_Perk_Conrad.lua | jazz-units:UnitData/Jazz_Conrad.lua
890000000002215,Джиллет слушает. Излагайте условия — и не жадничайте.,Джиллет слушает. Излагайте условия — и не жадничайте.,,jazz:CharacterEffect/Jazz_Perk_Conrad.lua | jazz-units:UnitData/Jazz_Conrad.lua
890000000002216,"Связь прервалась. Продолжим — время дорого, как и я.","Связь прервалась. Продолжим — время дорого, как и я.",,jazz:CharacterEffect/Jazz_Perk_Conrad.lua | jazz-units:UnitData/Jazz_Conrad.lua
890000000002217,Время — деньги. Моё особенно.,Время — деньги. Моё особенно.,,jazz:CharacterEffect/Jazz_Perk_Conrad.lua | jazz-units:UnitData/Jazz_Conrad.lua
890000000002218,Контракт принят. Постройте людей — начинаем с дисциплины.,Контракт принят. Постройте людей — начинаем с дисциплины.,,jazz:CharacterEffect/Jazz_Perk_Conrad.lua | jazz-units:UnitData/Jazz_Conrad.lua
890000000002219,Контракт заканчивается. У меня есть и другие предложения — решайте.,Контракт заканчивается. У меня есть и другие предложения — решайте.,,jazz:CharacterEffect/Jazz_Perk_Conrad.lua | jazz-units:UnitData/Jazz_Conrad.lua
890000000002220,Остаюсь. Ваша дисциплина меня почти впечатлила.,Остаюсь. Ваша дисциплина меня почти впечатлила.,,jazz:CharacterEffect/Jazz_Perk_Conrad.lua | jazz-units:UnitData/Jazz_Conrad.lua
890000000002221,"Лейтенант Джиллет, к вашим услугам.","Лейтенант Джиллет, к вашим услугам.",,jazz-units:items.lua:72577
890000000002222,Цель захвачена.,Цель захвачена.,,jazz-units:items.lua:72546
890000000002223,Точность прежде всего.,Точность прежде всего.,,jazz-units:items.lua:72547
890000000002224,Учебная цель поражена.,Учебная цель поражена.,,jazz-units:items.lua:72571
890000000002225,Недостойный конец...,Недостойный конец...,,jazz-units:items.lua:72556
890000000002226,Ранен. Требую медицинской помощи.,Ранен. Требую медицинской помощи.,,jazz-units:items.lua:72559
890000000002227,"Внимание, противник обнаружен.","Внимание, противник обнаружен.",,jazz-units:items.lua:72553
890000000002228,Дисциплина приносит плоды.,Дисциплина приносит плоды.,,jazz-units:items.lua:72565
890000000002229,Боезапас на исходе.,Боезапас на исходе.,,jazz-units:items.lua:72550
890000000002230,Жду распоряжений.,Жду распоряжений.,,jazz-units:items.lua:72562
890000000002231,Хоть бы Ларри протрезвел когда-нибудь.,Хоть бы Ларри протрезвел когда-нибудь.,,jazz-units:items.lua:72568
890000000002232,С надёжным напарником и служба легче.,С надёжным напарником и служба легче.,,jazz-units:items.lua:72574
890000000002302,Майк,Майк,,jazz:CharacterEffect/Jazz_Perk_Mike.lua | jazz-units:UnitData/Jazz_Mike.lua
890000000002303,Майк,Майк,,jazz:CharacterEffect/Jazz_Perk_Mike.lua | jazz-units:UnitData/Jazz_Mike.lua
890000000002304,МАЙК,МАЙК,,jazz:CharacterEffect/Jazz_Perk_Mike.lua | jazz-units:UnitData/Jazz_Mike.lua
890000000002305,"Классика JA1. В Night Ops — перевербовка вражеского солдата в бою в AIM-специалиста; в модах для JA2 (1.13) — прямой найм через AIM. Одиночка по натуре, но именно поэтому надёжен один на один. Дружит со Стероидом; JA2-байки про вражду с Гасом и Иваном остаются флейвором, пока эти отношения не подтверждены отдельным дизайном.","Классика JA1. В Night Ops — перевербовка вражеского солдата в бою в AIM-специалиста; в модах для JA2 (1.13) — прямой найм через AIM. Одиночка по натуре, но именно поэтому надёжен один на один. Дружит со Стероидом; JA2-байки про вражду с Гасом и Иваном остаются флейвором, пока эти отношения не подтверждены отдельным дизайном.",,jazz:CharacterEffect/Jazz_Perk_Mike.lua | jazz-units:UnitData/Jazz_Mike.lua
890000000002306,Старый друг,Старый друг,,jazz:CharacterEffect/Jazz_Perk_Mike.lua | jazz-units:UnitData/Jazz_Mike.lua
890000000002307,Mike@aim.com,Mike@aim.com,,jazz:CharacterEffect/Jazz_Perk_Mike.lua | jazz-units:UnitData/Jazz_Mike.lua
890000000002308,oldfriend,oldfriend,,jazz:CharacterEffect/Jazz_Perk_Mike.lua | jazz-units:UnitData/Jazz_Mike.lua
890000000002309,"Стероид уже в отряде? Тогда ладно, с ним сработаемся.","Стероид уже в отряде? Тогда ладно, с ним сработаемся.",,jazz:CharacterEffect/Jazz_Perk_Mike.lua | jazz-units:UnitData/Jazz_Mike.lua
890000000002310,Если нужен ещё один надёжный ствол — зовите Стероида.,Если нужен ещё один надёжный ствол — зовите Стероида.,,jazz:CharacterEffect/Jazz_Perk_Mike.lua | jazz-units:UnitData/Jazz_Mike.lua
890000000002311,"Майк. Перезвоните — если срочно, я перезвоню первым.","Майк. Перезвоните — если срочно, я перезвоню первым.",,jazz:CharacterEffect/Jazz_Perk_Mike.lua | jazz-units:UnitData/Jazz_Mike.lua
890000000002312,"Старый друг на линии. Ну, что у тебя за дело?","Старый друг на линии. Ну, что у тебя за дело?",,jazz:CharacterEffect/Jazz_Perk_Mike.lua | jazz-units:UnitData/Jazz_Mike.lua
890000000002313,"Пропала связь. Ладно, продолжаем — я никуда не спешу.","Пропала связь. Ладно, продолжаем — я никуда не спешу.",,jazz:CharacterEffect/Jazz_Perk_Mike.lua | jazz-units:UnitData/Jazz_Mike.lua
890000000002314,"Говори. Я слушаю, но недолго.","Говори. Я слушаю, но недолго.",,jazz:CharacterEffect/Jazz_Perk_Mike.lua | jazz-units:UnitData/Jazz_Mike.lua
890000000002315,Как в старые добрые. Я в деле.,Как в старые добрые. Я в деле.,,jazz:CharacterEffect/Jazz_Perk_Mike.lua | jazz-units:UnitData/Jazz_Mike.lua
890000000002316,Контракт заканчивается. Обычно я ухожу тихо — но спрошу: продлеваем?,Контракт заканчивается. Обычно я ухожу тихо — но спрошу: продлеваем?,,jazz:CharacterEffect/Jazz_Perk_Mike.lua | jazz-units:UnitData/Jazz_Mike.lua
890000000002317,"Остаюсь. Одному веселее, но и тут ничего.","Остаюсь. Одному веселее, но и тут ничего.",,jazz:CharacterEffect/Jazz_Perk_Mike.lua | jazz-units:UnitData/Jazz_Mike.lua
890000000002318,Майк на месте.,Майк на месте.,,jazz-units:items.lua:72751
890000000002319,Вижу цель.,Вижу цель.,,jazz-units:items.lua:72723
890000000002320,Работаю спокойно.,Работаю спокойно.,,jazz-units:items.lua:72724
890000000002321,Чисто.,Чисто.,,jazz-units:items.lua:72745
890000000002322,Не в этот раз...,Не в этот раз...,,jazz-units:items.lua:72733
890000000002323,Подбили — но я держусь.,Подбили — но я держусь.,,jazz-units:items.lua:72736
890000000002324,Вижу их первым.,Вижу их первым.,,jazz-units:items.lua:72730
890000000002325,Опыт не пропьёшь.,Опыт не пропьёшь.,,jazz-units:items.lua:72742
890000000002326,Патроны на исходе.,Патроны на исходе.,,jazz-units:items.lua:72727
890000000002327,"Жду сигнала — один, как обычно.","Жду сигнала — один, как обычно.",,jazz-units:items.lua:72739
890000000002328,"Хорошо, что Стероид рядом.","Хорошо, что Стероид рядом.",,jazz-units:items.lua:72748
890000000002402,Майор Сергей «Гром» Громов,Майор Сергей «Гром» Громов,,jazz:CharacterEffect/Jazz_Perk_Grom.lua | jazz-units:UnitData/Jazz_Grom.lua
890000000002403,Гром,Гром,,jazz:CharacterEffect/Jazz_Perk_Grom.lua | jazz-units:UnitData/Jazz_Grom.lua
890000000002404,ГРОМ,ГРОМ,,jazz:CharacterEffect/Jazz_Perk_Grom.lua | jazz-units:UnitData/Jazz_Grom.lua
890000000002405,"Сослуживец Ивана по Afghan war. Shady Job переводит его в Night Ops. Найм: захват аэропорта и подавление местной ПВО — после этого он сам ждёт вербовщиков на лётном поле. Приходит с собственным гранатомётом. Дружит с Иваном, Игорем и Игги; недолюбливает Скоупа за манеру критиковать чужую наводку.","Сослуживец Ивана по Afghan war. Shady Job переводит его в Night Ops. Найм: захват аэропорта и подавление местной ПВО — после этого он сам ждёт вербовщиков на лётном поле. Приходит с собственным гранатомётом. Дружит с Иваном, Игорем и Игги; недолюбливает Скоупа за манеру критиковать чужую наводку.",,jazz:CharacterEffect/Jazz_Perk_Grom.lua | jazz-units:UnitData/Jazz_Grom.lua
890000000002406,Афганец,Афганец,,jazz:CharacterEffect/Jazz_Perk_Grom.lua | jazz-units:UnitData/Jazz_Grom.lua
890000000002407,Grom@vvs.ru,Grom@vvs.ru,,jazz:CharacterEffect/Jazz_Perk_Grom.lua | jazz-units:UnitData/Jazz_Grom.lua
890000000002408,gromov,gromov,,jazz:CharacterEffect/Jazz_Perk_Grom.lua | jazz-units:UnitData/Jazz_Grom.lua
890000000002409,"Пока Скоуп у вас — нет. Он вечно критикует чужую наводку, а я его слышать не хочу.","Пока Скоуп у вас — нет. Он вечно критикует чужую наводку, а я его слышать не хочу.",,jazz:CharacterEffect/Jazz_Perk_Grom.lua | jazz-units:UnitData/Jazz_Grom.lua
890000000002410,"Иван, Игорь или Игги уже здесь? Тогда своих не бросаю.","Иван, Игорь или Игги уже здесь? Тогда своих не бросаю.",,jazz:CharacterEffect/Jazz_Perk_Grom.lua | jazz-units:UnitData/Jazz_Grom.lua
890000000002411,"Найдёте Ивана или Игоря — берите без раздумий, проверенные бойцы.","Найдёте Ивана или Игоря — берите без раздумий, проверенные бойцы.",,jazz:CharacterEffect/Jazz_Perk_Grom.lua | jazz-units:UnitData/Jazz_Grom.lua
890000000002412,Громов. Связь позже — сейчас занят проверкой боекомплекта.,Громов. Связь позже — сейчас занят проверкой боекомплекта.,,jazz:CharacterEffect/Jazz_Perk_Grom.lua | jazz-units:UnitData/Jazz_Grom.lua
890000000002413,"Майор Громов. Аэродром ваш — значит, и я ваш.","Майор Громов. Аэродром ваш — значит, и я ваш.",,jazz:CharacterEffect/Jazz_Perk_Grom.lua | jazz-units:UnitData/Jazz_Grom.lua
890000000002414,"Связь прервалась. Продолжайте, товарищ.","Связь прервалась. Продолжайте, товарищ.",,jazz:CharacterEffect/Jazz_Perk_Grom.lua | jazz-units:UnitData/Jazz_Grom.lua
890000000002415,Жду приказа. Гранатомёт заряжен.,Жду приказа. Гранатомёт заряжен.,,jazz:CharacterEffect/Jazz_Perk_Grom.lua | jazz-units:UnitData/Jazz_Grom.lua
890000000002416,Гранатомёт с собой. Идём.,Гранатомёт с собой. Идём.,,jazz:CharacterEffect/Jazz_Perk_Grom.lua | jazz-units:UnitData/Jazz_Grom.lua
890000000002417,"Контракт заканчивается. Продлеваем службу, или мне искать другой аэродром?","Контракт заканчивается. Продлеваем службу, или мне искать другой аэродром?",, или мне искать другой аэродром?
890000000002418,Остаюсь. Служба есть служба.,Остаюсь. Служба есть служба.,,jazz:CharacterEffect/Jazz_Perk_Grom.lua | jazz-units:UnitData/Jazz_Grom.lua
890000000002419,Майор Громов на позиции.,Майор Громов на позиции.,,jazz-units:items.lua:72950
890000000002420,Опп-а! Вижу цель.,Опп-а! Вижу цель.,,jazz-units:items.lua:72919
890000000002421,Опп-а! Вижу цель.,Опп-а! Вижу цель.,,jazz-units:items.lua:72920
890000000002422,"И звать тебя теперь ""двухсотый""!","И звать тебя теперь ""двухсотый""!",,jazz-units:items.lua:72944
890000000002423,"Держитесь, ребята...","Держитесь, ребята...",,jazz-units:items.lua:72929
890000000002424,"Ранен, но держу оружие.","Ранен, но держу оружие.",,jazz-units:items.lua:72932
890000000002425,Начнем что ли?,Начнем что ли?,,jazz-units:items.lua:72926
890000000002426,Прям... расту над собой!,Прям... расту над собой!,,jazz-units:items.lua:72938
890000000002427,"И рад бы, да стрелять нечем.","И рад бы, да стрелять нечем.",,jazz-units:items.lua:72923
890000000002428,"Ну, до дяди ему далеко... Но паренек толковый.","Ну, до дяди ему далеко... Но паренек толковый.",,jazz-units:items.lua:72935
890000000002429,"Скоуп бы тут что-то поправил, наверное.","Скоуп бы тут что-то поправил, наверное.",,jazz-units:items.lua:72941
890000000002430,"Отлично, землячок!","Отлично, землячок!",,jazz-units:items.lua:72947
890000000002433,Стефан Ротман,Стефан Ротман,,jazz:CharacterEffect/Jazz_Perk_Rothman.lua | jazz-units:UnitData/Jazz_Rothman.lua
890000000002434,Ротман,Ротман,,jazz:CharacterEffect/Jazz_Perk_Rothman.lua | jazz-units:UnitData/Jazz_Rothman.lua
890000000002435,РОТМАН,РОТМАН,,jazz:CharacterEffect/Jazz_Perk_Rothman.lua | jazz-units:UnitData/Jazz_Rothman.lua
890000000002436,"Бывший начальник службы безопасности алмазных рудников ЮАР — умеет и охранять шахту, и подрывать её, если понадобится. Дружит с Лавой; не любит Статика и Гвоздя, презирает вечно обдолбанного Ларри; недолюбливает американцев.","Бывший начальник службы безопасности алмазных рудников ЮАР — умеет и охранять шахту, и подрывать её, если понадобится. Дружит с Лавой; не любит Статика и Гвоздя, презирает вечно обдолбанного Ларри; недолюбливает американцев.",,jazz:CharacterEffect/Jazz_Perk_Rothman.lua | jazz-units:UnitData/Jazz_Rothman.lua
890000000002437,Шахтёрский безопасник,Шахтёрский безопасник,,jazz:CharacterEffect/Jazz_Perk_Rothman.lua | jazz-units:UnitData/Jazz_Rothman.lua
890000000002438,Rothman@aim.com,Rothman@aim.com,,jazz:CharacterEffect/Jazz_Perk_Rothman.lua | jazz-units:UnitData/Jazz_Rothman.lua
890000000002439,mineboss,mineboss,,jazz:CharacterEffect/Jazz_Perk_Rothman.lua | jazz-units:UnitData/Jazz_Rothman.lua
890000000002440,"Пока Статик, Гвоздь или обдолбанный Ларри у вас — я не подписываюсь. Не тот уровень дисциплины.","Пока Статик, Гвоздь или обдолбанный Ларри у вас — я не подписываюсь. Не тот уровень дисциплины.",,jazz:CharacterEffect/Jazz_Perk_Rothman.lua | jazz-units:UnitData/Jazz_Rothman.lua
890000000002441,Слишком много трупов на вашем счету для нормального контракта.,Слишком много трупов на вашем счету для нормального контракта.,,jazz:CharacterEffect/Jazz_Perk_Rothman.lua | jazz-units:UnitData/Jazz_Rothman.lua
890000000002442,"Отряд из одних американцев... Ладно, но с доплатой.","Отряд из одних американцев... Ладно, но с доплатой.",,jazz:CharacterEffect/Jazz_Perk_Rothman.lua | jazz-units:UnitData/Jazz_Rothman.lua
890000000002444,Ротман. Занят на объекте. Перезвоните.,Ротман. Занят на объекте. Перезвоните.,,jazz:CharacterEffect/Jazz_Perk_Rothman.lua | jazz-units:UnitData/Jazz_Rothman.lua
890000000002445,Ротман слушает. Контракт по делу?,Ротман слушает. Контракт по делу?,,jazz:CharacterEffect/Jazz_Perk_Rothman.lua | jazz-units:UnitData/Jazz_Rothman.lua
890000000002446,Связь прервалась. Вернёмся к делу.,Связь прервалась. Вернёмся к делу.,,jazz:CharacterEffect/Jazz_Perk_Rothman.lua | jazz-units:UnitData/Jazz_Rothman.lua
890000000002447,"Время — деньги, а у меня их и так немного.","Время — деньги, а у меня их и так немного.",,jazz:CharacterEffect/Jazz_Perk_Rothman.lua | jazz-units:UnitData/Jazz_Rothman.lua
890000000002448,Договорились. Беру людей и выхожу.,Договорились. Беру людей и выхожу.,,jazz:CharacterEffect/Jazz_Perk_Rothman.lua | jazz-units:UnitData/Jazz_Rothman.lua
890000000002449,Контракт заканчивается. Продлеваем?,Контракт заканчивается. Продлеваем?,,jazz:CharacterEffect/Jazz_Perk_Rothman.lua | jazz-units:UnitData/Jazz_Rothman.lua
890000000002450,Остаюсь. Работа ещё не закончена.,Остаюсь. Работа ещё не закончена.,,jazz:CharacterEffect/Jazz_Perk_Rothman.lua | jazz-units:UnitData/Jazz_Rothman.lua
890000000002506,"Спасибо, уже лучше, е-мое.","Спасибо, уже лучше, е-мое.",,jazz-units:items.lua:116848
890000000002507,"Можете не сомневаться, эти недалеко ушли.","Можете не сомневаться, эти недалеко ушли.",,jazz-units:items.lua:116916
890000000002508,"Все-таки дело здесь нечисто, е-мое.","Все-таки дело здесь нечисто, е-мое.",,jazz-units:items.lua:116955
890000000002509,Сектор под присмотром.,Сектор под присмотром.,,jazz-units:items.lua:116919
890000000002510,(кашляет),(кашляет),,jazz-units:items.lua:116840
890000000002511,"Воздух, е-мое!","Воздух, е-мое!",,jazz-units:items.lua:116952
890000000002512,Меня могли за просто так…,Меня могли за просто так…,,jazz-units:items.lua:116885
890000000002513,Дикая кошка!,Дикая кошка!,,jazz-units:items.lua:116778
890000000002514,"Лови, падла!","Лови, падла!",,jazz-units:items.lua:116958
890000000002515,"Очередь, е-мое!","Очередь, е-мое!",,jazz-units:items.lua:116781
890000000002516,"Есть идейка, е-мое…","Есть идейка, е-мое…",,jazz-units:items.lua:116822
890000000002517,"Да… мое чутье меня не обмануло, е-мое.","Да… мое чутье меня не обмануло, е-мое.",,jazz-units:items.lua:116816
890000000002518,"Гмм… мне так кажется, что это полная лажа, е-мое.","Гмм… мне так кажется, что это полная лажа, е-мое.",,jazz-units:items.lua:116819
890000000002519,Лучше бы мне это просто послышалось.,Лучше бы мне это просто послышалось.,,jazz-units:items.lua:116946
890000000002520,(лезет),(лезет),,jazz-units:items.lua:116788
890000000002521,(прыжок),(прыжок),,jazz-units:items.lua:116868
890000000002602,Доктор Дэниел «Дэнни» Квинтен,Доктор Дэниел «Дэнни» Квинтен,,jazz-units:items.lua:120326 | jazz-units:UnitData/Jazz_Quinten.lua:22
890000000002603,Дэнни,Дэнни,,jazz-units:items.lua:120327 | jazz-units:UnitData/Jazz_Quinten.lua:23
890000000002604,ДЭННИ,ДЭННИ,,jazz-units:items.lua:120328 | jazz-units:UnitData/Jazz_Quinten.lua:24
890000000002605,"99 Health, 99 Agility, около 80 Strength/Dexterity, Wisdom 91, Medical 88, Marksmanship 61. Одиночка, стреляет и лечит одинаково хорошо обеими руками. Не любит Стероида, Мясо и Биффа — считает их всех безответственными в поле.","99 Health, 99 Agility, около 80 Strength/Dexterity, Wisdom 91, Medical 88, Marksmanship 61. Одиночка, стреляет и лечит одинаково хорошо обеими руками. Не любит Стероида, Мясо и Биффа — считает их всех безответственными в поле.",,Jazz_Bio_WIP
890000000002606,"Машина, не человек","Машина, не человек",,jazz-units:items.lua:120331 | jazz-units:UnitData/Jazz_Quinten.lua:27
890000000002607,Quinten@aim.com,Quinten@aim.com,,jazz-units:items.lua:120332 | jazz-units:UnitData/Jazz_Quinten.lua:28
890000000002608,parkourmd,parkourmd,,jazz-units:items.lua:120333 | jazz-units:UnitData/Jazz_Quinten.lua:29
890000000002609,"Пока Стероид, Мясо или Бифф в отряде — нет. Слишком безответственно для моей практики.","Пока Стероид, Мясо или Бифф в отряде — нет. Слишком безответственно для моей практики.",,jazz-units:items.lua:120338 | jazz-units:UnitData/Jazz_Quinten.lua:34
890000000002610,"Слишком много раненых и погибших на вашем счету. Я предпочитаю пациентов, которые выживают.","Слишком много раненых и погибших на вашем счету. Я предпочитаю пациентов, которые выживают.",,jazz-units:items.lua:120355 | jazz-units:UnitData/Jazz_Quinten.lua:51
890000000002611,Мой гонорар не обсуждается по дешёвке.,Мой гонорар не обсуждается по дешёвке.,,jazz-units:items.lua:120368 | jazz-units:UnitData/Jazz_Quinten.lua:64
890000000002612,"Это доктор Дэниел Квинтен. Пожалуйста, оставьте сообщение. Если нужна срочная медицинская помощь — звоните ещё.","Это доктор Дэниел Квинтен. Пожалуйста, оставьте сообщение. Если нужна срочная медицинская помощь — звоните ещё.",,jazz-units:items.lua:120383 | jazz-units:UnitData/Jazz_Quinten.lua:78
890000000002613,"Да, это доктор Квинтен.","Да, это доктор Квинтен.",,jazz-units:items.lua:120388 | jazz-units:UnitData/Jazz_Quinten.lua:83
890000000002614,"Пожалуйста, обратите внимание, я сказал...","Пожалуйста, обратите внимание, я сказал...",,jazz-units:items.lua:120393 | jazz-units:UnitData/Jazz_Quinten.lua:88
890000000002615,"Как вы, наверно, знаете, моя специальность — оказание медицинской помощи в полевых условиях.","Как вы, наверно, знаете, моя специальность — оказание медицинской помощи в полевых условиях.",,jazz-units:items.lua:120398 | jazz-units:UnitData/Jazz_Quinten.lua:93
890000000002616,Я буду очень рад подписать этот контракт. Спасибо.,Я буду очень рад подписать этот контракт. Спасибо.,,jazz-units:items.lua:120403 | jazz-units:UnitData/Jazz_Quinten.lua:98
890000000002617,"Ты собираешься продлевать мой контракт? Сообщи поскорее, если хочешь, чтобы я к тому моменту был свободен.","Ты собираешься продлевать мой контракт? Сообщи поскорее, если хочешь, чтобы я к тому моменту был свободен.",,jazz-units:items.lua:120408 | jazz-units:UnitData/Jazz_Quinten.lua:103
890000000002618,Это вполне приемлемо. Спасибо.,Это вполне приемлемо. Спасибо.,,jazz-units:items.lua:120413 | jazz-units:UnitData/Jazz_Quinten.lua:108
890000000002702,Жан-Пьер «Злобный» Вио,Жан-Пьер «Злобный» Вио,,jazz-units:items.lua:120660 | jazz-units:UnitData/Jazz_Vicious.lua:22
890000000002703,Злобный,Злобный,,jazz-units:items.lua:120661 | jazz-units:UnitData/Jazz_Vicious.lua:23
890000000002704,ЗЛОБНЫЙ,ЗЛОБНЫЙ,,jazz-units:items.lua:120662 | jazz-units:UnitData/Jazz_Vicious.lua:24
890000000002705,"Статы 80–90, Wisdom 55, Marksmanship 82. Агрессивный французский боец ближнего боя, клеится к Лиске, Пауку и — по слухам из JA2 — к некой Лаве. Терпеть не может британцев.","Статы 80–90, Wisdom 55, Marksmanship 82. Агрессивный французский боец ближнего боя, клеится к Лиске, Пауку и — по слухам из JA2 — к некой Лаве. Терпеть не может британцев.",,Jazz_Bio_WIP
890000000002706,Мачо,Мачо,,jazz-units:items.lua:120665 | jazz-units:UnitData/Jazz_Vicious.lua:27
890000000002707,Vicious@aim.com,Vicious@aim.com,,jazz-units:items.lua:120666 | jazz-units:UnitData/Jazz_Vicious.lua:28
890000000002708,mademoiselles,mademoiselles,,jazz-units:items.lua:120667 | jazz-units:UnitData/Jazz_Vicious.lua:29
890000000002709,"Отряд полон англичан... Ладно, но за такие муки полагается надбавка.","Отряд полон англичан... Ладно, но за такие муки полагается надбавка.",,jazz-units:items.lua:120685 | jazz-units:UnitData/Jazz_Vicious.lua:47
890000000002710,"Мой шарм стоит дороже, чем ты предлагаешь.","Мой шарм стоит дороже, чем ты предлагаешь.",,jazz-units:items.lua:120672 | jazz-units:UnitData/Jazz_Vicious.lua:34
890000000002711,"О, Лиска или Паук уже здесь? Тогда я определённо в деле.","О, Лиска или Паук уже здесь? Тогда я определённо в деле.",,jazz-units:items.lua:120705 | jazz-units:UnitData/Jazz_Vicious.lua:67
890000000002712,Если ищете ещё одну прекрасную даму в отряд — зовите Лиску.,Если ищете ещё одну прекрасную даму в отряд — зовите Лиску.,,jazz-units:items.lua:120724 | jazz-units:UnitData/Jazz_Vicious.lua:86
890000000002713,"Злобный занят дамами. Пишите — если повезёт, отвечу.","Злобный занят дамами. Пишите — если повезёт, отвечу.",,jazz-units:items.lua:120738 | jazz-units:UnitData/Jazz_Vicious.lua:100
890000000002714,Oui? Жан-Пьер слушает. Дело срочное?,Oui? Жан-Пьер слушает. Дело срочное?,,jazz-units:items.lua:120743 | jazz-units:UnitData/Jazz_Vicious.lua:105
890000000002715,Связь прервалась. Вернёмся к делу.,Связь прервалась. Вернёмся к делу.,,jazz-units:items.lua:120748 | jazz-units:UnitData/Jazz_Vicious.lua:110
890000000002716,"Ну же, командирша. Время не ждёт.","Ну же, командирша. Время не ждёт.",,jazz-units:items.lua:120753 | jazz-units:UnitData/Jazz_Vicious.lua:115
890000000002717,"Я уже еду — и, конечно, красиво.","Я уже еду — и, конечно, красиво.",,jazz-units:items.lua:120758 | jazz-units:UnitData/Jazz_Vicious.lua:120
890000000002718,"Контракт заканчивается. Продлеваем, chérie?","Контракт заканчивается. Продлеваем, chérie?",,jazz-units:items.lua:120763 | jazz-units:UnitData/Jazz_Vicious.lua:125
890000000002719,"Остаюсь. Здесь веселее, чем дома.","Остаюсь. Здесь веселее, чем дома.",,jazz-units:items.lua:120768 | jazz-units:UnitData/Jazz_Vicious.lua:130
890000000002802,Бифф Апскотт,Бифф Апскотт,,jazz-units:items.lua:121014 | jazz-units:UnitData/Jazz_Biff.lua:22
890000000002803,Бифф,Бифф,,jazz-units:items.lua:121015 | jazz-units:UnitData/Jazz_Biff.lua:23
890000000002804,БИФФ,БИФФ,,jazz-units:items.lua:121016 | jazz-units:UnitData/Jazz_Biff.lua:24
890000000002805,"Статы около 70, Strength 41, Wisdom 58, Marksmanship 57, Leadership 13. Кабинетный менеджер MERC, панически боится настоящего боя, но неплохо ведёт бумажную работу отряда. Дружит с Фло и трезвым Ларри; не выносит обдолбанного Ларри. В JA2 Бифф появлялся только после отдельного побочного квеста — в JAZZ этот сюжет не реализован, поэтому найм идёт как обычный контракт MERC, а история квеста осталась только в биографии.","Статы около 70, Strength 41, Wisdom 58, Marksmanship 57, Leadership 13. Кабинетный менеджер MERC, панически боится настоящего боя, но неплохо ведёт бумажную работу отряда. Дружит с Фло и трезвым Ларри; не выносит обдолбанного Ларри. В JA2 Бифф появлялся только после отдельного побочного квеста — в JAZZ этот сюжет не реализован, поэтому найм идёт как обычный контракт MERC, а история квеста осталась только в биографии.",,Jazz_Bio_WIP
890000000002806,Ссыкло MERC,Ссыкло MERC,,jazz-units:items.lua:121019 | jazz-units:UnitData/Jazz_Biff.lua:27
890000000002807,Biff@merc.com,Biff@merc.com,,jazz-units:items.lua:121020 | jazz-units:UnitData/Jazz_Biff.lua:28
890000000002808,biff,biff,,jazz-units:items.lua:121021 | jazz-units:UnitData/Jazz_Biff.lua:29
890000000002809,"Пока обдолбанный Ларри в отряде — нет, увольте. Мне и так страшно.","Пока обдолбанный Ларри в отряде — нет, увольте. Мне и так страшно.",,jazz-units:items.lua:121026 | jazz-units:UnitData/Jazz_Biff.lua:34
890000000002810,"Извините, но за такие деньги рисковать шкурой не готов.","Извините, но за такие деньги рисковать шкурой не готов.",,jazz-units:items.lua:121040 | jazz-units:UnitData/Jazz_Biff.lua:48
890000000002811,"О, Фло или трезвый Ларри уже здесь? Тогда... наверное, не так страшно.","О, Фло или трезвый Ларри уже здесь? Тогда... наверное, не так страшно.",,jazz-units:items.lua:121055 | jazz-units:UnitData/Jazz_Biff.lua:63
890000000002812,"Если найдёте Фло — берите, вместе нам как-то спокойнее.","Если найдёте Фло — берите, вместе нам как-то спокойнее.",,jazz-units:items.lua:121074 | jazz-units:UnitData/Jazz_Biff.lua:82
890000000002813,"Бифф... э-э... перезвоните, пожалуйста?","Бифф... э-э... перезвоните, пожалуйста?",,jazz-units:items.lua:121088 | jazz-units:UnitData/Jazz_Biff.lua:96
890000000002814,Э... Бифф на связи. Вы серьёзно насчёт боевого задания?,Э... Бифф на связи. Вы серьёзно насчёт боевого задания?,,jazz-units:items.lua:121093 | jazz-units:UnitData/Jazz_Biff.lua:101
890000000002815,Связь прервалась. Вернёмся к делу.,Связь прервалась. Вернёмся к делу.,,jazz-units:items.lua:121098 | jazz-units:UnitData/Jazz_Biff.lua:106
890000000002816,Можно... без стрельбы обойтись?,Можно... без стрельбы обойтись?,,jazz-units:items.lua:121103 | jazz-units:UnitData/Jazz_Biff.lua:111
890000000002817,Ладно... я попробую. Только пусть кто-нибудь прикроет.,Ладно... я попробую. Только пусть кто-нибудь прикроет.,,jazz-units:items.lua:121108 | jazz-units:UnitData/Jazz_Biff.lua:116
890000000002818,Контракт заканчивается. Продлеваем?,Контракт заканчивается. Продлеваем?,,jazz-units:items.lua:121113 | jazz-units:UnitData/Jazz_Biff.lua:121
890000000002819,Остаюсь. Наверное.,Остаюсь. Наверное.,,jazz-units:items.lua:121118 | jazz-units:UnitData/Jazz_Biff.lua:126
890000000002902,Фрэнки «Нервный» Гордон,Фрэнки «Нервный» Гордон,,jazz-units:items.lua:121365 | jazz-units:UnitData/Jazz_Nervous.lua:22
890000000002903,Нервный,Нервный,,jazz-units:items.lua:121366 | jazz-units:UnitData/Jazz_Nervous.lua:23
890000000002904,НЕРВНЫЙ,НЕРВНЫЙ,,jazz-units:items.lua:121367 | jazz-units:UnitData/Jazz_Nervous.lua:24
890000000002905,"Статы 60–70, Wisdom 58, Marksmanship 48, Explosives 31. Псих на постоянном взводе, стреляет длинными очередями и не умеет по-другому. Дружит с Бритвой и Рикошетом (родственные безумцы); терпеть не может Биффа за трусость.","Статы 60–70, Wisdom 58, Marksmanship 48, Explosives 31. Псих на постоянном взводе, стреляет длинными очередями и не умеет по-другому. Дружит с Бритвой и Рикошетом (родственные безумцы); терпеть не может Биффа за трусость.",,Jazz_Bio_WIP
890000000002906,Суперочередь,Суперочередь,,jazz-units:items.lua:121370 | jazz-units:UnitData/Jazz_Nervous.lua:27
890000000002907,Nervous@merc.com,Nervous@merc.com,,jazz-units:items.lua:121371 | jazz-units:UnitData/Jazz_Nervous.lua:28
890000000002908,twitchy,twitchy,,jazz-units:items.lua:121372 | jazz-units:UnitData/Jazz_Nervous.lua:29
890000000002909,Пока трусливый Бифф в отряде — нет! Он меня ещё больше нервирует!,Пока трусливый Бифф в отряде — нет! Он меня ещё больше нервирует!,,jazz-units:items.lua:121377 | jazz-units:UnitData/Jazz_Nervous.lua:34
890000000002910,Слишком много наших полегло! Я и так на нервах!,Слишком много наших полегло! Я и так на нервах!,,jazz-units:items.lua:121391 | jazz-units:UnitData/Jazz_Nervous.lua:48
890000000002911,"О, Бритва уже тут? Тогда ладно, веселее будет!","О, Бритва уже тут? Тогда ладно, веселее будет!",,jazz-units:items.lua:121408 | jazz-units:UnitData/Jazz_Nervous.lua:65
890000000002912,"Нервный... занят... пиши, перезвоню, может.","Нервный... занят... пиши, перезвоню, может.",,jazz-units:items.lua:121423 | jazz-units:UnitData/Jazz_Nervous.lua:79
890000000002913,Ч-чё надо? Стрелять будем?!,Ч-чё надо? Стрелять будем?!,,jazz-units:items.lua:121428 | jazz-units:UnitData/Jazz_Nervous.lua:84
890000000002914,Связь прервалась. Вернёмся к делу.,Связь прервалась. Вернёмся к делу.,,jazz-units:items.lua:121433 | jazz-units:UnitData/Jazz_Nervous.lua:89
890000000002915,"Где враги, где враги, где враги...","Где враги, где враги, где враги...",,jazz-units:items.lua:121438 | jazz-units:UnitData/Jazz_Nervous.lua:94
890000000002916,"Уже бегу, уже бегу! Патроны есть, всё нормально!","Уже бегу, уже бегу! Патроны есть, всё нормально!",,jazz-units:items.lua:121443 | jazz-units:UnitData/Jazz_Nervous.lua:99
890000000002917,Контракт заканчивается. Продлеваем?,Контракт заканчивается. Продлеваем?,,jazz-units:items.lua:121448 | jazz-units:UnitData/Jazz_Nervous.lua:104
890000000002918,Остаюсь! Ещё патроны не кончились!,Остаюсь! Ещё патроны не кончились!,,jazz-units:items.lua:121453 | jazz-units:UnitData/Jazz_Nervous.lua:109
890000000003002,Флоренс «Фло» Габриель,Флоренс «Фло» Габриель,,jazz-units:items.lua:121700 | jazz-units:UnitData/Jazz_Flo.lua:22
890000000003003,Фло,Фло,,jazz-units:items.lua:121701 | jazz-units:UnitData/Jazz_Flo.lua:23
890000000003004,ФЛО,ФЛО,,jazz-units:items.lua:121702 | jazz-units:UnitData/Jazz_Flo.lua:24
890000000003005,"Статы 40–50, Dexterity 60, Marksmanship 38 (худшая в отряде), Wisdom 82. Трусливая, но отличная торговка — знает, где выбить скидку и где продать хлам подороже. Дружит с Биффом и Рысью; до смерти боится некой Лавы (JA2-флейвор, не реализовано как игровая механика).","Статы 40–50, Dexterity 60, Marksmanship 38 (худшая в отряде), Wisdom 82. Трусливая, но отличная торговка — знает, где выбить скидку и где продать хлам подороже. Дружит с Биффом и Рысью; до смерти боится некой Лавы (JA2-флейвор, не реализовано как игровая механика).",,Jazz_Bio_WIP
890000000003006,Безголовая курица,Безголовая курица,,jazz-units:items.lua:121705 | jazz-units:UnitData/Jazz_Flo.lua:27
890000000003007,Flo@merc.com,Flo@merc.com,,jazz-units:items.lua:121706 | jazz-units:UnitData/Jazz_Flo.lua:28
890000000003008,bargain,bargain,,jazz-units:items.lua:121707 | jazz-units:UnitData/Jazz_Flo.lua:29
890000000003009,"Слишком много смертей. Мне и своей жизни хватит, чтобы бояться.",Слишком много смертей. Мне и за свою-то жизнь страшно.,,jazz-units:items.lua:121712 | jazz-units:UnitData/Jazz_Flo.lua:34
890000000003010,"Извините, но за такие копейки я лучше дома посижу.","Извините, но за такие копейки я лучше дома посижу.",,jazz-units:items.lua:121725 | jazz-units:UnitData/Jazz_Flo.lua:47
890000000003011,"О, Бифф или Рысь уже здесь? Тогда... немного спокойнее.","О, Бифф или Рысь уже здесь? Тогда... немного спокойнее.",,jazz-units:items.lua:121740 | jazz-units:UnitData/Jazz_Flo.lua:62
890000000003012,Возьмите ещё Биффа — вдвоём нам не так страшно.,Возьмите ещё Биффа — вдвоём нам не так страшно.,,jazz-units:items.lua:121759 | jazz-units:UnitData/Jazz_Flo.lua:81
890000000003013,"Фло не может подойти! Пишите, перезвоню, если жива буду.","Фло не может подойти! Пишите, перезвоню, если жива буду.",,jazz-units:items.lua:121773 | jazz-units:UnitData/Jazz_Flo.lua:95
890000000003014,"Ой! Фло слушает... Это же не боевое задание, да?","Ой! Фло слушает... Это же не боевое задание, да?",,jazz-units:items.lua:121778 | jazz-units:UnitData/Jazz_Flo.lua:100
890000000003015,Связь прервалась. Вернёмся к делу.,Связь прервалась. Вернёмся к делу.,,jazz-units:items.lua:121783 | jazz-units:UnitData/Jazz_Flo.lua:105
890000000003016,"Можно я постою сзади, пожалуйста?","Можно я постою сзади, пожалуйста?",,jazz-units:items.lua:121788 | jazz-units:UnitData/Jazz_Flo.lua:110
890000000003017,"Ладно, только без стрельбы... наверное.","Ладно, только без стрельбы... наверное.",,jazz-units:items.lua:121793 | jazz-units:UnitData/Jazz_Flo.lua:115
890000000003018,Контракт заканчивается. Продлеваем?,Контракт заканчивается. Продлеваем?,,jazz-units:items.lua:121798 | jazz-units:UnitData/Jazz_Flo.lua:120
890000000003019,Остаюсь. Скидки у местных торговцев того стоят.,Остаюсь. Скидки у местных торговцев того стоят.,,jazz-units:items.lua:121803 | jazz-units:UnitData/Jazz_Flo.lua:125
890000000003102,Джим «Пума» Уоллесс,Джим «Пума» Уоллесс,,jazz-units:items.lua:122048 | jazz-units:UnitData/Jazz_Cougar.lua:22
890000000003103,Пума,Пума,,jazz-units:items.lua:122049 | jazz-units:UnitData/Jazz_Cougar.lua:23
890000000003104,ПУМА,ПУМА,,jazz-units:items.lua:122050 | jazz-units:UnitData/Jazz_Cougar.lua:24
890000000003105,"Статы 80–88, Marksmanship 93, Mechanical 58, Explosives 45, Medical 33. Мастер бесшумного автоогня — умеет подойти вплотную и снять цель раньше, чем она поймёт, что рядом кто-то есть. Дружит с Вульфом и Леном.","Статы 80–88, Marksmanship 93, Mechanical 58, Explosives 45, Medical 33. Мастер бесшумного автоогня — умеет подойти вплотную и снять цель раньше, чем она поймёт, что рядом кто-то есть. Дружит с Вульфом и Леном.",,Jazz_Bio_WIP
890000000003106,Тихий автоматчик,Тихий автоматчик,,jazz-units:items.lua:122053 | jazz-units:UnitData/Jazz_Cougar.lua:27
890000000003107,Cougar@merc.com,Cougar@merc.com,,jazz-units:items.lua:122054 | jazz-units:UnitData/Jazz_Cougar.lua:28
890000000003108,puma,puma,,jazz-units:items.lua:122055 | jazz-units:UnitData/Jazz_Cougar.lua:29
890000000003109,Слишком много шума вокруг вашего отряда в последнее время. Мне такое не по пути.,Слишком много шума вокруг вашего отряда в последнее время. Мне такое не по пути.,,jazz-units:items.lua:122060 | jazz-units:UnitData/Jazz_Cougar.lua:34
890000000003110,За такую сумму я лучше отсижусь в тени.,За такую сумму я лучше отсижусь в тени.,,jazz-units:items.lua:122073 | jazz-units:UnitData/Jazz_Cougar.lua:47
890000000003111,"Вульф или Лен уже здесь? Тогда я спокоен, иду.","Вульф или Лен уже здесь? Тогда я спокоен, иду.",,jazz-units:items.lua:122088 | jazz-units:UnitData/Jazz_Cougar.lua:62
890000000003112,Наймите ещё Лена — с ним работать тихо и надёжно.,Наймите ещё Лена — с ним работать тихо и надёжно.,,jazz-units:items.lua:122107 | jazz-units:UnitData/Jazz_Cougar.lua:81
890000000003113,Пума вне зоны действия. Пишите.,Пума вне зоны действия. Пишите.,,jazz-units:items.lua:122121 | jazz-units:UnitData/Jazz_Cougar.lua:95
890000000003114,"Пума. Говори тихо, если можешь.","Пума. Говори тихо, если можешь.",,jazz-units:items.lua:122126 | jazz-units:UnitData/Jazz_Cougar.lua:100
890000000003115,Связь прервалась. Вернёмся к делу.,Связь прервалась. Вернёмся к делу.,,jazz-units:items.lua:122131 | jazz-units:UnitData/Jazz_Cougar.lua:105
890000000003116,...,...,,jazz-units:items.lua:122136 | jazz-units:UnitData/Jazz_Cougar.lua:110
890000000003117,Уже в тени. Иду.,Уже в тени. Иду.,,jazz-units:items.lua:122141 | jazz-units:UnitData/Jazz_Cougar.lua:115
890000000003118,Контракт заканчивается. Продлеваем?,Контракт заканчивается. Продлеваем?,,jazz-units:items.lua:122146 | jazz-units:UnitData/Jazz_Cougar.lua:120
890000000003119,"Остаюсь. Тихо, но остаюсь.","Остаюсь. Тихо, но остаюсь.",,jazz-units:items.lua:122151 | jazz-units:UnitData/Jazz_Cougar.lua:125
890000000003202,Мигель Кордона,Мигель Кордона,,jazz-units:items.lua:122397 | jazz-units:UnitData/Jazz_Miguel.lua:22
890000000003203,Мигель,Мигель,,jazz-units:items.lua:122398 | jazz-units:UnitData/Jazz_Miguel.lua:23
890000000003204,МИГЕЛЬ,МИГЕЛЬ,,jazz-units:items.lua:122399 | jazz-units:UnitData/Jazz_Miguel.lua:24
890000000003205,"Статы 70–80, Leadership 98 — лучший лидер повстанцев Арулько, прошедший ночные операции и рукопашный бой. Дружит с Карлосом, Айрой и Тенью; не сходится характером с неким Игги (упоминание из JA2, персонаж пока не заведён в моде); недолюбливает немцев за колониальное наследие.","Статы 70–80, Leadership 98 — лучший лидер повстанцев Арулько, прошедший ночные операции и рукопашный бой. Дружит с Карлосом, Айрой и Тенью; не сходится характером с неким Игги (упоминание из JA2, персонаж пока не заведён в моде); недолюбливает немцев за колониальное наследие.",,Jazz_Bio_WIP
890000000003206,Команданте,Команданте,,jazz-units:items.lua:122402 | jazz-units:UnitData/Jazz_Miguel.lua:27
890000000003207,Miguel@arulco.reb,Miguel@arulco.reb,,jazz-units:items.lua:122403 | jazz-units:UnitData/Jazz_Miguel.lua:28
890000000003208,comandante,comandante,,jazz-units:items.lua:122404 | jazz-units:UnitData/Jazz_Miguel.lua:29
890000000003209,"Отряд полон немцев... Ладно, но с доплатой — старые счёты не забываются.","Отряд полон немцев... Ладно, но с доплатой — старые счёты не забываются.",,jazz-units:items.lua:122410 | jazz-units:UnitData/Jazz_Miguel.lua:35
890000000003210,"Карлос, Айра или Тень уже с вами? Тогда я вам доверяю.","Карлос, Айра или Тень уже с вами? Тогда я вам доверяю.",,jazz-units:items.lua:122430 | jazz-units:UnitData/Jazz_Miguel.lua:55
890000000003211,"Найдёте Карлоса или Айру — берите без раздумий, это наши лучшие люди.","Найдёте Карлоса или Айру — берите без раздумий, это наши лучшие люди.",,jazz-units:items.lua:122449 | jazz-units:UnitData/Jazz_Miguel.lua:74
890000000003212,Мигель. Оставьте сообщение для дела свободы Арулько.,Мигель. Оставьте сообщение для дела свободы Арулько.,,jazz-units:items.lua:122463 | jazz-units:UnitData/Jazz_Miguel.lua:88
890000000003213,Говорит Мигель. Слушаю.,Говорит Мигель. Слушаю.,,jazz-units:items.lua:122468 | jazz-units:UnitData/Jazz_Miguel.lua:93
890000000003214,Связь прервалась. Вернёмся к делу.,Связь прервалась. Вернёмся к делу.,,jazz-units:items.lua:122473 | jazz-units:UnitData/Jazz_Miguel.lua:98
890000000003215,Арулько ждёт. Не задерживайся.,Арулько ждёт. Не задерживайся.,,jazz-units:items.lua:122478 | jazz-units:UnitData/Jazz_Miguel.lua:103
890000000003216,Встаём в строй. Пора действовать.,Встаём в строй. Пора действовать.,,jazz-units:items.lua:122483 | jazz-units:UnitData/Jazz_Miguel.lua:108
890000000003217,Контракт заканчивается. Продлеваем?,Контракт заканчивается. Продлеваем?,,jazz-units:items.lua:122488 | jazz-units:UnitData/Jazz_Miguel.lua:113
890000000003218,Остаюсь. Освобождение ещё не закончено.,Остаюсь. Освобождение ещё не закончено.,,jazz-units:items.lua:122493 | jazz-units:UnitData/Jazz_Miguel.lua:118
890000000003302,Гамос,Гамос,,jazz-units:items.lua:122739 | jazz-units:UnitData/Jazz_Gamos.lua:22
890000000003303,Гамос,Гамос,,jazz-units:items.lua:122740 | jazz-units:UnitData/Jazz_Gamos.lua:23
890000000003304,ГАМОС,ГАМОС,,jazz-units:items.lua:122741 | jazz-units:UnitData/Jazz_Gamos.lua:24
890000000003305,"Статы 60–70, Wisdom 35, Marksmanship 78. Простой и дружелюбный местный проводник, исходивший джунгли Арулько вдоль и поперёк. Нейтрален к остальному отряду, дёшев в найме.","Статы 60–70, Wisdom 35, Marksmanship 78. Простой и дружелюбный местный проводник, исходивший джунгли Арулько вдоль и поперёк. Нейтрален к остальному отряду, дёшев в найме.",,Jazz_Bio_WIP
890000000003306,Я много путешествовать,Я много путешествовать,,jazz-units:items.lua:122744 | jazz-units:UnitData/Jazz_Gamos.lua:27
890000000003307,Gamos@arulco.reb,Gamos@arulco.reb,,jazz-units:items.lua:122745 | jazz-units:UnitData/Jazz_Gamos.lua:28
890000000003308,travelmuch,travelmuch,,jazz-units:items.lua:122746 | jazz-units:UnitData/Jazz_Gamos.lua:29
890000000003309,Много люди умирать с вами. Гамос не хотеть так.,Много люди умирать с вами. Гамос не хотеть так.,,jazz-units:items.lua:122751 | jazz-units:UnitData/Jazz_Gamos.lua:34
890000000003310,Мало денег. Гамос семью кормить надо.,Мало денег. Гамос семью кормить надо.,,jazz-units:items.lua:122764 | jazz-units:UnitData/Jazz_Gamos.lua:47
890000000003311,Гамос много путешествовать — сейчас нет тут. Потом.,Гамос много путешествовать — сейчас нет тут. Потом.,,jazz-units:items.lua:122779 | jazz-units:UnitData/Jazz_Gamos.lua:61
890000000003312,Гамос тут. Куда идти надо?,Гамос тут. Куда идти надо?,,jazz-units:items.lua:122784 | jazz-units:UnitData/Jazz_Gamos.lua:66
890000000003313,Связь пропадать. Вернёмся к делу.,Связь пропадать. Вернёмся к делу.,,jazz-units:items.lua:122789 | jazz-units:UnitData/Jazz_Gamos.lua:71
890000000003314,Идём? Гамос знать дорогу.,Идём? Гамос знать дорогу.,,jazz-units:items.lua:122794 | jazz-units:UnitData/Jazz_Gamos.lua:76
890000000003315,"Хорошо, Гамос идёт. Джунгли не страшны.","Хорошо, Гамос идёт. Джунгли не страшны.",,jazz-units:items.lua:122799 | jazz-units:UnitData/Jazz_Gamos.lua:81
890000000003316,Контракт заканчивается. Продлеваем?,Контракт заканчивается. Продлеваем?,,jazz-units:items.lua:122804 | jazz-units:UnitData/Jazz_Gamos.lua:86
890000000003317,Гамос остаётся. Есть ещё тропы показать.,Гамос остаётся. Есть ещё тропы показать.,,jazz-units:items.lua:122809 | jazz-units:UnitData/Jazz_Gamos.lua:91
890000000003402,Грег «Динамо» Дункан,Грег «Динамо» Дункан,,jazz-units:items.lua:123051 | jazz-units:UnitData/Jazz_Dynamo.lua:22
890000000003403,Динамо,Динамо,,jazz-units:items.lua:123052 | jazz-units:UnitData/Jazz_Dynamo.lua:23
890000000003404,ДИНАМО,ДИНАМО,,jazz-units:items.lua:123053 | jazz-units:UnitData/Jazz_Dynamo.lua:24
890000000003405,"Статы 55–65, Marksmanship 68, Mechanical 67, Wisdom 78. Бывший заключённый с извращённым чувством юмора насчёт ранений — знает, куда бить, чтобы противник ослеп или запаниковал. Дружит с Шенком и Кровью; не любит Мясо. Дёшев, готов работать почти за идею.","Статы 55–65, Marksmanship 68, Mechanical 67, Wisdom 78. Бывший заключённый с извращённым чувством юмора насчёт ранений — знает, куда бить, чтобы противник ослеп или запаниковал. Дружит с Шенком и Кровью; не любит Мясо. Дёшев, готов работать почти за идею.",,Jazz_Bio_WIP
890000000003406,Зек-механик,Зек-механик,,jazz-units:items.lua:123056 | jazz-units:UnitData/Jazz_Dynamo.lua:27
890000000003407,Dynamo@merc.com,Dynamo@merc.com,,jazz-units:items.lua:123057 | jazz-units:UnitData/Jazz_Dynamo.lua:28
890000000003408,dynamo,dynamo,,jazz-units:items.lua:123058 | jazz-units:UnitData/Jazz_Dynamo.lua:29
890000000003409,"Кровь уже здесь? Тогда ладно, повеселимся.","Кровь уже здесь? Тогда ладно, повеселимся.",,jazz-units:items.lua:123066 | jazz-units:UnitData/Jazz_Dynamo.lua:37
890000000003410,Динамо вне зоны — наверно чинит что-то. Пиши.,Динамо вне зоны — наверно чинит что-то. Пиши.,,jazz-units:items.lua:123081 | jazz-units:UnitData/Jazz_Dynamo.lua:51
890000000003411,Динамо. Чо надо?,Динамо. Чо надо?,,jazz-units:items.lua:123086 | jazz-units:UnitData/Jazz_Dynamo.lua:56
890000000003412,Связь прервалась. Вернёмся к делу.,Связь прервалась. Вернёмся к делу.,,jazz-units:items.lua:123091 | jazz-units:UnitData/Jazz_Dynamo.lua:61
890000000003413,"Давай уже, время не резиновое.","Давай уже, время не резиновое.",,jazz-units:items.lua:123096 | jazz-units:UnitData/Jazz_Dynamo.lua:66
890000000003414,За идею пойду — или за полтинник. Разницы нет.,За идею пойду — или за полтинник. Разницы нет.,,jazz-units:items.lua:123101 | jazz-units:UnitData/Jazz_Dynamo.lua:71
890000000003415,Контракт заканчивается. Продлеваем?,Контракт заканчивается. Продлеваем?,,jazz-units:items.lua:123106 | jazz-units:UnitData/Jazz_Dynamo.lua:76
890000000003416,Остаюсь. Тут ещё есть что чинить и кого пугать.,Остаюсь. Тут ещё есть что чинить и кого пугать.,,jazz-units:items.lua:123111 | jazz-units:UnitData/Jazz_Dynamo.lua:81
890000000003502,Гастон Кавалье,Гастон Кавалье,,jazz-units:items.lua:123356 | jazz-units:UnitData/Jazz_Gaston.lua:22
890000000003503,Гастон,Гастон,,jazz-units:items.lua:123357 | jazz-units:UnitData/Jazz_Gaston.lua:23
890000000003504,ГАСТОН,ГАСТОН,,jazz-units:items.lua:123358 | jazz-units:UnitData/Jazz_Gaston.lua:24
890000000003505,"Urban Brawl. Статы 80–90, Marksmanship 94, прочие навыки 20+. Не умеет плавать (флейвор). Работает с крыш и в темноте, флиртует с Тоской, Бансом и Лиской. Не выносит Злобного за конкуренцию по части дам и Биффа за трусость.","Urban Brawl. Статы 80–90, Marksmanship 94, прочие навыки 20+. Не умеет плавать (флейвор). Работает с крыш и в темноте, флиртует с Тоской, Бансом и Лиской. Не выносит Злобного за конкуренцию по части дам и Биффа за трусость.",,Jazz_Bio_WIP
890000000003506,Дамский снайпер,Дамский снайпер,,jazz-units:items.lua:123361 | jazz-units:UnitData/Jazz_Gaston.lua:27
890000000003507,Gaston@merc.com,Gaston@merc.com,,jazz-units:items.lua:123362 | jazz-units:UnitData/Jazz_Gaston.lua:28
890000000003508,cavalier,cavalier,,jazz-units:items.lua:123363 | jazz-units:UnitData/Jazz_Gaston.lua:29
890000000003509,"Пока Злобный или Бифф в отряде — нет. Один отбивает моих дам, другой портит настроение.","Пока Злобный или Бифф в отряде — нет. Один отбивает моих дам, другой портит настроение.",,Jazz_Gaston
890000000003510,Слишком много потерь для моего вкуса.,Слишком много потерь для моего вкуса.,,Jazz_Gaston
890000000003511,"О, Тоска, Банс или Лиска уже здесь? Тогда я определённо в деле.","О, Тоска, Банс или Лиска уже здесь? Тогда я определённо в деле.",,Jazz_Gaston
890000000003512,Если ищете ещё одну прекрасную даму — зовите Тоску.,Если ищете ещё одну прекрасную даму — зовите Тоску.,,Jazz_Gaston
890000000003513,"Гастон у дамы. Пишите, отвечу, когда освобожусь.","Гастон у дамы. Пишите, отвечу, когда освобожусь.",,Jazz_Gaston
890000000003514,Gaston à l'appareil. Слушаю ваше предложение.,Gaston à l'appareil. Слушаю ваше предложение.,,Jazz_Gaston
890000000003515,Связь прервалась. Вернёмся к делу.,Связь прервалась. Вернёмся к делу.,,Jazz_Gaston
890000000003516,"Ну же, время дорого — как и мой шарм.","Ну же, время дорого — как и мой шарм.",,Jazz_Gaston
890000000003517,Pour vous — всегда готов. Беру винтовку.,Pour vous — всегда готов. Беру винтовку.,,jazz-units:items.lua:123455 | jazz-units:UnitData/Jazz_Gaston.lua:121
890000000003518,"Контракт заканчивается. Продлеваем, mon ami?","Контракт заканчивается. Продлеваем, mon ami?",,Jazz_Gaston
890000000003519,Остаюсь. Крыши здесь превосходные.,Остаюсь. Крыши здесь превосходные.,,Jazz_Gaston
890000000003602,Лейтенант Хорг «Сигара»,Лейтенант Хорг «Сигара»,,jazz-units:items.lua:123715 | jazz-units:UnitData/Jazz_Horg.lua:23
890000000003603,Сигара,Сигара,,jazz-units:items.lua:123716 | jazz-units:UnitData/Jazz_Horg.lua:24
890000000003604,СИГАРА,СИГАРА,,jazz-units:items.lua:123717 | jazz-units:UnitData/Jazz_Horg.lua:25
890000000003605,"Urban Brawl. Health 98, Strength 94, Agility 78, Marksmanship 89, Mechanical 74, Wisdom 77. Агрессивный лейтенант, никогда не расстаётся с сигарой. Дружит с Быком, Гасом и Биффом; терпеть не может Колби и относится с презрением к слухам про Лаву.","Urban Brawl. Health 98, Strength 94, Agility 78, Marksmanship 89, Mechanical 74, Wisdom 77. Агрессивный лейтенант, никогда не расстаётся с сигарой. Дружит с Быком, Гасом и Биффом; терпеть не может Колби и относится с презрением к слухам про Лаву.",,Jazz_Bio_WIP
890000000003606,Сигара,Сигара,,jazz-units:items.lua:123720 | jazz-units:UnitData/Jazz_Horg.lua:28
890000000003607,Horg@merc.com,Horg@merc.com,,jazz-units:items.lua:123721 | jazz-units:UnitData/Jazz_Horg.lua:29
890000000003608,cigar,cigar,,jazz-units:items.lua:123722 | jazz-units:UnitData/Jazz_Horg.lua:30
890000000003609,Пока Колби в отряде — нет. Не выношу этого типа.,Пока Колби в отряде — нет. Не выношу этого типа.,,Jazz_Horg
890000000003610,Слишком много наших полегло. Мне это не нравится.,Слишком много наших полегло. Мне это не нравится.,,Jazz_Horg
890000000003611,"Бык, Гас или Бифф уже здесь? Тогда я точно в деле.","Бык, Гас или Бифф уже здесь? Тогда я точно в деле.",,Jazz_Horg
890000000003612,Этот парень может любого вояку за пояс заткнуть.,Этот парень может любого вояку за пояс заткнуть.,,Jazz_Horg
890000000003613,"Ага... так! Есть только один способ выбраться, и мы пойдем все вместе.","Ага... так! Есть только один способ выбраться, и мы пойдем все вместе.",,Jazz_Horg
890000000003614,"А я-то думал, что все в жизни повидал. Наверно, взрывчатка - не его специальность.","А я-то думал, что все в жизни повидал. Наверно, взрывчатка - не его специальность.",,Jazz_Horg
890000000003615,"Я никогда не был в Арулько, Мануэль, но постараюсь сделать все, чтобы ты туда вернулся.","Я никогда не был в Арулько, Мануэль, но постараюсь сделать все, чтобы ты туда вернулся.",,Jazz_Horg
890000000003616,"Огорчает лишь то, что Рауль унес все, что у него было.","Огорчает лишь то, что Рауль унес все, что у него было.",,Jazz_Horg
890000000003617,Беру тяжёлое и еду.,Беру тяжёлое и еду.,,jazz-units:items.lua:123811 | jazz-units:UnitData/Jazz_Horg.lua:119
890000000003618,"Похоже, пройти удалось не всем! Увы...","Похоже, пройти удалось не всем! Увы...",,Jazz_Horg
890000000003619,"Мы наделали много шума, но мне это нравится. У них есть время подумать о том, что их ждет.","Мы наделали много шума, но мне это нравится. У них есть время подумать о том, что их ждет.",,Jazz_Horg
890000000003702,Мануэль,Мануэль,,jazz-units:items.lua:124070 | jazz-units:UnitData/Jazz_Manuel.lua:22
890000000003703,Мануэль,Мануэль,,jazz-units:items.lua:124071 | jazz-units:UnitData/Jazz_Manuel.lua:23
890000000003704,МАНУЭЛЬ,МАНУЭЛЬ,,jazz-units:items.lua:124072 | jazz-units:UnitData/Jazz_Manuel.lua:24
890000000003705,"Urban Brawl / Night Ops. Муж Фатимы, отец Пако. Внедрился в армию Арулько по просьбе Мигеля, был раскрыт и бежал в лес. Отряд встречает его блуждающим в лесах Тракона. Статы 70+, Dexterity 91. Одиночка, привыкший полагаться только на себя после провала операции.","Urban Brawl / Night Ops. Муж Фатимы, отец Пако. Внедрился в армию Арулько по просьбе Мигеля, был раскрыт и бежал в лес. Отряд встречает его блуждающим в лесах Тракона. Статы 70+, Dexterity 91. Одиночка, привыкший полагаться только на себя после провала операции.",,Jazz_Bio_WIP
890000000003706,Муж Фатимы,Муж Фатимы,,jazz-units:items.lua:124075 | jazz-units:UnitData/Jazz_Manuel.lua:27
890000000003707,Manuel@arulco.reb,Manuel@arulco.reb,,jazz-units:items.lua:124076 | jazz-units:UnitData/Jazz_Manuel.lua:28
890000000003708,manuel,manuel,,jazz-units:items.lua:124077 | jazz-units:UnitData/Jazz_Manuel.lua:29
890000000003709,"Слишком много смертей. Мануэль уже видел, чем это кончается.","Слишком много смертей. Мануэль уже видел, чем это кончается.",,jazz-units:items.lua:124082 | jazz-units:UnitData/Jazz_Manuel.lua:34
890000000003710,Мало денег. У Мануэля семья — Фатима и Пако.,Мало денег. У Мануэля семья — Фатима и Пако.,,jazz-units:items.lua:124095 | jazz-units:UnitData/Jazz_Manuel.lua:47
890000000003711,Мигель уже здесь? Тогда ладно — он мне ещё должен объяснение.,Мигель уже здесь? Тогда ладно — он мне ещё должен объяснение.,,jazz-units:items.lua:124110 | jazz-units:UnitData/Jazz_Manuel.lua:62
890000000003712,"Если встретите Мигеля — скажите, Мануэль его не забыл.","Если встретите Мигеля — скажите, Мануэль его не забыл.",,jazz-units:items.lua:124126 | jazz-units:UnitData/Jazz_Manuel.lua:78
890000000003713,Мануэль... сейчас нет связи. Позже.,Мануэль... сейчас нет связи. Позже.,,jazz-units:items.lua:124140 | jazz-units:UnitData/Jazz_Manuel.lua:92
890000000003714,Это Мануэль. Слушаю.,Это Мануэль. Слушаю.,,jazz-units:items.lua:124145 | jazz-units:UnitData/Jazz_Manuel.lua:97
890000000003715,Связь прервалась. Вернёмся к делу.,Связь прервалась. Вернёмся к делу.,,jazz-units:items.lua:124150 | jazz-units:UnitData/Jazz_Manuel.lua:102
890000000003716,Тише. Мануэль слушает лес.,Тише. Мануэль слушает лес.,,jazz-units:items.lua:124155 | jazz-units:UnitData/Jazz_Manuel.lua:107
890000000003717,Иду с вами. Фатима поймёт.,Иду с вами. Фатима поймёт.,,jazz-units:items.lua:124160 | jazz-units:UnitData/Jazz_Manuel.lua:112
890000000003718,Контракт заканчивается. Продлеваем?,Контракт заканчивается. Продлеваем?,,jazz-units:items.lua:124165 | jazz-units:UnitData/Jazz_Manuel.lua:117
890000000003719,Остаюсь. Лес подождёт.,Остаюсь. Лес подождёт.,,jazz-units:items.lua:124170 | jazz-units:UnitData/Jazz_Manuel.lua:122
890000000003802,Виктор «Монк» Колесников,Виктор «Монк» Колесников,,jazz-units:items.lua:124414 | jazz-units:UnitData/Jazz_Monk.lua:22
890000000003803,Монк,Монк,,jazz-units:items.lua:124415 | jazz-units:UnitData/Jazz_Monk.lua:23
890000000003804,МОНК,МОНК,,jazz-units:items.lua:124416 | jazz-units:UnitData/Jazz_Monk.lua:24
890000000003805,"Wildfire. Ветеран Чеченской войны, не любит вспоминать родину. Статы 80–90, Marksmanship 94, прочие навыки 20–30. Одиночка, действует лучше вдали от толпы. Симпатизирует Лоре; недолюбливает Ивана и Конрада.","Wildfire. Ветеран Чеченской войны, не любит вспоминать родину. Статы 80–90, Marksmanship 94, прочие навыки 20–30. Одиночка, действует лучше вдали от толпы. Симпатизирует Лоре; недолюбливает Ивана и Конрада.",,Jazz_Bio_WIP
890000000003806,Чеченский след,Чеченский след,,jazz-units:items.lua:124419 | jazz-units:UnitData/Jazz_Monk.lua:27
890000000003807,Monk@aim.com,Monk@aim.com,,jazz-units:items.lua:124420 | jazz-units:UnitData/Jazz_Monk.lua:28
890000000003808,monk,monk,,jazz-units:items.lua:124421 | jazz-units:UnitData/Jazz_Monk.lua:29
890000000003809,"Я слышал, вы наняли Ивана... Да чтобы я с ним работал? Нет. Ищите кого-нибудь другого...","Я слышал, вы наняли Ивана... Да чтобы я с ним работал? Нет. Ищите кого-нибудь другого...",,Jazz_Monk
890000000003810,Слишком уж смертность у тебя высокая... Это неправильно.,Слишком уж смертность у тебя высокая... Это неправильно.,,Jazz_Monk
890000000003811,"Эта операция не очень хорошая, но если в команде доктор Лора... то Виктор тоже в команде.","Эта операция не очень хорошая, но если в команде доктор Лора... то Виктор тоже в команде.",,Jazz_Monk
890000000003812,Доктор Лора - сильная женщина. Сильная... и симпатичная.,Доктор Лора - сильная женщина. Сильная... и симпатичная.,,Jazz_Monk
890000000003813,Это Виктор Колесников. Оставьте сообщение на автоответчике. Я свяжусь с вами.,Это Виктор Колесников. Оставьте сообщение на автоответчике. Я свяжусь с вами.,,Jazz_Monk
890000000003814,Виктор Колесников.,Виктор Колесников.,,Jazz_Monk
890000000003815,Еще раз.,Еще раз.,,Jazz_Monk
890000000003816,Я наемник от Бога.,Я наемник от Бога.,,Jazz_Monk
890000000003817,"Хорошо. Иду один, как всегда.","Хорошо. Иду один, как всегда.",,jazz-units:items.lua:124510 | jazz-units:UnitData/Jazz_Monk.lua:118
890000000003818,Контракт скоро заканчивается... Виктор тебе еще нужен?,Контракт скоро заканчивается... Виктор тебе еще нужен?,,Jazz_Monk
890000000003819,Хорошо... Очень хорошо.,Хорошо... Очень хорошо.,,Jazz_Monk
890000000003902,Янно «Знаток» Аллик,Янно «Знаток» Аллик,,jazz-units:items.lua:124767 | jazz-units:UnitData/Jazz_Allik.lua:22
890000000003903,Знаток,Знаток,,jazz-units:items.lua:124768 | jazz-units:UnitData/Jazz_Allik.lua:23
890000000003904,ЗНАТОК,ЗНАТОК,,jazz-units:items.lua:124769 | jazz-units:UnitData/Jazz_Allik.lua:24
890000000003905,"Wildfire. Один из лучших показателей статов на уровень в игре. Marksmanship 78, Mechanical 76, Explosives 43. Неисправимый оптимист, ко всему подходит с расчётом инженера. Дружит с Вильде и Грейс; не ладит с Сидни и Доктором Кью. В некоторых файлах WF указан русским по ошибке — считается артефактом данных, национальность эстонская.","Wildfire. Один из лучших показателей статов на уровень в игре. Marksmanship 78, Mechanical 76, Explosives 43. Неисправимый оптимист, ко всему подходит с расчётом инженера. Дружит с Вильде и Грейс; не ладит с Сидни и Доктором Кью. В некоторых файлах WF указан русским по ошибке — считается артефактом данных, национальность эстонская.",,Jazz_Bio_WIP
890000000003906,Эстонец,Эстонец,,jazz-units:items.lua:124772 | jazz-units:UnitData/Jazz_Allik.lua:27
890000000003907,Allik@aim.com,Allik@aim.com,,jazz-units:items.lua:124773 | jazz-units:UnitData/Jazz_Allik.lua:28
890000000003908,znatok,znatok,,jazz-units:items.lua:124774 | jazz-units:UnitData/Jazz_Allik.lua:29
890000000003909,"Лучше поищи другого наемника. Такого, которому понравится работать со свиньей-англичанином!","Лучше поищи другого наемника. Такого, которому понравится работать со свиньей-англичанином!",,Jazz_Allik
890000000003910,"Я наемник, потому что я так решил, но это еще не значит, что я люблю смерть.","Я наемник, потому что я так решил, но это еще не значит, что я люблю смерть.",,Jazz_Allik
890000000003911,"У меня тревожные предчувствия, но если с вами Грейс Джирелли... Я согласен.","У меня тревожные предчувствия, но если с вами Грейс Джирелли... Я согласен.",,Jazz_Allik
890000000003912,"Она мне нравится. Обычно американки такие... Ну... Но только не Грейс. В ней чувствуется итальянская кровь, а итальянцы знают толк в хорошей еде.","Она мне нравится. Обычно американки такие... Ну... Но только не Грейс. В ней чувствуется итальянская кровь, а итальянцы знают толк в хорошей еде.",,Jazz_Allik
890000000003913,"Янно Аллик на связи. Если у вас есть для меня важные новости, пожалуйста, говорите.","Янно Аллик на связи. Если у вас есть для меня важные новости, пожалуйста, говорите.",,Jazz_Allik
890000000003914,Привет...,Привет...,,Jazz_Allik
890000000003915,Я сказал...,Я сказал...,,Jazz_Allik
890000000003916,Я бы не отказался сейчас от сочного бифштекса с картофелем и подливкой. Ха!,Я бы не отказался сейчас от сочного бифштекса с картофелем и подливкой. Ха!,,Jazz_Allik
890000000003917,Выхожу. Будет интересно.,Выхожу. Будет интересно.,,jazz-units:items.lua:124866 | jazz-units:UnitData/Jazz_Allik.lua:121
890000000003918,"Я бы не отказался поработать на вас еще, если это входит в ваши планы.","Я бы не отказался поработать на вас еще, если это входит в ваши планы.",,Jazz_Allik
890000000003919,"Gut. Должно быть, вам понравились мои успехи.","Gut. Должно быть, вам понравились мои успехи.",,Jazz_Allik
890000000004002,Хеннинг фон Браниц,Хеннинг фон Браниц,,jazz-units:items.lua:125124 | jazz-units:UnitData/Jazz_Henning.lua:22
890000000004003,Хеннинг,Хеннинг,,jazz-units:items.lua:125125 | jazz-units:UnitData/Jazz_Henning.lua:23
890000000004004,ХЕННИНГ,ХЕННИНГ,,jazz-units:items.lua:125126 | jazz-units:UnitData/Jazz_Henning.lua:24
890000000004005,"Wildfire — эрзац-замена Гасу. Статы 70–80, Wisdom 96, Leadership 76, Marksmanship 92. Клаустрофоб, не переносит замкнутые помещения. Аристократичный тактик, предпочитает командовать издалека, но не боится взять оружие сам, если требуется. Дружит со Штайгером и Лорой; недолюбливает Тора и Рикошета.","Wildfire — эрзац-замена Гасу. Статы 70–80, Wisdom 96, Leadership 76, Marksmanship 92. Клаустрофоб, не переносит замкнутые помещения. Аристократичный тактик, предпочитает командовать издалека, но не боится взять оружие сам, если требуется. Дружит со Штайгером и Лорой; недолюбливает Тора и Рикошета.",,Jazz_Bio_WIP
890000000004006,Барон-гасс,Барон-гасс,,jazz-units:items.lua:125129 | jazz-units:UnitData/Jazz_Henning.lua:27
890000000004007,Henning@aim.com,Henning@aim.com,,jazz-units:items.lua:125130 | jazz-units:UnitData/Jazz_Henning.lua:28
890000000004008,vonbranitz,vonbranitz,,jazz-units:items.lua:125131 | jazz-units:UnitData/Jazz_Henning.lua:29
890000000004009,"Тор тоже с тобой? В таком случае я отклоняю твое предложение. Ты скоро узнаешь, почему. Желаю удачи... Она тебе понадобится.","Тор тоже с тобой? В таком случае я отклоняю твое предложение. Ты скоро узнаешь, почему. Желаю удачи... Она тебе понадобится.",,Jazz_Henning
890000000004010,Ты теряешь слишком много хороших людей. Мне это неинтересно.,Ты теряешь слишком много хороших людей. Мне это неинтересно.,,Jazz_Henning
890000000004011,"Возможно, я совершаю ошибку, но я не упущу шанса оказаться в одном отряде с Фиделем.","Возможно, я совершаю ошибку, но я не упущу шанса оказаться в одном отряде с Фиделем.",,Jazz_Henning
890000000004012,Фидель - это сокровище! Ты ВИДЕЛ?,Фидель - это сокровище! Ты ВИДЕЛ?,,Jazz_Henning
890000000004013,"Это Хеннинг фон Браниц. В настоящий момент я не могу ответить на ваш звонок. Пожалуйста, оставьте сообщение после сигнала.","Это Хеннинг фон Браниц. В настоящий момент я не могу ответить на ваш звонок. Пожалуйста, оставьте сообщение после сигнала.",,Jazz_Henning
890000000004014,Алло!,Алло!,,Jazz_Henning
890000000004015,Я сказал...,Я сказал...,,Jazz_Henning
890000000004016,У меня мало времени...,У меня мало времени...,,Jazz_Henning
890000000004017,Принято. Я в вашем распоряжении.,Принято. Я в вашем распоряжении.,,jazz-units:items.lua:125223 | jazz-units:UnitData/Jazz_Henning.lua:121
890000000004018,Я предлагаю продлить мой контракт. Что ты об этом думаешь?,Я предлагаю продлить мой контракт. Что ты об этом думаешь?,,Jazz_Henning
890000000004019,Согласен!,Согласен!,,Jazz_Henning
890000000004102,Кирк «Статик» Стивенсон,Кирк «Статик» Стивенсон,,jazz-units:items.lua:125481 | jazz-units:UnitData/Jazz_Static.lua:22
890000000004103,Статик,Статик,,jazz-units:items.lua:125482 | jazz-units:UnitData/Jazz_Static.lua:23
890000000004104,СТАТИК,СТАТИК,,jazz-units:items.lua:125483 | jazz-units:UnitData/Jazz_Static.lua:24
890000000004105,"Статы 60–80, Strength 59, Dexterity 95, Wisdom 60, Mechanical 99. Боится насекомых. Дружит со Спайдером и обкуренным Ларри; не любит трезвого Ларри, Ротмана, Блэйда; недолюбливает швейцарцев.","Статы 60–80, Strength 59, Dexterity 95, Wisdom 60, Mechanical 99. Боится насекомых. Дружит со Спайдером и обкуренным Ларри; не любит трезвого Ларри, Ротмана, Блэйда; недолюбливает швейцарцев.",,Jazz_Bio_WIP
890000000004106,Хиппи-механик,Хиппи-механик,,jazz-units:items.lua:125486 | jazz-units:UnitData/Jazz_Static.lua:27
890000000004107,Static@aim.com,Static@aim.com,,jazz-units:items.lua:125487 | jazz-units:UnitData/Jazz_Static.lua:28
890000000004108,static,static,,jazz-units:items.lua:125488 | jazz-units:UnitData/Jazz_Static.lua:29
890000000004109,"Пока Ротман, Блэйд или трезвый Ларри у вас в отряде — я пас. Не моя вибрация.","Пока Ротман, Блэйд или трезвый Ларри у вас в отряде — я пас. Не моя вибрация.",,jazz-units:items.lua:125493 | jazz-units:UnitData/Jazz_Static.lua:34
890000000004110,Слишком много трупов вокруг вас. Не моя карма.,Слишком много трупов вокруг вас. Не моя карма.,,jazz-units:items.lua:125510 | jazz-units:UnitData/Jazz_Static.lua:51
890000000004111,"Отряд из одних швейцарцев? Ладно, но накинь сверху.","Отряд из одних швейцарцев? Ладно, но накинь сверху.",,jazz-units:items.lua:125525 | jazz-units:UnitData/Jazz_Static.lua:66
890000000004112,"О, Паук (или обдолбанный Ларри) уже здесь? Тогда я точно в деле.","О, Паук (или обдолбанный Ларри) уже здесь? Тогда я точно в деле.",,jazz-units:items.lua:125550 | jazz-units:UnitData/Jazz_Static.lua:91
890000000004113,Если нужен ещё один спец по железу — зовите Паука.,Если нужен ещё один спец по железу — зовите Паука.,,jazz-units:items.lua:125569 | jazz-units:UnitData/Jazz_Static.lua:110
890000000004114,Статик в отключке. Позвоните позже.,Статик в отключке. Позвоните позже.,,jazz-units:items.lua:125583 | jazz-units:UnitData/Jazz_Static.lua:124
890000000004115,"Йо, Статик на проводе. Что чинить?","Йо, Статик на проводе. Что чинить?",,jazz-units:items.lua:125588 | jazz-units:UnitData/Jazz_Static.lua:129
890000000004116,Связь прервалась. Вернёмся к делу.,Связь прервалась. Вернёмся к делу.,,jazz-units:items.lua:125593 | jazz-units:UnitData/Jazz_Static.lua:134
890000000004117,"Мир... и гайки, чувак.","Мир... и гайки, чувак.",,jazz-units:items.lua:125598 | jazz-units:UnitData/Jazz_Static.lua:139
890000000004118,"Окей, собираю чемодан с инструментами.","Окей, собираю чемодан с инструментами.",,jazz-units:items.lua:125603 | jazz-units:UnitData/Jazz_Static.lua:144
890000000004119,Контракт заканчивается. Продлеваем?,Контракт заканчивается. Продлеваем?,,jazz-units:items.lua:125608 | jazz-units:UnitData/Jazz_Static.lua:149
890000000004120,Остаюсь. Тут ещё есть что чинить.,Остаюсь. Тут ещё есть что чинить.,,jazz-units:items.lua:125613 | jazz-units:UnitData/Jazz_Static.lua:154
890000000004202,Клиффорд «Скала» Хайбол,Клиффорд «Скала» Хайбол,,jazz-units:items.lua:125863 | jazz-units:UnitData/Jazz_Highball.lua:22
890000000004203,Скала,Скала,,jazz-units:items.lua:125864 | jazz-units:UnitData/Jazz_Highball.lua:23
890000000004204,СКАЛА,СКАЛА,,jazz-units:items.lua:125865 | jazz-units:UnitData/Jazz_Highball.lua:24
890000000004205,"Худшие боевые статы в каталоге AIM (~50–60), но Wisdom 87, Marksmanship 84, Medical 84 всё ещё держат марку. Держится нейтрально к остальному отряду — слишком занят собственной фляжкой, чтобы с кем-то ссориться.","Худшие боевые статы в каталоге AIM (~50–60), но Wisdom 87, Marksmanship 84, Medical 84 всё ещё держат марку. Держится нейтрально к остальному отряду — слишком занят собственной фляжкой, чтобы с кем-то ссориться.",,Jazz_Bio_WIP
890000000004206,Старый алкаш,Старый алкаш,,jazz-units:items.lua:125868 | jazz-units:UnitData/Jazz_Highball.lua:27
890000000004207,Highball@aim.com,Highball@aim.com,,jazz-units:items.lua:125869 | jazz-units:UnitData/Jazz_Highball.lua:28
890000000004208,highball,highball,,jazz-units:items.lua:125870 | jazz-units:UnitData/Jazz_Highball.lua:29
890000000004209,На такие деньги даже фляжку не наполнишь.,На такие деньги даже фляжку не наполнишь.,,jazz-units:items.lua:125875 | jazz-units:UnitData/Jazz_Highball.lua:34
890000000004210,Слишком много крови для старого доктора.,Слишком много крови для старого доктора.,,jazz-units:items.lua:125886 | jazz-units:UnitData/Jazz_Highball.lua:45
890000000004211,"Это доктор Клиффорд Хайбол, спасибо за звонок. Сейчас я не могу с вами разговаривать — оставьте своё имя и номер.","Это доктор Клиффорд Хайбол, спасибо за звонок. Сейчас я не могу с вами разговаривать — оставьте своё имя и номер.",,jazz-units:items.lua:125903 | jazz-units:UnitData/Jazz_Highball.lua:61
890000000004212,Доктор Клиффорд Хайбол.,Доктор Клиффорд Хайбол.,,jazz-units:items.lua:125908 | jazz-units:UnitData/Jazz_Highball.lua:66
890000000004213,"Пожалуйста, внимание — я сказал.","Пожалуйста, внимание — я сказал.",,jazz-units:items.lua:125913 | jazz-units:UnitData/Jazz_Highball.lua:71
890000000004214,"Немногие бойцы способны причинять или облегчать боль так, как я могу.","Немногие бойцы способны причинять или облегчать боль так, как я могу.",,jazz-units:items.lua:125918 | jazz-units:UnitData/Jazz_Highball.lua:76
890000000004215,В следующий раз мы будем разговаривать уже в Арулько.,В следующий раз мы будем разговаривать уже в Арулько.,,jazz-units:items.lua:125923 | jazz-units:UnitData/Jazz_Highball.lua:81
890000000004216,"Мой контракт почти закончен. Следует ли мне понимать вашу незаинтересованность как свидетельство того, что продления не будет?","Мой контракт почти закончен. Следует ли мне понимать вашу незаинтересованность как свидетельство того, что продления не будет?",,jazz-units:items.lua:125928 | jazz-units:UnitData/Jazz_Highball.lua:86
890000000004217,Отлично! Это место начинает мне нравиться!,Отлично! Это место начинает мне нравиться!,,jazz-units:items.lua:125933 | jazz-units:UnitData/Jazz_Highball.lua:91
890000000004302,Джон «Бык» Питерс,Джон «Бык» Питерс,,jazz-units:items.lua:126175 | jazz-units:UnitData/Jazz_Bull.lua:22
890000000004303,Бык,Бык,,jazz-units:items.lua:126176 | jazz-units:UnitData/Jazz_Bull.lua:23
890000000004304,БЫК,БЫК,,jazz-units:items.lua:126177 | jazz-units:UnitData/Jazz_Bull.lua:24
890000000004305,"Один из самых дешёвых наёмников AIM: Health 96, Strength 98, Agility/Dexterity ~50, Wisdom 64, Marksmanship 72. Агрессивен и бьёт первым. Дружит с Нейлсом; не любит Биффа.","Один из самых дешёвых наёмников AIM: Health 96, Strength 98, Agility/Dexterity ~50, Wisdom 64, Marksmanship 72. Агрессивен и бьёт первым. Дружит с Нейлсом; не любит Биффа.",,Jazz_Bio_WIP
890000000004306,Дешёвый танк,Дешёвый танк,,jazz-units:items.lua:126180 | jazz-units:UnitData/Jazz_Bull.lua:27
890000000004307,Bull@aim.com,Bull@aim.com,,jazz-units:items.lua:126181 | jazz-units:UnitData/Jazz_Bull.lua:28
890000000004308,bull,bull,,jazz-units:items.lua:126182 | jazz-units:UnitData/Jazz_Bull.lua:29
890000000004309,Пока Бифф в отряде — я пас. Он мне не нравится.,Пока Бифф в отряде — я пас. Он мне не нравится.,,jazz-units:items.lua:126187 | jazz-units:UnitData/Jazz_Bull.lua:34
890000000004310,"Мало. Бык дёшево, но не бесплатно.","Мало. Бык дёшево, но не бесплатно.",,jazz-units:items.lua:126201 | jazz-units:UnitData/Jazz_Bull.lua:48
890000000004311,"О, Нейлс уже тут? Тогда порядок.","О, Нейлс уже тут? Тогда порядок.",,jazz-units:items.lua:126216 | jazz-units:UnitData/Jazz_Bull.lua:63
890000000004312,Если нужен ещё крепкий парень — берите Нейлса.,Если нужен ещё крепкий парень — берите Нейлса.,,jazz-units:items.lua:126232 | jazz-units:UnitData/Jazz_Bull.lua:79
890000000004313,Бык спит. Не будить.,Бык спит. Не будить.,,jazz-units:items.lua:126246 | jazz-units:UnitData/Jazz_Bull.lua:93
890000000004314,"Бык! Чо, бить будем?","Бык! Чо, бить будем?",,jazz-units:items.lua:126251 | jazz-units:UnitData/Jazz_Bull.lua:98
890000000004315,Связь прервалась. Вернёмся к делу.,Связь прервалась. Вернёмся к делу.,,jazz-units:items.lua:126256 | jazz-units:UnitData/Jazz_Bull.lua:103
890000000004316,Где враги? Хочу бить.,Где враги? Хочу бить.,,jazz-units:items.lua:126261 | jazz-units:UnitData/Jazz_Bull.lua:108
890000000004317,Угх. Иду бить.,Угх. Иду бить.,,jazz-units:items.lua:126266 | jazz-units:UnitData/Jazz_Bull.lua:113
890000000004318,Контракт заканчивается. Продлеваем?,Контракт заканчивается. Продлеваем?,,jazz-units:items.lua:126271 | jazz-units:UnitData/Jazz_Bull.lua:118
890000000004319,Остаюсь. Тут есть кого бить.,Остаюсь. Тут есть кого бить.,,jazz-units:items.lua:126276 | jazz-units:UnitData/Jazz_Bull.lua:123
890000000004402,Даг «Кардан» Милтон,Даг «Кардан» Милтон,,jazz-units:items.lua:126522 | jazz-units:UnitData/Jazz_Cord.lua:22
890000000004403,Кардан,Кардан,,jazz-units:items.lua:126523 | jazz-units:UnitData/Jazz_Cord.lua:23
890000000004404,КАРДАН,КАРДАН,,jazz-units:items.lua:126524 | jazz-units:UnitData/Jazz_Cord.lua:24
890000000004405,"Статы 60–70, Dexterity 89, Wisdom 49, Marksmanship 44, Mechanical 82. Забывчив — по слухам из JA2, забывает часть навыков после долгой работы, но JAZZ не реализует это механически, только в биографии. Неровно дышит к Вики; не любит Ивана и Игоря; недолюбливает русских.","Статы 60–70, Dexterity 89, Wisdom 49, Marksmanship 44, Mechanical 82. Забывчив — по слухам из JA2, забывает часть навыков после долгой работы, но JAZZ не реализует это механически, только в биографии. Неровно дышит к Вики; не любит Ивана и Игоря; недолюбливает русских.",,Jazz_Bio_WIP
890000000004406,Забывчивый механик,Забывчивый механик,,jazz-units:items.lua:126527 | jazz-units:UnitData/Jazz_Cord.lua:27
890000000004407,Cord@merc.com,Cord@merc.com,,jazz-units:items.lua:126528 | jazz-units:UnitData/Jazz_Cord.lua:28
890000000004408,cardan,cardan,,jazz-units:items.lua:126529 | jazz-units:UnitData/Jazz_Cord.lua:29
890000000004409,Пока Иван или Игорь в отряде — я пас.,Пока Иван или Игорь в отряде — я пас.,,jazz-units:items.lua:126534 | jazz-units:UnitData/Jazz_Cord.lua:34
890000000004410,Маловато будет.,Маловато будет.,,jazz-units:items.lua:126551 | jazz-units:UnitData/Jazz_Cord.lua:51
890000000004411,"Отряд полон русских... ладно, но с доплатой.","Отряд полон русских... ладно, но с доплатой.",,jazz-units:items.lua:126564 | jazz-units:UnitData/Jazz_Cord.lua:64
890000000004412,Кардан... куда я дел телефон... перезвоните.,Кардан... куда я дел телефон... перезвоните.,,jazz-units:items.lua:126589 | jazz-units:UnitData/Jazz_Cord.lua:88
890000000004413,А? Кардан слушает. Что чинить?,А? Кардан слушает. Что чинить?,,jazz-units:items.lua:126594 | jazz-units:UnitData/Jazz_Cord.lua:93
890000000004414,Связь прервалась. Вернёмся к делу.,Связь прервалась. Вернёмся к делу.,,jazz-units:items.lua:126599 | jazz-units:UnitData/Jazz_Cord.lua:98
890000000004415,Что мы вообще делали?,Что мы вообще делали?,,jazz-units:items.lua:126604 | jazz-units:UnitData/Jazz_Cord.lua:103
890000000004416,"Кажется, я согласился. Иду.","Кажется, я согласился. Иду.",,jazz-units:items.lua:126609 | jazz-units:UnitData/Jazz_Cord.lua:108
890000000004417,Контракт заканчивается. Продлеваем?,Контракт заканчивается. Продлеваем?,,jazz-units:items.lua:126614 | jazz-units:UnitData/Jazz_Cord.lua:113
890000000004418,Остаюсь. Кажется.,Остаюсь. Кажется.,,jazz-units:items.lua:126619 | jazz-units:UnitData/Jazz_Cord.lua:118
890000000004502,Тим «Хоббит» Хиллман,Тим «Хоббит» Хиллман,,jazz-units:items.lua:126866 | jazz-units:UnitData/Jazz_Hobbit.lua:22
890000000004503,Хоббит,Хоббит,,jazz-units:items.lua:126867 | jazz-units:UnitData/Jazz_Hobbit.lua:23
890000000004504,ХОББИТ,ХОББИТ,,jazz-units:items.lua:126868 | jazz-units:UnitData/Jazz_Hobbit.lua:24
890000000004505,"Статы 60–70, Agility 44, Wisdom 94, Marksmanship 44, Mechanical 0 (никогда не растёт), Explosives 56. Пессимист, боится жары. Держится нейтрально к остальному отряду.","Статы 60–70, Agility 44, Wisdom 94, Marksmanship 44, Mechanical 0 (никогда не растёт), Explosives 56. Пессимист, боится жары. Держится нейтрально к остальному отряду.",,Jazz_Bio_WIP
890000000004506,Несу вас,Несу вас,,jazz-units:items.lua:126871 | jazz-units:UnitData/Jazz_Hobbit.lua:27
890000000004507,Hobbit@merc.com,Hobbit@merc.com,,jazz-units:items.lua:126872 | jazz-units:UnitData/Jazz_Hobbit.lua:28
890000000004508,frodo,frodo,,jazz-units:items.lua:126873 | jazz-units:UnitData/Jazz_Hobbit.lua:29
890000000004509,Маловато. Такими темпами всё плохо кончится.,Маловато. Такими темпами всё плохо кончится.,,jazz-units:items.lua:126878 | jazz-units:UnitData/Jazz_Hobbit.lua:34
890000000004510,Слишком много смертей — я предупреждал.,Слишком много смертей — я предупреждал.,,jazz-units:items.lua:126889 | jazz-units:UnitData/Jazz_Hobbit.lua:45
890000000004511,"Хоббит недоступен. Наверное, к лучшему.","Хоббит недоступен. Наверное, к лучшему.",,jazz-units:items.lua:126906 | jazz-units:UnitData/Jazz_Hobbit.lua:61
890000000004512,"Хоббит на связи. Я не Фродо, если что.","Хоббит на связи. Я не Фродо, если что.",,jazz-units:items.lua:126911 | jazz-units:UnitData/Jazz_Hobbit.lua:66
890000000004513,Связь прервалась. Вернёмся к делу.,Связь прервалась. Вернёмся к делу.,,jazz-units:items.lua:126916 | jazz-units:UnitData/Jazz_Hobbit.lua:71
890000000004514,Жарко. Всё равно ничем хорошим не кончится.,Жарко. Всё равно ничем хорошим не кончится.,,jazz-units:items.lua:126921 | jazz-units:UnitData/Jazz_Hobbit.lua:76
890000000004515,"Ладно, могу и понести вас, если что.","Ладно, могу и понести вас, если что.",,jazz-units:items.lua:126926 | jazz-units:UnitData/Jazz_Hobbit.lua:81
890000000004516,Контракт заканчивается. Продлеваем?,Контракт заканчивается. Продлеваем?,,jazz-units:items.lua:126931 | jazz-units:UnitData/Jazz_Hobbit.lua:86
890000000004517,Остаюсь. Всё равно хуже уже не будет.,Остаюсь. Всё равно хуже уже не будет.,,jazz-units:items.lua:126936 | jazz-units:UnitData/Jazz_Hobbit.lua:91
890000000004602,Тим «Рикошет» Саттонн,Тим «Рикошет» Саттонн,,Jazz_Ricochet
890000000004603,Рикошет,Рикошет,,Jazz_Ricochet
890000000004604,РИКОШЕТ,РИКОШЕТ,,Jazz_Ricochet
890000000004605,"Заниженные для ближнего боя статы (Agility 60, Strength 75), но Marksmanship 88 говорит о хорошей руке для бросков. Одиночка. Уважает Злобного; терпеть не может Сидни, Вики и Скоупа.","Заниженные для ближнего боя статы (Agility 60, Strength 75), но Marksmanship 88 говорит о хорошей руке для бросков. Одиночка. Уважает Злобного; терпеть не может Сидни, Вики и Скоупа.",,Jazz_Ricochet
890000000004606,Ближник,Ближник,,Jazz_Ricochet
890000000004607,Ricochet@merc.com,Ricochet@merc.com,,Jazz_Ricochet
890000000004608,ricochet,ricochet,,Jazz_Ricochet
890000000004609,Пока Сидни или Вики в отряде — я пас.,Пока Сидни или Вики в отряде — я пас.,,Jazz_Ricochet
890000000004610,Маловато для моих ножей.,Маловато для моих ножей.,,Jazz_Ricochet
890000000004611,"Отряд полон британцев... ладно, но с доплатой.","Отряд полон британцев... ладно, но с доплатой.",,Jazz_Ricochet
890000000004612,"О, Злобный уже здесь? Тогда я в деле.","О, Злобный уже здесь? Тогда я в деле.",,Jazz_Ricochet
890000000004613,Если нужен ещё один клинок — зовите Злобного.,Если нужен ещё один клинок — зовите Злобного.,,Jazz_Ricochet
890000000004614,Рикошет вне игры.,Рикошет вне игры.,,Jazz_Ricochet
890000000004615,Рикошет слушает. Кого метать?,Рикошет слушает. Кого метать?,,Jazz_Ricochet
890000000004616,Связь прервалась. Вернёмся к делу.,Связь прервалась. Вернёмся к делу.,,Jazz_Ricochet
890000000004617,Жду цель.,Жду цель.,,Jazz_Ricochet
890000000004618,Ножи наточены. Иду.,Ножи наточены. Иду.,,Jazz_Ricochet
890000000004619,Контракт заканчивается. Продлеваем?,Контракт заканчивается. Продлеваем?,,Jazz_Ricochet
890000000004620,Остаюсь.,Остаюсь.,,Jazz_Ricochet
890000000004621,КАРЛОС,КАРЛОС,,Jazz_Carlos
890000000004622,"Dexterity 61, Marksmanship 67, Agility 91. Пессимист, местный повстанец. Уважает Мигеля, Иру и Дмитрия; терпеть не может Игги.","Dexterity 61, Marksmanship 67, Agility 91. Пессимист, местный повстанец. Уважает Мигеля, Иру и Дмитрия; терпеть не может Игги.",,Jazz_Carlos
890000000004623,Пессимист,Пессимист,,Jazz_Carlos
890000000004624,Carlos@arulco.reb,Carlos@arulco.reb,,Jazz_Carlos
890000000004625,carlos,carlos,,Jazz_Carlos
890000000004626,Карлос... зачем звонить? Всё равно плохо кончится.,Карлос... зачем звонить? Всё равно плохо кончится.,,Jazz_Carlos
890000000004627,Карлос слушает. Плохие новости?,Карлос слушает. Плохие новости?,,Jazz_Carlos
890000000004628,Связь прервалась. Вернёмся к делу.,Связь прервалась. Вернёмся к делу.,,Jazz_Carlos
890000000004629,"Как обычно, всё плохо.","Как обычно, всё плохо.",,Jazz_Carlos
890000000004630,"Ладно. Иду. Скорее всего, зря.","Ладно. Иду. Скорее всего, зря.",,Jazz_Carlos
890000000004631,Контракт заканчивается. Продлеваем?,Контракт заканчивается. Продлеваем?,,Jazz_Carlos
890000000004632,Остаюсь. Хуже уже не будет.,Остаюсь. Хуже уже не будет.,,Jazz_Carlos
890000000004635,Девин Коннелл,Девин Коннелл,,Jazz_Devin
890000000004636,Девин,Девин,,Jazz_Devin
890000000004637,ДЕВИН,ДЕВИН,,Jazz_Devin
890000000004638,"Статы 60–70, Dexterity 88, Explosives 96. Одиночка, бывший боец ИРА. Симпатизирует Реду; недолюбливает британцев.","Статы 60–70, Dexterity 88, Explosives 96. Одиночка, бывший боец ИРА. Симпатизирует Реду; недолюбливает британцев.",,Jazz_Devin
890000000004639,IRA,IRA,,Jazz_Devin
890000000004640,Devin@arulco.local,Devin@arulco.local,,Jazz_Devin
890000000004641,ira,ira,,Jazz_Devin
890000000004642,Девин занят. Позже.,Девин занят. Позже.,,Jazz_Devin
890000000004643,Коннелл слушает.,Коннелл слушает.,,Jazz_Devin
890000000004644,Связь прервалась. Вернёмся к делу.,Связь прервалась. Вернёмся к делу.,,Jazz_Devin
890000000004645,"Ну что, есть что взорвать?","Ну что, есть что взорвать?",,Jazz_Devin
890000000004646,За такую цену — идёт.,За такую цену — идёт.,,Jazz_Devin
890000000004647,Контракт заканчивается. Продлеваем?,Контракт заканчивается. Продлеваем?,,Jazz_Devin
890000000004648,Остаюсь.,Остаюсь.,,Jazz_Devin
890000000004651,Брием «Шенк» Друз,Брием «Шенк» Друз,,Jazz_Shank
890000000004652,Шенк,Шенк,,Jazz_Shank
890000000004653,ШЕНК,ШЕНК,,Jazz_Shank
890000000004654,"Статы 30–35, но Wisdom 80. Не умеет плавать, оптимист. Дружит с Динамо и Иваном. Работает за 20 долларов в день — дешевле только даром.","Статы 30–35, но Wisdom 80. Не умеет плавать, оптимист. Дружит с Динамо и Иваном. Работает за 20 долларов в день — дешевле только даром.",,Jazz_Shank
890000000004655,Манчкин,Манчкин,,Jazz_Shank
890000000004656,Shank@merc.com,Shank@merc.com,,Jazz_Shank
890000000004657,shank,shank,,Jazz_Shank
890000000004658,Shank offline.,Shank offline.,,Jazz_Shank
890000000004659,Shank here.,Shank here.,,Jazz_Shank
890000000004660,Continue.,Continue.,,Jazz_Shank
890000000004661,Waiting.,Waiting.,,Jazz_Shank
890000000004662,Hired.,Hired.,,Jazz_Shank
890000000004663,Contract ending?,Contract ending?,,Jazz_Shank
890000000004664,Staying.,Staying.,,Jazz_Shank
890000000004667,Доктор Винсент «Винс»,Доктор Винсент «Винс»,,Jazz_Vince
890000000004668,Винс,Винс,,Jazz_Vince
890000000004669,ВИНС,ВИНС,,Jazz_Vince
890000000004670,"Health 94, Dexterity 92, Agility 49, Marksmanship 35, Wisdom 94, Medical 94, Leadership 33. Быстро учится сам и легко учит других; одинаково хорошо стреляет и лечит обеими руками. Страдает клаустрофобией.","Health 94, Dexterity 92, Agility 49, Marksmanship 35, Wisdom 94, Medical 94, Leadership 33. Быстро учится сам и легко учит других; одинаково хорошо стреляет и лечит обеими руками. Страдает клаустрофобией.",,Jazz_Vince
890000000004671,Ментор,Ментор,,Jazz_Vince
890000000004672,Vince@arulco.med,Vince@arulco.med,,Jazz_Vince
890000000004673,vince,vince,,Jazz_Vince
890000000004674,Доктор Винс на операции. Перезвоните.,Доктор Винс на операции. Перезвоните.,,Jazz_Vince
890000000004675,Винсент слушает. Кого нужно подлатать?,Винсент слушает. Кого нужно подлатать?,,Jazz_Vince
890000000004676,Связь прервалась. Вернёмся к делу.,Связь прервалась. Вернёмся к делу.,,Jazz_Vince
890000000004677,Всегда рад научить чему-то новому.,Всегда рад научить чему-то новому.,,Jazz_Vince
890000000004678,Готов учить и лечить. Иду.,Готов учить и лечить. Иду.,,Jazz_Vince
890000000004679,Контракт заканчивается. Продлеваем?,Контракт заканчивается. Продлеваем?,,Jazz_Vince
890000000004680,Остаюсь. Ещё многому могу научить.,Остаюсь. Ещё многому могу научить.,,Jazz_Vince
890000000004683,Ричард «Убийца» Рутвен,Ричард «Убийца» Рутвен,,Jazz_Hitman
890000000004684,Убийца,Убийца,,Jazz_Hitman
890000000004685,УБИЙЦА,УБИЙЦА,,Jazz_Hitman
890000000004686,"Статы 75–80, Wisdom 59, Marksmanship 93. Разыскиваемый террорист-наёмник — берёт контракт, чтобы отсидеться, а затем скрывается. Не умеет плавать. Уважает Мэджика; терпеть не может Фло; недолюбливает американцев.","Статы 75–80, Wisdom 59, Marksmanship 93. Разыскиваемый террорист-наёмник — берёт контракт, чтобы отсидеться, а затем скрывается. Не умеет плавать. Уважает Мэджика; терпеть не может Фло; недолюбливает американцев.",,Jazz_Hitman
890000000004687,Разыскиваемый,Разыскиваемый,,Jazz_Hitman
890000000004688,Hitman@dark.net,Hitman@dark.net,,Jazz_Hitman
890000000004689,ruthven,ruthven,,Jazz_Hitman
890000000004690,Hitman offline.,Hitman offline.,,Jazz_Hitman
890000000004691,Говори быстро.,Говори быстро.,,Jazz_Hitman
890000000004692,Связь прервалась. Вернёмся к делу.,Связь прервалась. Вернёмся к делу.,,Jazz_Hitman
890000000004693,Время идёт.,Время идёт.,,Jazz_Hitman
890000000004694,Неделя. Не больше.,Неделя. Не больше.,,Jazz_Hitman
890000000004695,Контракт заканчивается. Продлеваем?,Контракт заканчивается. Продлеваем?,,Jazz_Hitman
890000000004696,Остаюсь ещё немного.,Остаюсь ещё немного.,,Jazz_Hitman
890000000004699,Полковник Фредерик Биггенс,Полковник Фредерик Биггенс,,Jazz_Biggens
890000000004700,Биггенс,Биггенс,,Jazz_Biggens
890000000004701,БИГГЕНС,БИГГЕНС,,Jazz_Biggens
890000000004702,"Ветеран из Urban Brawl. Статы 55–65, Marksmanship 71, Explosives 92. Оптимист, плохо переносит жару. Ставит заряды по старой школе — надёжно и аккуратно.","Ветеран из Urban Brawl. Статы 55–65, Marksmanship 71, Explosives 92. Оптимист, плохо переносит жару. Ставит заряды по старой школе — надёжно и аккуратно.",,Jazz_Biggens
890000000004703,Усталый дед,Усталый дед,,Jazz_Biggens
890000000004704,Biggens@ub.mil,Biggens@ub.mil,,Jazz_Biggens
890000000004705,biggens,biggens,,Jazz_Biggens
890000000004706,Биггенс отдыхает. Перезвоните.,Биггенс отдыхает. Перезвоните.,,Jazz_Biggens
890000000004707,Полковник Биггенс слушает.,Полковник Биггенс слушает.,,Jazz_Biggens
890000000004708,Связь прервалась. Вернёмся к делу.,Связь прервалась. Вернёмся к делу.,,Jazz_Biggens
890000000004709,"Жарковато сегодня, но не жалуюсь.","Жарковато сегодня, но не жалуюсь.",,Jazz_Biggens
890000000004710,Ещё один заряд не помешает. Иду.,Ещё один заряд не помешает. Иду.,,Jazz_Biggens
890000000004711,Контракт заканчивается. Продлеваем?,Контракт заканчивается. Продлеваем?,,Jazz_Biggens
890000000004712,Остаюсь. Дело своё знаю.,Остаюсь. Дело своё знаю.,,Jazz_Biggens
890000000004715,Джон Кульба,Джон Кульба,,Jazz_Kulba
890000000004716,Кульба,Кульба,,Jazz_Kulba
890000000004717,КУЛЬБА,КУЛЬБА,,Jazz_Kulba
890000000004718,"Ветеран Urban Brawl. Статы 55–60, Marksmanship 95, Mechanical 88. Жена умерла от рака вскоре после спасения из Арулко. Ультра-патриот, любит Гаса, недолюбливает Ивана, Игоря и Рикошета.","Ветеран Urban Brawl. Статы 55–60, Marksmanship 95, Mechanical 88. Жена умерла от рака вскоре после спасения из Арулко. Ультра-патриот, любит Гаса, недолюбливает Ивана, Игоря и Рикошета.",,Jazz_Kulba
890000000004719,Патриот-дед,Патриот-дед,,Jazz_Kulba
890000000004720,Kulba@ub.mil,Kulba@ub.mil,,Jazz_Kulba
890000000004721,kulba,kulba,,Jazz_Kulba
890000000004722,Кульба на службе. Перезвоните.,Кульба на службе. Перезвоните.,,Jazz_Kulba
890000000004723,Кульба слушает. За свободу.,Кульба слушает. За свободу.,,Jazz_Kulba
890000000004724,Связь прервалась. Вернёмся к делу.,Связь прервалась. Вернёмся к делу.,,Jazz_Kulba
890000000004725,Старое оружие ещё послужит.,Старое оружие ещё послужит.,,Jazz_Kulba
890000000004726,За свободу. Я в деле.,За свободу. Я в деле.,,Jazz_Kulba
890000000004727,Контракт заканчивается. Продлеваем?,Контракт заканчивается. Продлеваем?,,Jazz_Kulba
890000000004728,Остаюсь. Есть ещё порох в пороховницах.,Остаюсь. Есть ещё порох в пороховницах.,,Jazz_Kulba
890000000004731,Леннарт «Зануда» Вильде,Леннарт «Зануда» Вильде,,Jazz_Vilde
890000000004732,Зануда,Зануда,,Jazz_Vilde
890000000004733,ЗАНУДА,ЗАНУДА,,Jazz_Vilde
890000000004734,"Wildfire. Статы ~80, Leadership 67, Marksmanship 74. Плохо переносит жару. Педантичен до занудства — отсюда прозвище. Любит Аллика и Монка; недолюбливает Доктора Кью и Линкса.","Wildfire. Статы ~80, Leadership 67, Marksmanship 74. Плохо переносит жару. Педантичен до занудства — отсюда прозвище. Любит Аллика и Монка; недолюбливает Доктора Кью и Линкса.",,Jazz_Vilde
890000000004735,Тоже эстонец,Тоже эстонец,,Jazz_Vilde
890000000004736,Vilde@aim.com,Vilde@aim.com,,Jazz_Vilde
890000000004737,vilde,vilde,,Jazz_Vilde
890000000004738,"Это Леннарт Вильде. Если вам есть что предложить, говорите после сигнала.","Это Леннарт Вильде. Если вам есть что предложить, говорите после сигнала.",,Jazz_Vilde
890000000004739,"Леннарт на связи, привет...","Леннарт на связи, привет...",,Jazz_Vilde
890000000004740,Я повторю...,Я повторю...,,Jazz_Vilde
890000000004741,Ночная операция... Она пошла бы мне на пользу.,Ночная операция... Она пошла бы мне на пользу.,,Jazz_Vilde
890000000004742,"Отлично, я поспешу.","Отлично, я поспешу.",,Jazz_Vilde
890000000004743,Я был бы не против продлить контракт... Есть работа?,Я был бы не против продлить контракт... Есть работа?,,Jazz_Vilde
890000000004744,Отлично. Мы договорились.,Отлично. Мы договорились.,,Jazz_Vilde
890000000004747,Грациелла «Грейс» Джирелли,Грациелла «Грейс» Джирелли,,Jazz_Grace
890000000004748,Грейс,Грейс,,Jazz_Grace
890000000004749,ГРЕЙС,ГРЕЙС,,Jazz_Grace
890000000004750,"Wildfire. Итальянка, записанная американкой. Боится тараканов, пессимистка. Средние статы броска (Сила 67, Меткость 69, Ловкость рук 77), Лидерство 62. Любит Аллика; недолюбливает Реда, Рикошета и Лаву.","Wildfire. Итальянка, записанная американкой. Боится тараканов, пессимистка. Средние статы броска (Сила 67, Меткость 69, Ловкость рук 77), Лидерство 62. Любит Аллика; недолюбливает Реда, Рикошета и Лаву.",,Jazz_Grace
890000000004751,Итальянка,Итальянка,,Jazz_Grace
890000000004752,Grace@aim.com,Grace@aim.com,,Jazz_Grace
890000000004753,grace,grace,,Jazz_Grace
890000000004754,"Вы позвонили Грейс Джирелли, оставьте свое сообщение. Мама, если это ты... Да, я в порядке, и... нет, у меня нет времени для встречи с очередным милым молодым человеком. Я тебя люблю. Чао!","Вы позвонили Грейс Джирелли, оставьте свое сообщение. Мама, если это ты... Да, я в порядке, и... нет, у меня нет времени для встречи с очередным милым молодым человеком. Я тебя люблю. Чао!",,Jazz_Grace
890000000004755,Говорит Грейс Джирелли.,Говорит Грейс Джирелли.,,Jazz_Grace
890000000004756,Я сказала...,Я сказала...,,Jazz_Grace
890000000004757,"Кстати, я здорово управляюсь с ножами...","Кстати, я здорово управляюсь с ножами...",,Jazz_Grace
890000000004758,"Прекрасно. Берегитесь, плохиши, кто не спрятался, я не виновата!","Прекрасно. Берегитесь, плохиши, кто не спрятался, я не виновата!",,Jazz_Grace
890000000004759,"Срок моего контракта истек, но я могу остаться, пупсик, если без меня вы не справитесь.","Срок моего контракта истёк, но я могу остаться, пупсик, если без меня вы не справитесь.",,Jazz_Grace
890000000004760,Понято и принято.,Понято и принято.,,Jazz_Grace
890000000004763,Рудольф Штайгер,Рудольф Штайгер,,Jazz_Steiger
890000000004764,Штайгер,Штайгер,,Jazz_Steiger
890000000004765,ШТАЙГЕР,ШТАЙГЕР,,Jazz_Steiger
890000000004766,"Wildfire. Статы 75–85, Сила 69, Мудрость 90, Лидерство 69, Меткость 94. Плохо переносит жару. Любит Хеннинга, Лору и Гранти; недолюбливает Корда и Булла. Очень дорогой специалист.","Wildfire. Статы 75–85, Сила 69, Мудрость 90, Лидерство 69, Меткость 94. Плохо переносит жару. Любит Хеннинга, Лору и Гранти; недолюбливает Корда и Булла. Очень дорогой специалист.",,Jazz_Steiger
890000000004767,Дорогой немец,Дорогой немец,,Jazz_Steiger
890000000004768,Steiger@aim.com,Steiger@aim.com,,Jazz_Steiger
890000000004769,steiger,steiger,,Jazz_Steiger
890000000004770,"Говорит Рудольф Штайгер. Оставьте сообщение. Возможно, я перезвоню.","Говорит Рудольф Штайгер. Оставьте сообщение. Возможно, я перезвоню.",,Jazz_Steiger
890000000004771,Привет...,Привет...,,Jazz_Steiger
890000000004772,Я сказал...,Я сказал...,,Jazz_Steiger
890000000004773,"Мне есть, чем заняться...","Мне есть, чем заняться...",,Jazz_Steiger
890000000004774,"Отлично, уже еду.","Отлично, уже еду.",,Jazz_Steiger
890000000004775,Заинтересован в продлении контракта? Я бы не отказался...,Заинтересован в продлении контракта? Я бы не отказался...,,Jazz_Steiger
890000000004776,Выпьем за долгое и взаимовыгодное сотрудничество...,Выпьем за долгое и взаимовыгодное сотрудничество...,,Jazz_Steiger
890000000004779,Люк «Лаки» Фабр,Люк «Лаки» Фабр,,Jazz_Lucky
890000000004780,Лаки,Лаки,,Jazz_Lucky
890000000004781,ЛАКИ,ЛАКИ,,Jazz_Lucky
890000000004782,"Wildfire. Бельгиец-франкофон, ошибочно записанный французом. Статы 75–80, Лидерство 58, Меткость 88. Любит Барри; недолюбливает Вишеса и Банса.","Wildfire. Бельгиец-франкофон, ошибочно записанный французом. Статы 75–80, Лидерство 58, Меткость 88. Любит Барри; недолюбливает Вишеса и Банса.",,Jazz_Lucky
890000000004783,Бельгиец,Бельгиец,,Jazz_Lucky
890000000004784,Lucky@aim.com,Lucky@aim.com,,Jazz_Lucky
890000000004785,lucky,lucky,,Jazz_Lucky
890000000004786,"Это Люк Фабр, говорите, пожалуйста, после сигнала.","Это Люк Фабр, говорите, пожалуйста, после сигнала.",,Jazz_Lucky
890000000004787,Алло!,Алло!,,Jazz_Lucky
890000000004788,Я сказал...,Я сказал...,,Jazz_Lucky
890000000004789,Я - оружие массового поражения...,Я - оружие массового поражения...,,Jazz_Lucky
890000000004790,"D'accord, я согласен.","D'accord, я согласен.",,Jazz_Lucky
890000000004791,Мой контракт... Мы его продлеваем?,Мой контракт... Мы его продлеваем?,,Jazz_Lucky
890000000004792,D'accord. Я согласен.,D'accord. Я согласен.,,Jazz_Lucky
890000000004795,Доктор Лора Колин,Доктор Лора Колин,,Jazz_Laura
890000000004796,Лора,Лора,,Jazz_Laura
890000000004797,ЛОРА,ЛОРА,,Jazz_Laura
890000000004798,"Wildfire. Румынская цыганка. Статы 70–80, Ловкость 67, Меткость 82, Медицина 57 (при этом врач!), Взрывное дело 52 (лучшее среди Wildfire). Плохо переносит жару. Любит Штайгера и Монка; недолюбливает Тоску и Фокса.","Wildfire. Румынская цыганка. Статы 70–80, Ловкость 67, Меткость 82, Медицина 57 (при этом врач!), Взрывное дело 52 (лучшее среди Wildfire). Плохо переносит жару. Любит Штайгера и Монка; недолюбливает Тоску и Фокса.",,Jazz_Laura
890000000004799,Цыганский врач,Цыганский врач,,Jazz_Laura
890000000004800,Laura@aim.com,Laura@aim.com,,Jazz_Laura
890000000004801,laura,laura,,Jazz_Laura
890000000004802,Это врач Лора Колин. В неотложных случаях вы можете отправить сообщение на мой пейджер.,Это врач Лора Колин. В неотложных случаях вы можете отправить сообщение на мой пейджер.,,Jazz_Laura
890000000004803,Алло?,Алло?,,Jazz_Laura
890000000004804,Я повторю.,Я повторю.,,Jazz_Laura
890000000004805,"Может быть, пока сделаем пару... растяжек, отжиманий? Другими словами, зарядку?","Может быть, пока сделаем пару... растяжек, отжиманий? Другими словами, зарядку?",,Jazz_Laura
890000000004806,"Да. Я думаю, этот контракт окажется интересным.","Да. Я думаю, этот контракт окажется интересным.",,Jazz_Laura
890000000004807,"Возможно, вы согласитесь продлить контракт?","Возможно, вы согласитесь продлить контракт?",,Jazz_Laura
890000000004808,Отлично. Мы договорились.,Отлично. Мы договорились.,,Jazz_Laura
890000000004811,Эмиль «Эскимо» Кимос,Эмиль «Эскимо» Кимос,,Jazz_Eskimo
890000000004812,Эскимо,Эскимо,,Jazz_Eskimo
890000000004813,ЭСКИМО,ЭСКИМО,,Jazz_Eskimo
890000000004814,"Night Ops. Повстанец, воевавший за Мигеля; схвачен и брошен Дейдранной в тюрьму Альмы. После освобождения присоединяется к игроку. Ненавидит арабов и жару. Любит Мигеля, Карлоса и Гамоса. Здоровье 97, Меткость 95.","Night Ops. Повстанец, воевавший за Мигеля; схвачен и брошен Дейдранной в тюрьму Альмы. После освобождения присоединяется к игроку. Ненавидит арабов и жару. Любит Мигеля, Карлоса и Гамоса. Здоровье 97, Меткость 95.",,Jazz_Eskimo
890000000004815,Пленный снайпер,Пленный снайпер,,Jazz_Eskimo
890000000004816,Eskimo@arulco.reb,Eskimo@arulco.reb,,Jazz_Eskimo
890000000004817,eskimo,eskimo,,Jazz_Eskimo
890000000004818,Эскимо в камере... шучу. Перезвоните.,Эскимо в камере... шучу. Перезвоните.,,Jazz_Eskimo
890000000004819,Эскимо на связи. Свободен и рад этому.,Эскимо на связи. Свободен и рад этому.,,Jazz_Eskimo
890000000004820,Связь прервалась. Вернёмся к делу.,Связь прервалась. Вернёмся к делу.,,Jazz_Eskimo
890000000004821,Холодно только в имени.,Холодно только в имени.,,Jazz_Eskimo
890000000004822,Спасибо за свободу. Я в деле.,Спасибо за свободу. Я в деле.,,Jazz_Eskimo
890000000004823,Контракт заканчивается. Продлеваем?,Контракт заканчивается. Продлеваем?,,Jazz_Eskimo
890000000004824,Остаюсь. Тюрьма научила меня терпению.,Остаюсь. Тюрьма научила меня терпению.,,Jazz_Eskimo
890000000004827,Игмус «Игги» Палков,Игмус «Игги» Палков,,Jazz_Iggy
890000000004828,Игги,Игги,,Jazz_Iggy
890000000004829,ИГГИ,ИГГИ,,Jazz_Iggy
890000000004830,"Русский наёмник, которого королева Дейдранна наняла в армию под командованием Майка ($2000/день). После убийства Майка и осознания режима Дейдранны дезертировал с совестью; позже сидит в баре и нанимается за $1950/день. Гордость и мораль сильные; мечтает о «Великой России». Эксперт тяжёлого оружия. Дружит с Иваном; Конрад его ценит; ненавидит Фиделя.","Русский наёмник, которого королева Дейдранна наняла в армию под командованием Майка ($2000/день). После убийства Майка и осознания режима Дейдранны дезертировал с совестью; позже сидит в баре и нанимается за $1950/день. Гордость и мораль сильные; мечтает о «Великой России». Эксперт тяжёлого оружия. Дружит с Иваном; Конрад его ценит; ненавидит Фиделя.",,Jazz_Iggy
890000000004831,Тяжеловес из Сан-Моны,Тяжеловес из Сан-Моны,,Jazz_Iggy
890000000004832,Iggy@palkov.ru,Iggy@palkov.ru,,Jazz_Iggy
890000000004833,iggy,iggy,,Jazz_Iggy
890000000004834,Пока Фидель у вас — нет. С ним я не служу.,Пока Фидель у вас — нет. С ним я не служу.,,Jazz_Iggy
890000000004835,Иван уже здесь? Тогда своих не бросаю.,Иван уже здесь? Тогда своих не бросаю.,,Jazz_Iggy
890000000004836,"Возьмите Ивана, если найдёте — свой человек.","Возьмите Ивана, если найдёте — свой человек.",,Jazz_Iggy
890000000004837,Палков. Позже — сейчас не у бара.,Палков. Позже — сейчас не у бара.,,Jazz_Iggy
890000000004838,"Игги. Служил у Дейдранны — больше нет. Тысяча девятьсот пятьдесят в день, и я ваш.","Игги. Служил у Дейдранны — больше нет. Тысяча девятьсот пятьдесят в день, и я ваш.",,Jazz_Iggy
890000000004839,Связь пропала. Говорите.,Связь пропала. Говорите.,,Jazz_Iggy
890000000004840,Почему люди не могут быть как я? А?,Почему люди не могут быть как я? А?,,Jazz_Iggy
890000000004841,Тяжёлое оружие со мной. Идём.,Тяжёлое оружие со мной. Идём.,,Jazz_Iggy
890000000004842,Контракт кончается. Продлеваем — те же тысяча девятьсот пятьдесят?,Контракт кончается. Продлеваем — те же тысяча девятьсот пятьдесят?,,Jazz_Iggy
890000000004843,"Остаюсь. Совесть уже чище, чем при королеве.","Остаюсь. Совесть уже чище, чем при королеве.",,Jazz_Iggy
890000000004844,Игги на месте.,Игги на месте.,,Jazz_Iggy
890000000004845,Огонь!,Огонь!,,Jazz_Iggy
890000000004846,Тяжёлое готово.,Тяжёлое готово.,,Jazz_Iggy
890000000004847,Этот я выиграл!,Этот я выиграл!,,Jazz_Iggy
890000000004848,Верните пепел Матушке России…,Верните пепел Матушке России…,,Jazz_Iggy
890000000004849,Ранило… ещё держусь.,Ранило… ещё держусь.,,Jazz_Iggy
890000000004850,Предатели в секторе!,Предатели в секторе!,,Jazz_Iggy
890000000004851,Опыт растёт.,Опыт растёт.,,Jazz_Iggy
890000000004852,Боекомплект на исходе!,Боекомплект на исходе!,,Jazz_Iggy
890000000004853,Внутри я тёплый и пушистый.,Внутри я тёплый и пушистый.,,Jazz_Iggy
890000000004854,"Хорошо, что Фиделя тут нет.","Хорошо, что Фиделя тут нет.",,Jazz_Iggy
890000000004855,Со своими — проще.,Со своими — проще.,,Jazz_Iggy
890000000005100,Kwame Mensah,Кваме Менса,,JAZZ_AME_01
890000000005101,Kwame,Кваме,,JAZZ_AME_01
890000000005102,KWAME,КВАМЕ,,JAZZ_AME_01
890000000005103,"A polished brass whistle still hangs from Kwame Mensah's belt, rarely blown but always ready. It outlasted years of walking an Accra neighbourhood after dark and settling doorstep quarrels after the watch fund ran dry. Kwame would rather hear the whole story than win an argument. Formal weapons practice came to him in scraps, so he is happiest when someone makes the purpose plain.","По ночам в Аккре Кваме Менса обходил кварталы с добровольным патрулём, пока общая касса не опустела. Он говорит негромко, сперва выслушивает обе стороны и лишь потом решает, стоит ли вмешиваться. Оружию его учили урывками между сменами, поэтому ясную задачу Кваме любит больше поспешной пальбы. На ремне он до сих пор носит начищенный латунный свисток, хотя пользуется им только в крайнем случае.",,JAZZ_AME_01
890000000005104,You're through. I'm listening.,Вы дозвонились. Слушаю.,,JAZZ_AME_01
890000000005105,I'm looking for work. What do you have?,Ищу работу. Что предлагаете?,,JAZZ_AME_01
890000000005106,All right. Speak soon.,Хорошо. До связи.,,JAZZ_AME_01
890000000005110,Jean-Baptiste Okoro,Жан-Батист Окоро,,JAZZ_AME_02
890000000005111,Jean,Жан,,JAZZ_AME_02
890000000005112,JEAN,ЖАН,,JAZZ_AME_02
890000000005113,"The forests of Grand Chien once paid Jean-Baptiste Okoro's way, until a licensing dispute left his traps empty and his name unwelcome. He moves with a hunter's economy and dislikes anything that scatters birds before the work begins. Weathered shell cases ride in a leather pouch, keepsakes from lean seasons he survived without complaint. Crowded streets make him wary, but stillness brings out the best in him.","Охота в Гранд-Шьен кормила Жан-Батиста Окоро, пока зверь не ушёл за границу его лицензии, а вместе с ним и заработок. Он не любит суеты и заранее выбирает место, где не придётся делать второй выстрел. В потрёпанном кожаном подсумке Окоро хранит горсть старых гильз, напоминающих об особенно долгих зимах. Шумное оружие заставляет его насторожиться; ждать же Окоро умеет так долго, что окружающие начинают говорить шёпотом.",,JAZZ_AME_02
890000000005114,You're through. I'm listening.,Вы дозвонились. Слушаю.,,JAZZ_AME_02
890000000005115,I'm looking for work. What do you have?,Ищу работу. Что предлагаете?,,JAZZ_AME_02
890000000005116,All right. Speak soon.,Хорошо. До связи.,,JAZZ_AME_02
890000000005120,Ibrahim Touré,Ибрахим Туре,,JAZZ_AME_03
890000000005121,Ibrahim,Ибрахим,,JAZZ_AME_03
890000000005122,IBRAHIM,ИБРАХИМ,,JAZZ_AME_03
890000000005123,"A worn police badge shares Ibrahim Touré's pocket with a spotless handkerchief folded for the next split lip. Both survived a Malian street post where tempers caused more trouble than weapons. Ibrahim can turn a shouting match down by speaking softly, though a distant target gives him fewer clues than an angry face. When panic spreads through a crowd, he looks for the person everyone else has overlooked.","На малийском посту Ибрахиму Туре чаще приходилось разнимать уличные ссоры, чем доставать револьвер. Он умеет понизить голос именно тогда, когда все вокруг начинают кричать, и обычно этим выигрывает нужную минуту. После закрытия участка Ибрахим оставил себе потёртый жетон и привычку складывать чистый платок в аккуратный квадрат для чужих ссадин. Блеска в его стрельбе нет, а в толчее он не забывает, кто нуждается в помощи первым.",,JAZZ_AME_03
890000000005124,You're through. I'm listening.,Вы дозвонились. Слушаю.,,JAZZ_AME_03
890000000005125,I'm looking for work. What do you have?,Ищу работу. Что предлагаете?,,JAZZ_AME_03
890000000005126,All right. Speak soon.,Хорошо. До связи.,,JAZZ_AME_03
890000000005130,Sani Abubakar,Сани Абубакар,,JAZZ_AME_04
890000000005131,Sani,Сани,,JAZZ_AME_04
890000000005132,SANI,САНИ,,JAZZ_AME_04
890000000005133,"Before anyone issued him a uniform, Sani Abubakar was hauling cement and forcing warped doors into place at a Nigerian barracks. Loud voices unsettle him more than he admits, yet his broad hands seldom abandon a task halfway through. A red carpenter's pencil lives behind his ear, and he marks every repaired hinge with a tiny cross. He has much to learn about danger, but none about carrying another person's share.","Сани Абубакар таскал цемент на стройке нигерийской казармы и так и не дождался части, которая назвала бы его своим. Он охотно берётся за тяжёлую работу, но от внезапного окрика сперва вздрагивает и лишь затем собирается. За ухом Сани держит красный плотницкий карандаш и машинально отмечает на дверях, что уже укреплено. Опыта у него мало, однако после испуга он всегда возвращается закончить начатое.",,JAZZ_AME_04
890000000005134,You're through. I'm listening.,Вы дозвонились. Слушаю.,,JAZZ_AME_04
890000000005135,I'm looking for work. What do you have?,Ищу работу. Что предлагаете?,,JAZZ_AME_04
890000000005136,All right. Speak soon.,Хорошо. До связи.,,JAZZ_AME_04
890000000005140,Pierre Ndongo,Пьер Ндонго,,JAZZ_AME_05
890000000005141,Pierre,Пьер,,JAZZ_AME_05
890000000005142,PIERRE,ПЬЕР,,JAZZ_AME_05
890000000005143,"Old bus tickets fill Pierre Ndongo's breast pocket, sorted by route in neat paper bundles. They accumulated while he watched the same Congolese road until faces, debts, and detours arranged themselves into a private map. Pierre is slow to volunteer an opinion and quick to notice when a familiar traveller changes shoes. A weapon never felt as natural as remembering where people came from, so he listens before placing himself in danger.","Долгие годы на конголезских блокпостах научили Пьера Ндонго узнавать постоянных путников по походке. Он быстрее запоминает лицо и маршрут, чем осваивает новое движение с оружием. В кармане Пьер хранит автобусные билеты, раскладывая их по дорогам и датам, словно маленький личный атлас. Сейчас его руки пусты, но рядом с ним редко теряется человек или нужный поворот.",,JAZZ_AME_05
890000000005144,You're through. I'm listening.,Вы дозвонились. Слушаю.,,JAZZ_AME_05
890000000005145,I'm looking for work. What do you have?,Ищу работу. Что предлагаете?,,JAZZ_AME_05
890000000005146,All right. Speak soon.,Хорошо. До связи.,,JAZZ_AME_05
890000000005150,Moussa Diop,Мусса Диоп,,JAZZ_AME_06
890000000005151,Moussa,Мусса,,JAZZ_AME_06
890000000005152,MOUSSA,МУССА,,JAZZ_AME_06
890000000005153,"The Winchester inherited from his grandfather is Moussa Diop's sole indulgence, polished nightly with linen worn almost transparent. Before paved roads drew younger hunters away, Senegalese game trails provided his living. Strangers find Moussa distant, but the bush brings a loose, unhurried grace to his step. He counts cartridges before leaving camp and regards a wasted shot as a failure of patience, not equipment.","Сенегальские тропы долго кормили Муссу Диопа за умение заметить след раньше других. Старый винчестер достался ему от деда, и после каждого выхода Мусса протирает приклад кусочком льняной ткани. Компания делает его угрюмым; в одиночестве шаг Муссы становится лёгким и почти бесшумным. Патроны считает заранее, потому что терпеть не может исправлять спешку вторым выстрелом.",,JAZZ_AME_06
890000000005154,You're through. I'm listening.,Вы дозвонились. Слушаю.,,JAZZ_AME_06
890000000005155,I'm looking for work. What do you have?,Ищу работу. Что предлагаете?,,JAZZ_AME_06
890000000005156,All right. Speak soon.,Хорошо. До связи.,,JAZZ_AME_06
890000000005160,Abel Getachew,Абель Гетачью,,JAZZ_AME_07
890000000005161,Abel,Абель,,JAZZ_AME_07
890000000005162,ABEL,АБЕЛЬ,,JAZZ_AME_07
890000000005163,"Every dawn Abel Getachew relaces his boots exactly as a sergeant once taught him, preserving a small ritual of unfinished service. He left an Ethiopian training ground before the drills could sand down his doubts. A demonstration stays with Abel after a single viewing, then eagerness spoils the result. His hands have not found a calm rhythm under pressure, but embarrassment only sends him back to practise.","С эфиопских учений Абель Гетачью ушёл прежде, чем строевая успела стать привычкой. Достаточно показать ему приём один раз, и к вечеру он уже повторяет его, пусть пока слишком напряжённо. Каждое утро Абель заново шнурует ботинки по уставной схеме, будто этим можно наверстать пропущенную службу. В момент выстрела он торопится, но замечание запоминает надолго и упрямо пробует снова.",,JAZZ_AME_07
890000000005164,You're through. I'm listening.,Вы дозвонились. Слушаю.,,JAZZ_AME_07
890000000005165,I'm looking for work. What do you have?,Ищу работу. Что предлагаете?,,JAZZ_AME_07
890000000005166,All right. Speak soon.,Хорошо. До связи.,,JAZZ_AME_07
890000000005170,Thabo Molefe,Табо Молефе,,JAZZ_AME_08
890000000005171,Thabo,Табо,,JAZZ_AME_08
890000000005172,THABO,ТАБО,,JAZZ_AME_08
890000000005173,"Thabo Molefe guarded South African farmyards, sleeping among feed sacks with a double-barrelled gun within reach. He is deliberate rather than quick, a broad presence that makes a gate feel narrower. A chipped green enamel mug travels everywhere with him, because tea tastes wrong from tin. Nobody trusted Thabo with elaborate instructions, yet sudden noise never sends him running and a long night seldom draws a complaint.","Табо Молефе сторожил южноафриканские фермы, спал в сараях и отгонял воров старым двуствольным ружьём. Его неспешное движение у ворот сменяется таким спокойствием, что хозяева забывали проверять замок. Единственная прихоть Табо — зелёная эмалированная кружка, из которой он пьёт даже холодную воду. Сложные приёмы даются ему не сразу, но первый хлопок никогда не срывает его с места.",,JAZZ_AME_08
890000000005174,You're through. I'm listening.,Вы дозвонились. Слушаю.,,JAZZ_AME_08
890000000005175,I'm looking for work. What do you have?,Ищу работу. Что предлагаете?,,JAZZ_AME_08
890000000005176,All right. Speak soon.,Хорошо. До связи.,,JAZZ_AME_08
890000000005180,Daniel Kiprop,Даниэль Кипроп,,JAZZ_AME_09
890000000005181,Daniel,Даниэль,,JAZZ_AME_09
890000000005182,DANIEL,ДАНИЭЛЬ,,JAZZ_AME_09
890000000005183,"At first light Daniel Kiprop still presses two fingers to the ground, even when the only tracks belong to bicycles. A Kenyan ranger taught him to read the flicker of grass before other men heard a branch move. Bulky burdens tire Daniel, so he chooses cleaner routes through rough country. Fine rifles passed him by, but an early glimpse and a well-chosen position have often served him better.","Движение в траве Даниэль Кипроп замечал раньше хруста ветки ещё в годы работы с кенийским егерем. Он худощав, не любит долгой возни с тяжестью и всегда ищет путь, где можно пройти легче. Перед рассветом Даниэль касается земли двумя пальцами, проверяя ночные следы, даже на городской улице. Хорошей винтовки у него никогда не было, поэтому он научился ценить удачно выбранное место больше дорогой вещи.",,JAZZ_AME_09
890000000005184,You're through. I'm listening.,Вы дозвонились. Слушаю.,,JAZZ_AME_09
890000000005185,I'm looking for work. What do you have?,Ищу работу. Что предлагаете?,,JAZZ_AME_09
890000000005186,All right. Speak soon.,Хорошо. До связи.,,JAZZ_AME_09
890000000005190,Emmanuel Kabongo,Эммануэль Кабонго,,JAZZ_AME_10
890000000005191,Emmanuel,Эммануэль,,JAZZ_AME_10
890000000005192,EMMANUEL,ЭММАНУЭЛЬ,,JAZZ_AME_10
890000000005193,"When the main roads of Grand Chien became unsafe, Emmanuel Kabongo led couriers along creek beds and forgotten footpaths. He has no taste for speeches, though frightened companions naturally match his pace. A charcoal map, softened by sweat and repeated folding, stays tucked inside his shirt. Emmanuel handles a gun like a borrowed tool, but darkness has never made him forget which fork leads home.","Когда прямые дороги Гранд-Шьен стали слишком заметны, Эммануэль Кабонго повёл связных по тропам. Он не командует голосом, но растерянные люди почему-то держатся ближе к его плечу. В рубашке Эммануэль носит сложенный лист, где углём отмечены ручьи, колючие заросли и места для короткого сна. Оружие лежит в его руках неловко — к неправильной развилке он при этом не вывел ни одного спутника.",,JAZZ_AME_10
890000000005194,You're through. I'm listening.,Вы дозвонились. Слушаю.,,JAZZ_AME_10
890000000005195,I'm looking for work. What do you have?,Ищу работу. Что предлагаете?,,JAZZ_AME_10
890000000005196,All right. Speak soon.,Хорошо. До связи.,,JAZZ_AME_10
890000000005200,Aisha Hassan,Аиша Хассан,,JAZZ_AME_11
890000000005201,Aisha,Аиша,,JAZZ_AME_11
890000000005202,AISHA,АИША,,JAZZ_AME_11
890000000005203,"The brass token from Aisha Hassan's old dock locker hangs on a cord, its stamped edge polished by sleepless fingers. Years of crates slamming down beside her boots ended when she finally left the Kenyan port. Sharp sounds still catch Aisha's breath, and embarrassment can turn fright into a cutting reply. She is slight and unseasoned, but knows how to keep moving through cramped spaces when everyone is tired.","Грохот металла до сих пор преследует Аишу Хассан после лет, проведённых за разгрузкой кенийского порта. Она вспыхивает быстро, а после резкого звука ненавидит себя за заметную дрожь в пальцах. На шее Аиша носит старый жетон от шкафчика, единственную вещь, которую забрала с последней смены. Ей не хватает спокойствия и опыта, но тесные проходы и тяжёлый день уже не кажутся поводом отступить.",,JAZZ_AME_11
890000000005204,You're through. I'm listening.,Вы дозвонились. Слушаю.,,JAZZ_AME_11
890000000005205,I'm looking for work. What do you have?,Ищу работу. Что предлагаете?,,JAZZ_AME_11
890000000005206,All right. Speak soon.,Хорошо. До связи.,,JAZZ_AME_11
890000000005210,Amadou Keita,Амаду Кейта,,JAZZ_AME_12
890000000005211,Amadou,Амаду,,JAZZ_AME_12
890000000005212,AMADOU,АМАДУ,,JAZZ_AME_12
890000000005213,"Amadou Keita joined a village watch in Mali, where broken shutters and overturned carts usually mattered more than drills. A mine took a wagon apart in front of him, leaving a fear of disturbed soil that no teasing has cured. He tests each doubtful verge with a long walnut stick and explains exactly why. Amadou may choose the widest path around hidden danger, but once a threat is visible he meets it with plain, dependable effort.","Амаду Кейта защищал родную деревню в Мали и привык чинить руками то, что другим казалось слишком тяжёлым. Однажды мина разнесла телегу рядом с ним, и с тех пор рыхлая земля заставляет его менять дорогу. Амаду носит длинную ореховую палку и проверяет ею каждый подозрительный край тропы, не скрывая причины. Сюрпризов он не любит; простую опасную работу выполняет без хвастовства и всегда доводит до конца.",,JAZZ_AME_12
890000000005214,You're through. I'm listening.,Вы дозвонились. Слушаю.,,JAZZ_AME_12
890000000005215,I'm looking for work. What do you have?,Ищу работу. Что предлагаете?,,JAZZ_AME_12
890000000005216,All right. Speak soon.,Хорошо. До связи.,,JAZZ_AME_12
890000000005220,Chidi Okonkwo,Чиди Оконкво,,JAZZ_AME_13
890000000005221,Chidi,Чиди,,JAZZ_AME_13
890000000005222,CHIDI,ЧИДИ,,JAZZ_AME_13
890000000005223,"Tiny springs rattle in Chidi Okonkwo's matchbox, each sorted by feel and sound. The Nigerian army rejected him, so stubborn evidence crates behind a police station became his daily work. Latches made sense in a way marching never did, and a forgotten revolver eventually followed Chidi out. His fingers solve small mechanisms quickly, though a hard rush can leave him waiting for his pulse to settle.","Армейская комиссия в Нигерии отвергла Чиди Оконкво, и он устроился разбирать ящики с уликами при полицейском складе. Замки и защёлки поддавались ему легче, чем строевая, а старый револьвер однажды поддался особенно удачно. В спичечном коробке Чиди хранит крошечные пружины, сортируя их по упругости на слух. Он быстро понимает устройство простых вещей, хотя собственное сердце порой напоминает, почему форма ему так и не досталась.",,JAZZ_AME_13
890000000005224,You're through. I'm listening.,Вы дозвонились. Слушаю.,,JAZZ_AME_13
890000000005225,I'm looking for work. What do you have?,Ищу работу. Что предлагаете?,,JAZZ_AME_13
890000000005226,All right. Speak soon.,Хорошо. До связи.,,JAZZ_AME_13
890000000005230,Lucien Mbarga,Люсьен Мбарга,,JAZZ_AME_14
890000000005231,Lucien,Люсьен,,JAZZ_AME_14
890000000005232,LUCIEN,ЛЮСЬЕН,,JAZZ_AME_14
890000000005233,"An expired licence lies absurdly neat inside Lucien Mbarga's knife sheath after many wet seasons. It survived the day Grand Chien rangers confiscated his poaching gun and promised a cell next time. Lucien performs no regret for company, preferring to leave before questions grow specific. Empty-handed at distance, he falls back on the craft nobody managed to seize: moving without announcing himself.","Последнее предупреждение рейнджеров лишило Люсьена Мбаргу ружья после силков в заповедных местах Гранд-Шьен. Он не оправдывается и не ищет сочувствия, предпочитая исчезнуть из разговора раньше неудобного вопроса. Просроченную лицензию Люсьен всё же хранит, аккуратно сложив её в рукояти ножен. Без ружья он осторожнее прежнего, но привычка ступать бесшумно осталась при нём.",,JAZZ_AME_14
890000000005234,You're through. I'm listening.,Вы дозвонились. Слушаю.,,JAZZ_AME_14
890000000005235,I'm looking for work. What do you have?,Ищу работу. Что предлагаете?,,JAZZ_AME_14
890000000005236,All right. Speak soon.,Хорошо. До связи.,,JAZZ_AME_14
890000000005240,Kofi Asante,Кофи Асанте,,JAZZ_AME_15
890000000005241,Kofi,Кофи,,JAZZ_AME_15
890000000005242,KOFI,КОФИ,,JAZZ_AME_15
890000000005243,"A blue nub of classroom chalk follows Kofi Asante wherever a blank board might accept a question. He educated himself from books abandoned beneath desks while guarding a Ghanaian school at night. Ideas come readily, while knots, catches, and unfamiliar tools can make Kofi's hands look borrowed. Being treated as useless stings him, but he learns from a mistake before repeating it himself.","Забытые под партами книги стали ночной школой Кофи Асанте, когда он сторожил здание в Гане. Новую мысль он схватывает быстро, но простая работа руками часто превращается у него в долгий спор с самим собой. В кармане Кофи лежит обломок синего мела, которым он записывает вопросы на любой свободной стене. Ему неловко быть самым неопытным в комнате, хотя чужую ошибку он обычно понимает раньше её владельца.",,JAZZ_AME_15
890000000005244,You're through. I'm listening.,Вы дозвонились. Слушаю.,,JAZZ_AME_15
890000000005245,I'm looking for work. What do you have?,Ищу работу. Что предлагаете?,,JAZZ_AME_15
890000000005246,All right. Speak soon.,Хорошо. До связи.,,JAZZ_AME_15
890000000005250,João Domingos,Жуан Домингос,,JAZZ_AME_16
890000000005251,João,Жуан,,JAZZ_AME_16
890000000005252,JOÃO,ЖУАН,,JAZZ_AME_16
890000000005253,"One mine-struck cart was enough to shape João Domingos's years in an Angolan local watch. Loose earth slows him at once, and he refuses to disguise caution as some grand tactical instinct. A smooth iron bolt recovered from the wreck rolls between his fingers whenever a road feels wrong. Hidden danger can hold João back, but a threat he can see receives the full weight of a stubborn, unsentimental man.","Жуан Домингос состоял в ангольской дружине, где одна встреча с минами заменила ему все последующие уроки храбрости. Он идёт медленно, внимательно смотрит под ноги и никогда не смеётся над чужой осторожностью. В ладони Жуан часто перекатывает гладкий болт от той самой разбитой телеги, напоминая себе не спешить. Скрытая угроза сковывает его, тогда как перед видимой он остаётся упрямым и прямым.",,JAZZ_AME_16
890000000005254,You're through. I'm listening.,Вы дозвонились. Слушаю.,,JAZZ_AME_16
890000000005255,I'm looking for work. What do you have?,Ищу работу. Что предлагаете?,,JAZZ_AME_16
890000000005256,All right. Speak soon.,Хорошо. До связи.,,JAZZ_AME_16
890000000005260,Wanjiku Mwangi,Ванджику Мванги,,JAZZ_AME_17
890000000005261,Wanjiku,Ванджику,,JAZZ_AME_17
890000000005262,WANJIKU,ВАНДЖИКУ,,JAZZ_AME_17
890000000005263,"Blue threads tied to low branches tell Wanjiku Mwangi what the wind changed while she was away. A Kenyan ranger taught her fieldcraft through water runs, tracks, and long hours at the silent edge of a clearing. She is light on rough ground and sparing with conversation around boastful strangers. Heavy burdens expose her slight frame, yet Wanjiku holds a watch long after louder people grow restless.","Там, где кенийский лес подходил к полям, Ванджику Мванги носила воду егерю и часами дежурила на опушке. Она не тратит слов на обещания и легко проходит по тропе, которая у других отнимает дыхание. К веткам Ванджику привязывает короткие синие нитки, чтобы на обратном пути проверить, что изменил ветер. Тяжёлая работа быстро выдаёт её тонкие плечи, но наблюдение она редко бросает раньше срока.",,JAZZ_AME_17
890000000005264,You're through. I'm listening.,Вы дозвонились. Слушаю.,,JAZZ_AME_17
890000000005265,I'm looking for work. What do you have?,Ищу работу. Что предлагаете?,,JAZZ_AME_17
890000000005266,All right. Speak soon.,Хорошо. До связи.,,JAZZ_AME_17
890000000005270,Serge Kouassi,Серж Куасси,,JAZZ_AME_18
890000000005271,Serge,Серж,,JAZZ_AME_18
890000000005272,SERGE,СЕРЖ,,JAZZ_AME_18
890000000005273,"Questions rather than repair figures fill the grease-stained shop notebook in Serge Kouassi's pocket. He grew up above his father's Grand Chien garage, surrounded by tools he never learned to love. Practical work makes Serge's hands fumble, while contradictions in a story catch him immediately. He believes thought can open doors that muscle cannot and sometimes forgets that a good idea still needs someone to turn the handle.","Над гаражом отца в Гранд-Шьен Серж Куасси с детства раздражал его отказом брать отвёртку правильно. С железом Серж спорит до сих пор, а несходящееся чужое объяснение замечает почти сразу. Он носит промасленный блокнот из мастерской и записывает туда не детали, а вопросы. Пустые руки его смущают меньше, чем пустая голова, хотя на деле одной догадки часто недостаточно.",,JAZZ_AME_18
890000000005274,You're through. I'm listening.,Вы дозвонились. Слушаю.,,JAZZ_AME_18
890000000005275,I'm looking for work. What do you have?,Ищу работу. Что предлагаете?,,JAZZ_AME_18
890000000005276,All right. Speak soon.,Хорошо. До связи.,,JAZZ_AME_18
890000000005280,Bongani Dlamini,Бонгани Дламини,,JAZZ_AME_19
890000000005281,Bongani,Бонгани,,JAZZ_AME_19
890000000005282,BONGANI,БОНГАНИ,,JAZZ_AME_19
890000000005283,"A dented tin lunch box has survived every fall Bongani Dlamini declines to discuss. It accompanied years of guarding a South African mining compound, carrying sacks by day and stealing sleep between alarms. Bongani rises slowly, speaks rarely, and sees no virtue in hurrying merely to impress someone. He will never be first around a corner, but once his bulk settles into a doorway, moving him becomes everybody else's problem.","Между сменами в южноафриканском шахтёрском посёлке Бонгани Дламини сторожил ворота, переносил мешки и спал короткими кусками. Он тяжёл на подъём, молчалив и совершенно не заинтересован в том, чтобы выглядеть проворнее. Обед Бонгани носит в вмятой жестяной коробке, которая пережила больше падений, чем её хозяин готов обсудить. Когда нужно долго держать дверь или не уступать тесный проход, его медлительность внезапно перестаёт быть недостатком.",,JAZZ_AME_19
890000000005284,You're through. I'm listening.,Вы дозвонились. Слушаю.,,JAZZ_AME_19
890000000005285,I'm looking for work. What do you have?,Ищу работу. Что предлагаете?,,JAZZ_AME_19
890000000005286,All right. Speak soon.,Хорошо. До связи.,,JAZZ_AME_19
890000000005290,Idrissa Bah,Идрисса Бах,,JAZZ_AME_20
890000000005291,Idrissa,Идрисса,,JAZZ_AME_20
890000000005292,IDRISSA,ИДРИССА,,JAZZ_AME_20
890000000005293,"White gloves dry over the back of Idrissa Bah's only chair every Sunday. They once conducted Senegalese traffic with more success than he ever found on a firing line. Confusion unsettles Idrissa until he can give it lanes, turns, and a place to stop. He is no hero of sudden violence, but a crowd often borrows its first calm moment from his precise gestures.","На сенегальском перекрёстке Идрисса Бах мог одним жестом распутать движение, которое уже считало себя безнадёжным. Перестрелка лишает его уюта; видимый порядок возвращает самообладание. Идрисса сам стирает белые перчатки по воскресеньям и сушит их на спинке единственного стула. Люди не всегда слышат его с первого раза, но руки у него говорят достаточно ясно, чтобы хаос сделал короткую паузу.",,JAZZ_AME_20
890000000005294,You're through. I'm listening.,Вы дозвонились. Слушаю.,,JAZZ_AME_20
890000000005295,I'm looking for work. What do you have?,Ищу работу. Что предлагаете?,,JAZZ_AME_20
890000000005296,All right. Speak soon.,Хорошо. До связи.,,JAZZ_AME_20
890000000005300,Omar Diallo,Омар Диалло,,JAZZ_AME_21
890000000005301,Omar,Омар,,JAZZ_AME_21
890000000005302,OMAR,ОМАР,,JAZZ_AME_21
890000000005303,"Pencil marks cover the inside of Omar Diallo's cartridge box, accounting for rounds that did not return. He deserted a Senegalese unit after an order treated lives as replaceable supplies. Omar keeps his distance from uniforms now and speaks only after watching a room settle. The path forward can make him hesitate, but once the rifle reaches his shoulder he wastes neither motion nor breath.","Из сенегальской части Омар Диалло ушёл, когда понял, что очередной приказ заведёт его людей туда, откуда их не собираются возвращать. Теперь он говорит мало и долго выбирает момент, прежде чем приложить к плечу старый винчестер. После каждого выхода Омар ставит карандашную черту на внутренней стороне патронной коробки, считая не победы, а потраченные выстрелы. Решительность приходит к нему не сразу; принятое решение Омар уже не украшает словами.",,JAZZ_AME_21
890000000005304,On the line.,На связи.,,JAZZ_AME_21
890000000005305,I'm listening. Tell me about the job.,Слушаю. Расскажите о работе.,,JAZZ_AME_21
890000000005306,Understood. I'll be here.,Понял. Я буду на связи.,,JAZZ_AME_21
890000000005310,Bastien Lafontaine,Бастьен Лафонтен,,JAZZ_AME_22
890000000005311,Bastien,Бастьен,,JAZZ_AME_22
890000000005312,BASTIEN,БАСТЬЕН,,JAZZ_AME_22
890000000005313,"Bastien Lafontaine learned his trade with a Grand Chien militia, covering alleys where walls seemed to close in during trouble. Cheap tobacco stains his fingers, but he saves the cigarette until everything has gone quiet. A rolling paper stays folded inside the oil rag he uses on his rifle, a private promise of rest. Bastien is not imaginative under changing orders, yet in a confined street his steady bursts arrive exactly where companions expect them.","Машинное масло и дешёвый табак выдают Бастьена Лафонтена раньше, чем он успевает заговорить. В местной милиции Гранд-Шьен ему чаще встречались тесные улицы, чем открытое поле. Самокрутку Бастьен заворачивает в промасленную тряпицу, курит только после работы и сердится, если кто-то без спроса трогает его оружие. Красивого ракурса он не ищет — минуту, когда узкий проход нужно наполнить шумом, чувствует и без красоты.",,JAZZ_AME_22
890000000005314,On the line.,На связи.,,JAZZ_AME_22
890000000005315,I'm listening. Tell me about the job.,Слушаю. Расскажите о работе.,,JAZZ_AME_22
890000000005316,Understood. I'll be here.,Понял. Я буду на связи.,,JAZZ_AME_22
890000000005320,"Chukwuemeka ""Emeka"" Obi","Чуквуэмека ""Эмека"" Оби",,JAZZ_AME_23
890000000005321,Emeka,Эмека,,JAZZ_AME_23
890000000005322,EMEKA,ЭМЕКА,,JAZZ_AME_23
890000000005323,"Tea comes from Chukwuemeka “Emeka” Obi's shrapnel-dented tin cup, which nobody is allowed to repair. The dent outlived a Nigerian checkpoint erased after months behind its machine gun. Built for weight rather than delicacy, Emeka laughs first when a careful shot goes astray. He may not pick one point from the landscape elegantly, but knows how to make an entire stretch of ground feel unwelcoming.","Однажды утром от нигерийского блокпоста Чуквуэмеки «Эмеки» Оби не осталось ничего, кроме мешков и пыли. До этого он месяцами держал там пулемётную точку, а теперь шутит, что земля — единственная мишень, которая не уклоняется. Чай Эмека пьёт из банки с вмятиной от осколка и не разрешает её выпрямлять. Отдельную цель он ведёт неровно; под долгим грохотом Эмеки целый участок земли быстро пустеет.",,JAZZ_AME_23
890000000005324,On the line.,На связи.,,JAZZ_AME_23
890000000005325,I'm listening. Tell me about the job.,Слушаю. Расскажите о работе.,,JAZZ_AME_23
890000000005326,Understood. I'll be here.,Понял. Я буду на связи.,,JAZZ_AME_23
890000000005330,Michel Kabeya,Мишель Кабея,,JAZZ_AME_24
890000000005331,Michel,Мишель,,JAZZ_AME_24
890000000005332,MICHEL,МИШЕЛЬ,,JAZZ_AME_24
890000000005333,"Michel Kabeya once unloaded riverboats in Congo, betting his lunch on whether a dented can would land inside a distant crate. The game eventually became a practical occupation involving objects no one wanted thrown back. He is loud over drinks and utterly silent before a toss, rubbing a copper pull ring threaded onto his belt. Michel trusts his arm, but never lingers to admire the place where its delivery comes down.","Пустые банки Мишель Кабейа забрасывал в щели между ящиками, развлекая смену на речной пристани в Конго. Позже оказалось, что тот же глазомер полезен для предметов, которые лучше не возвращать обратно. В баре Мишель шумен, но перед броском всегда замолкает и касается большим пальцем медного кольца на чеке. Он двигается охотно, хотя близость собственного взрыва уважает сильнее, чем показывает друзьям.",,JAZZ_AME_24
890000000005334,On the line.,На связи.,,JAZZ_AME_24
890000000005335,I'm listening. Tell me about the job.,Слушаю. Расскажите о работе.,,JAZZ_AME_24
890000000005336,Understood. I'll be here.,Понял. Я буду на связи.,,JAZZ_AME_24
890000000005340,Juma Otieno,Джума Отиено,,JAZZ_AME_25
890000000005341,Juma,Джума,,JAZZ_AME_25
890000000005342,JUMA,ДЖУМА,,JAZZ_AME_25
890000000005343,"A faded checked scarf covers Juma Otieno's mouth on the road, still faintly scented with his sister's soap. It crossed a Kenyan border where dust announced company before an engine arrived. Juma learned to relocate before a position became a trap and has little patience for theatrical last stands. Weight tires him quickly, but open ground sharpens his attention and seems to quicken every choice.","На кенийской границе Джума Отиено научился читать пыль, которая появлялась раньше машин и часто была единственным предупреждением. Он привык быстро менять место и не обижается на приказ не изображать героя. Перед выходом Джума завязывает на лице выцветший клетчатый платок, сохранивший запах дорожного мыла. Тяжёлая ноша утомляет его быстрее долгого пути, а первым увидеть движение на горизонте для Джумы почти личная обязанность.",,JAZZ_AME_25
890000000005344,On the line.,На связи.,,JAZZ_AME_25
890000000005345,I'm listening. Tell me about the job.,Слушаю. Расскажите о работе.,,JAZZ_AME_25
890000000005346,Understood. I'll be here.,Понял. Я буду на связи.,,JAZZ_AME_25
890000000005350,Andile Nkosi,Андиле Нкоси,,JAZZ_AME_26
890000000005351,Andile,Андиле,,JAZZ_AME_26
890000000005352,ANDILE,АНДИЛЕ,,JAZZ_AME_26
890000000005353,"Blue electrical tape around Andile Nkosi's sling bears the plate number of the first truck he brought through untouched. South African convoy work taught him that careless fire could ruin cargo before an attacker reached it. Andile prefers routine, short instructions, and people who keep their hands to themselves. Sudden improvisation can leave him behind, but a revealed pattern brings disciplined restraint back to his weapon.","Конвои Южной Африки научили Андиле Нкоси отвечать на засаду, не превращая груз за спиной в решето. Он спокоен, немногословен и раздражается, когда новички берут его оружие просто из любопытства. На ремне Андиле закреплена полоска синей изоленты с номером первой машины, которую он довёл целой. Неожиданные перемены сбивают его ритм; знакомая последовательность возвращает короткую и бережную пальбу.",,JAZZ_AME_26
890000000005354,On the line.,На связи.,,JAZZ_AME_26
890000000005355,I'm listening. Tell me about the job.,Слушаю. Расскажите о работе.,,JAZZ_AME_26
890000000005356,Understood. I'll be here.,Понял. Я буду на связи.,,JAZZ_AME_26
890000000005360,Sekou Camara,Секу Камара,,JAZZ_AME_27
890000000005361,Sekou,Секу,,JAZZ_AME_27
890000000005362,SEKOU,СЕКУ,,JAZZ_AME_27
890000000005363,"A cracked compass needs one sharp tap from Sekou Camara before its needle remembers north. He carried it while patrolling the Malian desert, where an upright man against a pale horizon becomes everyone's landmark. Restlessness serves Sekou in open country and irritates patient companions. He lacks reach for distant contests, but crosses exposed ground fast enough to give slower people room to breathe.","В малийской пустыне Секу Камара рано понял, что неподвижная фигура на светлом фоне долго не живёт. Он постоянно смещается, выбирает низины и терпеть не может ждать на месте только ради чужой важности. Компас Секу треснул много лет назад, но стрелка всё ещё находит север, если постучать по стеклу ногтем. Короткое оружие не прощает дальних амбиций, и Секу отвечает на это ногами, уносящими его вперёд тяжёлых товарищей.",,JAZZ_AME_27
890000000005364,On the line.,На связи.,,JAZZ_AME_27
890000000005365,I'm listening. Tell me about the job.,Слушаю. Расскажите о работе.,,JAZZ_AME_27
890000000005366,Understood. I'll be here.,Понял. Я буду на связи.,,JAZZ_AME_27
890000000005370,Pascal Ngoma,Паскаль Нгома,,JAZZ_AME_28
890000000005371,Pascal,Паскаль,,JAZZ_AME_28
890000000005372,PASCAL,ПАСКАЛЬ,,JAZZ_AME_28
890000000005373,"A ridiculous folding stool appears beneath Pascal Ngoma whenever waiting stretches past an hour. Grand Chien gun posts taught him to regard running as evidence of poor planning. Pascal is stubborn, durable, and happiest when a patch of ground becomes clearly his responsibility. New directions reach him slowly, but incoming noise rarely persuades him to leave the old one.","Месяцы на огневой точке в Гранд-Шьен приучили Паскаля Нгому любить места, откуда не нужно никуда бежать. Он упрям, тяжёл и воспринимает движение скорее как уступку обстоятельствам. Под вещами Паскаля всегда привязан крошечный складной табурет, вызывающий смех ровно до первой долгой ночи. Плана он быстро не меняет, и вокруг выбранной позиции постепенно становится тихо.",,JAZZ_AME_28
890000000005374,On the line.,На связи.,,JAZZ_AME_28
890000000005375,I'm listening. Tell me about the job.,Слушаю. Расскажите о работе.,,JAZZ_AME_28
890000000005376,Understood. I'll be here.,Понял. Я буду на связи.,,JAZZ_AME_28
890000000005380,Kwesi Boateng,Квеси Боатенг,,JAZZ_AME_29
890000000005381,Kwesi,Квеси,,JAZZ_AME_29
890000000005382,KWESI,КВЕСИ,,JAZZ_AME_29
890000000005383,"Bottle caps fill Kwesi Boateng's old tobacco tin, shaken before work to hear whether his hand is steady. The habit began behind a Ghanaian warehouse, where he aimed empty bottles at a chalk circle after every shift. Heavier objects with shorter fuses eventually replaced the glass. Kwesi commits quickly but dislikes the seconds after impact, when the echo seems to search for whoever caused it.","За ганским складом Квеси Боатенг после смены часами бросал пустые бутылки в меловой круг на стене. Эта забава сделала его уверенным с предметами, которые звенят куда опаснее стекла. Квеси собирает крышки в табачную коробку и встряхивает её перед выходом, проверяя спокойствие руки. Он действует быстро и улыбается редко, а после громкого результата предпочитает уже быть в другом месте.",,JAZZ_AME_29
890000000005384,On the line.,На связи.,,JAZZ_AME_29
890000000005385,I'm listening. Tell me about the job.,Слушаю. Расскажите о работе.,,JAZZ_AME_29
890000000005386,Understood. I'll be here.,Понял. Я буду на связи.,,JAZZ_AME_29
890000000005390,Tesfaye Alemu,Тесфайе Алему,,JAZZ_AME_30
890000000005391,Tesfaye,Тесфайе,,JAZZ_AME_30
890000000005392,TESFAYE,ТЕСФАЙЕ,,JAZZ_AME_30
890000000005393,"A smooth grey stone from his Ethiopian home valley rests in Tesfaye Alemu's palm, then disappears before the shot. There he learned that a hurried breath could carry farther than a footstep. Better rifles always belonged to somebody else, a fact Tesfaye accepts without bitterness. He is not made for prolonged punishment, but patience often lets him finish before endurance becomes the question.","В эфиопских горах Тесфайе Алему научился успокаивать дыхание раньше, чем получил оружие, достойное этого умения. Он худощав, терпелив и без зависти принимает то, что оказалось под рукой. Перед выстрелом Тесфайе сжимает гладкий серый камень, когда-то поднятый у дома, а затем убирает его в карман. Долгая драка быстро его истощает; первый спокойный миг почти никогда не пропадает зря.",,JAZZ_AME_30
890000000005394,On the line.,На связи.,,JAZZ_AME_30
890000000005395,I'm listening. Tell me about the job.,Слушаю. Расскажите о работе.,,JAZZ_AME_30
890000000005396,Understood. I'll be here.,Понял. Я буду на связи.,,JAZZ_AME_30
890000000005400,Rafael dos Santos,Рафаэль дос Сантос,,JAZZ_AME_31
890000000005401,Rafael,Рафаэль,,JAZZ_AME_31
890000000005402,RAFAEL,РАФАЭЛЬ,,JAZZ_AME_31
890000000005403,"A spare bootlace circles Rafael dos Santos's wrist, recalling the day a broken boot delayed an entire column. Angolan road crews rarely saw him understand a new drill before anyone else. Rather than pretend, Rafael repeated the motion until it belonged to him. Sudden changes make him rigid, but fatigue and dust do little to loosen a promise he has already made.","На ангольских дорогах Рафаэль дос Сантос сопровождал рабочие бригады и осваивал каждое новое дело медленнее тех, кто любил давать советы. Он не спорил, а повторял движение до тех пор, пока оно не становилось привычкой. Вокруг запястья Рафаэля намотан запасной шнурок, потому что однажды порванный ботинок задержал всю колонну. Внезапная выдумка ему чужда; трезвость, порядок и обещание остаться после тяжёлого дня — нет.",,JAZZ_AME_31
890000000005404,On the line.,На связи.,,JAZZ_AME_31
890000000005405,I'm listening. Tell me about the job.,Слушаю. Расскажите о работе.,,JAZZ_AME_31
890000000005406,Understood. I'll be here.,Понял. Я буду на связи.,,JAZZ_AME_31
890000000005410,Awa Sow,Ава Соу,,JAZZ_AME_32
890000000005411,Awa,Ава,,JAZZ_AME_32
890000000005412,AWA,АВА,,JAZZ_AME_32
890000000005413,"The bent key to Awa Sow's vanished dockside job taps against her thigh whenever someone explains her own work to her. Its Senegalese storehouse had passages too narrow for grand gestures. Awa learned to slip around trouble quickly without enjoying the sound of its arrival. Sustained noise wears at her composure, but close walls give that speed somewhere useful to go.","Ночные смены на сенегальской пристани научили Аву Соу встречать неприятности в узких коридорах почти вплотную. Она быстра, колка и слишком хорошо слышит каждый неожиданный скрип за дверью. От старого склада у Авы остался погнутый ключ, которым она постукивает по бедру, когда кто-то начинает поучать её снисходительным тоном. Долгая пальба расшатывает ей нервы; теснота позволяет исчезнуть с чужой линии прежде, чем там станет опасно.",,JAZZ_AME_32
890000000005414,On the line.,На связи.,,JAZZ_AME_32
890000000005415,I'm listening. Tell me about the job.,Слушаю. Расскажите о работе.,,JAZZ_AME_32
890000000005416,Understood. I'll be here.,Понял. Я буду на связи.,,JAZZ_AME_32
890000000005420,Claude Mvemba,Клод Мвемба,,JAZZ_AME_33
890000000005421,Claude,Клод,,JAZZ_AME_33
890000000005422,CLAUDE,КЛОД,,JAZZ_AME_33
890000000005423,"A crushed silver-coloured cigarette case still shuts for Claude Mvemba with a satisfying click, though opening it needs a thumbnail. Grand Chien plantation work taught him to let most trouble come closer to the shotgun. Conversation bores Claude; cigarettes do not. Distant contests hold little appeal, but among sheds, fences, and cane he judges space with the ease of long habit.","Среди плантаций Гранд-Шьен Клод Мвемба привык решать споры на расстоянии, удобном для дробовика. Он говорит мало, курит много и считает лишний шаг навстречу таким же расточительством, как лишнее слово. Серебристый портсигар Клода давно смят каблуком, но закрывается с приятным щелчком. Открытый простор лишает его уверенности; изгороди и сараи возвращают безошибочное чувство дистанции.",,JAZZ_AME_33
890000000005424,On the line.,На связи.,,JAZZ_AME_33
890000000005425,I'm listening. Tell me about the job.,Слушаю. Расскажите о работе.,,JAZZ_AME_33
890000000005426,Understood. I'll be here.,Понял. Я буду на связи.,,JAZZ_AME_33
890000000005430,Emeka Nwosu,Эмека Нвосу,,JAZZ_AME_34
890000000005431,Emeka,Эмека,,JAZZ_AME_34
890000000005432,EMEKA,ЭМЕКА,,JAZZ_AME_34
890000000005433,"An empty ammunition box serves as Emeka Nwosu's chair and carries the label, “Do not relocate with owner.” Nigerian quay work first revealed that he could carry a machine gun farther than anyone else. Finesse never followed, but good humour did whenever the joke concerns his immovable size. Emeka struggles with delicate choices at distance, yet weight, recoil, and stubborn ground suit him perfectly.","Груз в нигерийском порту привёл Эмеку Нвосу к пулемёту: никто другой не хотел носить его достаточно долго. Он силён, упрям и не обижается на шутку, если успел рассказать её первым. Пустую патронную коробку Эмека использует как стул и подписал снизу: «не сдвигать вместе с хозяином». Тонкая работа ему чужда, тогда как тяжесть и долгий шум кажутся естественным продолжением самого Эмеки.",,JAZZ_AME_34
890000000005434,On the line.,На связи.,,JAZZ_AME_34
890000000005435,I'm listening. Tell me about the job.,Слушаю. Расскажите о работе.,,JAZZ_AME_34
890000000005436,Understood. I'll be here.,Понял. Я буду на связи.,,JAZZ_AME_34
890000000005440,Samuel Cheruiyot,Сэмюэл Черуйот,,JAZZ_AME_35
890000000005441,Samuel,Сэмюэл,,JAZZ_AME_35
890000000005442,SAMUEL,СЭМЮЭЛ,,JAZZ_AME_35
890000000005443,"A polished horn button from Samuel Cheruiyot's first hunting coat is sewn into his rifle sling. Kenyan trails taught him long before regulations or military vocabulary arrived. Outdoors Samuel is quick and watchful, taking the extra breath that impatient shooters resent. Barracks make him restless and sharp-tongued, but a horizon seems to reveal movement before everyone else has decided where to look.","Задолго до строевых слов Сэмюэл Черуйот выучил охотничьи тропы Кении. В лесу он лёгок, внимателен и предпочитает сделать паузу, а не исправлять поспешность новым выстрелом. На ремне его винчестера пришита пуговица из полированного рога, оставшаяся от первой куртки. Казарменная теснота делает Сэмюэла раздражительным; открытый воздух словно заранее подсказывает ему, откуда появится движение.",,JAZZ_AME_35
890000000005444,On the line.,На связи.,,JAZZ_AME_35
890000000005445,I'm listening. Tell me about the job.,Слушаю. Расскажите о работе.,,JAZZ_AME_35
890000000005446,Understood. I'll be here.,Понял. Я буду на связи.,,JAZZ_AME_35
890000000005450,Mamadou Traoré,Мамаду Траоре,,JAZZ_AME_36
890000000005451,Mamadou,Мамаду,,JAZZ_AME_36
890000000005452,MAMADOU,МАМАДУ,,JAZZ_AME_36
890000000005453,"A mismatched screwdriver wrapped in red cloth shares Mamadou Traoré's pocket with a wire cutter. He began tending other men's weapons during quiet hours on a Malian road patrol. No gifted engineer, Mamadou simply remembers which small part caused trouble last time. Machinery yields to repetition rather than insight for him, but uncomplicated faults tend to stay fixed once his careful hands have visited.","После смен в малийском дорожном патруле Мамаду Траоре разбирал соседские стволы, пока остальные спорили о вчерашней стрельбе. Он не мастер, но терпеливо запоминает, какая пружина куда возвращается, и редко выдаёт догадку за знание. Чужая отвёртка, обмотанная красной тканью, всегда лежит у него рядом с кусачками. Ремонт Мамаду схватывает не мгновенно, но простая неисправность после него обычно перестаёт повторяться.",,JAZZ_AME_36
890000000005454,On the line.,На связи.,,JAZZ_AME_36
890000000005455,I'm listening. Tell me about the job.,Слушаю. Расскажите о работе.,,JAZZ_AME_36
890000000005456,Understood. I'll be here.,Понял. Я буду на связи.,,JAZZ_AME_36
890000000005460,Felix Tshisekedi,Феликс Чисекеди,,JAZZ_AME_37
890000000005461,Felix,Феликс,,JAZZ_AME_37
890000000005462,FELIX,ФЕЛИКС,,JAZZ_AME_37
890000000005463,"A sliver of soap rides in Felix Tshisekedi's tin lid to scrub the iron smell from his hands. Congolese checkpoint shifts taught him to inherit empty canteens and unfinished chores without complaint. Felix tied the bandage, watched the road, and requested explanations later. He offers no remarkable flourish, but difficult days improve simply because he does not become another problem to solve.","На конголезском блокпосту Феликс Чисекеди привык, что одна смена редко оставляет другой воду, бинты или внятные объяснения. Он закрывает чужие мелкие промахи без жалоб и не считает это подвигом. В кармане Феликс носит обмылок в жестяной крышке, чтобы после перевязки руки не пахли железом. Ничем Феликс не блистает, и всё же в плохой день о нём не приходится тревожиться отдельно.",,JAZZ_AME_37
890000000005464,On the line.,На связи.,,JAZZ_AME_37
890000000005465,I'm listening. Tell me about the job.,Слушаю. Расскажите о работе.,,JAZZ_AME_37
890000000005466,Understood. I'll be here.,Понял. Я буду на связи.,,JAZZ_AME_37
890000000005470,Noah van Wyk,Ноа ван Вейк,,JAZZ_AME_38
890000000005471,Noah,Ноа,,JAZZ_AME_38
890000000005472,NOAH,НОА,,JAZZ_AME_38
890000000005473,"A pocket ledger mixes Noah van Wyk's planting dates with promises made to people, every fulfilled one neatly crossed through. South African neighbours once brought him quarrels about water, fences, and wandering cattle. Noah speaks without hurry, leaving silence to push where louder men would shout. He is capable rather than dazzling with a rifle, but tired companions often recover their sense when his plain voice gives the next step.","Соседи по южноафриканской ферме приносили Ноа ван Вику споры о воде и заблудившемся скоте. Он не повышает голос и не торопит ответ, поэтому даже старшие часто замолкают, когда Ноа начинает говорить. В карманном журнале рядом с датами посева он записывает обещания, данные людям. Стреляет он без показного блеска, но рядом с его спокойным порядком усталые товарищи реже делают глупости.",,JAZZ_AME_38
890000000005474,On the line.,На связи.,,JAZZ_AME_38
890000000005475,I'm listening. Tell me about the job.,Слушаю. Расскажите о работе.,,JAZZ_AME_38
890000000005476,Understood. I'll be here.,Понял. Я буду на связи.,,JAZZ_AME_38
890000000005480,"Joseph ""Hyena"" Mukendi","Жозеф ""Гиена"" Мукенди",,JAZZ_AME_39
890000000005481,Hyena,Гиена,,JAZZ_AME_39
890000000005482,HYENA,ГИЕНА,,JAZZ_AME_39
890000000005483,"A dented pocket mirror lets Joseph “Hyena” Mukendi inspect a doorway without offering it his head. Grand Chien survivors remembered his ambush laugh before they remembered the face. Joseph fights with quick, practical cruelty and considers elegance a luxury for safer rooms. Nerve carries him through ugly moments, though his appetite for nearness can place him where a wiser man would never go.","В Гранд-Шьен противники Жозефа Мукенди сперва слышали смешок и лишь потом видели лицо, так за ним закрепилась кличка «Гиена». В тесном месте он действует быстро, грязно и без интереса к красивым правилам. Жозеф носит помятое карманное зеркальце и проверяет им дверные углы, прежде чем сунуться вперёд. Его решительность спасает чаще, чем осторожность, но иногда эти два слова он явно путает.",,JAZZ_AME_39
890000000005484,I'm here. Talk.,Я на линии. Говорите.,,JAZZ_AME_39
890000000005485,"If there's work, I'm listening.",Если есть работа — слушаю.,,JAZZ_AME_39
890000000005486,Send the terms.,Присылайте условия.,,JAZZ_AME_39
890000000005490,Abraham Tekle,Абрахам Текле,,JAZZ_AME_40
890000000005491,Abraham,Абрахам,,JAZZ_AME_40
890000000005492,ABRAHAM,АБРАХАМ,,JAZZ_AME_40
890000000005493,"A faded wool cap becomes Abraham Tekle's tiny pillow every night, a comfort kept from colder bivouacs. It followed an Ethiopian mountain campaign that ended with more men walking home than marching. Defeat made Abraham quieter rather than bitter, and he waits for a clear sight instead of demanding one. He looks worn, but hardship has left both frame and attention surprisingly difficult to shake.","Об отступлении из эфиопских гор Абрахам Текле и его бывшие товарищи до сих пор говорят только дома. Он дышит ровно, не торопит выстрел и принимает поражение как урок, а не личное оскорбление. На ночлеге Абрахам сворачивает старую шерстяную шапку в маленькую подушку, хотя давно может позволить себе лучшую. Лицо кажется усталым, но тело и привычки сохранили больше прочности, чем обещает первый взгляд.",,JAZZ_AME_40
890000000005494,I'm here. Talk.,Я на линии. Говорите.,,JAZZ_AME_40
890000000005495,"If there's work, I'm listening.",Если есть работа — слушаю.,,JAZZ_AME_40
890000000005496,Send the terms.,Присылайте условия.,,JAZZ_AME_40
890000000005500,"Sipho ""Anvil"" Khumalo","Сифо ""Анвил"" Кхумало",,JAZZ_AME_41
890000000005501,Anvil,Анвил,,JAZZ_AME_41
890000000005502,ANVIL,АНВИЛ,,JAZZ_AME_41
890000000005503,"His mother's tiny brass thimble glints absurdly between Sipho “Anvil” Khumalo's enormous fingers while he repairs webbing. A South African gun crew gave every oversized burden to his shoulders. Sipho thinks in straight lines, advances without grace, and claims no gift for a fine shot. He adapts slowly, but once the heavy barrel settles, neither recoil nor argument moves him easily.","В южноафриканском пулемётном расчёте Сифо «Наковальня» Кхумало всегда получал ту часть ноши, которую остальные делили на двоих. Он двигается тяжело, мыслит прямыми линиями и не притворяется точным мастером одиночной цели. По вечерам Сифо неловко штопает ремни крошечным напёрстком, подаренным матерью, зажимая иглу огромными пальцами. Когда требуется долго удерживать тяжёлый ствол на одном направлении, его недостатки внезапно становятся почти неважны.",,JAZZ_AME_41
890000000005504,I'm here. Talk.,Я на линии. Говорите.,,JAZZ_AME_41
890000000005505,"If there's work, I'm listening.",Если есть работа — слушаю.,,JAZZ_AME_41
890000000005506,Send the terms.,Присылайте условия.,,JAZZ_AME_41
890000000005510,Boubacar Kane,Бубакар Кане,,JAZZ_AME_42
890000000005511,Boubacar,Бубакар,,JAZZ_AME_42
890000000005512,BOUBACAR,БУБАКАР,,JAZZ_AME_42
890000000005513,"Reserve service in Senegal taught Boubacar Kane that exhausted people remember reasons longer than shouted commands. He explains the purpose, checks the route himself, and lets silence replace ceremony. Orders go onto the clean inside of flattened cigarette packets, then the recipient must repeat them in ordinary words. Boubacar inspires trust gradually rather than dramatically, but confusion has a way of thinning out wherever his quiet routine takes hold.","Служба офицером запаса в Сенегале научила Бубакара Кане, что усталые люди лучше выполняют короткий приказ, смысл которого им объяснили. Он говорит спокойно, не тратит время на позу и сам проверяет путь, прежде чем отправить туда другого. Бубакар пишет распоряжения на внутренней стороне пустых сигаретных пачек и просит прочитавшего повторить их своими словами. Восторгов вокруг него немного, а позиции после суток рядом обычно остаются на месте.",,JAZZ_AME_42
890000000005514,I'm here. Talk.,Я на линии. Говорите.,,JAZZ_AME_42
890000000005515,"If there's work, I'm listening.",Если есть работа — слушаю.,,JAZZ_AME_42
890000000005516,Send the terms.,Присылайте условия.,,JAZZ_AME_42
890000000005520,"Didier ""Smoke"" Mbemba","Дидье ""Дым"" Мбемба",,JAZZ_AME_43
890000000005521,Smoke,Дым,,JAZZ_AME_43
890000000005522,SMOKE,ДЫМ,,JAZZ_AME_43
890000000005523,"A scorched matchbox receives Didier “Smoke” Mbemba's fresh escape arrow before every job. The habit began in Congolese demolition work, where he repeatedly vanished behind dust of his own making. Sprinting is not among Didier's ambitions, so every loud solution starts with a chosen way out. He can be ponderous while others have options, but once silence is gone he becomes the calmest man in the noise.","За пылью от конголезских зарядов Дидье Мбемба исчезал так часто, что прозвище «Дым» стало неизбежным. Он не любит бегать и предпочитает заранее знать, куда отступит после громкого хлопка. В кармане Дидье лежит обгоревший коробок спичек, на котором он каждый раз рисует новую стрелку выхода. Когда тишина уже потеряна, его расчётливое спокойствие оказывается полезнее скорости.",,JAZZ_AME_43
890000000005524,I'm here. Talk.,Я на линии. Говорите.,,JAZZ_AME_43
890000000005525,"If there's work, I'm listening.",Если есть работа — слушаю.,,JAZZ_AME_43
890000000005526,Send the terms.,Присылайте условия.,,JAZZ_AME_43
890000000005530,Amina Yusuf,Амина Юсуф,,JAZZ_AME_44
890000000005531,Amina,Амина,,JAZZ_AME_44
890000000005532,AMINA,АМИНА,,JAZZ_AME_44
890000000005533,"Spare bandages stay sealed in Amina Yusuf's waxed paper and are inspected whenever rain enters the seams. Nigerian service taught her that ammunition, sleep, and clean cloth all require conservation. Amina treats her rifle as a duty rather than a companion and keeps every burst brief. Her reserve feels severe across a table, but beside blood it becomes the steady distance needed to help.","Тяжёлые годы в нигерийской части оставили Амине Юсуф уважение к короткой очереди и чистой повязке. Она бережёт оружие без нежности, как вещь, которая обязана работать и не нуждается в комплиментах. Запасные бинты Амина заворачивает в вощёную бумагу и меняет свёрток после каждого дождя. Новичков смущает её холодный взгляд; рядом с кровью эта отстранённость превращается в собранность.",,JAZZ_AME_44
890000000005534,I'm here. Talk.,Я на линии. Говорите.,,JAZZ_AME_44
890000000005535,"If there's work, I'm listening.",Если есть работа — слушаю.,,JAZZ_AME_44
890000000005536,Send the terms.,Присылайте условия.,,JAZZ_AME_44
890000000005540,Léopold Sassou,Леопольд Сассу,,JAZZ_AME_45
890000000005541,Léopold,Леопольд,,JAZZ_AME_45
890000000005542,LÉOPOLD,ЛЕОПОЛЬД,,JAZZ_AME_45
890000000005543,"A fine cleaning brush and a corked drop of oil travel inside Sergeant Léopold Sassou's empty cigar tube. Grand Chien service meant rescuing rifles from dust, neglect, and owners who swore they had changed nothing. Solid and unsentimental, Léopold knows enough about simple faults to be dangerous to excuses. People rarely earn his smile, but a magazine seating cleanly can soften his entire face.","Чужая лень и мелкая грязь испортили при Леопольде Сассу достаточно оружия, чтобы сержант Гранд-Шьен перестал верить оправданиям. Он крепок, говорит ровно и без особого удовольствия чинит простые неполадки прямо на месте. В пустой сигарной трубке Леопольд носит тонкую щётку и каплю масла, защищённую пробкой. Камера улыбки от него не получает; правильно вставший магазин иногда получает.",,JAZZ_AME_45
890000000005544,I'm here. Talk.,Я на линии. Говорите.,,JAZZ_AME_45
890000000005545,"If there's work, I'm listening.",Если есть работа — слушаю.,,JAZZ_AME_45
890000000005546,Send the terms.,Присылайте условия.,,JAZZ_AME_45
890000000005550,Kofi Mensah,Кофи Менса,,JAZZ_AME_46
890000000005551,Kofi,Кофи,,JAZZ_AME_46
890000000005552,KOFI,КОФИ,,JAZZ_AME_46
890000000005553,"Coarse rope rides at Kofi Mensah's waist for repairing crate handles everyone else has abandoned. He went from a Ghanaian dock winch to guns that made ordinary men seek another pair of hands. Immensely built, Kofi changes direction slowly and never chases what can be pinned down. Subtle plans can outrun his understanding, but weight and recoil seem to arrive at his shoulders already tamed.","От портовой лебёдки в Гане Кофи Менса перешёл к тяжёлому оружию, сменив канаты на другую ношу. Он огромен, нетороплив и не пытается догнать того, кого можно вынудить остановиться. Кофи всегда держит при себе моток грубой верёвки и чинит им ручки на ящиках, которые другие уже списали. Тонкий расчёт проходит мимо него, но вес, отдача и долгая неподвижная работа будто придуманы под его плечи.",,JAZZ_AME_46
890000000005554,I'm here. Talk.,Я на линии. Говорите.,,JAZZ_AME_46
890000000005555,"If there's work, I'm listening.",Если есть работа — слушаю.,,JAZZ_AME_46
890000000005556,Send the terms.,Присылайте условия.,,JAZZ_AME_46
890000000005560,"Hassan ""Scorpion"" Ibrahim","Хассан ""Скорпион"" Ибрахим",,JAZZ_AME_47
890000000005561,Scorpion,Скорпион,,JAZZ_AME_47
890000000005562,SCORPION,СКОРПИОН,,JAZZ_AME_47
890000000005563,"Tiny scorpions with different expressions crowd Hassan “Scorpion” Ibrahim's matchbook margins. The nickname followed quick deliveries between Malian outposts once those arrivals began including explosive replies. Hassan moves lightly, throws with conviction, and keeps a sting ready for conversation. He understands timing better than caution and enjoys a well-placed blast enough to stand closer than sensible people prefer.","Кличка «Скорпион» пристала к Хассану Ибрахиму в Мали за быстрые появления и неприятные сюрпризы после них. Он двигается легче большинства старых служак, бросает уверенно и разговаривает так, будто каждую фразу снабдили жалом. В его спичечном блокноте на полях нарисованы скорпионы с разным выражением морды. Хассан любит точный момент взрыва чуть сильнее, чем безопасную дистанцию, и сам считает это частью обаяния.",,JAZZ_AME_47
890000000005564,I'm here. Talk.,Я на линии. Говорите.,,JAZZ_AME_47
890000000005565,"If there's work, I'm listening.",Если есть работа — слушаю.,,JAZZ_AME_47
890000000005566,Send the terms.,Присылайте условия.,,JAZZ_AME_47
890000000005570,Patrick Omondi,Патрик Омонди,,JAZZ_AME_48
890000000005571,Patrick,Патрик,,JAZZ_AME_48
890000000005572,PATRICK,ПАТРИК,,JAZZ_AME_48
890000000005573,"Black cloth covers Patrick Omondi's luminous watch and rises only beneath a cupped hand. Years on Kenyan night posts made footsteps as distinct to him as daytime faces. Patrick speaks softly after sunset, drawing tired people closer instead of competing with the dark. In daylight he is merely composed and competent; at night, patience and quiet authority seem to arrive at the same point.","По паузам между шагами Патрик Омонди научился понимать, кто идёт в кенийской темноте уверенно, а кто притворяется. После заката он говорит шёпотом, но люди всё равно наклоняются ближе и слушают. Светящийся циферблат часов Патрик закрывает лоскутом чёрной ткани, поднимая его только под ладонью. Днём он кажется просто спокойным стрелком; ночь собирает его внимание в одну ясную линию.",,JAZZ_AME_48
890000000005574,I'm here. Talk.,Я на линии. Говорите.,,JAZZ_AME_48
890000000005575,"If there's work, I'm listening.",Если есть работа — слушаю.,,JAZZ_AME_48
890000000005576,Send the terms.,Присылайте условия.,,JAZZ_AME_48
890000000005580,Dr. Fatoumata Sy,Доктор Фатумата Си,,JAZZ_AME_49
890000000005581,Fatoumata,Фатумата,,JAZZ_AME_49
890000000005582,FATOUMATA,ФАТУМАТА,,JAZZ_AME_49
890000000005583,"A red fountain pen marks Fatoumata Sy's casualty notes and remains the one possession she refuses to lend. Senegalese field surgery taught her that clean water can feel more precious than ammunition. Fatoumata lowers her voice when a ward grows frantic, forcing everyone nearby to listen instead of shout. A pistol brings visible reluctance, but an uncovered wound replaces hesitation with exact, unsparing purpose.","В сенегальском полевом лазарете доктор Фатумата Си порой видела готовый операционный стол раньше подвоза чистой воды. Она говорит тихо, режет уверенно и особенно сердится на людей, считающих бинты признаком трусости. Красной перьевой ручкой Фатумата помечает карточки раненых и никогда не даёт её взаймы. Пистолет в её руке вызывает сомнение, открытая рана — точное и безжалостное решение.",,JAZZ_AME_49
890000000005584,I'm available. We can discuss a contract.,На связи. Можем обсудить контракт.,,JAZZ_AME_49
890000000005585,Go ahead. Tell me what the job needs.,Слушаю. Что требуется для этой работы?,,JAZZ_AME_49
890000000005586,Understood. I will wait for your terms.,Понятно. Буду ждать ваших условий.,,JAZZ_AME_49
890000000005590,Grace Wanjiru,Грейс Ванджиру,,JAZZ_AME_50
890000000005591,Grace,Грейс,,JAZZ_AME_50
890000000005592,GRACE,ГРЕЙС,,JAZZ_AME_50
890000000005593,"An old radio jingle follows Grace Wanjiru through folded dressings until breathing around a cot matches its rhythm. Kenyan nursing taught her this during nights when the infirmary generator failed. Grace carries no gun and never pretends suffering has become ordinary. Violence aimed at her remains frighteningly unfamiliar, but beside a patient she becomes the calm pair of hands everyone was looking for.","Керосиновую ночь после аварии генератора Грейс Ванджиру провела у коек кенийского лазарета. Она не носит оружия и не изображает, будто человеческая кровь перестала её трогать. Складывая повязки, Грейс тихо напевает старую радиозаставку, потому что ровный ритм успокаивает и её, и пациентов. Передняя линия пугает её, а возле носилок паника обычно уступает место работе.",,JAZZ_AME_50
890000000005594,I'm available. We can discuss a contract.,На связи. Можем обсудить контракт.,,JAZZ_AME_50
890000000005595,Go ahead. Tell me what the job needs.,Слушаю. Что требуется для этой работы?,,JAZZ_AME_50
890000000005596,Understood. I will wait for your terms.,Понятно. Буду ждать ваших условий.,,JAZZ_AME_50
890000000005600,Dr. Emile Kabongo,Доктор Эмиль Кабонго,,JAZZ_AME_51
890000000005601,Emile,Эмиль,,JAZZ_AME_51
890000000005602,EMILE,ЭМИЛЬ,,JAZZ_AME_51
890000000005603,"A blunt carpenter's pencil sits behind Emile Kabongo's ear for sketching knots on wrappers and walls. Grand Chien road injuries often made him undo the generous mistakes of whoever reached a victim first. Emile teaches simple bandaging wherever he goes, patient with ignorance but not carelessness. Emergencies have aged his face and slowed his step, yet a difficult wound still brings remarkable clarity to hands and instructions.","Дорожные травмы в Гранд-Шьен часто приводили к доктору Эмилю Кабонго пациентов, которых сперва перевязали добрыми, но неумелыми руками. Поэтому он учит каждого помощника простым узлам и повторяет объяснение без раздражения, пока тот не поймёт. За ухом Эмиль держит тупой плотницкий карандаш, которым рисует схемы прямо на упаковке бинтов. Оружие сковывает его, сложная рана возвращает голосу и пальцам почти молодую точность.",,JAZZ_AME_51
890000000005604,I'm available. We can discuss a contract.,На связи. Можем обсудить контракт.,,JAZZ_AME_51
890000000005605,Go ahead. Tell me what the job needs.,Слушаю. Что требуется для этой работы?,,JAZZ_AME_51
890000000005606,Understood. I will wait for your terms.,Понятно. Буду ждать ваших условий.,,JAZZ_AME_51
890000000005610,Captain Amara Koné,Капитан Амара Коне,,JAZZ_AME_52
890000000005611,Amara,Амара,,JAZZ_AME_52
890000000005612,AMARA,АМАРА,,JAZZ_AME_52
890000000005613,"A battered kettle goes on before Captain Amara Koné's dawn lessons, and its whistle closes the session. Malian service taught her to turn nervous soldiers into people who understood why a drill mattered. Amara rejects parade-ground drama, giving an error explanation rather than humiliation. Her own body no longer demonstrates every movement gracefully, yet the habits she plants keep working when fear makes clever advice disappear.","Строевой театр, красивый лишь до первого раненого, быстро надоел капитану Амаре Коне во время службы в Мали. Она разбирает ошибку жёстко, но объясняет её смысл, пока ученик не сможет повторить урок другому. Перед рассветом Амара ставит на огонь помятый чайник и заканчивает занятие лишь тогда, когда вода закипит. Сама она уже не так легка на ногах и не прячет этого; её правила переживают усталость лучше многих людей.",,JAZZ_AME_52
890000000005614,I'm available. We can discuss a contract.,На связи. Можем обсудить контракт.,,JAZZ_AME_52
890000000005615,Go ahead. Tell me what the job needs.,Слушаю. Что требуется для этой работы?,,JAZZ_AME_52
890000000005616,Understood. I will wait for your terms.,Понятно. Буду ждать ваших условий.,,JAZZ_AME_52
890000000005620,Sgt. Nadia Okonkwo,Сержант Надия Оконкво,,JAZZ_AME_53
890000000005621,Nadia,Надия,,JAZZ_AME_53
890000000005622,NADIA,НАДИЯ,,JAZZ_AME_53
890000000005623,"A chipped wooden ruler draws Sergeant Nadia Okonkwo's sight lines in dust, on tables, or across a map. Teaching troops in Nigeria revealed that she diagnoses another shooter's mistake better than she displays perfection herself. Nadia's voice carries, but the lesson beneath it is precise and free of vanity. She cannot sustain every example demanded from younger bodies, yet pupils nearby soon stop snatching at the shot.","Чужой промах сержант Надия Оконкво разбирает лучше, чем изображает собственную безошибочность перед начальством. В Нигерии она учила молодых солдат прицеливаться без спешки, резким голосом давая ясные объяснения. Надия носит деревянную линейку со сколом и чертит ею направление прямо на земле. В долгом бою она устаёт раньше, чем признаётся, но рядом с ней чужие руки обычно перестают торопиться.",,JAZZ_AME_53
890000000005624,I'm available. We can discuss a contract.,На связи. Можем обсудить контракт.,,JAZZ_AME_53
890000000005625,Go ahead. Tell me what the job needs.,Слушаю. Что требуется для этой работы?,,JAZZ_AME_53
890000000005626,Understood. I will wait for your terms.,Понятно. Буду ждать ваших условий.,,JAZZ_AME_53
890000000005630,Maj. Théodore Ngalula,Майор Теодор Нгалула,,JAZZ_AME_54
890000000005631,Maj.,Теодор,,JAZZ_AME_54
890000000005632,MAJ.,ТЕОДОР,,JAZZ_AME_54
890000000005633,"Wire holds one arm of Major Théodore Ngalula's folding spectacles, a temporary fix kept for years. His Grand Chien career was spent teaching groups to survive after exhaustion stripped away ceremony. Théodore repeats an explanation until it works in ordinary language, often repairing a loose buckle while he talks. He moves like an older man now, but flawed plans still reveal themselves to him with uncomfortable speed.","Почему одни группы рассыпались за неделю, а другие выдерживали тяжёлый сезон, майор Теодор Нгалула изучал всю службу в Гранд-Шьен. Он объясняет долго, чинит попавшуюся под руку мелочь и не повышает голос только ради звания. Складные очки Теодора держатся на проволоке, которую он однажды заменил сам и с тех пор упрямо не меняет. Возраст спорит с ним в движении; слабое место чужого плана он замечает раньше, чем молодые успевают заскучать.",,JAZZ_AME_54
890000000005634,I'm available. We can discuss a contract.,На связи. Можем обсудить контракт.,,JAZZ_AME_54
890000000005635,Go ahead. Tell me what the job needs.,Слушаю. Что требуется для этой работы?,,JAZZ_AME_54
890000000005636,Understood. I will wait for your terms.,Понятно. Буду ждать ваших условий.,,JAZZ_AME_54
890000000005640,Issa Camara,Исса Камара,,JAZZ_AME_55
890000000005641,Issa,Исса,,JAZZ_AME_55
890000000005642,ISSA,ИССА,,JAZZ_AME_55
890000000005643,"A smooth wooden bead slides beneath Issa Camara's thumb along the rifle sling during long waits. Heat on a northern Senegalese road taught him how a careful shot can end an afternoon's danger. Issa accepts his narrow frame and leaves rushing to people built for it. He suffers quickly when a position becomes a brawl, but few prevent the quiet moment from turning into one as well.","На севере Сенегала Исса Камара наблюдал за дорогой, где редкий выстрел был полезнее долгой перестрелки на жаре. Он бережёт дыхание, не участвует в беготне и честно предупреждает, что штурмовая работа создана для других. На ремне его винтовки висит гладкая деревянная бусина, которую Исса перекатывает пальцем во время ожидания. Хрупкое тело редко подводит его: терпение обычно заканчивает дело раньше.",,JAZZ_AME_55
890000000005644,I'm available. We can discuss a contract.,На связи. Можем обсудить контракт.,,JAZZ_AME_55
890000000005645,Go ahead. Tell me what the job needs.,Слушаю. Что требуется для этой работы?,,JAZZ_AME_55
890000000005646,Understood. I will wait for your terms.,Понятно. Буду ждать ваших условий.,,JAZZ_AME_55
890000000005650,Lindiwe Mokoena,Линдиве Мокоена,,JAZZ_AME_56
890000000005651,Lindiwe,Линдиве,,JAZZ_AME_56
890000000005652,LINDIWE,ЛИНДИВЕ,,JAZZ_AME_56
890000000005653,"A tiny jar of matte black paint covers every fresh glint on Lindiwe Mokoena's metal before dusk. South African night observation taught her how a bright scratch betrays more than a careless footstep. Lindiwe is reserved and careful not to confuse courage with carrying too much. Daylight bustle drains her quickly, but darkness narrows the world into patient shapes she can read with unusual confidence.","Ночная работа в Южной Африке научила Линдиве Мокоену любить часы, когда лишний блеск выдаёт человека раньше движения. Она говорит коротко, не обещает чудес и выбирает путь, на котором не придётся бороться с собственной хрупкостью. Маленькой банкой матовой краски Линдиве закрывает свежие царапины на металле ещё до наступления темноты. Дневная суета утомляет её, зато ночью внимание становится тихим и острым.",,JAZZ_AME_56
890000000005654,I'm available. We can discuss a contract.,На связи. Можем обсудить контракт.,,JAZZ_AME_56
890000000005655,Go ahead. Tell me what the job needs.,Слушаю. Что требуется для этой работы?,,JAZZ_AME_56
890000000005656,Understood. I will wait for your terms.,Понятно. Буду ждать ваших условий.,,JAZZ_AME_56
890000000005660,Bakary Diarra,Бакари Диарра,,JAZZ_AME_57
890000000005661,Bakary,Бакари,,JAZZ_AME_57
890000000005662,BAKARY,БАКАРИ,,JAZZ_AME_57
890000000005663,"A cotton-lined cigarette tin holds Bakary Diarra's detonators and receives a nervous tap before work. He acquired them by trading away his pistol during years handling Malian road charges. Wires obey sequence while gunfire does not, a distinction Bakary takes seriously. Beside a device he understands he is composed, but uncontrolled danger exposes how much confidence depends on preparing the ground himself.","Пистолет Бакари Диарра однажды превратился в коробку хороших детонаторов для дорожных работ в Мали, и хозяин не пожалел. Провода и взрыватели понятнее ему, чем перестрелка, где опасность не ждёт разрешения. Детонаторы Бакари держит в старой сигаретной жестянке, переложенной хлопком, и перед делом стучит ногтем по крышке. Рядом с подготовленным зарядом руки у него спокойны, но летящая пуля мгновенно напоминает, насколько он не любит случайность.",,JAZZ_AME_57
890000000005664,I'm available. We can discuss a contract.,На связи. Можем обсудить контракт.,,JAZZ_AME_57
890000000005665,Go ahead. Tell me what the job needs.,Слушаю. Что требуется для этой работы?,,JAZZ_AME_57
890000000005666,Understood. I will wait for your terms.,Понятно. Буду ждать ваших условий.,,JAZZ_AME_57
890000000005670,Marie-Claire Mbala,Мари-Клер Мбала,,JAZZ_AME_58
890000000005671,Marie,Мари,,JAZZ_AME_58
890000000005672,MARIE,МАРИ,,JAZZ_AME_58
890000000005673,"A tailor's tape coils in Marie-Claire Mbala's left pocket, measuring fuse without trusting footsteps. Congolese quarry charges taught her that explosives reward plain measurement and punish romantic language. Her manner is dry, and every newcomer must identify the exit before touching a wire. Marie-Claire leans too close when puzzled, but once a device reveals its logic, hesitation no longer wastes anyone's time.","Карьерные заряды в Конго приучили Мари-Клер Мбалу к сухому ремеслу, которое позже пришлось применять уже не только к камню. Она не любит поэзию вокруг взрывчатки и заставляет новичков сперва назвать путь отхода. Портновская лента Мари-Клер измеряет шнур точнее любого шага и всегда свёрнута в левом кармане. Любопытная загадка иногда подводит её слишком близко, зато после первого взгляда она редко путает опасный узел с безобидным.",,JAZZ_AME_58
890000000005674,I'm available. We can discuss a contract.,На связи. Можем обсудить контракт.,,JAZZ_AME_58
890000000005675,Go ahead. Tell me what the job needs.,Слушаю. Что требуется для этой работы?,,JAZZ_AME_58
890000000005676,Understood. I will wait for your terms.,Понятно. Буду ждать ваших условий.,,JAZZ_AME_58
890000000005680,Ousmane Fall,Усман Фалл,,JAZZ_AME_59
890000000005681,Ousmane,Усман,,JAZZ_AME_59
890000000005682,OUSMANE,УСМАН,,JAZZ_AME_59
890000000005683,"A magnetised teaspoon gathers screws from the dust beside Ousmane Fall's tools. Senegalese buses taught him the same enemies later found in weapons: dirt, haste, and proud owners. Ousmane wants no heroics and finds solid cover honestly when bullets move. He looks awkward in a fight, but afterward is often the first person everyone needs and the last foolish enough to boast.","Автобусы и оружие, как выяснил Усман Фалл в Сенегале, ломаются от одной компании: грязи, спешки и уверенного хозяина. Геройствовать он не хочет и в перестрелке ищет ближайшее твёрдое укрытие без малейшего стыда. Намагниченная чайная ложка Усмана собирает винты, которые иначе исчезли бы в пыли мастерской. Пока другие спорят о смелости, он возвращает в строй вещи, без которых спорщикам скоро пришлось бы идти пешком.",,JAZZ_AME_59
890000000005684,I'm available. We can discuss a contract.,На связи. Можем обсудить контракт.,,JAZZ_AME_59
890000000005685,Go ahead. Tell me what the job needs.,Слушаю. Что требуется для этой работы?,,JAZZ_AME_59
890000000005686,Understood. I will wait for your terms.,Понятно. Буду ждать ваших условий.,,JAZZ_AME_59
890000000005690,Jean-Pierre Kalala,Жан-Пьер Калала,,JAZZ_AME_60
890000000005691,Jean,Жан,,JAZZ_AME_60
890000000005692,JEAN,ЖАН,,JAZZ_AME_60
890000000005693,"A blue shop rag is knotted around Jean-Pierre Kalala's wrist, wiping each tool before it returns to place. At his Grand Chien garage, footsteps revealed a customer's failed home repair before the man crossed the floor. Jean-Pierre listens to locks with the patience once reserved for stubborn engines. He is slow and uncomfortable with gunfire, but a closed mechanism seldom keeps its secrets for long.","По звуку шагов Жан-Пьер Калала узнавал клиента, который уже пытался чинить всё сам, ещё до порога гаража в Гранд-Шьен. Замки он слушает терпеливо, а оружие берёт только затем, чтобы освободить дорогу к работе. На запястье Жан-Пьера завязана синяя ветошь, которой он протирает инструменты перед тем, как убрать их по местам. Двигается он неспешно и стреляет неохотно, зато закрытая дверь редко остаётся для него последним словом.",,JAZZ_AME_60
890000000005694,I'm available. We can discuss a contract.,На связи. Можем обсудить контракт.,,JAZZ_AME_60
890000000005695,Go ahead. Tell me what the job needs.,Слушаю. Что требуется для этой работы?,,JAZZ_AME_60
890000000005696,Understood. I will wait for your terms.,Понятно. Буду ждать ваших условий.,,JAZZ_AME_60
890000000005914,Take that!,Получай!,,jazz-units:items.lua:VoiceResponse AME
890000000005915,Die!,Умри!,,jazz-units:items.lua:VoiceResponse AME
890000000005916,MEURS!,Умри!,,jazz-units:items.lua:VoiceResponse AME
890000000005917,Take that!,Получай!,,jazz-units:items.lua:VoiceResponse AME
890000000005918,Die!,Умри!,,jazz-units:items.lua:VoiceResponse AME
890000000005919,I have no cover here!,Здесь негде укрыться!,,jazz-units:items.lua:VoiceResponse AME
890000000005920,You won't break our spirit.,Нас вам не сломить.,,jazz-units:items.lua:VoiceResponse AME
890000000005921,Huh? Enemies!,Что? Враги!,,jazz-units:items.lua:VoiceResponse AME
890000000005922,Alerte! Alerte!,Тревога! Тревога!,,jazz-units:items.lua:VoiceResponse AME
890000000005923,They are all over me!,Они меня окружили!,,jazz-units:items.lua:VoiceResponse AME
890000000005924,We will water the soil with the blood of you all!,Мы напоим эту землю вашей кровью!,,jazz-units:items.lua:VoiceResponse AME
890000000005925,"You will pay, foreign dogs. Now it is us that will bring the pain.","Вы заплатите, чужеземные псы. Теперь боль причинять будем мы.",,jazz-units:items.lua:VoiceResponse AME
890000000005926,I have no cover here!,Здесь негде укрыться!,,jazz-units:items.lua:VoiceResponse AME
890000000005927,I have no cover here!,Здесь негде укрыться!,,jazz-units:items.lua:VoiceResponse AME
890000000005928,I have no cover here!,Здесь негде укрыться!,,jazz-units:items.lua:VoiceResponse AME
890000000005929,Je suis blessé!,Я ранен!,,jazz-units:items.lua:VoiceResponse AME
890000000005930,"Uff, that hurt!","Уф, больно!",,jazz-units:items.lua:VoiceResponse AME
890000000005931,Je suis blessé!,Я ранен!,,jazz-units:items.lua:VoiceResponse AME
890000000005932,Je suis blessé!,Я ранен!,,jazz-units:items.lua:VoiceResponse AME
890000000005933,Je suis blessé!,Я ранен!,,jazz-units:items.lua:VoiceResponse AME
890000000005934,Take that!,Получай!,,jazz-units:items.lua:VoiceResponse AME
890000000005935,Huh? Enemies!,Что? Враги!,,jazz-units:items.lua:VoiceResponse AME
890000000005936,We will water the soil with the blood of you all!,Мы напоим эту землю вашей кровью!,,jazz-units:items.lua:VoiceResponse AME
890000000005937,"Damn, they are hard to get. We need to aim better.","Чёрт, по ним трудно попасть. Надо лучше целиться.",,jazz-units:items.lua:VoiceResponse AME
890000000005938,Je suis blessé!,Я ранен!,,jazz-units:items.lua:VoiceResponse AME
890000000005939,"Uff, that hurt!","Уф, больно!",,jazz-units:items.lua:VoiceResponse AME
890000000005940,Je suis blessé!,Я ранен!,,jazz-units:items.lua:VoiceResponse AME
890000000005941,(heavy breath),(тяжёлое дыхание),,jazz-units:items.lua:VoiceResponse AME
890000000005942,Keeping my head down!,Не высовываюсь!,,jazz-units:items.lua:VoiceResponse AME
890000000005943,Take this!,Получай!,,jazz-units:items.lua:VoiceResponse AME
890000000005944,Suppressive fire!,Огонь на подавление!,,jazz-units:items.lua:VoiceResponse AME
890000000005945,(climbing),(взбирается),,jazz-units:items.lua:VoiceResponse AME
890000000005946,(jumping over something),(перепрыгивает через препятствие),,jazz-units:items.lua:VoiceResponse AME
890000000005947,They are all over me!,Они меня окружили!,,jazz-units:items.lua:VoiceResponse AME
890000000005948,They are all over me!,Они меня окружили!,,jazz-units:items.lua:VoiceResponse AME
890000000005949,Keeping my head down!,Не высовываюсь!,,jazz-units:items.lua:VoiceResponse AME
890000000005950,(coughing),(кашляет),,jazz-units:items.lua:VoiceResponse AME
890000000005951,"That was a beloved pet, you bastards.","Это был любимый зверь, ублюдки.",,jazz-units:items.lua:VoiceResponse AME
890000000005952,Take that!,Получай!,,jazz-units:items.lua:VoiceResponse AME
890000000005953,Die!,Умри!,,jazz-units:items.lua:VoiceResponse AME
890000000005954,MEURS!,Умри!,,jazz-units:items.lua:VoiceResponse AME
890000000005955,Take that!,Получай!,,jazz-units:items.lua:VoiceResponse AME
890000000005956,Die!,Умри!,,jazz-units:items.lua:VoiceResponse AME
890000000005957,They have breached my position!,Они прорвались на мою позицию!,,jazz-units:items.lua:VoiceResponse AME
890000000005958,Watch out. We are taking heavy fire.,Осторожно! Нас прижали огнём.,,jazz-units:items.lua:VoiceResponse AME
890000000005959,Sound the alarm!,Поднимайте тревогу!,,jazz-units:items.lua:VoiceResponse AME
890000000005960,Alert! Man your stations!,Тревога! Всем по местам!,,jazz-units:items.lua:VoiceResponse AME
890000000005961,They have me in a pincer.,Они берут меня в клещи.,,jazz-units:items.lua:VoiceResponse AME
890000000005962,They are taking casualties!,Они несут потери!,,jazz-units:items.lua:VoiceResponse AME
890000000005963,Good! Keep it up!,Хорошо! Так держать!,,jazz-units:items.lua:VoiceResponse AME
890000000005964,They have breached my position!,Они прорвались на мою позицию!,,jazz-units:items.lua:VoiceResponse AME
890000000005965,They have breached my position!,Они прорвались на мою позицию!,,jazz-units:items.lua:VoiceResponse AME
890000000005966,They have breached my position!,Они прорвались на мою позицию!,,jazz-units:items.lua:VoiceResponse AME
890000000005967,Agh.,Агх.,,jazz-units:items.lua:VoiceResponse AME
890000000005968,Ouch.,Ай.,,jazz-units:items.lua:VoiceResponse AME
890000000005969,I'm hit!,В меня попали!,,jazz-units:items.lua:VoiceResponse AME
890000000005970,I'm hit!,В меня попали!,,jazz-units:items.lua:VoiceResponse AME
890000000005971,I'm hit!,В меня попали!,,jazz-units:items.lua:VoiceResponse AME
890000000005972,Take that!,Получай!,,jazz-units:items.lua:VoiceResponse AME
890000000005973,Sound the alarm!,Поднимайте тревогу!,,jazz-units:items.lua:VoiceResponse AME
890000000005974,They are taking casualties!,Они несут потери!,,jazz-units:items.lua:VoiceResponse AME
890000000005975,Good. Now they know our might.,Хорошо. Теперь они знают нашу силу.,,jazz-units:items.lua:VoiceResponse AME
890000000005976,Agh Ugh!,Агх!..,,jazz-units:items.lua:VoiceResponse AME
890000000005977,Hagh Agh!,Ах!..,,jazz-units:items.lua:VoiceResponse AME
890000000005978,(heavy breath),(тяжёлое дыхание),,jazz-units:items.lua:VoiceResponse AME
890000000005979,(heavy breath),(тяжёлое дыхание),,jazz-units:items.lua:VoiceResponse AME
890000000005980,Digging in!,Занимаю оборону!,,jazz-units:items.lua:VoiceResponse AME
890000000005981,Take this!,Получай!,,jazz-units:items.lua:VoiceResponse AME
890000000005982,Suppressive fire!,Огонь на подавление!,,jazz-units:items.lua:VoiceResponse AME
890000000005983,(climbing),(взбирается),,jazz-units:items.lua:VoiceResponse AME
890000000005984,(jumping over something),(перепрыгивает через препятствие),,jazz-units:items.lua:VoiceResponse AME
890000000005985,Huh?,Что?,,jazz-units:items.lua:VoiceResponse AME
890000000005986,They have me in a pincer.,Они берут меня в клещи.,,jazz-units:items.lua:VoiceResponse AME
890000000005987,Digging in!,Занимаю оборону!,,jazz-units:items.lua:VoiceResponse AME
890000000005988,(coughing),(кашляет),,jazz-units:items.lua:VoiceResponse AME
890000000005989,"At least, we won't have to clean out the wildlife after the battle.","По крайней мере, после боя не придётся отстреливать зверьё.",,jazz-units:items.lua:VoiceResponse AME
890000000005990,For all we have lost!,"За всех, кого мы потеряли!",,jazz-units:items.lua:VoiceResponse AME
890000000005991,You will all pay!,Вы все заплатите!,,jazz-units:items.lua:VoiceResponse AME
890000000005992,Take that!,Получай!,,jazz-units:items.lua:VoiceResponse AME
890000000005993,For all we have lost!,"За всех, кого мы потеряли!",,jazz-units:items.lua:VoiceResponse AME
890000000005994,You will all pay!,Вы все заплатите!,,jazz-units:items.lua:VoiceResponse AME
890000000005995,I have no protection against the enemy's attacks!,Мне нечем прикрыться от их огня!,,jazz-units:items.lua:VoiceResponse AME
890000000005996,Fight harder!,Сражайтесь отчаяннее!,,jazz-units:items.lua:VoiceResponse AME
890000000005997,We are under attack!,На нас напали!,,jazz-units:items.lua:VoiceResponse AME
890000000005998,Enemies!,Враги!,,jazz-units:items.lua:VoiceResponse AME
890000000005999,They come from all sides!,Они со всех сторон!,,jazz-units:items.lua:VoiceResponse AME
890000000006000,We are winning!,Мы побеждаем!,,jazz-units:items.lua:VoiceResponse AME
890000000006001,I am proud of all of you.,Я горжусь вами.,,jazz-units:items.lua:VoiceResponse AME
890000000006002,I have no protection against the enemy's attacks!,Мне нечем прикрыться от их огня!,,jazz-units:items.lua:VoiceResponse AME
890000000006003,I have no protection against the enemy's attacks!,Мне нечем прикрыться от их огня!,,jazz-units:items.lua:VoiceResponse AME
890000000006004,I have no protection against the enemy's attacks!,Мне нечем прикрыться от их огня!,,jazz-units:items.lua:VoiceResponse AME
890000000006005,Agh.,Агх.,,jazz-units:items.lua:VoiceResponse AME
890000000006006,Ouch.,Ай.,,jazz-units:items.lua:VoiceResponse AME
890000000006007,Je suis blessé!,Я ранена!,,jazz-units:items.lua:VoiceResponse AME
890000000006008,Je suis blessé!,Я ранена!,,jazz-units:items.lua:VoiceResponse AME
890000000006009,Je suis blessé!,Я ранена!,,jazz-units:items.lua:VoiceResponse AME
890000000006010,For all we have lost!,"За всех, кого мы потеряли!",,jazz-units:items.lua:VoiceResponse AME
890000000006011,We are under attack!,На нас напали!,,jazz-units:items.lua:VoiceResponse AME
890000000006012,We are winning!,Мы побеждаем!,,jazz-units:items.lua:VoiceResponse AME
890000000006013,We are doing well! Keep it up!,У нас всё получается! Так держать!,,jazz-units:items.lua:VoiceResponse AME
890000000006014,Agh Ugh!,Агх!..,,jazz-units:items.lua:VoiceResponse AME
890000000006015,Hagh Agh!,Ах!..,,jazz-units:items.lua:VoiceResponse AME
890000000006016,(heavy breath),(тяжёлое дыхание),,jazz-units:items.lua:VoiceResponse AME
890000000006017,(heavy breath),(тяжёлое дыхание),,jazz-units:items.lua:VoiceResponse AME
890000000006018,Laying low!,Не высовываюсь!,,jazz-units:items.lua:VoiceResponse AME
890000000006019,Let's see how you like this!,"Посмотрим, как вам это понравится!",,jazz-units:items.lua:VoiceResponse AME
890000000006020,Suppressive fire!,Огонь на подавление!,,jazz-units:items.lua:VoiceResponse AME
890000000006021,(climbing),(взбирается),,jazz-units:items.lua:VoiceResponse AME
890000000006022,(jumping over something),(перепрыгивает через препятствие),,jazz-units:items.lua:VoiceResponse AME
890000000006023,Huh?,Что?,,jazz-units:items.lua:VoiceResponse AME
890000000006024,They come from all sides!,Они со всех сторон!,,jazz-units:items.lua:VoiceResponse AME
890000000006025,Laying low!,Не высовываюсь!,,jazz-units:items.lua:VoiceResponse AME
890000000006026,(coughing),(кашляет),,jazz-units:items.lua:VoiceResponse AME
890000000006027,You are nothing but butchers!,Да вы просто мясники!,,jazz-units:items.lua:VoiceResponse AME
890000000006202,Тортон «Мясо» Джонс,Тортон «Мясо» Джонс,,Jazz_Meat
890000000006203,Мясо,Мясо,,Jazz_Meat
890000000006204,МЯСО,МЯСО,,Jazz_Meat
890000000006205,"Dexterity 68, Agility 54, Wisdom 29, Strength 98, Mechanical 59, Explosives 64. Агрессивен и туповат, но взрывчатку носит и ставит без страха. Дружит с Быком; странно запал на Тоску. Его недолюбливают почти все местные из Арулько.","Dexterity 68, Agility 54, Wisdom 29, Strength 98, Mechanical 59, Explosives 64. Агрессивен и туповат, но взрывчатку носит и ставит без страха. Дружит с Быком; странно запал на Тоску. Его недолюбливают почти все местные из Арулько.",,Jazz_Meat
890000000006206,Гора,Гора,,Jazz_Meat
890000000006207,Meat@merc.com,Meat@merc.com,,Jazz_Meat
890000000006208,meat,meat,,Jazz_Meat
890000000006209,Meat offline.,Meat offline.,,Jazz_Meat
890000000006210,Meat here.,Meat here.,,Jazz_Meat
890000000006211,Continue.,Continue.,,Jazz_Meat
890000000006212,Waiting.,Waiting.,,Jazz_Meat
890000000006213,Hired.,Hired.,,Jazz_Meat
890000000006214,Contract ending?,Contract ending?,,Jazz_Meat
890000000006215,Staying.,Staying.,,Jazz_Meat
890000000006216,Карлос Дасуза,Карлос Дасуза,,Jazz_Carlos
890000000006217,Карлос,Карлос,,Jazz_Carlos
890000000006300,Стефан Ротман.,Стефан Ротман.,,jazz-units:items.lua:VoiceResponse
890000000006301,Стычка.,Стычка.,,jazz-units:items.lua:VoiceResponse
890000000006302,Пора отрабатывать свой хлеб.,Пора отрабатывать свой хлеб.,,jazz-units:items.lua:VoiceResponse
890000000006303,Мишень ликвидирована.,Мишень ликвидирована.,,jazz-units:items.lua:VoiceResponse
890000000006304,Не знаю...смогу ли я выжить.,Не знаю...смогу ли я выжить.,,jazz-units:items.lua:VoiceResponse
890000000006305,Меня клиенты и почище обрабатывали.,Меня клиенты и почище обрабатывали.,,jazz-units:items.lua:VoiceResponse
890000000006306,Перезаряжай!,Перезаряжай!,,jazz-units:items.lua:VoiceResponse
890000000006307,Пора отрабатывать свой хлеб.,Пора отрабатывать свой хлеб.,,jazz-units:items.lua:VoiceResponse
890000000006308,Пора заняться чем-нибудь еще.,Пора заняться чем-нибудь еще.,,jazz-units:items.lua:VoiceResponse
890000000006309,Учиться никогда не поздно.,Учиться никогда не поздно.,,jazz-units:items.lua:VoiceResponse
890000000006310,Статик полный дебил. Он опасен и может навредить нашим.,Статик полный дебил. Он опасен и может навредить нашим.,,jazz-units:items.lua:VoiceResponse
890000000006311,"Мне очень нравится, как работает Лава. Есть в ее таланте что-то... сексуальное.","Мне очень нравится, как работает Лава. Есть в ее таланте что-то... сексуальное.",,jazz-units:items.lua:VoiceResponse
890000000006312,"Да, это доктор Квинтен.","Да, это доктор Квинтен.",,jazz-units:items.lua:VoiceResponse
890000000006313,"Смотрите, кто пришел!","Смотрите, кто пришел!",,jazz-units:items.lua:VoiceResponse
890000000006314,"Ого, смотрите, кого к нам принесло!","Ого, смотрите, кого к нам принесло!",,jazz-units:items.lua:VoiceResponse
890000000006315,Минус один.,Минус один.,,jazz-units:items.lua:VoiceResponse
890000000006316,"Вышибли из меня все дерьмо! Похоже, мне не выбраться. Без дерьма-то.","Вышибли из меня все дерьмо! Похоже, мне не выбраться. Без дерьма-то.",,jazz-units:items.lua:VoiceResponse
890000000006317,"Ааа, так меня не затормозить!","Ааа, так меня не затормозить!",,jazz-units:items.lua:VoiceResponse
890000000006318,Нужен патрон!,Нужен патрон!,,jazz-units:items.lua:VoiceResponse
890000000006319,"Ого, смотрите, кого к нам принесло!","Ого, смотрите, кого к нам принесло!",,jazz-units:items.lua:VoiceResponse
890000000006320,Мне надо заняться чем-то еще!,Мне надо заняться чем-то ещё!,,jazz-units:items.lua:VoiceResponse
890000000006321,Я всегда любил учиться.,Я всегда любил учиться.,,jazz-units:items.lua:VoiceResponse
890000000006322,"Анаболик... Мозгов, как в пожарной машине.","Анаболик... Мозгов, как в пожарной машине.",,jazz-units:items.lua:VoiceResponse
890000000006323,Отличная работа.,Отличная работа.,,jazz-units:items.lua:VoiceResponse
890000000006324,Без этого было нельзя. Я уже встал и готов к работе.,Без этого было нельзя. Я уже встал и готов к работе.,,jazz-units:items.lua:VoiceResponse
890000000006325,Опять проблемы!,Опять проблемы!,,jazz-units:items.lua:VoiceResponse
890000000006326,Время поставить кое-кого на место.,Время поставить кое-кого на место.,,jazz-units:items.lua:VoiceResponse
890000000006327,"Так тебя, и вот этак!","Так тебя, и вот этак!",,jazz-units:items.lua:VoiceResponse
890000000006328,"Ох, круто меня отымели, друг... Очень круто...","Ох, круто меня отымели, друг... Очень круто...",,jazz-units:items.lua:VoiceResponse
890000000006329,Да фигня! Я в порядке.,Да фигня! Я в порядке.,,jazz-units:items.lua:VoiceResponse
890000000006330,Что-то у меня ружье полегчало!,Что-то у меня ружье полегчало!,,jazz-units:items.lua:VoiceResponse
890000000006331,Время поставить кое-кого на место.,Время поставить кое-кого на место.,,jazz-units:items.lua:VoiceResponse
890000000006332,Я здесь обо всем позаботился.,Я здесь обо всем позаботился.,,jazz-units:items.lua:VoiceResponse
890000000006333,"Моргнуть не успеешь, как я боссом стану!","Моргнуть не успеешь, как я боссом стану!",,jazz-units:items.lua:VoiceResponse
890000000006334,"А-а-а, наш маленький сладенький Бифи хочет свою сладенькую бутылочку? Ой, не могу, ну что за котеночек! Дать бы ему по заднице.","А-а-а, наш маленький сладенький Бифи хочет свою сладенькую бутылочку? Ой, не могу, ну что за котеночек! Дать бы ему по заднице.",,jazz-units:items.lua:VoiceResponse
890000000006335,"Точно, Бритва! Ты мой идеал!","Точно, Бритва! Ты мой идеал!",,jazz-units:items.lua:VoiceResponse
890000000006336,"Я проснулась, и могу начать с того места, где кончила. Эээ.. Закончила.","Я проснулась, и могу начать с того места, где кончила. Эээ.. Закончила.",,jazz-units:items.lua:VoiceResponse
890000000006337,Ой!,Ой!,,jazz-units:items.lua:VoiceResponse
890000000006338,"О, non, я позволила себе надеяться, что на этот раз мы не должны их  встретить!","О, non, а я-то надеялась, что на этот раз нам не придётся их встретить!",,jazz-units:items.lua:VoiceResponse
890000000006339,Я кого-то убила!,Я кого-то убила!,,jazz-units:items.lua:VoiceResponse
890000000006340,Не хочу умирать... только не здесь... не дайте мне здесь умереть.,Не хочу умирать... только не здесь... не дайте мне здесь умереть.,,jazz-units:items.lua:VoiceResponse
890000000006341,"На мгновение мне показалось, что я - среди ангелов. Теперь я вижу, что по-прежнему пребываю в преисподней. Мои страдания безграничны!","На мгновение мне показалось, что я - среди ангелов. Теперь я вижу, что по-прежнему пребываю в преисподней. Мои страдания безграничны!",,jazz-units:items.lua:VoiceResponse
890000000006342,В моем ружье нет патронов!,В моем ружье нет патронов!,,jazz-units:items.lua:VoiceResponse
890000000006343,"О, non, я позволила себе надеяться, что на этот раз мы не должны их  встретить!","О, non, а я-то надеялась, что на этот раз нам не придётся их встретить!",,jazz-units:items.lua:VoiceResponse
890000000006344,Могу я что-нибудь еще сделать?,Могу я что-нибудь еще сделать?,,jazz-units:items.lua:VoiceResponse
890000000006345,Я двигаюсь вперед.,Я двигаюсь вперед.,,jazz-units:items.lua:VoiceResponse
890000000006346,"Эта Лава, она просто не женщина. Она - живое оскорбление всему женскому полу!","Эта Лава, она просто не женщина. Она - живое оскорбление всему женскому полу!",,jazz-units:items.lua:VoiceResponse
890000000006347,"Потрясающе, Биф! Ну разве удивительно, что ты мне нравишься... я хочу сказать, что мне так нравится с тобой работать!","Потрясающе, Биф! Ну разве удивительно, что ты мне нравишься... я хочу сказать, что мне так нравится с тобой работать!",,jazz-units:items.lua:VoiceResponse
890000000006348,Готов к выполнению задания.,Готов к выполнению задания.,,jazz-units:items.lua:VoiceResponse
890000000006349,Вижу солдата.,Вижу солдата.,,jazz-units:items.lua:VoiceResponse
890000000006350,Я готов к схватке.,Я готов к схватке.,,jazz-units:items.lua:VoiceResponse
890000000006351,Сдохни!,Сдохни!,,jazz-units:items.lua:VoiceResponse
890000000006352,Темно. Кругом темно...Позовите врача.,Темно. Кругом темно...Позовите врача.,,jazz-units:items.lua:VoiceResponse
890000000006353,Ничего не выйдет!,Ничего не выйдет!,,jazz-units:items.lua:VoiceResponse
890000000006354,Надо перезарядить.,Надо перезарядить.,,jazz-units:items.lua:VoiceResponse
890000000006355,Я готов к схватке.,Я готов к схватке.,,jazz-units:items.lua:VoiceResponse
890000000006356,Куда теперь?,Куда теперь?,,jazz-units:items.lua:VoiceResponse
890000000006357,Я становлюсь опытнее.,Я становлюсь опытнее.,,jazz-units:items.lua:VoiceResponse
890000000006358,"Мне не нравится, что с нами Игги. Предателям нельзя доверять.","Мне не нравится, что с нами Игги. Предателям нельзя доверять.",,jazz-units:items.lua:VoiceResponse
890000000006359,"Отлично, Карлос.","Отлично, Карлос.",,jazz-units:items.lua:VoiceResponse
890000000006360,Gaston à l'appareil.,Gaston à l'appareil.,,jazz-units:items.lua:VoiceResponse
890000000006361,Вот и жлоб.,Вот и жлоб.,,jazz-units:items.lua:VoiceResponse
890000000006362,Вот и жлоб.,Вот и жлоб.,,jazz-units:items.lua:VoiceResponse
890000000006363,Свободен... делов-то.,Свободен... делов-то.,,jazz-units:items.lua:VoiceResponse
890000000006364,Конец...,Конец...,,jazz-units:items.lua:VoiceResponse
890000000006365,Ранен!,Ранен!,,jazz-units:items.lua:VoiceResponse
890000000006366,Скучно жить с пустой обоймой.,Скучно жить с пустой обоймой.,,jazz-units:items.lua:VoiceResponse
890000000006367,Наконец-то можно поразвлечься.,Наконец-то можно поразвлечься.,,jazz-units:items.lua:VoiceResponse
890000000006368,"Америка! Страна без культуры. Эти люди просто летят на яркий свет, словно мотыльки.","Америка! Страна без культуры. Эти люди просто летят на яркий свет, словно мотыльки.",,jazz-units:items.lua:VoiceResponse
890000000006369,Я это заслужил.,Я это заслужил.,,jazz-units:items.lua:VoiceResponse
890000000006370,Этот Злобный... Он издевается над языком наших отцов. Я не могу выносить это словесное убийство.,Этот Злобный... Он издевается над языком наших отцов. Я не могу выносить это словесное убийство.,,jazz-units:items.lua:VoiceResponse
890000000006371,"Тоска, ты полна затаенной страсти.","Тоска, ты полна затаенной страсти.",,jazz-units:items.lua:VoiceResponse
890000000006372,"Говорит Кирк Стивенсон. Известный по кличке Статик. Раньше я говорил только кличку, и все думали, что у меня плохой видеотелефон.","Говорит Кирк Стивенсон. Известный по кличке Статик. Раньше я говорил только кличку, и все думали, что у меня плохой видеотелефон.",,jazz-units:items.lua:VoiceResponse
890000000006373,Лысые здесь.,Лысые здесь.,,jazz-units:items.lua:VoiceResponse
890000000006374,"Они рядом, чувак.","Они рядом, чувак.",,jazz-units:items.lua:VoiceResponse
890000000006375,Шеф-повар Статик к Вашим услугам.,Шеф-повар Статик к Вашим услугам.,,jazz-units:items.lua:VoiceResponse
890000000006376,"Да жахнуло меня, чувак...Мне бы врача...А?","Да жахнуло меня, чувак...Мне бы врача...А?",,jazz-units:items.lua:VoiceResponse
890000000006377,"Отходняк затянется, однозначно.","Отходняк затянется, однозначно.",,jazz-units:items.lua:VoiceResponse
890000000006378,"Барабан пуст, чувак.","Барабан пуст, чувак.",,jazz-units:items.lua:VoiceResponse
890000000006379,"Они рядом, чувак.","Они рядом, чувак.",,jazz-units:items.lua:VoiceResponse
890000000006380,"Чувак, задание готово!","Чувак, задание готово!",,jazz-units:items.lua:VoiceResponse
890000000006381,"Я это, силу необыкновенную чувствую, чувак. Опыт привалил.","Я это, силу необыкновенную чувствую, чувак. Опыт привалил.",,jazz-units:items.lua:VoiceResponse
890000000006382,"Ларри стал какой-то не такой. Совсем не наш чувак. Когда-то он был крутым пацаном, а сейчас... Чмо какое-то.","Ларри стал какой-то не такой. Совсем не наш чувак. Когда-то он был крутым пацаном, а сейчас... Чмо какое-то.",,jazz-units:items.lua:VoiceResponse
890000000006383,"Ларри свойский чувак. Вот вроде, не думает головой, и вдруг, раз, и у него получается.","Ларри свойский чувак. Вот вроде, не думает головой, и вдруг, раз, и у него получается.",,jazz-units:items.lua:VoiceResponse
890000000006384,Доктор Клиффорд Хайбол...,Доктор Клиффорд Хайбол...,,jazz-units:items.lua:VoiceResponse
890000000006385,Вражеские элементы!,Вражеские элементы!,,jazz-units:items.lua:VoiceResponse
890000000006386,Добро пожаловать! Я вас давно жду.,Добро пожаловать! Я вас давно жду.,,jazz-units:items.lua:VoiceResponse
890000000006387,Вернуть отправителю.,Вернуть отправителю.,,jazz-units:items.lua:VoiceResponse
890000000006388,Хреново кровотечение!,Хреново... Кровью истекаю!,,jazz-units:items.lua:VoiceResponse
890000000006389,Ааааа... Вот это массаж!,Ааааа... Вот это массаж!,,jazz-units:items.lua:VoiceResponse
890000000006390,Мне нужны патроны!,Мне нужны патроны!,,jazz-units:items.lua:VoiceResponse
890000000006391,Добро пожаловать! Я вас давно жду.,Добро пожаловать! Я вас давно жду.,,jazz-units:items.lua:VoiceResponse
890000000006392,Задание выполнено.,Задание выполнено.,,jazz-units:items.lua:VoiceResponse
890000000006393,"Я знал, что у меня есть еще кое-какой потенциал.","Я знал, что у меня есть еще кое-какой потенциал.",,jazz-units:items.lua:VoiceResponse
890000000006394,Только не это.,Только не это.,,jazz-units:items.lua:VoiceResponse
890000000006395,Отличная работа.,Отличная работа.,,jazz-units:items.lua:VoiceResponse
890000000006396,Да?,Да?,,jazz-units:items.lua:VoiceResponse
890000000006397,Враги.,Враги.,,jazz-units:items.lua:VoiceResponse
890000000006398,Этого я и ждал!,Этого я и ждал!,,jazz-units:items.lua:VoiceResponse
890000000006399,"Лежи, не дергайся.","Лежи, не дергайся.",,jazz-units:items.lua:VoiceResponse
890000000006400,Я ухожу...,Я ухожу...,,jazz-units:items.lua:VoiceResponse
890000000006401,"Со стороны страшнее, чем по правде!","Со стороны страшнее, чем по правде!",,jazz-units:items.lua:VoiceResponse
890000000006402,Перезарядить надо.,Перезарядить надо.,,jazz-units:items.lua:VoiceResponse
890000000006403,Этого я и ждал!,Этого я и ждал!,,jazz-units:items.lua:VoiceResponse
890000000006404,Готово!,Готово!,,jazz-units:items.lua:VoiceResponse
890000000006405,Тяжелая работа и честная жизнь всегда себя оправдывают.,Тяжелая работа и честная жизнь всегда себя оправдывают.,,jazz-units:items.lua:VoiceResponse
890000000006406,"Может, нам пора избавиться от балласта? Ты как думаешь, БИФ?","Может, нам пора избавиться от балласта? Ты как думаешь, БИФ?",,jazz-units:items.lua:VoiceResponse
890000000006407,Гвоздь - молодец.,Гвоздь - молодец.,,jazz-units:items.lua:VoiceResponse
890000000006408,"Мясо проснулся и трудится, как трутень... Эээ, пчела.","Мясо проснулось и трудится, как трутень... Э-э, пчела.",,jazz-units:items.lua:VoiceResponse
890000000006409,Хочешь поиграть?,Хочешь поиграть?,,jazz-units:items.lua:VoiceResponse
890000000006410,Дайте мне их... это будет как крылышки у мух отрывать!,Дайте мне их... это будет как крылышки у мух отрывать!,,jazz-units:items.lua:VoiceResponse
890000000006411,Мясу хорошо!,Мясу хорошо!,,jazz-units:items.lua:VoiceResponse
890000000006412,"Я буду скоро с тобой, мамочка! Мясо идет домой!","Я буду скоро с тобой, мамочка! Мясо идет домой!",,jazz-units:items.lua:VoiceResponse
890000000006413,Они хотели сделать Мясу больно.,Они хотели сделать Мясу больно.,,jazz-units:items.lua:VoiceResponse
890000000006414,Патронов в винтовке нет!,Патронов в винтовке нет!,,jazz-units:items.lua:VoiceResponse
890000000006415,Дайте мне их... это будет как крылышки у мух отрывать!,Дайте мне их... это будет как крылышки у мух отрывать!,,jazz-units:items.lua:VoiceResponse
890000000006416,Мясу нечем заняться.,Мясу нечем заняться.,,jazz-units:items.lua:VoiceResponse
890000000006417,"Мясо учится, медленно.","Мясо учится, медленно.",,jazz-units:items.lua:VoiceResponse
890000000006418,Только не это.,Только не это.,,jazz-units:items.lua:VoiceResponse
890000000006419,"Да, Бык МОЛОДЕЦ! А Мясо - лучший Быку друг!","Да, Бык МОЛОДЕЦ! А Мясо - лучший Быку друг!",,jazz-units:items.lua:VoiceResponse
890000000006420,Я готов.,Я готов.,,jazz-units:items.lua:VoiceResponse
890000000006421,Солдаты королевы.,Солдаты королевы.,,jazz-units:items.lua:VoiceResponse
890000000006422,Враги показались.,Враги показались.,,jazz-units:items.lua:VoiceResponse
890000000006423,Предатель мертв.,Предатель мертв.,,jazz-units:items.lua:VoiceResponse
890000000006424,Какое мучение... Чувствую холод смерти.,Какое мучение... Чувствую холод смерти.,,jazz-units:items.lua:VoiceResponse
890000000006425,Ну почему всегда мне?,Ну почему всегда мне?,,jazz-units:items.lua:VoiceResponse
890000000006426,Надо перезарядить.,Надо перезарядить.,,jazz-units:items.lua:VoiceResponse
890000000006427,Враги показались.,Враги показались.,,jazz-units:items.lua:VoiceResponse
890000000006428,Я жду приказа.,Я жду приказа.,,jazz-units:items.lua:VoiceResponse
890000000006429,Я стал умнее.,Я стал умнее.,,jazz-units:items.lua:VoiceResponse
890000000006430,"Я не доверяю Игги. Он был враг, стал друг. Что он будет завтра? Нельзя быть уверенным.","Я не доверяю Игги. Он был враг, стал друг. Что он будет завтра? Нельзя быть уверенным.",,jazz-units:items.lua:VoiceResponse
890000000006431,Я уважаю Мигеля. Он самый лучший.,Я уважаю Мигеля. Он самый лучший.,,jazz-units:items.lua:VoiceResponse
890000000006432,"О'кей, я готов.","О'кей, я готов.",,jazz-units:items.lua:VoiceResponse
890000000006433,У нас неприятности.,У нас неприятности.,,jazz-units:items.lua:VoiceResponse
890000000006434,"Так и знал, что это была временная передышка.","Так и знал, что это была временная передышка.",,jazz-units:items.lua:VoiceResponse
890000000006435,Готов.,Готов.,,jazz-units:items.lua:VoiceResponse
890000000006436,"Я везучий... выживу. Вот только больно, зараза!","Я везучий... выживу. Вот только больно, зараза!",,jazz-units:items.lua:VoiceResponse
890000000006437,Я этого не заслужил.,Я этого не заслужил.,,jazz-units:items.lua:VoiceResponse
890000000006438,Мне нужны патроны.,Мне нужны патроны.,,jazz-units:items.lua:VoiceResponse
890000000006439,"Так и знал, что это была временная передышка.","Так и знал, что это была временная передышка.",,jazz-units:items.lua:VoiceResponse
890000000006440,Приказ выполнен.,Приказ выполнен.,,jazz-units:items.lua:VoiceResponse
890000000006441,"Да я так профи стану, как два пальца...",Так я скоро профи стану. Проще простого...,,jazz-units:items.lua:VoiceResponse
890000000006442,Только не это.,Только не это.,,jazz-units:items.lua:VoiceResponse
890000000006443,Динамо - крут!,Динамо - крут!,,jazz-units:items.lua:VoiceResponse
890000000006444,"Эй, я выспался.","Эй, я выспался.",,jazz-units:items.lua:VoiceResponse
890000000006445,Вижу мишень.,Вижу мишень.,,jazz-units:items.lua:VoiceResponse
890000000006446,Сейчас я их замочу.,Сейчас я их замочу.,,jazz-units:items.lua:VoiceResponse
890000000006447,Уничтожен!,Уничтожен!,,jazz-units:items.lua:VoiceResponse
890000000006448,Идите... бросьте меня...,Идите... бросьте меня...,,jazz-units:items.lua:VoiceResponse
890000000006449,От ФБР мне круче доставалось.,От ФБР мне круче доставалось.,,jazz-units:items.lua:VoiceResponse
890000000006450,Нужны патроны.,Нужны патроны.,,jazz-units:items.lua:VoiceResponse
890000000006451,Сейчас я их замочу.,Сейчас я их замочу.,,jazz-units:items.lua:VoiceResponse
890000000006452,Задание выполнено. Что будем делать?,Задание выполнено. Что будем делать?,,jazz-units:items.lua:VoiceResponse
890000000006453,Без труда ни хрена из пруда не выловишь...,Без труда ни хрена из пруда не выловишь...,,jazz-units:items.lua:VoiceResponse
890000000006454,С этой Фло таким как я невозможно работать. Она не идет мне на встречу. Я готов ее просто пристрелить.,С этой Фло таким как я невозможно работать. Она не идет мне на встречу. Я готов ее просто пристрелить.,,jazz-units:items.lua:VoiceResponse
890000000006455,Маг! Так держать!,Маг! Так держать!,,jazz-units:items.lua:VoiceResponse
890000000006456,Моя работать.,Моя работать.,,jazz-units:items.lua:VoiceResponse
890000000006457,Нехороший человек!,Нехороший человек!,,jazz-units:items.lua:VoiceResponse
890000000006458,Нехороший человек!,Нехороший человек!,,jazz-units:items.lua:VoiceResponse
890000000006459,Твой помирай!,Твой помирай!,,jazz-units:items.lua:VoiceResponse
890000000006460,Моя совсем плохая!,Моя совсем плохая!,,jazz-units:items.lua:VoiceResponse
890000000006461,"Моя плохо, совсем плохо, однако.","Моя плохо, совсем плохо, однако.",,jazz-units:items.lua:VoiceResponse
890000000006462,"Пуля... Нет больше пуля, однако!","Пуля... Нет больше пуля, однако!",,jazz-units:items.lua:VoiceResponse
890000000006463,Вижу врагов!,Вижу врагов!,,jazz-units:items.lua:VoiceResponse
890000000006464,Моя все сделать!,Моя все сделать!,,jazz-units:items.lua:VoiceResponse
890000000006465,Моя готова.,Моя готова.,,jazz-units:items.lua:VoiceResponse
890000000006466,Только не это.,Только не это.,,jazz-units:items.lua:VoiceResponse
890000000006467,Отличная работа.,Отличная работа.,,jazz-units:items.lua:VoiceResponse
890000000006468,"Алле, алле!","Алле, алле!",,jazz-units:items.lua:VoiceResponse
890000000006469,Вотта они!,Вотта они!,,jazz-units:items.lua:VoiceResponse
890000000006470,"Тута эти гады. Надо хвост подобрать, сейчас начаться может.","Тута эти гады. Надо хвост подобрать, сейчас начаться может.",,jazz-units:items.lua:VoiceResponse
890000000006471,"Пока, ты!","Пока, ты!",,jazz-units:items.lua:VoiceResponse
890000000006472,Настали для Злобного последние минуточки... Хочу один остаться.,Настали для Злобного последние минуточки... Хочу один остаться.,,jazz-units:items.lua:VoiceResponse
890000000006473,Оххохошеньки!,Оххохошеньки!,,jazz-units:items.lua:VoiceResponse
890000000006474,Ружье кушать просит.,Ружье кушать просит.,,jazz-units:items.lua:VoiceResponse
890000000006475,"Тута эти гады. Надо хвост подобрать, сейчас начаться может.","Тута эти гады. Надо хвост подобрать, сейчас начаться может.",,jazz-units:items.lua:VoiceResponse
890000000006476,Сделал все.,Сделал все.,,jazz-units:items.lua:VoiceResponse
890000000006477,Я молодец!,Я молодец!,,jazz-units:items.lua:VoiceResponse
890000000006478,Только не это.,Только не это.,,jazz-units:items.lua:VoiceResponse
890000000006479,"Лиска, она замечательная! И смотрится в деле что надо, тоже.","Лиска, она замечательная! И смотрится в деле что надо, тоже.",,jazz-units:items.lua:VoiceResponse
890000000006480,Доброе утро. Возобновляю выполнение задания.,Доброе утро. Возобновляю выполнение задания.,,jazz-units:items.lua:VoiceResponse
890000000006481,Тревога!,Тревога!,,jazz-units:items.lua:VoiceResponse
890000000006482,Черт... Я только было успокоился.,Черт... Я только было успокоился.,,jazz-units:items.lua:VoiceResponse
890000000006483,Это я.,Это я.,,jazz-units:items.lua:VoiceResponse
890000000006484,"Боже мой! Как больно, мама!","Боже мой! Как больно, мама!",,jazz-units:items.lua:VoiceResponse
890000000006485,Мне надо переодеть штаны.,Мне надо переодеть штаны.,,jazz-units:items.lua:VoiceResponse
890000000006486,Патроны! Патроны кончились!,Патроны! Патроны кончились!,,jazz-units:items.lua:VoiceResponse
890000000006487,Черт... Я только было успокоился.,Черт... Я только было успокоился.,,jazz-units:items.lua:VoiceResponse
890000000006488,Еще одно выполненное задание.,Еще одно выполненное задание.,,jazz-units:items.lua:VoiceResponse
890000000006489,Теперь я им покажу.,Теперь я им покажу.,,jazz-units:items.lua:VoiceResponse
890000000006490,"Нечего меня за нос водить. Ларри взялся за старое. Наркоман, а мне с ним работать?","Нечего меня за нос водить. Ларри взялся за старое. Наркоман, а мне с ним работать?",,jazz-units:items.lua:VoiceResponse
890000000006491,"Вот это да, Ларри! Я же говорил, что у тебя получится.","Вот это да, Ларри! Я же говорил, что у тебя получится.",,jazz-units:items.lua:VoiceResponse
890000000006492,Я проснулся и готов работать с максимальной отдачей.,Я проснулся и готов работать с максимальной отдачей.,,jazz-units:items.lua:VoiceResponse
890000000006493,Обнаружен враг.,Обнаружен враг.,,jazz-units:items.lua:VoiceResponse
890000000006494,Силы врага в пределах прямой видимости.,Силы врага в пределах прямой видимости.,,jazz-units:items.lua:VoiceResponse
890000000006495,Враг убит.,Враг убит.,,jazz-units:items.lua:VoiceResponse
890000000006496,Эти раны просто необходимо перевязать... A мне нужно немного аспирина.,Эти раны надо перевязать... А мне — немного аспирина.,,jazz-units:items.lua:VoiceResponse
890000000006497,Мои раны незначительны. Невосстановимых поражений быть не должно.,Мои раны незначительны. Невосстановимых поражений быть не должно.,,jazz-units:items.lua:VoiceResponse
890000000006498,Мне нужны боеприпасы к оружию.,Мне нужны боеприпасы к оружию.,,jazz-units:items.lua:VoiceResponse
890000000006499,Силы врага в пределах прямой видимости.,Силы врага в пределах прямой видимости.,,jazz-units:items.lua:VoiceResponse
890000000006500,Задание выполнено. Жду приказаний.,Задание выполнено. Жду приказаний.,,jazz-units:items.lua
890000000006501,"Всегда можно найти, в чем стать лучше.","Всегда можно найти, в чем стать лучше.",,jazz-units:items.lua
890000000006502,Только не это.,Только не это.,,jazz-units:items.lua
890000000006503,"Просто еще один пример того, как отлично работает Волк.","Просто еще один пример того, как отлично работает Волк.",,jazz-units:items.lua
890000000006504,Теперь я работаю.,Теперь я работаю.,,jazz-units:items.lua
890000000006505,Ничтожество!,Ничтожество!,,jazz-units:items.lua
890000000006506,Мастер на все руки,Мастер на все руки,,jazz:CharacterEffect/JackOfAllTrades.lua
890000000006507,Любые спутниковые операции выполняются примерно на <em>33% быстрее</em>.,Любые спутниковые операции выполняются примерно на <em>33% быстрее</em>.,,jazz:CharacterEffect/JackOfAllTrades.lua
890000000006508,Мне больно. Очень больно.,Мне больно. Очень больно.,,jazz-units:items.lua
890000000006509,"Больно, Мистер Джек.","Больно, Мистер Джек.",,jazz-units:items.lua
890000000006510,Ищу пулю. Нет больше пуля.,Ищу пулю. Нет больше пуля.,,jazz-units:items.lua
890000000006511,Вижу их! Вижу эти ничтожества!,Вижу их! Вижу эти ничтожества!,,jazz-units:items.lua
890000000006512,"Я закончил, босс.","I'm finished, boss.",,jazz-units:VoiceResponse Jazz_Gamos
890000000006513,У меня все в порядке.,I'm all right.,,jazz-units:VoiceResponse Jazz_Gamos
890000000006514,Только не это.,Только не это.,,jazz-units:items.lua
890000000006515,Отличная работа.,Отличная работа.,,jazz-units:items.lua
890000000006516,Я включился.,Я включился.,,jazz-units:items.lua:VoiceResponse
890000000006517,Солдаты.,Солдаты.,,jazz-units:items.lua:VoiceResponse
890000000006518,"Я знал, что они близко.","Я знал, что они близко.",,jazz-units:items.lua:VoiceResponse
890000000006519,Пока!,Пока!,,jazz-units:items.lua:VoiceResponse
890000000006520,"Плохи мои дела... Не думаю, что теперь смогу отомстить. Передайте моей жене: мне жаль, что так вышло с нашим сыном. Умоляю, чтобы она меня простила.","Плохи мои дела... Не думаю, что теперь смогу отомстить. Передайте моей жене: мне жаль, что так вышло с нашим сыном. Умоляю, чтобы она меня простила.",,jazz-units:items.lua:VoiceResponse
890000000006521,Во снах со мной и хуже вещи делали.,Во снах со мной и хуже вещи делали.,,jazz-units:items.lua:VoiceResponse
890000000006522,У меня больше патронов не осталось.,У меня больше патронов не осталось.,,jazz-units:items.lua:VoiceResponse
890000000006523,"Я знал, что они близко.","Я знал, что они близко.",,jazz-units:items.lua:VoiceResponse
890000000006524,Закончил. Я готов.,Закончил. Я готов.,,jazz-units:items.lua:VoiceResponse
890000000006525,Я работаю все лучше. Я буду готов.,Я работаю все лучше. Я буду готов.,,jazz-units:items.lua:VoiceResponse
890000000006526,"Этот Мясо, животное, он просто тупое чмо. Хоть бы его пристрелил  кто-нибудь.","Этот Мясо — животное, просто тупое чмо. Хоть бы его кто-нибудь пристрелил.",,jazz-units:items.lua:VoiceResponse
890000000006527,"Ты хорошо поработал, Шенк!","Ты хорошо поработал, Шенк!",,jazz-units:items.lua:VoiceResponse
890000000006528,На связи.,На связи.,,jazz-units:items.lua:VoiceResponse
890000000006529,Неприятности.,Неприятности.,,jazz-units:items.lua:VoiceResponse
890000000006530,Неприятности.,Неприятности.,,jazz-units:items.lua:VoiceResponse
890000000006531,Еще один клиент для капеллана.,Еще один клиент для капеллана.,,jazz-units:items.lua:VoiceResponse
890000000006532,Конец...,Конец...,,jazz-units:items.lua:VoiceResponse
890000000006533,Ранен!,Ранен!,,jazz-units:items.lua:VoiceResponse
890000000006534,У меня все! Нужны патроны.,У меня все! Нужны патроны.,,jazz-units:items.lua:VoiceResponse
890000000006535,Цели здесь.,Цели здесь.,,jazz-units:items.lua:VoiceResponse
890000000006536,Жду.,Жду.,,jazz-units:items.lua:VoiceResponse
890000000006537,Это приходит с опытом.,Это приходит с опытом.,,jazz-units:items.lua:VoiceResponse
890000000006538,"Не пойму, чего несет этот Тревор. Шел бы он обратно в кенгурячью задницу!","Не пойму, чего несет этот Тревор. Шел бы он обратно в кенгурячью задницу!",,jazz-units:items.lua:VoiceResponse
890000000006539,Этот парень может любого вояку за пояс заткнуть.,Этот парень может любого вояку за пояс заткнуть.,,jazz-units:items.lua:VoiceResponse
890000000006540,"Не удивлюсь, если куски этого безумца долетели до Халифа.","Не удивлюсь, если куски этого безумца долетели до Халифа.",,jazz-units:items.lua:VoiceResponse
890000000006541,Контакт!,Контакт!,,jazz-units:items.lua:VoiceResponse
890000000006542,Это было делом времени.,Это было делом времени.,,jazz-units:items.lua:VoiceResponse
890000000006543,Не проблема.,Не проблема.,,jazz-units:items.lua:VoiceResponse
890000000006544,Я готов... к смерти.,Я готов... к смерти.,,jazz-units:items.lua:VoiceResponse
890000000006545,Бывало и хуже.,Бывало и хуже.,,jazz-units:items.lua:VoiceResponse
890000000006546,Это незаряжено.,Это незаряжено.,,jazz-units:items.lua:VoiceResponse
890000000006547,Это было делом времени.,Это было делом времени.,,jazz-units:items.lua:VoiceResponse
890000000006548,Я готов к работе.,Я готов к работе.,,jazz-units:items.lua:VoiceResponse
890000000006549,Я потихоньку учусь.,Я потихоньку учусь.,,jazz-units:items.lua:VoiceResponse
890000000006550,Только не это.,Только не это.,,jazz-units:items.lua:VoiceResponse
890000000006551,Отличная работа.,Отличная работа.,,jazz-units:items.lua:VoiceResponse
890000000006552,Петушок пропел. Иду прямо на работу.,Петушок пропел. Иду прямо на работу.,,jazz-units:items.lua:VoiceResponse
890000000006553,Покойник.,Покойник.,,jazz-units:items.lua:VoiceResponse
890000000006554,Пора убивать!,Пора убивать!,,jazz-units:items.lua:VoiceResponse
890000000006555,Расчистили!,Расчистили!,,jazz-units:items.lua:VoiceResponse
890000000006556,"Оуууу... Ох, господи, мне так последний раз было, когда я попробовал починить папашин шредер, знаешь.","Оуууу... Ох, господи, мне так последний раз было, когда я попробовал починить папашин шредер, знаешь.",,jazz-units:items.lua:VoiceResponse
890000000006557,"Я в порядке, потому что, типа, удары по голове до меня не доходят. В смысле, до вреда не доводят.","Я в порядке, потому что, типа, удары по голове до меня не доходят. В смысле, до вреда не доводят.",,jazz-units:items.lua:VoiceResponse
890000000006558,"Сдается, у меня винтовка пустая.","Сдается, у меня винтовка пустая.",,jazz-units:items.lua:VoiceResponse
890000000006559,Пора убивать!,Пора убивать!,,jazz-units:items.lua:VoiceResponse
890000000006560,Закончил.,Закончил.,,jazz-units:items.lua:VoiceResponse
890000000006561,Я стараюсь!,Я стараюсь!,,jazz-units:items.lua:VoiceResponse
890000000006562,"Если я раз поймаю этого комуняку Ивана - не в форме, я хочу сказать, - он у меня весь будет красный с синим, русский, твою мать!","Если я раз поймаю этого комуняку Ивана - не в форме, я хочу сказать, - он у меня весь будет красный с синим, русский, твою мать!",,jazz-units:items.lua:VoiceResponse
890000000006563,"Вики такая девка, знаешь? В смысле... и с тормозами она классно  справляется.","Вики такая девка, знаешь? В смысле... и с тормозами она классно справляется.",,jazz-units:items.lua:VoiceResponse
890000000006564,"Как раз то, что мне нужно! Приступаю с того места, где закончил.","Как раз то, что мне нужно! Приступаю с того места, где закончил.",,jazz-units:items.lua:VoiceResponse
890000000006565,Опять плохие новости!,Опять плохие новости!,,jazz-units:items.lua:VoiceResponse
890000000006566,Они здеееесь!,Они здеееесь!,,jazz-units:items.lua:VoiceResponse
890000000006567,"Лучше ты, чем я.","Лучше ты, чем я.",,jazz-units:items.lua:VoiceResponse
890000000006568,"Похоже, я умираю... Я вижу яркий свет... о, боже, скажи мне, что это просто спецэффекты.","Похоже, я умираю... Я вижу яркий свет... о, боже, скажи мне, что это просто спецэффекты.",,jazz-units:items.lua:VoiceResponse
890000000006569,"Ну прямо как в начальной школе, опять поехали.","Ну прямо как в начальной школе, опять поехали.",,jazz-units:items.lua:VoiceResponse
890000000006570,Магазин пустой. Нет патронов.,Магазин пустой. Нет патронов.,,jazz-units:items.lua:VoiceResponse
890000000006571,Они здеееесь!,Они здеееесь!,,jazz-units:items.lua:VoiceResponse
890000000006572,Что-нибудь еще?,Что-нибудь еще?,,jazz-units:items.lua:VoiceResponse
890000000006573,"В любом случае, неплохое начало.","В любом случае, неплохое начало.",,jazz-units:items.lua:VoiceResponse
890000000006574,Только не это.,Только не это.,,jazz-units:items.lua:VoiceResponse
890000000006575,Отличная работа.,Отличная работа.,,jazz-units:items.lua:VoiceResponse
890000000006576,"Все в порядке. Ни в одном глазу. Не волнуйся. Я помню, что мне надо делать.","Все в порядке. Ни в одном глазу. Не волнуйся. Я помню, что мне надо делать.",,jazz-units:items.lua:VoiceResponse
890000000006577,Незваный гость.,Незваный гость.,,jazz-units:items.lua:VoiceResponse
890000000006578,Шевелитесь! Неприятель.,Шевелитесь! Неприятель.,,jazz-units:items.lua:VoiceResponse
890000000006579,Добрался я до них.,Добрался я до них.,,jazz-units:items.lua:VoiceResponse
890000000006580,Так твою растак! Больно!,Так твою растак! Больно!,,jazz-units:items.lua:VoiceResponse
890000000006581,Да мне это как об стенку горох!,Да мне это как об стенку горох!,,jazz-units:items.lua:VoiceResponse
890000000006582,Патроны вышли.,Патроны вышли.,,jazz-units:items.lua:VoiceResponse
890000000006583,Шевелитесь! Неприятель.,Шевелитесь! Неприятель.,,jazz-units:items.lua:VoiceResponse
890000000006584,"Так, с этим - все. Что дальше?","Так, с этим — всё. Что дальше?",,jazz-units:items.lua:VoiceResponse
890000000006585,Скоро пора.,Скоро пора.,,jazz-units:items.lua:VoiceResponse
890000000006586,"Сидней - пижон недоделанный, думает, он лучше всех. Свинья.","Сидней — недоделанный пижон, думает, что он лучше всех. Свинья.",,jazz-units:items.lua:VoiceResponse
890000000006587,"Ну что за парень, Злобный! Я знал, в тебе что-то есть!","Ну что за парень, Злобный! Я знал, в тебе что-то есть!",,jazz-units:items.lua:VoiceResponse
890000000006588,"Мог бы еще поспать, но вот, уже работаю!","Мог бы еще поспать, но вот, уже работаю!",,jazz-units:items.lua:VoiceResponse
890000000006589,Кто то есть.,Кто то есть.,,jazz-units:items.lua:VoiceResponse
890000000006590,Пора браться за работу.,Пора браться за работу.,,jazz-units:items.lua:VoiceResponse
890000000006591,Не стоит благодарности.,Не стоит благодарности.,,jazz-units:items.lua:VoiceResponse
890000000006592,Я готов... тебе придется меня спасти. Я тебе нужен.,Я готов... тебе придется меня спасти. Я тебе нужен.,,jazz-units:items.lua:VoiceResponse
890000000006593,Как наутро после хорошего мордобоя.,Как наутро после хорошего мордобоя.,,jazz-units:items.lua:VoiceResponse
890000000006594,Свинец нужен!,Свинец нужен!,,jazz-units:items.lua:VoiceResponse
890000000006595,Пора браться за работу.,Пора браться за работу.,,jazz-units:items.lua:VoiceResponse
890000000006596,Готово.,Готово.,,jazz-units:items.lua:VoiceResponse
890000000006597,"Я думал, лучше пойдет.","Я думал, лучше пойдет.",,jazz-units:items.lua:VoiceResponse
890000000006598,"Эй, слушай и запоминай. Сдоба - пижонка, каких свет не видывал, и я не обещаю, что сумею удержать свою винтовку, пока она так лачивается. Нервишки не в порядке, понимаешь?","Эй, слушай и запоминай. Сдоба - пижонка, каких свет не видывал, и я не обещаю, что сумею удержать свою винтовку, пока она так лачивается. Нервишки не в порядке, понимаешь?",,jazz-units:items.lua:VoiceResponse
890000000006599,Ред - он такой!,Ред - он такой!,,jazz-units:items.lua:VoiceResponse
890000000006600,К выполнению задания готов.,К выполнению задания готов.,,jazz-units:items.lua:VoiceResponse
890000000006601,Вижу подонков!,Вижу подонков!,,jazz-units:items.lua:VoiceResponse
890000000006602,Всегда хотел в этом поучаствовать... И вот он случай.,Всегда хотел в этом поучаствовать... И вот он случай.,,jazz-units:items.lua:VoiceResponse
890000000006603,Это тебе за Арулько!,Это тебе за Арулько!,,jazz-units:items.lua:VoiceResponse
890000000006604,"Кровь... Я, кажется, не выживу...","Кровь... Я, кажется, не выживу...",,jazz-units:items.lua:VoiceResponse
890000000006605,"Да, хорошо меня избили.","Да, хорошо меня избили.",,jazz-units:items.lua:VoiceResponse
890000000006606,Кончились патроны.,Кончились патроны.,,jazz-units:items.lua:VoiceResponse
890000000006607,Всегда хотел в этом поучаствовать... И вот он случай.,Всегда хотел в этом поучаствовать... И вот он случай.,,jazz-units:items.lua:VoiceResponse
890000000006608,Задание выполнено. Ожидаю следующего.,Задание выполнено. Ожидаю следующего.,,jazz-units:items.lua:VoiceResponse
890000000006609,С опытом приходит мастерство!,С опытом приходит мастерство!,,jazz-units:items.lua:VoiceResponse
890000000006610,Только не это.,Только не это.,,jazz-units:items.lua:VoiceResponse
890000000006611,Отличная работа.,Отличная работа.,,jazz-units:items.lua:VoiceResponse
890000000006612,На связи.,На связи.,,jazz-units:items.lua:VoiceResponse
890000000006613,Черти!,Черти!,,jazz-units:items.lua:VoiceResponse
890000000006614,Черти!,Черти!,,jazz-units:items.lua:VoiceResponse
890000000006615,Есть!,Есть!,,jazz-units:items.lua:VoiceResponse
890000000006616,Конец...,Конец...,,jazz-units:items.lua:VoiceResponse
890000000006617,Ранен!,Ранен!,,jazz-units:items.lua:VoiceResponse
890000000006618,Мне бы еще свинца.,Мне бы ещё свинца.,,jazz-units:items.lua:VoiceResponse
890000000006619,"Шпана! Ну, пора представиться.","Шпана! Ну, пора представиться.",,jazz-units:items.lua:VoiceResponse
890000000006620,"Завязывайте курить кубинские сигары, это до добра не доведет. Мы еще поставим этого парня на колени. Это может случиться в любой момент. Увидите!","Завязывайте курить кубинские сигары, это до добра не доведет. Мы еще поставим этого парня на колени. Это может случиться в любой момент. Увидите!",,jazz-units:items.lua:VoiceResponse
890000000006621,"Кто сказал, что я стар?","Кто сказал, что я стар?",,jazz-units:items.lua:VoiceResponse
890000000006622,"Похоже, этот Иван сочувствует коммунистам. Он говорит, словно один из этих русских. Я лучше буду держаться от него подальше.","Похоже, этот Иван сочувствует коммунистам. Он говорит, словно один из этих русских. Я лучше буду держаться от него подальше.",,jazz-units:items.lua:VoiceResponse
890000000006623,Только посмотри на Гаса. Вот настоящий солдат.,Только посмотри на Гаса. Вот настоящий солдат.,,jazz-units:items.lua:VoiceResponse
890000000006624,[WIP] Александра «Бенни» Бенедикт,Александра «Бенни» Бенедикт,,jazz-units:items.lua:VoiceResponse
890000000006625,Бенни,Бенни,,jazz-units:items.lua:VoiceResponse
890000000006626,БЕННИ,БЕННИ,,jazz-units:items.lua:VoiceResponse
890000000006627,work in progress,work in progress,,jazz-units:items.lua:VoiceResponse
890000000006628,Взломщица с Халифа,Взломщица с Халифа,,jazz-units:items.lua:VoiceResponse
890000000006629,Benny@khalif.sj,Benny@khalif.sj,,jazz-units:items.lua:VoiceResponse
890000000006630,benny,benny,,jazz-units:items.lua:VoiceResponse
890000000006631,Бенни на линии позже.,Бенни на линии позже.,,jazz-units:items.lua:VoiceResponse
890000000006632,Бенедикт. Говорите.,Бенедикт. Говорите.,,jazz-units:items.lua:VoiceResponse
890000000006633,Связь прервалась.,Связь прервалась.,,jazz-units:items.lua:VoiceResponse
890000000006634,Жду.,Жду.,,jazz-units:items.lua:VoiceResponse
890000000006635,Идём.,Идём.,,jazz-units:items.lua:VoiceResponse
890000000006636,Контракт заканчивается?,Контракт заканчивается?,,jazz-units:items.lua:VoiceResponse
890000000006637,Остаюсь.,Остаюсь.,,jazz-units:items.lua:VoiceResponse
890000000006650,Саймон Грандье,Саймон Грандье,,jazz-units:items.lua:VoiceResponse
890000000006651,Саймон,Саймон,,jazz-units:items.lua:VoiceResponse
890000000006652,САЙМОН,САЙМОН,,jazz-units:items.lua:VoiceResponse
890000000006653,work in progress,work in progress,,jazz-units:items.lua:VoiceResponse
890000000006654,Снайпер с Халифа,Снайпер с Халифа,,jazz-units:items.lua:VoiceResponse
890000000006655,Simon@khalif.sj,Simon@khalif.sj,,jazz-units:items.lua:VoiceResponse
890000000006656,simon,simon,,jazz-units:items.lua:VoiceResponse
890000000006657,Грандье недоступен.,Грандье недоступен.,,jazz-units:items.lua:VoiceResponse
890000000006658,Саймон Грандье. Слушаю.,Саймон Грандье. Слушаю.,,jazz-units:items.lua:VoiceResponse
890000000006659,Связь прервалась.,Связь прервалась.,,jazz-units:items.lua:VoiceResponse
890000000006660,Жду.,Жду.,,jazz-units:items.lua:VoiceResponse
890000000006661,Идём.,Идём.,,jazz-units:items.lua:VoiceResponse
890000000006662,Контракт заканчивается?,Контракт заканчивается?,,jazz-units:items.lua:VoiceResponse
890000000006663,Остаюсь.,Остаюсь.,,jazz-units:items.lua:VoiceResponse
890000000007000,На связи.,На связи.,,jazz-units:items.lua:VoiceResponse
890000000007001,На связи.,На связи.,,jazz-units:items.lua:VoiceResponse
890000000007002,Тихо.,Тихо.,,jazz-units:items.lua:VoiceResponse
890000000007003,Тихо.,Тихо.,,jazz-units:items.lua:VoiceResponse
890000000007004,Тихо.,Тихо.,,jazz-units:items.lua:VoiceResponse
890000000007005,Есть.,Есть.,,jazz-units:items.lua:VoiceResponse
890000000007006,Есть.,Есть.,,jazz-units:items.lua:VoiceResponse
890000000007007,Есть.,Есть.,,jazz-units:items.lua:VoiceResponse
890000000007008,Двигаюсь.,Двигаюсь.,,jazz-units:items.lua:VoiceResponse
890000000007009,Двигаюсь.,Двигаюсь.,,jazz-units:items.lua:VoiceResponse
890000000007010,Двигаюсь.,Двигаюсь.,,jazz-units:items.lua:VoiceResponse
890000000007011,Крадусь.,Крадусь.,,jazz-units:items.lua:VoiceResponse
890000000007012,Крадусь.,Крадусь.,,jazz-units:items.lua:VoiceResponse
890000000007013,Крадусь.,Крадусь.,,jazz-units:items.lua:VoiceResponse
890000000007014,С вами.,С вами.,,jazz-units:items.lua:VoiceResponse
890000000007015,С вами.,С вами.,,jazz-units:items.lua:VoiceResponse
890000000007016,С вами.,С вами.,,jazz-units:items.lua:VoiceResponse
890000000007017,Есть цель!,Есть цель!,,jazz-units:items.lua:VoiceResponse
890000000007018,Тихо сниму.,Тихо сниму.,,jazz-units:items.lua:VoiceResponse
890000000007019,Тихо сниму.,Тихо сниму.,,jazz-units:items.lua:VoiceResponse
890000000007020,Сложный выстрел.,Сложный выстрел.,,jazz-units:items.lua:VoiceResponse
890000000007021,Плохой угол.,Плохой угол.,,jazz-units:items.lua:VoiceResponse
890000000007022,Вижу их!,Вижу их!,,jazz-units:items.lua:VoiceResponse
890000000007023,Вижу их!,Вижу их!,,jazz-units:items.lua:VoiceResponse
890000000007024,Их много!,Их много!,,jazz-units:items.lua:VoiceResponse
890000000007025,Готов.,Готов.,,jazz-units:items.lua:VoiceResponse
890000000007026,Патроны кончились.,Патроны кончились.,,jazz-units:items.lua:VoiceResponse
890000000007027,Клин!,Клин!,,jazz-units:items.lua:VoiceResponse
890000000007028,Аргх!,Аргх!,,jazz-units:items.lua:VoiceResponse
890000000007029,Аргх!,Аргх!,,jazz-units:items.lua:VoiceResponse
890000000007030,Ранен!,Ранен!,,jazz-units:items.lua:VoiceResponse
890000000007031,Плохо…,Плохо…,,jazz-units:items.lua:VoiceResponse
890000000007032,К бою!,К бою!,,jazz-units:items.lua:VoiceResponse
890000000007033,Чисто.,Чисто.,,jazz-units:items.lua:VoiceResponse
890000000007034,Ещё остались.,Ещё остались.,,jazz-units:items.lua:VoiceResponse
890000000007035,Жду.,Жду.,,jazz-units:items.lua:VoiceResponse
890000000007036,Жду.,Жду.,,jazz-units:items.lua:VoiceResponse
890000000007037,Прячусь.,Прячусь.,,jazz-units:items.lua:VoiceResponse
890000000007038,Прячусь.,Прячусь.,,jazz-units:items.lua:VoiceResponse
890000000007039,Интересно…,Интересно…,,jazz-units:items.lua:VoiceResponse
890000000007040,Интересно…,Интересно…,,jazz-units:items.lua:VoiceResponse
890000000007041,Закрыто.,Закрыто.,,jazz-units:items.lua:VoiceResponse
890000000007042,Устал…,Устал…,,jazz-units:items.lua:VoiceResponse
890000000007043,(пыхтит),(пыхтит),,jazz-units:items.lua:VoiceResponse
890000000007044,Спасибо.,Спасибо.,,jazz-units:items.lua:VoiceResponse
890000000007045,Не сейчас.,Не сейчас.,,jazz-units:items.lua:VoiceResponse
890000000007046,Готово.,Готово.,,jazz-units:items.lua:VoiceResponse
890000000007047,В укрытие!,В укрытие!,,jazz-units:items.lua:VoiceResponse
890000000007048,Граната!,Граната!,,jazz-units:items.lua:VoiceResponse
890000000007049,Очередь!,Очередь!,,jazz-units:items.lua:VoiceResponse
890000000007050,(лезет),(лезет),,jazz-units:items.lua:VoiceResponse
890000000007051,(прыжок),(прыжок),,jazz-units:items.lua:VoiceResponse
890000000007052,Что?!,Что?!,,jazz-units:items.lua:VoiceResponse
890000000007053,Опасно!,Опасно!,,jazz-units:items.lua:VoiceResponse
890000000007054,Держу сектор.,Держу сектор.,,jazz-units:items.lua:VoiceResponse
890000000007055,Наготове.,Наготове.,,jazz-units:items.lua:VoiceResponse
890000000007056,(кашляет),(кашляет),,jazz-units:items.lua:VoiceResponse
890000000007057,Почти…,Почти…,,jazz-units:items.lua:VoiceResponse
890000000007058,Зверь!,Зверь!,,jazz-units:items.lua:VoiceResponse
890000000007059,Есть идея.,Есть идея.,,jazz-units:items.lua:VoiceResponse
890000000007060,Сделано.,Сделано.,,jazz-units:items.lua:VoiceResponse
890000000007061,Не вышло.,Не вышло.,,jazz-units:items.lua:VoiceResponse
890000000007062,На связи.,На связи.,,jazz-units:items.lua:VoiceResponse
890000000007063,На связи.,На связи.,,jazz-units:items.lua:VoiceResponse
890000000007064,Тихо.,Тихо.,,jazz-units:items.lua:VoiceResponse
890000000007065,Тихо.,Тихо.,,jazz-units:items.lua:VoiceResponse
890000000007066,Тихо.,Тихо.,,jazz-units:items.lua:VoiceResponse
890000000007067,Есть.,Есть.,,jazz-units:items.lua:VoiceResponse
890000000007068,Есть.,Есть.,,jazz-units:items.lua:VoiceResponse
890000000007069,Есть.,Есть.,,jazz-units:items.lua:VoiceResponse
890000000007070,Двигаюсь.,Двигаюсь.,,jazz-units:items.lua:VoiceResponse
890000000007071,Двигаюсь.,Двигаюсь.,,jazz-units:items.lua:VoiceResponse
890000000007072,Двигаюсь.,Двигаюсь.,,jazz-units:items.lua:VoiceResponse
890000000007073,Крадусь.,Крадусь.,,jazz-units:items.lua:VoiceResponse
890000000007074,Крадусь.,Крадусь.,,jazz-units:items.lua:VoiceResponse
890000000007075,Крадусь.,Крадусь.,,jazz-units:items.lua:VoiceResponse
890000000007076,С вами.,С вами.,,jazz-units:items.lua:VoiceResponse
890000000007077,С вами.,С вами.,,jazz-units:items.lua:VoiceResponse
890000000007078,С вами.,С вами.,,jazz-units:items.lua:VoiceResponse
890000000007079,Есть цель!,Есть цель!,,jazz-units:items.lua:VoiceResponse
890000000007080,Тихо сниму.,Тихо сниму.,,jazz-units:items.lua:VoiceResponse
890000000007081,Тихо сниму.,Тихо сниму.,,jazz-units:items.lua:VoiceResponse
890000000007082,Сложный выстрел.,Сложный выстрел.,,jazz-units:items.lua:VoiceResponse
890000000007083,Плохой угол.,Плохой угол.,,jazz-units:items.lua:VoiceResponse
890000000007084,Вижу их!,Вижу их!,,jazz-units:items.lua:VoiceResponse
890000000007085,Вижу их!,Вижу их!,,jazz-units:items.lua:VoiceResponse
890000000007086,Их много!,Их много!,,jazz-units:items.lua:VoiceResponse
890000000007087,Готов.,Готов.,,jazz-units:items.lua:VoiceResponse
890000000007088,Патроны кончились.,Патроны кончились.,,jazz-units:items.lua:VoiceResponse
890000000007089,Клин!,Клин!,,jazz-units:items.lua:VoiceResponse
890000000007090,Аргх!,Аргх!,,jazz-units:items.lua:VoiceResponse
890000000007091,Аргх!,Аргх!,,jazz-units:items.lua:VoiceResponse
890000000007092,Ранен!,Ранен!,,jazz-units:items.lua:VoiceResponse
890000000007093,Плохо…,Плохо…,,jazz-units:items.lua:VoiceResponse
890000000007094,Контакт!,Контакт!,,jazz-units:items.lua:VoiceResponse
890000000007095,Чисто.,Чисто.,,jazz-units:items.lua:VoiceResponse
890000000007096,Ещё остались.,Ещё остались.,,jazz-units:items.lua:VoiceResponse
890000000007097,Жду.,Жду.,,jazz-units:items.lua:VoiceResponse
890000000007098,Жду.,Жду.,,jazz-units:items.lua:VoiceResponse
890000000007099,Прячусь.,Прячусь.,,jazz-units:items.lua:VoiceResponse
890000000007100,Прячусь.,Прячусь.,,jazz-units:items.lua:VoiceResponse
890000000007101,Интересно…,Интересно…,,jazz-units:items.lua:VoiceResponse
890000000007102,Интересно…,Интересно…,,jazz-units:items.lua:VoiceResponse
890000000007103,Закрыто.,Закрыто.,,jazz-units:items.lua:VoiceResponse
890000000007104,Устал…,Устал…,,jazz-units:items.lua:VoiceResponse
890000000007105,(пыхтит),(пыхтит),,jazz-units:items.lua:VoiceResponse
890000000007106,Спасибо.,Спасибо.,,jazz-units:items.lua:VoiceResponse
890000000007107,Не сейчас.,Не сейчас.,,jazz-units:items.lua:VoiceResponse
890000000007108,Готово.,Готово.,,jazz-units:items.lua:VoiceResponse
890000000007109,В укрытие!,В укрытие!,,jazz-units:items.lua:VoiceResponse
890000000007110,Граната!,Граната!,,jazz-units:items.lua:VoiceResponse
890000000007111,Очередь!,Очередь!,,jazz-units:items.lua:VoiceResponse
890000000007112,(лезет),(лезет),,jazz-units:items.lua:VoiceResponse
890000000007113,(прыжок),(прыжок),,jazz-units:items.lua:VoiceResponse
890000000007114,Что?!,Что?!,,jazz-units:items.lua:VoiceResponse
890000000007115,Опасно!,Опасно!,,jazz-units:items.lua:VoiceResponse
890000000007116,Держу сектор.,Держу сектор.,,jazz-units:items.lua:VoiceResponse
890000000007117,Наготове.,Наготове.,,jazz-units:items.lua:VoiceResponse
890000000007118,(кашляет),(кашляет),,jazz-units:items.lua:VoiceResponse
890000000007119,Почти…,Почти…,,jazz-units:items.lua:VoiceResponse
890000000007120,Зверь!,Зверь!,,jazz-units:items.lua:VoiceResponse
890000000007121,Есть идея.,Есть идея.,,jazz-units:items.lua:VoiceResponse
890000000007122,Сделано.,Сделано.,,jazz-units:items.lua:VoiceResponse
890000000007123,Не вышло.,Не вышло.,,jazz-units:items.lua:VoiceResponse
890000000007124,На связи.,На связи.,,jazz-units:items.lua:VoiceResponse
890000000007125,На связи.,На связи.,,jazz-units:items.lua:VoiceResponse
890000000007126,Тихо.,Тихо.,,jazz-units:items.lua:VoiceResponse
890000000007127,Тихо.,Тихо.,,jazz-units:items.lua:VoiceResponse
890000000007128,Тихо.,Тихо.,,jazz-units:items.lua:VoiceResponse
890000000007129,Есть.,Есть.,,jazz-units:items.lua:VoiceResponse
890000000007130,Есть.,Есть.,,jazz-units:items.lua:VoiceResponse
890000000007131,Есть.,Есть.,,jazz-units:items.lua:VoiceResponse
890000000007132,Двигаюсь.,Двигаюсь.,,jazz-units:items.lua:VoiceResponse
890000000007133,Двигаюсь.,Двигаюсь.,,jazz-units:items.lua:VoiceResponse
890000000007134,Двигаюсь.,Двигаюсь.,,jazz-units:items.lua:VoiceResponse
890000000007135,Крадусь.,Крадусь.,,jazz-units:items.lua:VoiceResponse
890000000007136,Крадусь.,Крадусь.,,jazz-units:items.lua:VoiceResponse
890000000007137,Крадусь.,Крадусь.,,jazz-units:items.lua:VoiceResponse
890000000007138,С вами.,С вами.,,jazz-units:items.lua:VoiceResponse
890000000007139,С вами.,С вами.,,jazz-units:items.lua:VoiceResponse
890000000007140,С вами.,С вами.,,jazz-units:items.lua:VoiceResponse
890000000007141,Есть цель!,Есть цель!,,jazz-units:items.lua:VoiceResponse
890000000007142,Тихо сниму.,Тихо сниму.,,jazz-units:items.lua:VoiceResponse
890000000007143,Тихо сниму.,Тихо сниму.,,jazz-units:items.lua:VoiceResponse
890000000007144,Сложный выстрел.,Сложный выстрел.,,jazz-units:items.lua:VoiceResponse
890000000007145,Плохой угол.,Плохой угол.,,jazz-units:items.lua:VoiceResponse
890000000007146,Вижу их!,Вижу их!,,jazz-units:items.lua:VoiceResponse
890000000007147,Вижу их!,Вижу их!,,jazz-units:items.lua:VoiceResponse
890000000007148,Их много!,Их много!,,jazz-units:items.lua:VoiceResponse
890000000007149,Готов.,Готов.,,jazz-units:items.lua:VoiceResponse
890000000007150,Патроны кончились.,Патроны кончились.,,jazz-units:items.lua:VoiceResponse
890000000007151,Клин!,Клин!,,jazz-units:items.lua:VoiceResponse
890000000007152,Аргх!,Аргх!,,jazz-units:items.lua:VoiceResponse
890000000007153,Аргх!,Аргх!,,jazz-units:items.lua:VoiceResponse
890000000007154,Ранен!,Ранен!,,jazz-units:items.lua:VoiceResponse
890000000007155,Плохо…,Плохо…,,jazz-units:items.lua:VoiceResponse
890000000007156,К бою!,К бою!,,jazz-units:items.lua:VoiceResponse
890000000007157,Чисто.,Чисто.,,jazz-units:items.lua:VoiceResponse
890000000007158,Ещё остались.,Ещё остались.,,jazz-units:items.lua:VoiceResponse
890000000007159,Жду.,Жду.,,jazz-units:items.lua:VoiceResponse
890000000007160,Жду.,Жду.,,jazz-units:items.lua:VoiceResponse
890000000007161,Прячусь.,Прячусь.,,jazz-units:items.lua:VoiceResponse
890000000007162,Прячусь.,Прячусь.,,jazz-units:items.lua:VoiceResponse
890000000007163,Интересно…,Интересно…,,jazz-units:items.lua:VoiceResponse
890000000007164,Интересно…,Интересно…,,jazz-units:items.lua:VoiceResponse
890000000007165,Закрыто.,Закрыто.,,jazz-units:items.lua:VoiceResponse
890000000007166,Устал…,Устал…,,jazz-units:items.lua:VoiceResponse
890000000007167,(пыхтит),(пыхтит),,jazz-units:items.lua:VoiceResponse
890000000007168,Спасибо.,Спасибо.,,jazz-units:items.lua:VoiceResponse
890000000007169,Не сейчас.,Не сейчас.,,jazz-units:items.lua:VoiceResponse
890000000007170,Готово.,Готово.,,jazz-units:items.lua:VoiceResponse
890000000007171,В укрытие!,В укрытие!,,jazz-units:items.lua:VoiceResponse
890000000007172,Граната!,Граната!,,jazz-units:items.lua:VoiceResponse
890000000007173,Очередь!,Очередь!,,jazz-units:items.lua:VoiceResponse
890000000007174,(лезет),(лезет),,jazz-units:items.lua:VoiceResponse
890000000007175,(прыжок),(прыжок),,jazz-units:items.lua:VoiceResponse
890000000007176,Что?!,Что?!,,jazz-units:items.lua:VoiceResponse
890000000007177,Опасно!,Опасно!,,jazz-units:items.lua:VoiceResponse
890000000007178,Держу сектор.,Держу сектор.,,jazz-units:items.lua:VoiceResponse
890000000007179,Наготове.,Наготове.,,jazz-units:items.lua:VoiceResponse
890000000007180,(кашляет),(кашляет),,jazz-units:items.lua:VoiceResponse
890000000007181,Почти…,Почти…,,jazz-units:items.lua:VoiceResponse
890000000007182,Зверь!,Зверь!,,jazz-units:items.lua:VoiceResponse
890000000007183,Есть идея.,Есть идея.,,jazz-units:items.lua:VoiceResponse
890000000007184,Сделано.,Сделано.,,jazz-units:items.lua:VoiceResponse
890000000007185,Не вышло.,Не вышло.,,jazz-units:items.lua:VoiceResponse
890000000007186,На связи.,На связи.,,jazz-units:items.lua:VoiceResponse
890000000007187,На связи.,На связи.,,jazz-units:items.lua:VoiceResponse
890000000007188,Тихо.,Тихо.,,jazz-units:items.lua:VoiceResponse
890000000007189,Тихо.,Тихо.,,jazz-units:items.lua:VoiceResponse
890000000007190,Тихо.,Тихо.,,jazz-units:items.lua:VoiceResponse
890000000007191,Есть.,Есть.,,jazz-units:items.lua:VoiceResponse
890000000007192,Есть.,Есть.,,jazz-units:items.lua:VoiceResponse
890000000007193,Есть.,Есть.,,jazz-units:items.lua:VoiceResponse
890000000007194,Двигаюсь.,Двигаюсь.,,jazz-units:items.lua:VoiceResponse
890000000007195,Двигаюсь.,Двигаюсь.,,jazz-units:items.lua:VoiceResponse
890000000007196,Двигаюсь.,Двигаюсь.,,jazz-units:items.lua:VoiceResponse
890000000007197,Крадусь.,Крадусь.,,jazz-units:items.lua:VoiceResponse
890000000007198,Крадусь.,Крадусь.,,jazz-units:items.lua:VoiceResponse
890000000007199,Крадусь.,Крадусь.,,jazz-units:items.lua:VoiceResponse
890000000007200,С вами.,С вами.,,jazz-units:items.lua:VoiceResponse
890000000007201,С вами.,С вами.,,jazz-units:items.lua:VoiceResponse
890000000007202,С вами.,С вами.,,jazz-units:items.lua:VoiceResponse
890000000007203,Есть цель!,Есть цель!,,jazz-units:items.lua:VoiceResponse
890000000007204,Тихо сниму.,Тихо сниму.,,jazz-units:items.lua:VoiceResponse
890000000007205,Тихо сниму.,Тихо сниму.,,jazz-units:items.lua:VoiceResponse
890000000007206,Сложный выстрел.,Сложный выстрел.,,jazz-units:items.lua:VoiceResponse
890000000007207,Плохой угол.,Плохой угол.,,jazz-units:items.lua:VoiceResponse
890000000007208,Вижу их!,Вижу их!,,jazz-units:items.lua:VoiceResponse
890000000007209,Вижу их!,Вижу их!,,jazz-units:items.lua:VoiceResponse
890000000007210,Их много!,Их много!,,jazz-units:items.lua:VoiceResponse
890000000007211,Готов.,Готов.,,jazz-units:items.lua:VoiceResponse
890000000007212,Патроны кончились.,Патроны кончились.,,jazz-units:items.lua:VoiceResponse
890000000007213,Клин!,Клин!,,jazz-units:items.lua:VoiceResponse
890000000007214,Аргх!,Аргх!,,jazz-units:items.lua:VoiceResponse
890000000007215,Аргх!,Аргх!,,jazz-units:items.lua:VoiceResponse
890000000007216,Ранен!,Ранен!,,jazz-units:items.lua:VoiceResponse
890000000007217,Плохо…,Плохо…,,jazz-units:items.lua:VoiceResponse
890000000007218,К бою!,К бою!,,jazz-units:items.lua:VoiceResponse
890000000007219,Чисто.,Чисто.,,jazz-units:items.lua:VoiceResponse
890000000007220,Ещё остались.,Ещё остались.,,jazz-units:items.lua:VoiceResponse
890000000007221,Жду.,Жду.,,jazz-units:items.lua:VoiceResponse
890000000007222,Жду.,Жду.,,jazz-units:items.lua:VoiceResponse
890000000007223,Прячусь.,Прячусь.,,jazz-units:items.lua:VoiceResponse
890000000007224,Прячусь.,Прячусь.,,jazz-units:items.lua:VoiceResponse
890000000007225,Интересно…,Интересно…,,jazz-units:items.lua:VoiceResponse
890000000007226,Интересно…,Интересно…,,jazz-units:items.lua:VoiceResponse
890000000007227,Закрыто.,Закрыто.,,jazz-units:items.lua:VoiceResponse
890000000007228,Устал…,Устал…,,jazz-units:items.lua:VoiceResponse
890000000007229,(пыхтит),(пыхтит),,jazz-units:items.lua:VoiceResponse
890000000007230,Спасибо.,Спасибо.,,jazz-units:items.lua:VoiceResponse
890000000007231,Не сейчас.,Не сейчас.,,jazz-units:items.lua:VoiceResponse
890000000007232,Готово.,Готово.,,jazz-units:items.lua:VoiceResponse
890000000007233,В укрытие!,В укрытие!,,jazz-units:items.lua:VoiceResponse
890000000007234,Граната!,Граната!,,jazz-units:items.lua:VoiceResponse
890000000007235,Очередь!,Очередь!,,jazz-units:items.lua:VoiceResponse
890000000007236,(лезет),(лезет),,jazz-units:items.lua:VoiceResponse
890000000007237,(прыжок),(прыжок),,jazz-units:items.lua:VoiceResponse
890000000007238,Что?!,Что?!,,jazz-units:items.lua:VoiceResponse
890000000007239,Опасно!,Опасно!,,jazz-units:items.lua:VoiceResponse
890000000007240,Держу сектор.,Держу сектор.,,jazz-units:items.lua:VoiceResponse
890000000007241,Наготове.,Наготове.,,jazz-units:items.lua:VoiceResponse
890000000007242,(кашляет),(кашляет),,jazz-units:items.lua:VoiceResponse
890000000007243,Почти…,Почти…,,jazz-units:items.lua:VoiceResponse
890000000007244,Зверь!,Зверь!,,jazz-units:items.lua:VoiceResponse
890000000007245,Есть идея.,Есть идея.,,jazz-units:items.lua:VoiceResponse
890000000007246,Сделано.,Сделано.,,jazz-units:items.lua:VoiceResponse
890000000007247,Не вышло.,Не вышло.,,jazz-units:items.lua:VoiceResponse
890000000007248,На связи.,На связи.,,jazz-units:items.lua:VoiceResponse
890000000007249,На связи.,На связи.,,jazz-units:items.lua:VoiceResponse
890000000007250,Тихо.,Тихо.,,jazz-units:items.lua:VoiceResponse
890000000007251,Тихо.,Тихо.,,jazz-units:items.lua:VoiceResponse
890000000007252,Тихо.,Тихо.,,jazz-units:items.lua:VoiceResponse
890000000007253,Есть.,Есть.,,jazz-units:items.lua:VoiceResponse
890000000007254,Есть.,Есть.,,jazz-units:items.lua:VoiceResponse
890000000007255,Есть.,Есть.,,jazz-units:items.lua:VoiceResponse
890000000007256,Двигаюсь.,Двигаюсь.,,jazz-units:items.lua:VoiceResponse
890000000007257,Двигаюсь.,Двигаюсь.,,jazz-units:items.lua:VoiceResponse
890000000007258,Двигаюсь.,Двигаюсь.,,jazz-units:items.lua:VoiceResponse
890000000007259,Крадусь.,Крадусь.,,jazz-units:items.lua:VoiceResponse
890000000007260,Крадусь.,Крадусь.,,jazz-units:items.lua:VoiceResponse
890000000007261,Крадусь.,Крадусь.,,jazz-units:items.lua:VoiceResponse
890000000007262,С вами.,С вами.,,jazz-units:items.lua:VoiceResponse
890000000007263,С вами.,С вами.,,jazz-units:items.lua:VoiceResponse
890000000007264,С вами.,С вами.,,jazz-units:items.lua:VoiceResponse
890000000007265,Есть цель!,Есть цель!,,jazz-units:items.lua:VoiceResponse
890000000007266,Тихо сниму.,Тихо сниму.,,jazz-units:items.lua:VoiceResponse
890000000007267,Тихо сниму.,Тихо сниму.,,jazz-units:items.lua:VoiceResponse
890000000007268,Сложный выстрел.,Сложный выстрел.,,jazz-units:items.lua:VoiceResponse
890000000007269,Плохой угол.,Плохой угол.,,jazz-units:items.lua:VoiceResponse
890000000007270,Вижу их!,Вижу их!,,jazz-units:items.lua:VoiceResponse
890000000007271,Вижу их!,Вижу их!,,jazz-units:items.lua:VoiceResponse
890000000007272,Их много!,Их много!,,jazz-units:items.lua:VoiceResponse
890000000007273,Готов.,Готов.,,jazz-units:items.lua:VoiceResponse
890000000007274,Патроны кончились.,Патроны кончились.,,jazz-units:items.lua:VoiceResponse
890000000007275,Клин!,Клин!,,jazz-units:items.lua:VoiceResponse
890000000007276,Аргх!,Аргх!,,jazz-units:items.lua:VoiceResponse
890000000007277,Аргх!,Аргх!,,jazz-units:items.lua:VoiceResponse
890000000007278,Ранен!,Ранен!,,jazz-units:items.lua:VoiceResponse
890000000007279,Плохо…,Плохо…,,jazz-units:items.lua:VoiceResponse
890000000007280,К бою!,К бою!,,jazz-units:items.lua:VoiceResponse
890000000007281,Чисто.,Чисто.,,jazz-units:items.lua:VoiceResponse
890000000007282,Ещё остались.,Ещё остались.,,jazz-units:items.lua:VoiceResponse
890000000007283,Жду.,Жду.,,jazz-units:items.lua:VoiceResponse
890000000007284,Жду.,Жду.,,jazz-units:items.lua:VoiceResponse
890000000007285,Прячусь.,Прячусь.,,jazz-units:items.lua:VoiceResponse
890000000007286,Прячусь.,Прячусь.,,jazz-units:items.lua:VoiceResponse
890000000007287,Интересно…,Интересно…,,jazz-units:items.lua:VoiceResponse
890000000007288,Интересно…,Интересно…,,jazz-units:items.lua:VoiceResponse
890000000007289,Закрыто.,Закрыто.,,jazz-units:items.lua:VoiceResponse
890000000007290,Устал…,Устал…,,jazz-units:items.lua:VoiceResponse
890000000007291,(пыхтит),(пыхтит),,jazz-units:items.lua:VoiceResponse
890000000007292,Спасибо.,Спасибо.,,jazz-units:items.lua:VoiceResponse
890000000007293,Не сейчас.,Не сейчас.,,jazz-units:items.lua:VoiceResponse
890000000007294,Готово.,Готово.,,jazz-units:items.lua:VoiceResponse
890000000007295,В укрытие!,В укрытие!,,jazz-units:items.lua:VoiceResponse
890000000007296,Граната!,Граната!,,jazz-units:items.lua:VoiceResponse
890000000007297,Очередь!,Очередь!,,jazz-units:items.lua:VoiceResponse
890000000007298,(лезет),(лезет),,jazz-units:items.lua:VoiceResponse
890000000007299,(прыжок),(прыжок),,jazz-units:items.lua:VoiceResponse
890000000007300,Что?!,Что?!,,jazz-units:items.lua:VoiceResponse
890000000007301,Опасно!,Опасно!,,jazz-units:items.lua:VoiceResponse
890000000007302,Держу сектор.,Держу сектор.,,jazz-units:items.lua:VoiceResponse
890000000007303,Наготове.,Наготове.,,jazz-units:items.lua:VoiceResponse
890000000007304,(кашляет),(кашляет),,jazz-units:items.lua:VoiceResponse
890000000007305,Почти…,Почти…,,jazz-units:items.lua:VoiceResponse
890000000007306,Зверь!,Зверь!,,jazz-units:items.lua:VoiceResponse
890000000007307,Есть идея.,Есть идея.,,jazz-units:items.lua:VoiceResponse
890000000007308,Сделано.,Сделано.,,jazz-units:items.lua:VoiceResponse
890000000007309,Не вышло.,Не вышло.,,jazz-units:items.lua:VoiceResponse
890000000007310,На связи.,На связи.,,jazz-units:items.lua:VoiceResponse
890000000007311,На связи.,На связи.,,jazz-units:items.lua:VoiceResponse
890000000007312,Тихо.,Тихо.,,jazz-units:items.lua:VoiceResponse
890000000007313,Тихо.,Тихо.,,jazz-units:items.lua:VoiceResponse
890000000007314,Тихо.,Тихо.,,jazz-units:items.lua:VoiceResponse
890000000007315,Есть.,Есть.,,jazz-units:items.lua:VoiceResponse
890000000007316,Есть.,Есть.,,jazz-units:items.lua:VoiceResponse
890000000007317,Есть.,Есть.,,jazz-units:items.lua:VoiceResponse
890000000007318,Двигаюсь.,Двигаюсь.,,jazz-units:items.lua:VoiceResponse
890000000007319,Двигаюсь.,Двигаюсь.,,jazz-units:items.lua:VoiceResponse
890000000007320,Двигаюсь.,Двигаюсь.,,jazz-units:items.lua:VoiceResponse
890000000007321,Крадусь.,Крадусь.,,jazz-units:items.lua:VoiceResponse
890000000007322,Крадусь.,Крадусь.,,jazz-units:items.lua:VoiceResponse
890000000007323,Крадусь.,Крадусь.,,jazz-units:items.lua:VoiceResponse
890000000007324,С вами.,С вами.,,jazz-units:items.lua:VoiceResponse
890000000007325,С вами.,С вами.,,jazz-units:items.lua:VoiceResponse
890000000007326,С вами.,С вами.,,jazz-units:items.lua:VoiceResponse
890000000007327,Есть цель!,Есть цель!,,jazz-units:items.lua:VoiceResponse
890000000007328,Тихо сниму.,Тихо сниму.,,jazz-units:items.lua:VoiceResponse
890000000007329,Тихо сниму.,Тихо сниму.,,jazz-units:items.lua:VoiceResponse
890000000007330,Сложный выстрел.,Сложный выстрел.,,jazz-units:items.lua:VoiceResponse
890000000007331,Плохой угол.,Плохой угол.,,jazz-units:items.lua:VoiceResponse
890000000007332,Вижу их!,Вижу их!,,jazz-units:items.lua:VoiceResponse
890000000007333,Вижу их!,Вижу их!,,jazz-units:items.lua:VoiceResponse
890000000007334,Их много!,Их много!,,jazz-units:items.lua:VoiceResponse
890000000007335,Готов.,Готов.,,jazz-units:items.lua:VoiceResponse
890000000007336,Патроны кончились.,Патроны кончились.,,jazz-units:items.lua:VoiceResponse
890000000007337,Клин!,Клин!,,jazz-units:items.lua:VoiceResponse
890000000007338,Аргх!,Аргх!,,jazz-units:items.lua:VoiceResponse
890000000007339,Аргх!,Аргх!,,jazz-units:items.lua:VoiceResponse
890000000007340,Ранен!,Ранен!,,jazz-units:items.lua:VoiceResponse
890000000007341,Плохо…,Плохо…,,jazz-units:items.lua:VoiceResponse
890000000007342,К бою!,К бою!,,jazz-units:items.lua:VoiceResponse
890000000007343,Чисто.,Чисто.,,jazz-units:items.lua:VoiceResponse
890000000007344,Ещё остались.,Ещё остались.,,jazz-units:items.lua:VoiceResponse
890000000007345,Жду.,Жду.,,jazz-units:items.lua:VoiceResponse
890000000007346,Жду.,Жду.,,jazz-units:items.lua:VoiceResponse
890000000007347,Прячусь.,Прячусь.,,jazz-units:items.lua:VoiceResponse
890000000007348,Прячусь.,Прячусь.,,jazz-units:items.lua:VoiceResponse
890000000007349,Интересно…,Интересно…,,jazz-units:items.lua:VoiceResponse
890000000007350,Интересно…,Интересно…,,jazz-units:items.lua:VoiceResponse
890000000007351,Закрыто.,Закрыто.,,jazz-units:items.lua:VoiceResponse
890000000007352,Устал…,Устал…,,jazz-units:items.lua:VoiceResponse
890000000007353,(пыхтит),(пыхтит),,jazz-units:items.lua:VoiceResponse
890000000007354,Спасибо.,Спасибо.,,jazz-units:items.lua:VoiceResponse
890000000007355,Не сейчас.,Не сейчас.,,jazz-units:items.lua:VoiceResponse
890000000007356,Готово.,Готово.,,jazz-units:items.lua:VoiceResponse
890000000007357,В укрытие!,В укрытие!,,jazz-units:items.lua:VoiceResponse
890000000007358,Граната!,Граната!,,jazz-units:items.lua:VoiceResponse
890000000007359,Очередь!,Очередь!,,jazz-units:items.lua:VoiceResponse
890000000007360,(лезет),(лезет),,jazz-units:items.lua:VoiceResponse
890000000007361,(прыжок),(прыжок),,jazz-units:items.lua:VoiceResponse
890000000007362,Что?!,Что?!,,jazz-units:items.lua:VoiceResponse
890000000007363,Опасно!,Опасно!,,jazz-units:items.lua:VoiceResponse
890000000007364,Держу сектор.,Держу сектор.,,jazz-units:items.lua:VoiceResponse
890000000007365,Наготове.,Наготове.,,jazz-units:items.lua:VoiceResponse
890000000007366,(кашляет),(кашляет),,jazz-units:items.lua:VoiceResponse
890000000007367,Почти…,Почти…,,jazz-units:items.lua:VoiceResponse
890000000007368,Зверь!,Зверь!,,jazz-units:items.lua:VoiceResponse
890000000007369,Есть идея.,Есть идея.,,jazz-units:items.lua:VoiceResponse
890000000007370,Сделано.,Сделано.,,jazz-units:items.lua:VoiceResponse
890000000007371,Не вышло.,Не вышло.,,jazz-units:items.lua:VoiceResponse
890000000007372,На связи.,На связи.,,jazz-units:items.lua:VoiceResponse
890000000007373,На связи.,На связи.,,jazz-units:items.lua:VoiceResponse
890000000007374,Тихо.,Тихо.,,jazz-units:items.lua:VoiceResponse
890000000007375,Тихо.,Тихо.,,jazz-units:items.lua:VoiceResponse
890000000007376,Тихо.,Тихо.,,jazz-units:items.lua:VoiceResponse
890000000007377,Есть.,Есть.,,jazz-units:items.lua:VoiceResponse
890000000007378,Есть.,Есть.,,jazz-units:items.lua:VoiceResponse
890000000007379,Есть.,Есть.,,jazz-units:items.lua:VoiceResponse
890000000007380,Двигаюсь.,Двигаюсь.,,jazz-units:items.lua:VoiceResponse
890000000007381,Двигаюсь.,Двигаюсь.,,jazz-units:items.lua:VoiceResponse
890000000007382,Двигаюсь.,Двигаюсь.,,jazz-units:items.lua:VoiceResponse
890000000007383,Крадусь.,Крадусь.,,jazz-units:items.lua:VoiceResponse
890000000007384,Крадусь.,Крадусь.,,jazz-units:items.lua:VoiceResponse
890000000007385,Крадусь.,Крадусь.,,jazz-units:items.lua:VoiceResponse
890000000007386,С вами.,С вами.,,jazz-units:items.lua:VoiceResponse
890000000007387,С вами.,С вами.,,jazz-units:items.lua:VoiceResponse
890000000007388,С вами.,С вами.,,jazz-units:items.lua:VoiceResponse
890000000007389,Есть цель!,Есть цель!,,jazz-units:items.lua:VoiceResponse
890000000007390,Тихо сниму.,Тихо сниму.,,jazz-units:items.lua:VoiceResponse
890000000007391,Тихо сниму.,Тихо сниму.,,jazz-units:items.lua:VoiceResponse
890000000007392,Сложный выстрел.,Сложный выстрел.,,jazz-units:items.lua:VoiceResponse
890000000007393,Плохой угол.,Плохой угол.,,jazz-units:items.lua:VoiceResponse
890000000007394,Вижу их!,Вижу их!,,jazz-units:items.lua:VoiceResponse
890000000007395,Вижу их!,Вижу их!,,jazz-units:items.lua:VoiceResponse
890000000007396,Их много!,Их много!,,jazz-units:items.lua:VoiceResponse
890000000007397,Готов.,Готов.,,jazz-units:items.lua:VoiceResponse
890000000007398,Патроны кончились.,Патроны кончились.,,jazz-units:items.lua:VoiceResponse
890000000007399,Клин!,Клин!,,jazz-units:items.lua:VoiceResponse
890000000007400,Аргх!,Аргх!,,jazz-units:items.lua:VoiceResponse
890000000007401,Аргх!,Аргх!,,jazz-units:items.lua:VoiceResponse
890000000007402,Ранен!,Ранен!,,jazz-units:items.lua:VoiceResponse
890000000007403,Плохо…,Плохо…,,jazz-units:items.lua:VoiceResponse
890000000007404,К бою!,К бою!,,jazz-units:items.lua:VoiceResponse
890000000007405,Чисто.,Чисто.,,jazz-units:items.lua:VoiceResponse
890000000007406,Ещё остались.,Ещё остались.,,jazz-units:items.lua:VoiceResponse
890000000007407,Жду.,Жду.,,jazz-units:items.lua:VoiceResponse
890000000007408,Жду.,Жду.,,jazz-units:items.lua:VoiceResponse
890000000007409,Прячусь.,Прячусь.,,jazz-units:items.lua:VoiceResponse
890000000007410,Прячусь.,Прячусь.,,jazz-units:items.lua:VoiceResponse
890000000007411,Интересно…,Интересно…,,jazz-units:items.lua:VoiceResponse
890000000007412,Интересно…,Интересно…,,jazz-units:items.lua:VoiceResponse
890000000007413,Закрыто.,Закрыто.,,jazz-units:items.lua:VoiceResponse
890000000007414,Устал…,Устал…,,jazz-units:items.lua:VoiceResponse
890000000007415,(пыхтит),(пыхтит),,jazz-units:items.lua:VoiceResponse
890000000007416,Спасибо.,Спасибо.,,jazz-units:items.lua:VoiceResponse
890000000007417,Не сейчас.,Не сейчас.,,jazz-units:items.lua:VoiceResponse
890000000007418,Готово.,Готово.,,jazz-units:items.lua:VoiceResponse
890000000007419,В укрытие!,В укрытие!,,jazz-units:items.lua:VoiceResponse
890000000007420,Граната!,Граната!,,jazz-units:items.lua:VoiceResponse
890000000007421,Очередь!,Очередь!,,jazz-units:items.lua:VoiceResponse
890000000007422,(лезет),(лезет),,jazz-units:items.lua:VoiceResponse
890000000007423,(прыжок),(прыжок),,jazz-units:items.lua:VoiceResponse
890000000007424,Что?!,Что?!,,jazz-units:items.lua:VoiceResponse
890000000007425,Опасно!,Опасно!,,jazz-units:items.lua:VoiceResponse
890000000007426,Держу сектор.,Держу сектор.,,jazz-units:items.lua:VoiceResponse
890000000007427,Наготове.,Наготове.,,jazz-units:items.lua:VoiceResponse
890000000007428,(кашляет),(кашляет),,jazz-units:items.lua:VoiceResponse
890000000007429,Почти…,Почти…,,jazz-units:items.lua:VoiceResponse
890000000007430,Зверь!,Зверь!,,jazz-units:items.lua:VoiceResponse
890000000007431,Есть идея.,Есть идея.,,jazz-units:items.lua:VoiceResponse
890000000007432,Сделано.,Сделано.,,jazz-units:items.lua:VoiceResponse
890000000007433,Не вышло.,Не вышло.,,jazz-units:items.lua:VoiceResponse
890000000007434,На связи.,На связи.,,jazz-units:items.lua:VoiceResponse
890000000007435,На связи.,На связи.,,jazz-units:items.lua:VoiceResponse
890000000007436,Тихо.,Тихо.,,jazz-units:items.lua:VoiceResponse
890000000007437,Тихо.,Тихо.,,jazz-units:items.lua:VoiceResponse
890000000007438,Тихо.,Тихо.,,jazz-units:items.lua:VoiceResponse
890000000007439,Есть.,Есть.,,jazz-units:items.lua:VoiceResponse
890000000007440,Есть.,Есть.,,jazz-units:items.lua:VoiceResponse
890000000007441,Есть.,Есть.,,jazz-units:items.lua:VoiceResponse
890000000007442,Двигаюсь.,Двигаюсь.,,jazz-units:items.lua:VoiceResponse
890000000007443,Двигаюсь.,Двигаюсь.,,jazz-units:items.lua:VoiceResponse
890000000007444,Двигаюсь.,Двигаюсь.,,jazz-units:items.lua:VoiceResponse
890000000007445,Крадусь.,Крадусь.,,jazz-units:items.lua:VoiceResponse
890000000007446,Крадусь.,Крадусь.,,jazz-units:items.lua:VoiceResponse
890000000007447,Крадусь.,Крадусь.,,jazz-units:items.lua:VoiceResponse
890000000007448,С вами.,С вами.,,jazz-units:items.lua:VoiceResponse
890000000007449,С вами.,С вами.,,jazz-units:items.lua:VoiceResponse
890000000007450,С вами.,С вами.,,jazz-units:items.lua:VoiceResponse
890000000007451,Есть цель!,Есть цель!,,jazz-units:items.lua:VoiceResponse
890000000007452,Тихо сниму.,Тихо сниму.,,jazz-units:items.lua:VoiceResponse
890000000007453,Тихо сниму.,Тихо сниму.,,jazz-units:items.lua:VoiceResponse
890000000007454,Сложный выстрел.,Сложный выстрел.,,jazz-units:items.lua:VoiceResponse
890000000007455,Плохой угол.,Плохой угол.,,jazz-units:items.lua:VoiceResponse
890000000007456,Вижу их!,Вижу их!,,jazz-units:items.lua:VoiceResponse
890000000007457,Вижу их!,Вижу их!,,jazz-units:items.lua:VoiceResponse
890000000007458,Их много!,Их много!,,jazz-units:items.lua:VoiceResponse
890000000007459,Готов.,Готов.,,jazz-units:items.lua:VoiceResponse
890000000007460,Патроны кончились.,Патроны кончились.,,jazz-units:items.lua:VoiceResponse
890000000007461,Клин!,Клин!,,jazz-units:items.lua:VoiceResponse
890000000007462,Аргх!,Аргх!,,jazz-units:items.lua:VoiceResponse
890000000007463,Аргх!,Аргх!,,jazz-units:items.lua:VoiceResponse
890000000007464,Ранен!,Ранен!,,jazz-units:items.lua:VoiceResponse
890000000007465,Плохо…,Плохо…,,jazz-units:items.lua:VoiceResponse
890000000007466,К бою!,К бою!,,jazz-units:items.lua:VoiceResponse
890000000007467,Чисто.,Чисто.,,jazz-units:items.lua:VoiceResponse
890000000007468,Ещё остались.,Ещё остались.,,jazz-units:items.lua:VoiceResponse
890000000007469,Жду.,Жду.,,jazz-units:items.lua:VoiceResponse
890000000007470,Жду.,Жду.,,jazz-units:items.lua:VoiceResponse
890000000007471,Прячусь.,Прячусь.,,jazz-units:items.lua:VoiceResponse
890000000007472,Прячусь.,Прячусь.,,jazz-units:items.lua:VoiceResponse
890000000007473,Интересно…,Интересно…,,jazz-units:items.lua:VoiceResponse
890000000007474,Интересно…,Интересно…,,jazz-units:items.lua:VoiceResponse
890000000007475,Закрыто.,Закрыто.,,jazz-units:items.lua:VoiceResponse
890000000007476,Устал…,Устал…,,jazz-units:items.lua:VoiceResponse
890000000007477,(пыхтит),(пыхтит),,jazz-units:items.lua:VoiceResponse
890000000007478,Спасибо.,Спасибо.,,jazz-units:items.lua:VoiceResponse
890000000007479,Не сейчас.,Не сейчас.,,jazz-units:items.lua:VoiceResponse
890000000007480,Готово.,Готово.,,jazz-units:items.lua:VoiceResponse
890000000007481,В укрытие!,В укрытие!,,jazz-units:items.lua:VoiceResponse
890000000007482,Граната!,Граната!,,jazz-units:items.lua:VoiceResponse
890000000007483,Очередь!,Очередь!,,jazz-units:items.lua:VoiceResponse
890000000007484,(лезет),(лезет),,jazz-units:items.lua:VoiceResponse
890000000007485,(прыжок),(прыжок),,jazz-units:items.lua:VoiceResponse
890000000007486,Что?!,Что?!,,jazz-units:items.lua:VoiceResponse
890000000007487,Опасно!,Опасно!,,jazz-units:items.lua:VoiceResponse
890000000007488,Держу сектор.,Держу сектор.,,jazz-units:items.lua:VoiceResponse
890000000007489,Наготове.,Наготове.,,jazz-units:items.lua:VoiceResponse
890000000007490,(кашляет),(кашляет),,jazz-units:items.lua:VoiceResponse
890000000007491,Почти…,Почти…,,jazz-units:items.lua:VoiceResponse
890000000007492,Зверь!,Зверь!,,jazz-units:items.lua:VoiceResponse
890000000007493,Есть идея.,Есть идея.,,jazz-units:items.lua:VoiceResponse
890000000007494,Сделано.,Сделано.,,jazz-units:items.lua:VoiceResponse
890000000007495,Не вышло.,Не вышло.,,jazz-units:items.lua:VoiceResponse
890000000007496,На связи.,На связи.,,jazz-units:items.lua:VoiceResponse
890000000007497,На связи.,На связи.,,jazz-units:items.lua:VoiceResponse
890000000007498,Тихо.,Тихо.,,jazz-units:items.lua:VoiceResponse
890000000007499,Тихо.,Тихо.,,jazz-units:items.lua:VoiceResponse
890000000007500,Тихо.,Тихо.,,jazz-units:items.lua:VoiceResponse
890000000007501,Есть.,Есть.,,jazz-units:items.lua:VoiceResponse
890000000007502,Есть.,Есть.,,jazz-units:items.lua:VoiceResponse
890000000007503,Есть.,Есть.,,jazz-units:items.lua:VoiceResponse
890000000007504,Двигаюсь.,Двигаюсь.,,jazz-units:items.lua:VoiceResponse
890000000007505,Двигаюсь.,Двигаюсь.,,jazz-units:items.lua:VoiceResponse
890000000007506,Двигаюсь.,Двигаюсь.,,jazz-units:items.lua:VoiceResponse
890000000007507,Крадусь.,Крадусь.,,jazz-units:items.lua:VoiceResponse
890000000007508,Крадусь.,Крадусь.,,jazz-units:items.lua:VoiceResponse
890000000007509,Крадусь.,Крадусь.,,jazz-units:items.lua:VoiceResponse
890000000007510,С вами.,С вами.,,jazz-units:items.lua:VoiceResponse
890000000007511,С вами.,С вами.,,jazz-units:items.lua:VoiceResponse
890000000007512,С вами.,С вами.,,jazz-units:items.lua:VoiceResponse
890000000007513,Есть цель!,Есть цель!,,jazz-units:items.lua:VoiceResponse
890000000007514,Тихо сниму.,Тихо сниму.,,jazz-units:items.lua:VoiceResponse
890000000007515,Тихо сниму.,Тихо сниму.,,jazz-units:items.lua:VoiceResponse
890000000007516,Сложный выстрел.,Сложный выстрел.,,jazz-units:items.lua:VoiceResponse
890000000007517,Плохой угол.,Плохой угол.,,jazz-units:items.lua:VoiceResponse
890000000007518,Вижу их!,Вижу их!,,jazz-units:items.lua:VoiceResponse
890000000007519,Вижу их!,Вижу их!,,jazz-units:items.lua:VoiceResponse
890000000007520,Их много!,Их много!,,jazz-units:items.lua:VoiceResponse
890000000007521,Готов.,Готов.,,jazz-units:items.lua:VoiceResponse
890000000007522,Патроны на исходе!,Патроны на исходе!,,jazz-units:items.lua:VoiceResponse
890000000007523,Клин!,Клин!,,jazz-units:items.lua:VoiceResponse
890000000007524,Аргх!,Аргх!,,jazz-units:items.lua:VoiceResponse
890000000007525,Аргх!,Аргх!,,jazz-units:items.lua:VoiceResponse
890000000007526,Ранен!,Ранен!,,jazz-units:items.lua:VoiceResponse
890000000007527,Плохо…,Плохо…,,jazz-units:items.lua:VoiceResponse
890000000007528,К бою!,К бою!,,jazz-units:items.lua:VoiceResponse
890000000007529,Чисто.,Чисто.,,jazz-units:items.lua:VoiceResponse
890000000007530,Ещё остались.,Ещё остались.,,jazz-units:items.lua:VoiceResponse
890000000007531,Жду.,Жду.,,jazz-units:items.lua:VoiceResponse
890000000007532,Жду.,Жду.,,jazz-units:items.lua:VoiceResponse
890000000007533,Прячусь.,Прячусь.,,jazz-units:items.lua:VoiceResponse
890000000007534,Прячусь.,Прячусь.,,jazz-units:items.lua:VoiceResponse
890000000007535,Интересно…,Интересно…,,jazz-units:items.lua:VoiceResponse
890000000007536,Интересно…,Интересно…,,jazz-units:items.lua:VoiceResponse
890000000007537,Закрыто.,Закрыто.,,jazz-units:items.lua:VoiceResponse
890000000007538,Устал…,Устал…,,jazz-units:items.lua:VoiceResponse
890000000007539,(пыхтит),(пыхтит),,jazz-units:items.lua:VoiceResponse
890000000007540,Спасибо.,Спасибо.,,jazz-units:items.lua:VoiceResponse
890000000007541,Не сейчас.,Не сейчас.,,jazz-units:items.lua:VoiceResponse
890000000007542,Готово.,Готово.,,jazz-units:items.lua:VoiceResponse
890000000007543,В укрытие!,В укрытие!,,jazz-units:items.lua:VoiceResponse
890000000007544,Граната!,Граната!,,jazz-units:items.lua:VoiceResponse
890000000007545,Очередь!,Очередь!,,jazz-units:items.lua:VoiceResponse
890000000007546,(лезет),(лезет),,jazz-units:items.lua:VoiceResponse
890000000007547,(прыжок),(прыжок),,jazz-units:items.lua:VoiceResponse
890000000007548,Что?!,Что?!,,jazz-units:items.lua:VoiceResponse
890000000007549,Опасно!,Опасно!,,jazz-units:items.lua:VoiceResponse
890000000007550,Держу сектор.,Держу сектор.,,jazz-units:items.lua:VoiceResponse
890000000007551,Наготове.,Наготове.,,jazz-units:items.lua:VoiceResponse
890000000007552,(кашляет),(кашляет),,jazz-units:items.lua:VoiceResponse
890000000007553,Почти…,Почти…,,jazz-units:items.lua:VoiceResponse
890000000007554,Зверь!,Зверь!,,jazz-units:items.lua:VoiceResponse
890000000007555,Есть идея.,Есть идея.,,jazz-units:items.lua:VoiceResponse
890000000007556,Сделано.,Сделано.,,jazz-units:items.lua:VoiceResponse
890000000007557,Не вышло.,Не вышло.,,jazz-units:items.lua:VoiceResponse
890000000007558,На связи.,На связи.,,jazz-units:items.lua:VoiceResponse
890000000007559,На связи.,На связи.,,jazz-units:items.lua:VoiceResponse
890000000007560,Тихо.,Тихо.,,jazz-units:items.lua:VoiceResponse
890000000007561,Тихо.,Тихо.,,jazz-units:items.lua:VoiceResponse
890000000007562,Тихо.,Тихо.,,jazz-units:items.lua:VoiceResponse
890000000007563,Есть.,Есть.,,jazz-units:items.lua:VoiceResponse
890000000007564,Есть.,Есть.,,jazz-units:items.lua:VoiceResponse
890000000007565,Есть.,Есть.,,jazz-units:items.lua:VoiceResponse
890000000007566,Двигаюсь.,Двигаюсь.,,jazz-units:items.lua:VoiceResponse
890000000007567,Двигаюсь.,Двигаюсь.,,jazz-units:items.lua:VoiceResponse
890000000007568,Двигаюсь.,Двигаюсь.,,jazz-units:items.lua:VoiceResponse
890000000007569,Крадусь.,Крадусь.,,jazz-units:items.lua:VoiceResponse
890000000007570,Крадусь.,Крадусь.,,jazz-units:items.lua:VoiceResponse
890000000007571,Крадусь.,Крадусь.,,jazz-units:items.lua:VoiceResponse
890000000007572,С вами.,С вами.,,jazz-units:items.lua:VoiceResponse
890000000007573,С вами.,С вами.,,jazz-units:items.lua:VoiceResponse
890000000007574,С вами.,С вами.,,jazz-units:items.lua:VoiceResponse
890000000007575,Есть цель!,Есть цель!,,jazz-units:items.lua:VoiceResponse
890000000007576,Тихо сниму.,Тихо сниму.,,jazz-units:items.lua:VoiceResponse
890000000007577,Тихо сниму.,Тихо сниму.,,jazz-units:items.lua:VoiceResponse
890000000007578,Сложный выстрел.,Сложный выстрел.,,jazz-units:items.lua:VoiceResponse
890000000007579,Плохой угол.,Плохой угол.,,jazz-units:items.lua:VoiceResponse
890000000007580,Вижу их!,Вижу их!,,jazz-units:items.lua:VoiceResponse
890000000007581,Вижу их!,Вижу их!,,jazz-units:items.lua:VoiceResponse
890000000007582,Их много!,Их много!,,jazz-units:items.lua:VoiceResponse
890000000007583,Готов.,Готов.,,jazz-units:items.lua:VoiceResponse
890000000007584,Патроны кончились.,Патроны кончились.,,jazz-units:items.lua:VoiceResponse
890000000007585,Клин!,Клин!,,jazz-units:items.lua:VoiceResponse
890000000007586,Аргх!,Аргх!,,jazz-units:items.lua:VoiceResponse
890000000007587,Аргх!,Аргх!,,jazz-units:items.lua:VoiceResponse
890000000007588,Ранен!,Ранен!,,jazz-units:items.lua:VoiceResponse
890000000007589,Плохо…,Плохо…,,jazz-units:items.lua:VoiceResponse
890000000007590,К бою!,К бою!,,jazz-units:items.lua:VoiceResponse
890000000007591,Чисто.,Чисто.,,jazz-units:items.lua:VoiceResponse
890000000007592,Ещё остались.,Ещё остались.,,jazz-units:items.lua:VoiceResponse
890000000007593,Жду.,Жду.,,jazz-units:items.lua:VoiceResponse
890000000007594,Жду.,Жду.,,jazz-units:items.lua:VoiceResponse
890000000007595,Прячусь.,Прячусь.,,jazz-units:items.lua:VoiceResponse
890000000007596,Прячусь.,Прячусь.,,jazz-units:items.lua:VoiceResponse
890000000007597,Интересно…,Интересно…,,jazz-units:items.lua:VoiceResponse
890000000007598,Интересно…,Интересно…,,jazz-units:items.lua:VoiceResponse
890000000007599,Закрыто.,Закрыто.,,jazz-units:items.lua:VoiceResponse
890000000007600,Устал…,Устал…,,jazz-units:items.lua:VoiceResponse
890000000007601,(пыхтит),(пыхтит),,jazz-units:items.lua:VoiceResponse
890000000007602,Спасибо.,Спасибо.,,jazz-units:items.lua:VoiceResponse
890000000007603,Не сейчас.,Не сейчас.,,jazz-units:items.lua:VoiceResponse
890000000007604,Готово.,Готово.,,jazz-units:items.lua:VoiceResponse
890000000007605,В укрытие!,В укрытие!,,jazz-units:items.lua:VoiceResponse
890000000007606,Граната!,Граната!,,jazz-units:items.lua:VoiceResponse
890000000007607,Очередь!,Очередь!,,jazz-units:items.lua:VoiceResponse
890000000007608,(лезет),(лезет),,jazz-units:items.lua:VoiceResponse
890000000007609,(прыжок),(прыжок),,jazz-units:items.lua:VoiceResponse
890000000007610,Что?!,Что?!,,jazz-units:items.lua:VoiceResponse
890000000007611,Опасно!,Опасно!,,jazz-units:items.lua:VoiceResponse
890000000007612,Держу сектор.,Держу сектор.,,jazz-units:items.lua:VoiceResponse
890000000007613,Наготове.,Наготове.,,jazz-units:items.lua:VoiceResponse
890000000007614,(кашляет),(кашляет),,jazz-units:items.lua:VoiceResponse
890000000007615,Почти…,Почти…,,jazz-units:items.lua:VoiceResponse
890000000007616,Зверь!,Зверь!,,jazz-units:items.lua:VoiceResponse
890000000007617,Есть идея.,Есть идея.,,jazz-units:items.lua:VoiceResponse
890000000007618,Сделано.,Сделано.,,jazz-units:items.lua:VoiceResponse
890000000007619,Не вышло.,Не вышло.,,jazz-units:items.lua:VoiceResponse
890000000007620,На связи.,На связи.,,jazz-units:items.lua:VoiceResponse
890000000007621,На связи.,На связи.,,jazz-units:items.lua:VoiceResponse
890000000007622,Тихо.,Тихо.,,jazz-units:items.lua:VoiceResponse
890000000007623,Тихо.,Тихо.,,jazz-units:items.lua:VoiceResponse
890000000007624,Тихо.,Тихо.,,jazz-units:items.lua:VoiceResponse
890000000007625,Есть.,Есть.,,jazz-units:items.lua:VoiceResponse
890000000007626,Есть.,Есть.,,jazz-units:items.lua:VoiceResponse
890000000007627,Есть.,Есть.,,jazz-units:items.lua:VoiceResponse
890000000007628,Двигаюсь.,Двигаюсь.,,jazz-units:items.lua:VoiceResponse
890000000007629,Двигаюсь.,Двигаюсь.,,jazz-units:items.lua:VoiceResponse
890000000007630,Двигаюсь.,Двигаюсь.,,jazz-units:items.lua:VoiceResponse
890000000007631,Крадусь.,Крадусь.,,jazz-units:items.lua:VoiceResponse
890000000007632,Крадусь.,Крадусь.,,jazz-units:items.lua:VoiceResponse
890000000007633,Крадусь.,Крадусь.,,jazz-units:items.lua:VoiceResponse
890000000007634,Моя тоже.,Моя тоже.,,jazz-units:items.lua:VoiceResponse
890000000007635,Моя тоже.,Моя тоже.,,jazz-units:items.lua:VoiceResponse
890000000007636,Моя тоже.,Моя тоже.,,jazz-units:items.lua:VoiceResponse
890000000007637,Твой помирай!,Твой помирай!,,jazz-units:items.lua:VoiceResponse
890000000007638,"Тс-с-с! Моя что-то слышал, однако.","Тс-с-с! Моя что-то слышал, однако.",,jazz-units:items.lua:VoiceResponse
890000000007639,"Тс-с-с! Моя что-то слышал, однако.","Тс-с-с! Моя что-то слышал, однако.",,jazz-units:items.lua:VoiceResponse
890000000007640,"Что-то совсем темно стало, однако...","Что-то совсем темно стало, однако...",,jazz-units:items.lua:VoiceResponse
890000000007641,Моя не понимай.,Моя не понимай.,,jazz-units:items.lua:VoiceResponse
890000000007642,Нехороший человек!,Нехороший человек!,,jazz-units:items.lua:VoiceResponse
890000000007643,Вижу врагов!,Вижу врагов!,,jazz-units:items.lua:VoiceResponse
890000000007644,"Их слишком много, однако.","Их слишком много, однако.",,jazz-units:items.lua:VoiceResponse
890000000007645,"Задавил блоха, однако!","Задавил блоха, однако!",,jazz-units:items.lua:VoiceResponse
890000000007646,"Пуля... Нет больше пуля, однако!","Пуля... Нет больше пуля, однако!",,jazz-units:items.lua:VoiceResponse
890000000007647,"Плохой ружье - заело, однако!","Плохой ружье - заело, однако!",,jazz-units:items.lua:VoiceResponse
890000000007648,Аргх!,Аргх!,,jazz-units:items.lua:VoiceResponse
890000000007649,Аргх!,Аргх!,,jazz-units:items.lua:VoiceResponse
890000000007650,Моя совсем плохая!,Моя совсем плохая!,,jazz-units:items.lua:VoiceResponse
890000000007651,"Моя скучай по дому, однако.","Моя скучай по дому, однако.",,jazz-units:items.lua:VoiceResponse
890000000007652,Моя работать.,Моя работать.,,jazz-units:items.lua:VoiceResponse
890000000007653,Злой человек умер!,Злой человек умер!,,jazz-units:items.lua:VoiceResponse
890000000007654,Злые люди близко!,Злые люди близко!,,jazz-units:items.lua:VoiceResponse
890000000007655,Жду.,Жду.,,jazz-units:items.lua:VoiceResponse
890000000007656,Жду.,Жду.,,jazz-units:items.lua:VoiceResponse
890000000007657,"Тс-с-с! Моя что-то слышал, однако.","Тс-с-с! Моя что-то слышал, однако.",,jazz-units:items.lua:VoiceResponse
890000000007658,"Тс-с-с! Моя что-то слышал, однако.","Тс-с-с! Моя что-то слышал, однако.",,jazz-units:items.lua:VoiceResponse
890000000007659,Моя нашел!,Моя нашел!,,jazz-units:items.lua:VoiceResponse
890000000007660,"Моя что-то видеть, однако.","Моя что-то видеть, однако.",,jazz-units:items.lua:VoiceResponse
890000000007661,Закрыто.,Закрыто.,,jazz-units:items.lua:VoiceResponse
890000000007662,Моя ложись спать.,Моя ложись спать.,,jazz-units:items.lua:VoiceResponse
890000000007663,"Моя дышать плохо, однако.","Моя дышать плохо, однако.",,jazz-units:items.lua:VoiceResponse
890000000007664,Хороший люди!,Хороший люди!,,jazz-units:items.lua:VoiceResponse
890000000007665,Нет.,Нет.,,jazz-units:items.lua:VoiceResponse
890000000007666,Моя все сделать!,Моя все сделать!,,jazz-units:items.lua:VoiceResponse
890000000007667,"Самолет полетел, однако!","Самолет полетел, однако!",,jazz-units:items.lua:VoiceResponse
890000000007668,Твой помирай!,Твой помирай!,,jazz-units:items.lua:VoiceResponse
890000000007669,Твой помирай!,Твой помирай!,,jazz-units:items.lua:VoiceResponse
890000000007670,"Моя дышать плохо, однако.","Моя дышать плохо, однако.",,jazz-units:items.lua:VoiceResponse
890000000007671,"Моя дышать плохо, однако.","Моя дышать плохо, однако.",,jazz-units:items.lua:VoiceResponse
890000000007672,"Тс-с-с! Моя что-то слышал, однако.","Тс-с-с! Моя что-то слышал, однако.",,jazz-units:items.lua:VoiceResponse
890000000007673,"Моя это не нравится, однако.","Моя это не нравится, однако.",,jazz-units:items.lua:VoiceResponse
890000000007674,Злые люди еще здесь!,Злые люди ещё здесь!,,jazz-units:items.lua:VoiceResponse
890000000007675,Злые люди еще здесь!,Злые люди ещё здесь!,,jazz-units:items.lua:VoiceResponse
890000000007676,(кашляет),(кашляет),,jazz-units:items.lua:VoiceResponse
890000000007677,Твоя промазал! Моя нет.,Твоя промазал! Моя нет.,,jazz-units:items.lua:VoiceResponse
890000000007678,Собака!,Собака!,,jazz-units:items.lua:VoiceResponse
890000000007679,Моя все сделать!,Моя все сделать!,,jazz-units:items.lua:VoiceResponse
890000000007680,"Что случилось, однако?","Что случилось, однако?",,jazz-units:items.lua:VoiceResponse
890000000007681,Хорошо.,Хорошо.,,jazz-units:items.lua:VoiceResponse
890000000007682,На связи.,На связи.,,jazz-units:items.lua:VoiceResponse
890000000007683,На связи.,На связи.,,jazz-units:items.lua:VoiceResponse
890000000007684,Тихо.,Тихо.,,jazz-units:items.lua:VoiceResponse
890000000007685,Тихо.,Тихо.,,jazz-units:items.lua:VoiceResponse
890000000007686,Тихо.,Тихо.,,jazz-units:items.lua:VoiceResponse
890000000007687,Есть.,Есть.,,jazz-units:items.lua:VoiceResponse
890000000007688,Есть.,Есть.,,jazz-units:items.lua:VoiceResponse
890000000007689,Есть.,Есть.,,jazz-units:items.lua:VoiceResponse
890000000007690,Двигаюсь.,Двигаюсь.,,jazz-units:items.lua:VoiceResponse
890000000007691,Двигаюсь.,Двигаюсь.,,jazz-units:items.lua:VoiceResponse
890000000007692,Двигаюсь.,Двигаюсь.,,jazz-units:items.lua:VoiceResponse
890000000007693,Крадусь.,Крадусь.,,jazz-units:items.lua:VoiceResponse
890000000007694,Крадусь.,Крадусь.,,jazz-units:items.lua:VoiceResponse
890000000007695,Крадусь.,Крадусь.,,jazz-units:items.lua:VoiceResponse
890000000007696,С вами.,С вами.,,jazz-units:items.lua:VoiceResponse
890000000007697,С вами.,С вами.,,jazz-units:items.lua:VoiceResponse
890000000007698,С вами.,С вами.,,jazz-units:items.lua:VoiceResponse
890000000007699,Есть цель!,Есть цель!,,jazz-units:items.lua:VoiceResponse
890000000007700,Тихо сниму.,Тихо сниму.,,jazz-units:items.lua:VoiceResponse
890000000007701,Тихо сниму.,Тихо сниму.,,jazz-units:items.lua:VoiceResponse
890000000007702,Сложный выстрел.,Сложный выстрел.,,jazz-units:items.lua:VoiceResponse
890000000007703,Плохой угол.,Плохой угол.,,jazz-units:items.lua:VoiceResponse
890000000007704,Вижу их!,Вижу их!,,jazz-units:items.lua:VoiceResponse
890000000007705,Вижу их!,Вижу их!,,jazz-units:items.lua:VoiceResponse
890000000007706,Их много!,Их много!,,jazz-units:items.lua:VoiceResponse
890000000007707,Готов.,Готов.,,jazz-units:items.lua:VoiceResponse
890000000007708,Патроны кончились.,Патроны кончились.,,jazz-units:items.lua:VoiceResponse
890000000007709,Клин!,Клин!,,jazz-units:items.lua:VoiceResponse
890000000007710,Аргх!,Аргх!,,jazz-units:items.lua:VoiceResponse
890000000007711,Аргх!,Аргх!,,jazz-units:items.lua:VoiceResponse
890000000007712,Ранен!,Ранен!,,jazz-units:items.lua:VoiceResponse
890000000007713,Плохо…,Плохо…,,jazz-units:items.lua:VoiceResponse
890000000007714,К бою!,К бою!,,jazz-units:items.lua:VoiceResponse
890000000007715,Чисто.,Чисто.,,jazz-units:items.lua:VoiceResponse
890000000007716,Ещё остались.,Ещё остались.,,jazz-units:items.lua:VoiceResponse
890000000007717,Жду.,Жду.,,jazz-units:items.lua:VoiceResponse
890000000007718,Жду.,Жду.,,jazz-units:items.lua:VoiceResponse
890000000007719,Прячусь.,Прячусь.,,jazz-units:items.lua:VoiceResponse
890000000007720,Прячусь.,Прячусь.,,jazz-units:items.lua:VoiceResponse
890000000007721,Интересно…,Интересно…,,jazz-units:items.lua:VoiceResponse
890000000007722,Интересно…,Интересно…,,jazz-units:items.lua:VoiceResponse
890000000007723,Закрыто.,Закрыто.,,jazz-units:items.lua:VoiceResponse
890000000007724,Устал…,Устал…,,jazz-units:items.lua:VoiceResponse
890000000007725,(пыхтит),(пыхтит),,jazz-units:items.lua:VoiceResponse
890000000007726,Спасибо.,Спасибо.,,jazz-units:items.lua:VoiceResponse
890000000007727,Не сейчас.,Не сейчас.,,jazz-units:items.lua:VoiceResponse
890000000007728,Готово.,Готово.,,jazz-units:items.lua:VoiceResponse
890000000007729,В укрытие!,В укрытие!,,jazz-units:items.lua:VoiceResponse
890000000007730,Граната!,Граната!,,jazz-units:items.lua:VoiceResponse
890000000007731,Очередь!,Очередь!,,jazz-units:items.lua:VoiceResponse
890000000007732,(лезет),(лезет),,jazz-units:items.lua:VoiceResponse
890000000007733,(прыжок),(прыжок),,jazz-units:items.lua:VoiceResponse
890000000007734,Что?!,Что?!,,jazz-units:items.lua:VoiceResponse
890000000007735,Опасно!,Опасно!,,jazz-units:items.lua:VoiceResponse
890000000007736,Держу сектор.,Держу сектор.,,jazz-units:items.lua:VoiceResponse
890000000007737,Наготове.,Наготове.,,jazz-units:items.lua:VoiceResponse
890000000007738,(кашляет),(кашляет),,jazz-units:items.lua:VoiceResponse
890000000007739,Почти…,Почти…,,jazz-units:items.lua:VoiceResponse
890000000007740,Зверь!,Зверь!,,jazz-units:items.lua:VoiceResponse
890000000007741,Есть идея.,Есть идея.,,jazz-units:items.lua:VoiceResponse
890000000007742,Сделано.,Сделано.,,jazz-units:items.lua:VoiceResponse
890000000007743,Не вышло.,Не вышло.,,jazz-units:items.lua:VoiceResponse
890000000007744,На связи.,На связи.,,jazz-units:items.lua:VoiceResponse
890000000007745,На связи.,На связи.,,jazz-units:items.lua:VoiceResponse
890000000007746,Тихо.,Тихо.,,jazz-units:items.lua:VoiceResponse
890000000007747,Тихо.,Тихо.,,jazz-units:items.lua:VoiceResponse
890000000007748,Тихо.,Тихо.,,jazz-units:items.lua:VoiceResponse
890000000007749,Есть.,Есть.,,jazz-units:items.lua:VoiceResponse
890000000007750,Есть.,Есть.,,jazz-units:items.lua:VoiceResponse
890000000007751,Есть.,Есть.,,jazz-units:items.lua:VoiceResponse
890000000007752,Двигаюсь.,Двигаюсь.,,jazz-units:items.lua:VoiceResponse
890000000007753,Двигаюсь.,Двигаюсь.,,jazz-units:items.lua:VoiceResponse
890000000007754,Двигаюсь.,Двигаюсь.,,jazz-units:items.lua:VoiceResponse
890000000007755,Крадусь.,Крадусь.,,jazz-units:items.lua:VoiceResponse
890000000007756,Крадусь.,Крадусь.,,jazz-units:items.lua:VoiceResponse
890000000007757,Крадусь.,Крадусь.,,jazz-units:items.lua:VoiceResponse
890000000007758,С вами.,С вами.,,jazz-units:items.lua:VoiceResponse
890000000007759,С вами.,С вами.,,jazz-units:items.lua:VoiceResponse
890000000007760,С вами.,С вами.,,jazz-units:items.lua:VoiceResponse
890000000007761,Есть цель!,Есть цель!,,jazz-units:items.lua:VoiceResponse
890000000007762,Тихо сниму.,Тихо сниму.,,jazz-units:items.lua:VoiceResponse
890000000007763,Тихо сниму.,Тихо сниму.,,jazz-units:items.lua:VoiceResponse
890000000007764,Сложный выстрел.,Сложный выстрел.,,jazz-units:items.lua:VoiceResponse
890000000007765,Плохой угол.,Плохой угол.,,jazz-units:items.lua:VoiceResponse
890000000007766,Вижу их!,Вижу их!,,jazz-units:items.lua:VoiceResponse
890000000007767,Вижу их!,Вижу их!,,jazz-units:items.lua:VoiceResponse
890000000007768,Их много!,Их много!,,jazz-units:items.lua:VoiceResponse
890000000007769,Готов.,Готов.,,jazz-units:items.lua:VoiceResponse
890000000007770,Патроны кончились.,Патроны кончились.,,jazz-units:items.lua:VoiceResponse
890000000007771,Клин!,Клин!,,jazz-units:items.lua:VoiceResponse
890000000007772,Аргх!,Аргх!,,jazz-units:items.lua:VoiceResponse
890000000007773,Аргх!,Аргх!,,jazz-units:items.lua:VoiceResponse
890000000007774,Ранен!,Ранен!,,jazz-units:items.lua:VoiceResponse
890000000007775,Плохо…,Плохо…,,jazz-units:items.lua:VoiceResponse
890000000007776,К бою!,К бою!,,jazz-units:items.lua:VoiceResponse
890000000007777,Чисто.,Чисто.,,jazz-units:items.lua:VoiceResponse
890000000007778,Ещё остались.,Ещё остались.,,jazz-units:items.lua:VoiceResponse
890000000007779,Жду.,Жду.,,jazz-units:items.lua:VoiceResponse
890000000007780,Жду.,Жду.,,jazz-units:items.lua:VoiceResponse
890000000007781,Прячусь.,Прячусь.,,jazz-units:items.lua:VoiceResponse
890000000007782,Прячусь.,Прячусь.,,jazz-units:items.lua:VoiceResponse
890000000007783,Интересно…,Интересно…,,jazz-units:items.lua:VoiceResponse
890000000007784,Интересно…,Интересно…,,jazz-units:items.lua:VoiceResponse
890000000007785,Закрыто.,Закрыто.,,jazz-units:items.lua:VoiceResponse
890000000007786,Устал…,Устал…,,jazz-units:items.lua:VoiceResponse
890000000007787,(пыхтит),(пыхтит),,jazz-units:items.lua:VoiceResponse
890000000007788,Спасибо.,Спасибо.,,jazz-units:items.lua:VoiceResponse
890000000007789,Не сейчас.,Не сейчас.,,jazz-units:items.lua:VoiceResponse
890000000007790,Готово.,Готово.,,jazz-units:items.lua:VoiceResponse
890000000007791,В укрытие!,В укрытие!,,jazz-units:items.lua:VoiceResponse
890000000007792,Граната!,Граната!,,jazz-units:items.lua:VoiceResponse
890000000007793,Очередь!,Очередь!,,jazz-units:items.lua:VoiceResponse
890000000007794,(лезет),(лезет),,jazz-units:items.lua:VoiceResponse
890000000007795,(прыжок),(прыжок),,jazz-units:items.lua:VoiceResponse
890000000007796,Что?!,Что?!,,jazz-units:items.lua:VoiceResponse
890000000007797,Опасно!,Опасно!,,jazz-units:items.lua:VoiceResponse
890000000007798,Держу сектор.,Держу сектор.,,jazz-units:items.lua:VoiceResponse
890000000007799,Наготове.,Наготове.,,jazz-units:items.lua:VoiceResponse
890000000007800,(кашляет),(кашляет),,jazz-units:items.lua:VoiceResponse
890000000007801,Почти…,Почти…,,jazz-units:items.lua:VoiceResponse
890000000007802,Зверь!,Зверь!,,jazz-units:items.lua:VoiceResponse
890000000007803,Есть идея.,Есть идея.,,jazz-units:items.lua:VoiceResponse
890000000007804,Сделано.,Сделано.,,jazz-units:items.lua:VoiceResponse
890000000007805,Не вышло.,Не вышло.,,jazz-units:items.lua:VoiceResponse
890000000007806,На связи.,На связи.,,jazz-units:items.lua:VoiceResponse
890000000007807,На связи.,На связи.,,jazz-units:items.lua:VoiceResponse
890000000007808,Тихо.,Тихо.,,jazz-units:items.lua:VoiceResponse
890000000007809,Тихо.,Тихо.,,jazz-units:items.lua:VoiceResponse
890000000007810,Тихо.,Тихо.,,jazz-units:items.lua:VoiceResponse
890000000007811,Есть.,Есть.,,jazz-units:items.lua:VoiceResponse
890000000007812,Есть.,Есть.,,jazz-units:items.lua:VoiceResponse
890000000007813,Есть.,Есть.,,jazz-units:items.lua:VoiceResponse
890000000007814,Двигаюсь.,Двигаюсь.,,jazz-units:items.lua:VoiceResponse
890000000007815,Двигаюсь.,Двигаюсь.,,jazz-units:items.lua:VoiceResponse
890000000007816,Двигаюсь.,Двигаюсь.,,jazz-units:items.lua:VoiceResponse
890000000007817,Крадусь.,Крадусь.,,jazz-units:items.lua:VoiceResponse
890000000007818,Крадусь.,Крадусь.,,jazz-units:items.lua:VoiceResponse
890000000007819,Крадусь.,Крадусь.,,jazz-units:items.lua:VoiceResponse
890000000007820,Запишите и меня.,Запишите и меня.,,jazz-units:items.lua:VoiceResponse
890000000007821,Запишите и меня.,Запишите и меня.,,jazz-units:items.lua:VoiceResponse
890000000007822,Запишите и меня.,Запишите и меня.,,jazz-units:items.lua:VoiceResponse
890000000007823,Свободен... делов-то.,Свободен... делов-то.,,jazz-units:items.lua:VoiceResponse
890000000007824,Мне неспокойно: я слышу странные звуки.,Мне неспокойно: я слышу странные звуки.,,jazz-units:items.lua:VoiceResponse
890000000007825,Мне неспокойно: я слышу странные звуки.,Мне неспокойно: я слышу странные звуки.,,jazz-units:items.lua:VoiceResponse
890000000007826,Туда только ураган снесет.,Туда только ураган снесет.,,jazz-units:items.lua:VoiceResponse
890000000007827,Это невозможно.,Это невозможно.,,jazz-units:items.lua:VoiceResponse
890000000007828,Вот и жлоб.,Вот и жлоб.,,jazz-units:items.lua:VoiceResponse
890000000007829,Наконец-то можно поразвлечься.,Наконец-то можно поразвлечься.,,jazz-units:items.lua:VoiceResponse
890000000007830,Меня поражает их агрессивность.,Меня поражает их агрессивность.,,jazz-units:items.lua:VoiceResponse
890000000007831,Я ухожу отсюда. Биф невыносим и глуп. Я бы не доверил этому парню даже автомобиль припарковать.,Я ухожу отсюда. Биф невыносим и глуп. Я бы не доверил этому парню даже автомобиль припарковать.,,jazz-units:items.lua:VoiceResponse
890000000007832,Скучно жить с пустой обоймой.,Скучно жить с пустой обоймой.,,jazz-units:items.lua:VoiceResponse
890000000007833,Боже мой... это оружие неисправно.,Боже мой... это оружие неисправно.,,jazz-units:items.lua:VoiceResponse
890000000007834,Аргх!,Аргх!,,jazz-units:items.lua:VoiceResponse
890000000007835,Аргх!,Аргх!,,jazz-units:items.lua:VoiceResponse
890000000007836,Умираю... но не сдаюсь...,Умираю... но не сдаюсь...,,jazz-units:items.lua:VoiceResponse
890000000007837,Мне надоело. Надоела эта безысходность.,Мне надоело. Надоела эта безысходность.,,jazz-units:items.lua:VoiceResponse
890000000007838,К бою!,К бою!,,jazz-units:items.lua:VoiceResponse
890000000007839,Им всем крышка. Мы снова победили.,Им всем крышка. Мы снова победили.,,jazz-units:items.lua:VoiceResponse
890000000007840,Мы здесь не одни.,Мы здесь не одни.,,jazz-units:items.lua:VoiceResponse
890000000007841,"Америка! Страна без культуры. Эти люди просто летят на яркий свет, словно мотыльки.","Америка! Страна без культуры. Эти люди просто летят на яркий свет, словно мотыльки.",,jazz-units:items.lua:VoiceResponse
890000000007842,"Америка! Страна без культуры. Эти люди просто летят на яркий свет, словно мотыльки.","Америка! Страна без культуры. Эти люди просто летят на яркий свет, словно мотыльки.",,jazz-units:items.lua:VoiceResponse
890000000007843,Мне неспокойно: я слышу странные звуки.,Мне неспокойно: я слышу странные звуки.,,jazz-units:items.lua:VoiceResponse
890000000007844,Мне неспокойно: я слышу странные звуки.,Мне неспокойно: я слышу странные звуки.,,jazz-units:items.lua:VoiceResponse
890000000007845,Я что-то заметил.,Я что-то заметил.,,jazz-units:items.lua:VoiceResponse
890000000007846,Это можно взять.,Это можно взять.,,jazz-units:items.lua:VoiceResponse
890000000007847,Закрыто.,Закрыто.,,jazz-units:items.lua:VoiceResponse
890000000007848,Усталость - худший из врагов.,Усталость - худший из врагов.,,jazz-units:items.lua:VoiceResponse
890000000007849,Нечем... дышать.,Нечем... дышать.,,jazz-units:items.lua:VoiceResponse
890000000007850,Гастон ее просто покорил. Это было очевидно.,Гастон ее просто покорил. Это было очевидно.,,jazz-units:items.lua:VoiceResponse
890000000007851,Это просто смешно.,Это просто смешно.,,jazz-units:items.lua:VoiceResponse
890000000007852,Закончил выполнение.,Закончил выполнение.,,jazz-units:items.lua:VoiceResponse
890000000007853,Самолет нас заметил. Они целятся в меня.,Самолет нас заметил. Они целятся в меня.,,jazz-units:items.lua:VoiceResponse
890000000007854,Свободен... делов-то.,Свободен... делов-то.,,jazz-units:items.lua:VoiceResponse
890000000007855,Свободен... делов-то.,Свободен... делов-то.,,jazz-units:items.lua:VoiceResponse
890000000007856,Нечем... дышать.,Нечем... дышать.,,jazz-units:items.lua:VoiceResponse
890000000007857,Нечем... дышать.,Нечем... дышать.,,jazz-units:items.lua:VoiceResponse
890000000007858,Мне неспокойно: я слышу странные звуки.,Мне неспокойно: я слышу странные звуки.,,jazz-units:items.lua:VoiceResponse
890000000007859,"Нельзя забывать, что здесь опасно.","Нельзя забывать, что здесь опасно.",,jazz-units:items.lua:VoiceResponse
890000000007860,"Я, Гастон Кавалье, должен быть начеку, ради тех, кто уже не с нами.","Я, Гастон Кавалье, должен быть начеку, ради тех, кто уже не с нами.",,jazz-units:items.lua:VoiceResponse
890000000007861,"Я, Гастон Кавалье, должен быть начеку, ради тех, кто уже не с нами.","Я, Гастон Кавалье, должен быть начеку, ради тех, кто уже не с нами.",,jazz-units:items.lua:VoiceResponse
890000000007862,(кашляет),(кашляет),,jazz-units:items.lua:VoiceResponse
890000000007863,"Ха... ты умрешь, некомпетентный!","Ха... ты умрешь, некомпетентный!",,jazz-units:items.lua:VoiceResponse
890000000007864,"Я слышу, кошка мяучит.","Я слышу, кошка мяучит.",,jazz-units:items.lua:VoiceResponse
890000000007865,Закончил выполнение.,Закончил выполнение.,,jazz-units:items.lua:VoiceResponse
890000000007866,"Похоже, ты удивлен?","Похоже, ты удивлен?",,jazz-units:items.lua:VoiceResponse
890000000007867,Неужели очевидная глупость этого пугает только меня?,Неужели очевидная глупость этого пугает только меня?,,jazz-units:items.lua:VoiceResponse
890000000007868,На связи.,На связи.,,jazz-units:items.lua:VoiceResponse
890000000007869,На связи.,На связи.,,jazz-units:items.lua:VoiceResponse
890000000007870,Тихо.,Тихо.,,jazz-units:items.lua:VoiceResponse
890000000007871,Тихо.,Тихо.,,jazz-units:items.lua:VoiceResponse
890000000007872,Тихо.,Тихо.,,jazz-units:items.lua:VoiceResponse
890000000007873,Есть.,Есть.,,jazz-units:items.lua:VoiceResponse
890000000007874,Есть.,Есть.,,jazz-units:items.lua:VoiceResponse
890000000007875,Есть.,Есть.,,jazz-units:items.lua:VoiceResponse
890000000007876,Двигаюсь.,Двигаюсь.,,jazz-units:items.lua:VoiceResponse
890000000007877,Двигаюсь.,Двигаюсь.,,jazz-units:items.lua:VoiceResponse
890000000007878,Двигаюсь.,Двигаюсь.,,jazz-units:items.lua:VoiceResponse
890000000007879,Крадусь.,Крадусь.,,jazz-units:items.lua:VoiceResponse
890000000007880,Крадусь.,Крадусь.,,jazz-units:items.lua:VoiceResponse
890000000007881,Крадусь.,Крадусь.,,jazz-units:items.lua:VoiceResponse
890000000007882,Во-во дело говоришь!,Во-во дело говоришь!,,jazz-units:items.lua:VoiceResponse
890000000007883,Во-во дело говоришь!,Во-во дело говоришь!,,jazz-units:items.lua:VoiceResponse
890000000007884,Во-во дело говоришь!,Во-во дело говоришь!,,jazz-units:items.lua:VoiceResponse
890000000007885,"И звать тебя теперь ""двухсотый""!","И звать тебя теперь ""двухсотый""!",,jazz-units:items.lua:VoiceResponse
890000000007886,А ну тихо!,А ну тихо!,,jazz-units:items.lua:VoiceResponse
890000000007887,А ну тихо!,А ну тихо!,,jazz-units:items.lua:VoiceResponse
890000000007888,Ты в уме?,Ты в уме?,,jazz-units:items.lua:VoiceResponse
890000000007889,Ты знаешь... никак!,Ты знаешь... никак!,,jazz-units:items.lua:VoiceResponse
890000000007890,Опп-а! Вижу цель.,Опп-а! Вижу цель.,,jazz-units:items.lua:VoiceResponse
890000000007891,Начнем что ли?,Начнем что ли?,,jazz-units:items.lua:VoiceResponse
890000000007892,"Тю-ю! В очередь, сукины дети!","Тю-ю! В очередь, сукины дети!",,jazz-units:items.lua:VoiceResponse
890000000007893,"И звать тебя теперь ""двухсотый""!","И звать тебя теперь ""двухсотый""!",,jazz-units:items.lua:VoiceResponse
890000000007894,"И рад бы, да стрелять нечем.","И рад бы, да стрелять нечем.",,jazz-units:items.lua:VoiceResponse
890000000007895,В самый подходящий момент! Это хуже афганской берданки!,В самый подходящий момент! Это хуже афганской берданки!,,jazz-units:items.lua:VoiceResponse
890000000007896,Аргх!,Аргх!,,jazz-units:items.lua:VoiceResponse
890000000007897,Аргх!,Аргх!,,jazz-units:items.lua:VoiceResponse
890000000007898,Е-мое! Больно!,Ё-моё! Больно!,,jazz-units:items.lua:VoiceResponse
890000000007899,Да-а! С таким командиром навоюешь пожалуй!,Да-а! С таким командиром навоюешь пожалуй!,,jazz-units:items.lua:VoiceResponse
890000000007900,"Ну вот, а теперь и повоевать можно!","Ну вот, а теперь и повоевать можно!",,jazz-units:items.lua:VoiceResponse
890000000007901,И сразу тихо так стало! Хор-рошо!,И сразу тихо так стало! Хор-рошо!,,jazz-units:items.lua:VoiceResponse
890000000007902,"Пару ""шмелей"" бы сюда на зачистку... Ну да придется самим.","Пару ""шмелей"" бы сюда на зачистку... Ну да придется самим.",,jazz-units:items.lua:VoiceResponse
890000000007903,"Ну, до дяди ему далеко... Но паренек толковый.","Ну, до дяди ему далеко... Но паренек толковый.",,jazz-units:items.lua:VoiceResponse
890000000007904,"Ну, до дяди ему далеко... Но паренек толковый.","Ну, до дяди ему далеко... Но паренек толковый.",,jazz-units:items.lua:VoiceResponse
890000000007905,А ну тихо!,А ну тихо!,,jazz-units:items.lua:VoiceResponse
890000000007906,А ну тихо!,А ну тихо!,,jazz-units:items.lua:VoiceResponse
890000000007907,Че-т нашел.,Че-т нашел.,,jazz-units:items.lua:VoiceResponse
890000000007908,"Чужое. Халява. Взять-взять! Хы! Фильм ""ДМБ"" смотрел?","Чужое. Халява. Взять-взять! Хы! Фильм ""ДМБ"" смотрел?",,jazz-units:items.lua:VoiceResponse
890000000007909,Закрыто.,Закрыто.,,jazz-units:items.lua:VoiceResponse
890000000007910,Меня не кантовать... При пожаре выносить первым...,Меня не кантовать... При пожаре выносить первым...,,jazz-units:items.lua:VoiceResponse
890000000007911,"Выключаюсь, однако!","Выключаюсь, однако!",,jazz-units:items.lua:VoiceResponse
890000000007912,А хорошие люди есть не только в России!,А хорошие люди есть не только в России!,,jazz-units:items.lua:VoiceResponse
890000000007913,"Никак нет, товарищ генерал!","Никак нет, товарищ генерал!",,jazz-units:items.lua:VoiceResponse
890000000007914,Все. Сделал.,Все. Сделал.,,jazz-units:items.lua:VoiceResponse
890000000007915,Ложись!,Ложись!,,jazz-units:items.lua:VoiceResponse
890000000007916,"И звать тебя теперь ""двухсотый""!","И звать тебя теперь ""двухсотый""!",,jazz-units:items.lua:VoiceResponse
890000000007917,"И звать тебя теперь ""двухсотый""!","И звать тебя теперь ""двухсотый""!",,jazz-units:items.lua:VoiceResponse
890000000007918,"Выключаюсь, однако!","Выключаюсь, однако!",,jazz-units:items.lua:VoiceResponse
890000000007919,"Выключаюсь, однако!","Выключаюсь, однако!",,jazz-units:items.lua:VoiceResponse
890000000007920,А ну тихо!,А ну тихо!,,jazz-units:items.lua:VoiceResponse
890000000007921,Опасно!,Опасно!,,jazz-units:items.lua:VoiceResponse
890000000007922,Этт еще не все!,Этт еще не все!,,jazz-units:items.lua:VoiceResponse
890000000007923,Этт еще не все!,Этт еще не все!,,jazz-units:items.lua:VoiceResponse
890000000007924,(кашляет),(кашляет),,jazz-units:items.lua:VoiceResponse
890000000007925,Ч-чижики!,Ч-чижики!,,jazz-units:items.lua:VoiceResponse
890000000007926,"Эх... Ну, здравствуй, Мурзик!","Эх... Ну, здравствуй, Мурзик!",,jazz-units:items.lua:VoiceResponse
890000000007927,Все. Сделал.,Все. Сделал.,,jazz-units:items.lua:VoiceResponse
890000000007928,"Стареем, что ли? Да ну, быть не может!","Стареем, что ли? Да ну, быть не может!",,jazz-units:items.lua:VoiceResponse
890000000007929,А ты еще раз подумай!,А ты еще раз подумай!,,jazz-units:items.lua:VoiceResponse
890000000007930,На связи.,На связи.,,jazz-units:items.lua:VoiceResponse
890000000007931,На связи.,На связи.,,jazz-units:items.lua:VoiceResponse
890000000007932,Тихо.,Тихо.,,jazz-units:items.lua:VoiceResponse
890000000007933,Тихо.,Тихо.,,jazz-units:items.lua:VoiceResponse
890000000007934,Тихо.,Тихо.,,jazz-units:items.lua:VoiceResponse
890000000007935,Есть.,Есть.,,jazz-units:items.lua:VoiceResponse
890000000007936,Есть.,Есть.,,jazz-units:items.lua:VoiceResponse
890000000007937,Есть.,Есть.,,jazz-units:items.lua:VoiceResponse
890000000007938,Двигаюсь.,Двигаюсь.,,jazz-units:items.lua:VoiceResponse
890000000007939,Двигаюсь.,Двигаюсь.,,jazz-units:items.lua:VoiceResponse
890000000007940,Двигаюсь.,Двигаюсь.,,jazz-units:items.lua:VoiceResponse
890000000007941,Крадусь.,Крадусь.,,jazz-units:items.lua:VoiceResponse
890000000007942,Крадусь.,Крадусь.,,jazz-units:items.lua:VoiceResponse
890000000007943,Крадусь.,Крадусь.,,jazz-units:items.lua:VoiceResponse
890000000007944,С вами.,С вами.,,jazz-units:items.lua:VoiceResponse
890000000007945,С вами.,С вами.,,jazz-units:items.lua:VoiceResponse
890000000007946,С вами.,С вами.,,jazz-units:items.lua:VoiceResponse
890000000007947,Есть цель!,Есть цель!,,jazz-units:items.lua:VoiceResponse
890000000007948,Тихо сниму.,Тихо сниму.,,jazz-units:items.lua:VoiceResponse
890000000007949,Тихо сниму.,Тихо сниму.,,jazz-units:items.lua:VoiceResponse
890000000007950,Сложный выстрел.,Сложный выстрел.,,jazz-units:items.lua:VoiceResponse
890000000007951,Плохой угол.,Плохой угол.,,jazz-units:items.lua:VoiceResponse
890000000007952,Вижу их!,Вижу их!,,jazz-units:items.lua:VoiceResponse
890000000007953,Вижу их!,Вижу их!,,jazz-units:items.lua:VoiceResponse
890000000007954,Их много!,Их много!,,jazz-units:items.lua:VoiceResponse
890000000007955,Готов.,Готов.,,jazz-units:items.lua:VoiceResponse
890000000007956,Патроны кончились.,Патроны кончились.,,jazz-units:items.lua:VoiceResponse
890000000007957,Клин!,Клин!,,jazz-units:items.lua:VoiceResponse
890000000007958,Аргх!,Аргх!,,jazz-units:items.lua:VoiceResponse
890000000007959,Аргх!,Аргх!,,jazz-units:items.lua:VoiceResponse
890000000007960,Ранен!,Ранен!,,jazz-units:items.lua:VoiceResponse
890000000007961,Плохо…,Плохо…,,jazz-units:items.lua:VoiceResponse
890000000007962,К бою!,К бою!,,jazz-units:items.lua:VoiceResponse
890000000007963,Чисто.,Чисто.,,jazz-units:items.lua:VoiceResponse
890000000007964,Ещё остались.,Ещё остались.,,jazz-units:items.lua:VoiceResponse
890000000007965,Жду.,Жду.,,jazz-units:items.lua:VoiceResponse
890000000007966,Жду.,Жду.,,jazz-units:items.lua:VoiceResponse
890000000007967,Прячусь.,Прячусь.,,jazz-units:items.lua:VoiceResponse
890000000007968,Прячусь.,Прячусь.,,jazz-units:items.lua:VoiceResponse
890000000007969,Интересно…,Интересно…,,jazz-units:items.lua:VoiceResponse
890000000007970,Интересно…,Интересно…,,jazz-units:items.lua:VoiceResponse
890000000007971,Закрыто.,Закрыто.,,jazz-units:items.lua:VoiceResponse
890000000007972,Устал…,Устал…,,jazz-units:items.lua:VoiceResponse
890000000007973,(пыхтит),(пыхтит),,jazz-units:items.lua:VoiceResponse
890000000007974,Спасибо.,Спасибо.,,jazz-units:items.lua:VoiceResponse
890000000007975,Не сейчас.,Не сейчас.,,jazz-units:items.lua:VoiceResponse
890000000007976,Готово.,Готово.,,jazz-units:items.lua:VoiceResponse
890000000007977,В укрытие!,В укрытие!,,jazz-units:items.lua:VoiceResponse
890000000007978,Граната!,Граната!,,jazz-units:items.lua:VoiceResponse
890000000007979,Очередь!,Очередь!,,jazz-units:items.lua:VoiceResponse
890000000007980,(лезет),(лезет),,jazz-units:items.lua:VoiceResponse
890000000007981,(прыжок),(прыжок),,jazz-units:items.lua:VoiceResponse
890000000007982,Что?!,Что?!,,jazz-units:items.lua:VoiceResponse
890000000007983,Опасно!,Опасно!,,jazz-units:items.lua:VoiceResponse
890000000007984,Держу сектор.,Держу сектор.,,jazz-units:items.lua:VoiceResponse
890000000007985,Наготове.,Наготове.,,jazz-units:items.lua:VoiceResponse
890000000007986,(кашляет),(кашляет),,jazz-units:items.lua:VoiceResponse
890000000007987,Почти…,Почти…,,jazz-units:items.lua:VoiceResponse
890000000007988,Зверь!,Зверь!,,jazz-units:items.lua:VoiceResponse
890000000007989,Есть идея.,Есть идея.,,jazz-units:items.lua:VoiceResponse
890000000007990,Сделано.,Сделано.,,jazz-units:items.lua:VoiceResponse
890000000007991,Не вышло.,Не вышло.,,jazz-units:items.lua:VoiceResponse
890000000007992,На связи.,На связи.,,jazz-units:items.lua:VoiceResponse
890000000007993,На связи.,На связи.,,jazz-units:items.lua:VoiceResponse
890000000007994,Тихо.,Тихо.,,jazz-units:items.lua:VoiceResponse
890000000007995,Тихо.,Тихо.,,jazz-units:items.lua:VoiceResponse
890000000007996,Тихо.,Тихо.,,jazz-units:items.lua:VoiceResponse
890000000007997,Есть.,Есть.,,jazz-units:items.lua:VoiceResponse
890000000007998,Есть.,Есть.,,jazz-units:items.lua:VoiceResponse
890000000007999,Есть.,Есть.,,jazz-units:items.lua:VoiceResponse
890000000008000,Двигаюсь.,Двигаюсь.,,jazz-units:items.lua:VoiceResponse
890000000008001,Двигаюсь.,Двигаюсь.,,jazz-units:items.lua:VoiceResponse
890000000008002,Двигаюсь.,Двигаюсь.,,jazz-units:items.lua:VoiceResponse
890000000008003,Крадусь.,Крадусь.,,jazz-units:items.lua:VoiceResponse
890000000008004,Крадусь.,Крадусь.,,jazz-units:items.lua:VoiceResponse
890000000008005,Крадусь.,Крадусь.,,jazz-units:items.lua:VoiceResponse
890000000008006,С вами.,С вами.,,jazz-units:items.lua:VoiceResponse
890000000008007,С вами.,С вами.,,jazz-units:items.lua:VoiceResponse
890000000008008,С вами.,С вами.,,jazz-units:items.lua:VoiceResponse
890000000008009,Есть цель!,Есть цель!,,jazz-units:items.lua:VoiceResponse
890000000008010,Тихо сниму.,Тихо сниму.,,jazz-units:items.lua:VoiceResponse
890000000008011,Тихо сниму.,Тихо сниму.,,jazz-units:items.lua:VoiceResponse
890000000008012,Сложный выстрел.,Сложный выстрел.,,jazz-units:items.lua:VoiceResponse
890000000008013,Плохой угол.,Плохой угол.,,jazz-units:items.lua:VoiceResponse
890000000008014,Вижу их!,Вижу их!,,jazz-units:items.lua:VoiceResponse
890000000008015,Вижу их!,Вижу их!,,jazz-units:items.lua:VoiceResponse
890000000008016,Их много!,Их много!,,jazz-units:items.lua:VoiceResponse
890000000008017,Готов.,Готов.,,jazz-units:items.lua:VoiceResponse
890000000008018,Патроны кончились.,Патроны кончились.,,jazz-units:items.lua:VoiceResponse
890000000008019,Клин!,Клин!,,jazz-units:items.lua:VoiceResponse
890000000008020,Аргх!,Аргх!,,jazz-units:items.lua:VoiceResponse
890000000008021,Аргх!,Аргх!,,jazz-units:items.lua:VoiceResponse
890000000008022,Ранен!,Ранен!,,jazz-units:items.lua:VoiceResponse
890000000008023,Плохо…,Плохо…,,jazz-units:items.lua:VoiceResponse
890000000008024,К бою!,К бою!,,jazz-units:items.lua:VoiceResponse
890000000008025,Чисто.,Чисто.,,jazz-units:items.lua:VoiceResponse
890000000008026,Ещё остались.,Ещё остались.,,jazz-units:items.lua:VoiceResponse
890000000008027,Жду.,Жду.,,jazz-units:items.lua:VoiceResponse
890000000008028,Жду.,Жду.,,jazz-units:items.lua:VoiceResponse
890000000008029,Прячусь.,Прячусь.,,jazz-units:items.lua:VoiceResponse
890000000008030,Прячусь.,Прячусь.,,jazz-units:items.lua:VoiceResponse
890000000008031,Интересно…,Интересно…,,jazz-units:items.lua:VoiceResponse
890000000008032,Интересно…,Интересно…,,jazz-units:items.lua:VoiceResponse
890000000008033,Закрыто.,Закрыто.,,jazz-units:items.lua:VoiceResponse
890000000008034,Устал…,Устал…,,jazz-units:items.lua:VoiceResponse
890000000008035,(пыхтит),(пыхтит),,jazz-units:items.lua:VoiceResponse
890000000008036,Спасибо.,Спасибо.,,jazz-units:items.lua:VoiceResponse
890000000008037,Не сейчас.,Не сейчас.,,jazz-units:items.lua:VoiceResponse
890000000008038,Готово.,Готово.,,jazz-units:items.lua:VoiceResponse
890000000008039,В укрытие!,В укрытие!,,jazz-units:items.lua:VoiceResponse
890000000008040,Граната!,Граната!,,jazz-units:items.lua:VoiceResponse
890000000008041,Очередь!,Очередь!,,jazz-units:items.lua:VoiceResponse
890000000008042,(лезет),(лезет),,jazz-units:items.lua:VoiceResponse
890000000008043,(прыжок),(прыжок),,jazz-units:items.lua:VoiceResponse
890000000008044,Что?!,Что?!,,jazz-units:items.lua:VoiceResponse
890000000008045,Опасно!,Опасно!,,jazz-units:items.lua:VoiceResponse
890000000008046,Держу сектор.,Держу сектор.,,jazz-units:items.lua:VoiceResponse
890000000008047,Наготове.,Наготове.,,jazz-units:items.lua:VoiceResponse
890000000008048,(кашляет),(кашляет),,jazz-units:items.lua:VoiceResponse
890000000008049,Почти…,Почти…,,jazz-units:items.lua:VoiceResponse
890000000008050,Зверь!,Зверь!,,jazz-units:items.lua:VoiceResponse
890000000008051,Есть идея.,Есть идея.,,jazz-units:items.lua:VoiceResponse
890000000008052,Сделано.,Сделано.,,jazz-units:items.lua:VoiceResponse
890000000008053,Не вышло.,Не вышло.,,jazz-units:items.lua:VoiceResponse
890000000008054,На связи.,На связи.,,jazz-units:items.lua:VoiceResponse
890000000008055,На связи.,На связи.,,jazz-units:items.lua:VoiceResponse
890000000008056,Тихо.,Тихо.,,jazz-units:items.lua:VoiceResponse
890000000008057,Тихо.,Тихо.,,jazz-units:items.lua:VoiceResponse
890000000008058,Тихо.,Тихо.,,jazz-units:items.lua:VoiceResponse
890000000008059,Есть.,Есть.,,jazz-units:items.lua:VoiceResponse
890000000008060,Есть.,Есть.,,jazz-units:items.lua:VoiceResponse
890000000008061,Есть.,Есть.,,jazz-units:items.lua:VoiceResponse
890000000008062,Двигаюсь.,Двигаюсь.,,jazz-units:items.lua:VoiceResponse
890000000008063,Двигаюсь.,Двигаюсь.,,jazz-units:items.lua:VoiceResponse
890000000008064,Двигаюсь.,Двигаюсь.,,jazz-units:items.lua:VoiceResponse
890000000008065,Крадусь.,Крадусь.,,jazz-units:items.lua:VoiceResponse
890000000008066,Крадусь.,Крадусь.,,jazz-units:items.lua:VoiceResponse
890000000008067,Крадусь.,Крадусь.,,jazz-units:items.lua:VoiceResponse
890000000008068,С вами.,С вами.,,jazz-units:items.lua:VoiceResponse
890000000008069,С вами.,С вами.,,jazz-units:items.lua:VoiceResponse
890000000008070,С вами.,С вами.,,jazz-units:items.lua:VoiceResponse
890000000008071,Есть цель!,Есть цель!,,jazz-units:items.lua:VoiceResponse
890000000008072,Тихо сниму.,Тихо сниму.,,jazz-units:items.lua:VoiceResponse
890000000008073,Тихо сниму.,Тихо сниму.,,jazz-units:items.lua:VoiceResponse
890000000008074,Сложный выстрел.,Сложный выстрел.,,jazz-units:items.lua:VoiceResponse
890000000008075,Плохой угол.,Плохой угол.,,jazz-units:items.lua:VoiceResponse
890000000008076,Вижу их!,Вижу их!,,jazz-units:items.lua:VoiceResponse
890000000008077,Вижу их!,Вижу их!,,jazz-units:items.lua:VoiceResponse
890000000008078,Их много!,Их много!,,jazz-units:items.lua:VoiceResponse
890000000008079,Готов.,Готов.,,jazz-units:items.lua:VoiceResponse
890000000008080,Патроны кончились.,Патроны кончились.,,jazz-units:items.lua:VoiceResponse
890000000008081,Клин!,Клин!,,jazz-units:items.lua:VoiceResponse
890000000008082,Аргх!,Аргх!,,jazz-units:items.lua:VoiceResponse
890000000008083,Аргх!,Аргх!,,jazz-units:items.lua:VoiceResponse
890000000008084,Ранен!,Ранен!,,jazz-units:items.lua:VoiceResponse
890000000008085,Плохо…,Плохо…,,jazz-units:items.lua:VoiceResponse
890000000008086,К бою!,К бою!,,jazz-units:items.lua:VoiceResponse
890000000008087,Чисто.,Чисто.,,jazz-units:items.lua:VoiceResponse
890000000008088,Ещё остались.,Ещё остались.,,jazz-units:items.lua:VoiceResponse
890000000008089,Жду.,Жду.,,jazz-units:items.lua:VoiceResponse
890000000008090,Жду.,Жду.,,jazz-units:items.lua:VoiceResponse
890000000008091,Прячусь.,Прячусь.,,jazz-units:items.lua:VoiceResponse
890000000008092,Прячусь.,Прячусь.,,jazz-units:items.lua:VoiceResponse
890000000008093,Интересно…,Интересно…,,jazz-units:items.lua:VoiceResponse
890000000008094,Интересно…,Интересно…,,jazz-units:items.lua:VoiceResponse
890000000008095,Закрыто.,Закрыто.,,jazz-units:items.lua:VoiceResponse
890000000008096,Устал…,Устал…,,jazz-units:items.lua:VoiceResponse
890000000008097,(пыхтит),(пыхтит),,jazz-units:items.lua:VoiceResponse
890000000008098,Спасибо.,Спасибо.,,jazz-units:items.lua:VoiceResponse
890000000008099,Не сейчас.,Не сейчас.,,jazz-units:items.lua:VoiceResponse
890000000008100,Готово.,Готово.,,jazz-units:items.lua:VoiceResponse
890000000008101,В укрытие!,В укрытие!,,jazz-units:items.lua:VoiceResponse
890000000008102,Граната!,Граната!,,jazz-units:items.lua:VoiceResponse
890000000008103,Очередь!,Очередь!,,jazz-units:items.lua:VoiceResponse
890000000008104,(лезет),(лезет),,jazz-units:items.lua:VoiceResponse
890000000008105,(прыжок),(прыжок),,jazz-units:items.lua:VoiceResponse
890000000008106,Что?!,Что?!,,jazz-units:items.lua:VoiceResponse
890000000008107,Опасно!,Опасно!,,jazz-units:items.lua:VoiceResponse
890000000008108,Держу сектор.,Держу сектор.,,jazz-units:items.lua:VoiceResponse
890000000008109,Наготове.,Наготове.,,jazz-units:items.lua:VoiceResponse
890000000008110,(кашляет),(кашляет),,jazz-units:items.lua:VoiceResponse
890000000008111,Почти…,Почти…,,jazz-units:items.lua:VoiceResponse
890000000008112,Зверь!,Зверь!,,jazz-units:items.lua:VoiceResponse
890000000008113,Есть идея.,Есть идея.,,jazz-units:items.lua:VoiceResponse
890000000008114,Сделано.,Сделано.,,jazz-units:items.lua:VoiceResponse
890000000008115,Не вышло.,Не вышло.,,jazz-units:items.lua:VoiceResponse
890000000008116,На связи.,На связи.,,jazz-units:items.lua:VoiceResponse
890000000008117,На связи.,На связи.,,jazz-units:items.lua:VoiceResponse
890000000008118,Тихо.,Тихо.,,jazz-units:items.lua:VoiceResponse
890000000008119,Тихо.,Тихо.,,jazz-units:items.lua:VoiceResponse
890000000008120,Тихо.,Тихо.,,jazz-units:items.lua:VoiceResponse
890000000008121,Есть.,Есть.,,jazz-units:items.lua:VoiceResponse
890000000008122,Есть.,Есть.,,jazz-units:items.lua:VoiceResponse
890000000008123,Есть.,Есть.,,jazz-units:items.lua:VoiceResponse
890000000008124,Двигаюсь.,Двигаюсь.,,jazz-units:items.lua:VoiceResponse
890000000008125,Двигаюсь.,Двигаюсь.,,jazz-units:items.lua:VoiceResponse
890000000008126,Двигаюсь.,Двигаюсь.,,jazz-units:items.lua:VoiceResponse
890000000008127,Крадусь.,Крадусь.,,jazz-units:items.lua:VoiceResponse
890000000008128,Крадусь.,Крадусь.,,jazz-units:items.lua:VoiceResponse
890000000008129,Крадусь.,Крадусь.,,jazz-units:items.lua:VoiceResponse
890000000008130,И меня посчитайте.,И меня посчитайте.,,jazz-units:items.lua:VoiceResponse
890000000008131,И меня посчитайте.,И меня посчитайте.,,jazz-units:items.lua:VoiceResponse
890000000008132,И меня посчитайте.,И меня посчитайте.,,jazz-units:items.lua:VoiceResponse
890000000008133,Еще один клиент для капеллана.,Еще один клиент для капеллана.,,jazz-units:items.lua:VoiceResponse
890000000008134,Какой-то шум.,Какой-то шум.,,jazz-units:items.lua:VoiceResponse
890000000008135,Какой-то шум.,Какой-то шум.,,jazz-units:items.lua:VoiceResponse
890000000008136,Не выйдет. Ничего не видно.,Не выйдет. Ничего не видно.,,jazz-units:items.lua:VoiceResponse
890000000008137,"Не хочется говорить, но это бесполезно.","Не хочется говорить, но это бесполезно.",,jazz-units:items.lua:VoiceResponse
890000000008138,Неприятности.,Неприятности.,,jazz-units:items.lua:VoiceResponse
890000000008139,Цели здесь.,Цели здесь.,,jazz-units:items.lua:VoiceResponse
890000000008140,Вот дерьмо собачье! Я по уши увяз.,Вот дерьмо собачье! Я по уши увяз.,,jazz-units:items.lua:VoiceResponse
890000000008141,Еще один клиент для капеллана.,Еще один клиент для капеллана.,,jazz-units:items.lua:VoiceResponse
890000000008142,У меня все! Нужны патроны.,У меня все! Нужны патроны.,,jazz-units:items.lua:VoiceResponse
890000000008143,Оружие заклинило!,Оружие заклинило!,,jazz-units:items.lua:VoiceResponse
890000000008144,Аргх!,Аргх!,,jazz-units:items.lua:VoiceResponse
890000000008145,Аргх!,Аргх!,,jazz-units:items.lua:VoiceResponse
890000000008146,Плохо. Кровь льет как из ведра.,Плохо. Кровь льёт как из ведра.,,jazz-units:items.lua:VoiceResponse
890000000008147,"Эх, жизнь собачья!","Эх, жизнь собачья!",,jazz-units:items.lua:VoiceResponse
890000000008148,К бою!,К бою!,,jazz-units:items.lua:VoiceResponse
890000000008149,Их здесь словно никогда и не было.,Их здесь словно никогда и не было.,,jazz-units:items.lua:VoiceResponse
890000000008150,Сейчас тут заварится каша.,Сейчас тут заварится каша.,,jazz-units:items.lua:VoiceResponse
890000000008151,Жду.,Жду.,,jazz-units:items.lua:VoiceResponse
890000000008152,Жду.,Жду.,,jazz-units:items.lua:VoiceResponse
890000000008153,Какой-то шум.,Какой-то шум.,,jazz-units:items.lua:VoiceResponse
890000000008154,Какой-то шум.,Какой-то шум.,,jazz-units:items.lua:VoiceResponse
890000000008155,Вот!,Вот!,,jazz-units:items.lua:VoiceResponse
890000000008156,Это что?,Это что?,,jazz-units:items.lua:VoiceResponse
890000000008157,Закрыто.,Закрыто.,,jazz-units:items.lua:VoiceResponse
890000000008158,Пора залезть в спальный мешок...,Пора залезть в спальный мешок...,,jazz-units:items.lua:VoiceResponse
890000000008159,Дайте... отдышаться.,Дайте... отдышаться.,,jazz-units:items.lua:VoiceResponse
890000000008160,Это было забавно.,Это было забавно.,,jazz-units:items.lua:VoiceResponse
890000000008161,"Надеюсь, ты не настаиваешь.","Надеюсь, ты не настаиваешь.",,jazz-units:items.lua:VoiceResponse
890000000008162,Я закончил.,Я закончил.,,jazz-units:items.lua:VoiceResponse
890000000008163,Осторожно! Эти птички хотят на нас нагадить.,Осторожно! Эти птички хотят на нас нагадить.,,jazz-units:items.lua:VoiceResponse
890000000008164,Еще один клиент для капеллана.,Еще один клиент для капеллана.,,jazz-units:items.lua:VoiceResponse
890000000008165,Еще один клиент для капеллана.,Еще один клиент для капеллана.,,jazz-units:items.lua:VoiceResponse
890000000008166,Дайте... отдышаться.,Дайте... отдышаться.,,jazz-units:items.lua:VoiceResponse
890000000008167,Дайте... отдышаться.,Дайте... отдышаться.,,jazz-units:items.lua:VoiceResponse
890000000008168,Какой-то шум.,Какой-то шум.,,jazz-units:items.lua:VoiceResponse
890000000008169,Скорее! Я чувствую недоброе.,Скорее! Я чувствую недоброе.,,jazz-units:items.lua:VoiceResponse
890000000008170,Мы не всех еще перебили. Помните об этом.,Мы не всех еще перебили. Помните об этом.,,jazz-units:items.lua:VoiceResponse
890000000008171,Мы не всех еще перебили. Помните об этом.,Мы не всех еще перебили. Помните об этом.,,jazz-units:items.lua:VoiceResponse
890000000008172,(кашляет),(кашляет),,jazz-units:items.lua:VoiceResponse
890000000008173,Мазилы!,Мазилы!,,jazz-units:items.lua:VoiceResponse
890000000008174,У нас четвероногие проблемы!,У нас четвероногие проблемы!,,jazz-units:items.lua:VoiceResponse
890000000008175,Я закончил.,Я закончил.,,jazz-units:items.lua:VoiceResponse
890000000008176,Разойдитесь. Здесь не на что смотреть.,Разойдитесь. Здесь не на что смотреть.,,jazz-units:items.lua:VoiceResponse
890000000008177,От этого за версту разит глупостью.,От этого за версту разит глупостью.,,jazz-units:items.lua:VoiceResponse
890000000008178,На связи.,На связи.,,jazz-units:items.lua:VoiceResponse
890000000008179,На связи.,На связи.,,jazz-units:items.lua:VoiceResponse
890000000008180,Тихо.,Тихо.,,jazz-units:items.lua:VoiceResponse
890000000008181,Тихо.,Тихо.,,jazz-units:items.lua:VoiceResponse
890000000008182,Тихо.,Тихо.,,jazz-units:items.lua:VoiceResponse
890000000008183,Есть.,Есть.,,jazz-units:items.lua:VoiceResponse
890000000008184,Есть.,Есть.,,jazz-units:items.lua:VoiceResponse
890000000008185,Есть.,Есть.,,jazz-units:items.lua:VoiceResponse
890000000008186,Двигаюсь.,Двигаюсь.,,jazz-units:items.lua:VoiceResponse
890000000008187,Двигаюсь.,Двигаюсь.,,jazz-units:items.lua:VoiceResponse
890000000008188,Двигаюсь.,Двигаюсь.,,jazz-units:items.lua:VoiceResponse
890000000008189,Крадусь.,Крадусь.,,jazz-units:items.lua:VoiceResponse
890000000008190,Крадусь.,Крадусь.,,jazz-units:items.lua:VoiceResponse
890000000008191,Крадусь.,Крадусь.,,jazz-units:items.lua:VoiceResponse
890000000008192,С вами.,С вами.,,jazz-units:items.lua:VoiceResponse
890000000008193,С вами.,С вами.,,jazz-units:items.lua:VoiceResponse
890000000008194,С вами.,С вами.,,jazz-units:items.lua:VoiceResponse
890000000008195,Есть цель!,Есть цель!,,jazz-units:items.lua:VoiceResponse
890000000008196,Тихо сниму.,Тихо сниму.,,jazz-units:items.lua:VoiceResponse
890000000008197,Тихо сниму.,Тихо сниму.,,jazz-units:items.lua:VoiceResponse
890000000008198,Сложный выстрел.,Сложный выстрел.,,jazz-units:items.lua:VoiceResponse
890000000008199,Плохой угол.,Плохой угол.,,jazz-units:items.lua:VoiceResponse
890000000008200,Вижу их!,Вижу их!,,jazz-units:items.lua:VoiceResponse
890000000008201,Вижу их!,Вижу их!,,jazz-units:items.lua:VoiceResponse
890000000008202,Их много!,Их много!,,jazz-units:items.lua:VoiceResponse
890000000008203,Готов.,Готов.,,jazz-units:items.lua:VoiceResponse
890000000008204,Патроны кончились.,Патроны кончились.,,jazz-units:items.lua:VoiceResponse
890000000008205,Клин!,Клин!,,jazz-units:items.lua:VoiceResponse
890000000008206,Аргх!,Аргх!,,jazz-units:items.lua:VoiceResponse
890000000008207,Аргх!,Аргх!,,jazz-units:items.lua:VoiceResponse
890000000008208,Ранен!,Ранен!,,jazz-units:items.lua:VoiceResponse
890000000008209,Плохо…,Плохо…,,jazz-units:items.lua:VoiceResponse
890000000008210,К бою!,К бою!,,jazz-units:items.lua:VoiceResponse
890000000008211,Чисто.,Чисто.,,jazz-units:items.lua:VoiceResponse
890000000008212,Ещё остались.,Ещё остались.,,jazz-units:items.lua:VoiceResponse
890000000008213,Жду.,Жду.,,jazz-units:items.lua:VoiceResponse
890000000008214,Жду.,Жду.,,jazz-units:items.lua:VoiceResponse
890000000008215,Прячусь.,Прячусь.,,jazz-units:items.lua:VoiceResponse
890000000008216,Прячусь.,Прячусь.,,jazz-units:items.lua:VoiceResponse
890000000008217,Интересно…,Интересно…,,jazz-units:items.lua:VoiceResponse
890000000008218,Интересно…,Интересно…,,jazz-units:items.lua:VoiceResponse
890000000008219,Закрыто.,Закрыто.,,jazz-units:items.lua:VoiceResponse
890000000008220,Устал…,Устал…,,jazz-units:items.lua:VoiceResponse
890000000008221,(пыхтит),(пыхтит),,jazz-units:items.lua:VoiceResponse
890000000008222,Спасибо.,Спасибо.,,jazz-units:items.lua:VoiceResponse
890000000008223,Не сейчас.,Не сейчас.,,jazz-units:items.lua:VoiceResponse
890000000008224,Готово.,Готово.,,jazz-units:items.lua:VoiceResponse
890000000008225,В укрытие!,В укрытие!,,jazz-units:items.lua:VoiceResponse
890000000008226,Граната!,Граната!,,jazz-units:items.lua:VoiceResponse
890000000008227,Очередь!,Очередь!,,jazz-units:items.lua:VoiceResponse
890000000008228,(лезет),(лезет),,jazz-units:items.lua:VoiceResponse
890000000008229,(прыжок),(прыжок),,jazz-units:items.lua:VoiceResponse
890000000008230,Что?!,Что?!,,jazz-units:items.lua:VoiceResponse
890000000008231,Опасно!,Опасно!,,jazz-units:items.lua:VoiceResponse
890000000008232,Держу сектор.,Держу сектор.,,jazz-units:items.lua:VoiceResponse
890000000008233,Наготове.,Наготове.,,jazz-units:items.lua:VoiceResponse
890000000008234,(кашляет),(кашляет),,jazz-units:items.lua:VoiceResponse
890000000008235,Почти…,Почти…,,jazz-units:items.lua:VoiceResponse
890000000008236,Зверь!,Зверь!,,jazz-units:items.lua:VoiceResponse
890000000008237,Есть идея.,Есть идея.,,jazz-units:items.lua:VoiceResponse
890000000008238,Сделано.,Сделано.,,jazz-units:items.lua:VoiceResponse
890000000008239,Не вышло.,Не вышло.,,jazz-units:items.lua:VoiceResponse
890000000008240,На связи.,На связи.,,jazz-units:items.lua:VoiceResponse
890000000008241,На связи.,На связи.,,jazz-units:items.lua:VoiceResponse
890000000008242,Тихо.,Тихо.,,jazz-units:items.lua:VoiceResponse
890000000008243,Тихо.,Тихо.,,jazz-units:items.lua:VoiceResponse
890000000008244,Тихо.,Тихо.,,jazz-units:items.lua:VoiceResponse
890000000008245,Есть.,Есть.,,jazz-units:items.lua:VoiceResponse
890000000008246,Есть.,Есть.,,jazz-units:items.lua:VoiceResponse
890000000008247,Есть.,Есть.,,jazz-units:items.lua:VoiceResponse
890000000008248,Двигаюсь.,Двигаюсь.,,jazz-units:items.lua:VoiceResponse
890000000008249,Двигаюсь.,Двигаюсь.,,jazz-units:items.lua:VoiceResponse
890000000008250,Двигаюсь.,Двигаюсь.,,jazz-units:items.lua:VoiceResponse
890000000008251,Крадусь.,Крадусь.,,jazz-units:items.lua:VoiceResponse
890000000008252,Крадусь.,Крадусь.,,jazz-units:items.lua:VoiceResponse
890000000008253,Крадусь.,Крадусь.,,jazz-units:items.lua:VoiceResponse
890000000008254,Тоже!,Тоже!,,jazz-units:items.lua:VoiceResponse
890000000008255,Тоже!,Тоже!,,jazz-units:items.lua:VoiceResponse
890000000008256,Тоже!,Тоже!,,jazz-units:items.lua:VoiceResponse
890000000008257,Есть!,Есть!,,jazz-units:items.lua:VoiceResponse
890000000008258,Что это был за звук?,Что это был за звук?,,jazz-units:items.lua:VoiceResponse
890000000008259,Что это был за звук?,Что это был за звук?,,jazz-units:items.lua:VoiceResponse
890000000008260,"Это что, шутка? То есть, э-э, кто-нибудь другой туда не может пальнуть?","Это что, шутка? То есть, э-э, кто-нибудь другой туда не может пальнуть?",,jazz-units:items.lua:VoiceResponse
890000000008261,"Тут есть какой-то секрет, которого я не знаю?","Тут есть какой-то секрет, которого я не знаю?",,jazz-units:items.lua:VoiceResponse
890000000008262,Черти!,Черти!,,jazz-units:items.lua:VoiceResponse
890000000008263,"Шпана! Ну, пора представиться.","Шпана! Ну, пора представиться.",,jazz-units:items.lua:VoiceResponse
890000000008264,Помощь мне бы не помешала.,Помощь мне бы не помешала.,,jazz-units:items.lua:VoiceResponse
890000000008265,"Мы с этим Рикошетом друг друга просто не выносим. Я не могу оставаться с ним. Это идет вразрез со всеми моими убеждениями. У меня бы отобрали мой замечательный ярко-оранжевый патрульный жилет, если бы узнали об этом.","Мы с этим Рикошетом друг друга просто не выносим. Я не могу оставаться с ним. Это идет вразрез со всеми моими убеждениями. У меня бы отобрали мой замечательный ярко-оранжевый патрульный жилет, если бы узнали об этом.",,jazz-units:items.lua:VoiceResponse
890000000008266,Мне бы еще свинца.,Мне бы ещё свинца.,,jazz-units:items.lua:VoiceResponse
890000000008267,"Надо починить эту штуку, пока она кого-нибудь не убила. Точнее, меня.","Надо починить эту штуку, пока она кого-нибудь не убила. Точнее, меня.",,jazz-units:items.lua:VoiceResponse
890000000008268,Аргх!,Аргх!,,jazz-units:items.lua:VoiceResponse
890000000008269,Аргх!,Аргх!,,jazz-units:items.lua:VoiceResponse
890000000008270,Ох! На этот раз мне не повезло. Мэри... Я скоро буду с тобой... Если по дороге не заблужусь...,Ох! На этот раз мне не повезло. Мэри... Я скоро буду с тобой... Если по дороге не заблужусь...,,jazz-units:items.lua:VoiceResponse
890000000008271,Хочу тебе сказать... Это не похоже на старые добрые Соединенные Штаты...,Хочу тебе сказать... Это не похоже на старые добрые Соединенные Штаты...,,jazz-units:items.lua:VoiceResponse
890000000008272,К бою!,К бою!,,jazz-units:items.lua:VoiceResponse
890000000008273,"И это все? Я думал, расправиться с ними будет значительно труднее.","И это все? Я думал, расправиться с ними будет значительно труднее.",,jazz-units:items.lua:VoiceResponse
890000000008274,Эти черти где-то здесь. Они всегда вертятся поблизости.,Эти черти где-то здесь. Они всегда вертятся поблизости.,,jazz-units:items.lua:VoiceResponse
890000000008275,"Завязывайте курить кубинские сигары, это до добра не доведет. Мы еще поставим этого парня на колени. Это может случиться в любой момент. Увидите!","Завязывайте курить кубинские сигары, это до добра не доведет. Мы еще поставим этого парня на колени. Это может случиться в любой момент. Увидите!",,jazz-units:items.lua:VoiceResponse
890000000008276,"Завязывайте курить кубинские сигары, это до добра не доведет. Мы еще поставим этого парня на колени. Это может случиться в любой момент. Увидите!","Завязывайте курить кубинские сигары, это до добра не доведет. Мы еще поставим этого парня на колени. Это может случиться в любой момент. Увидите!",,jazz-units:items.lua:VoiceResponse
890000000008277,Что это был за звук?,Что это был за звук?,,jazz-units:items.lua:VoiceResponse
890000000008278,Что это был за звук?,Что это был за звук?,,jazz-units:items.lua:VoiceResponse
890000000008279,Там что-то есть.,Там что-то есть.,,jazz-units:items.lua:VoiceResponse
890000000008280,Что это?,Что это?,,jazz-units:items.lua:VoiceResponse
890000000008281,Закрыто.,Закрыто.,,jazz-units:items.lua:VoiceResponse
890000000008282,Я скоро отрублюсь. Меня ноги уже не держат.,Я скоро отрублюсь. Меня ноги уже не держат.,,jazz-units:items.lua:VoiceResponse
890000000008283,Куда спешим? У нас еще есть время. Есть!,Куда спешим? У нас еще есть время. Есть!,,jazz-units:items.lua:VoiceResponse
890000000008284,Ничего себе арбузы!,Ничего себе арбузы!,,jazz-units:items.lua:VoiceResponse
890000000008285,НЕТ! Я всю жизнь мечтал сказать это своей жене.,НЕТ! Я всю жизнь мечтал сказать это своей жене.,,jazz-units:items.lua:VoiceResponse
890000000008286,"Расписываюсь в выполнении задания, шеф. Что дальше?","Расписываюсь в выполнении задания, шеф. Что дальше?",,jazz-units:items.lua:VoiceResponse
890000000008287,Камикадзе атакуют!,Камикадзе атакуют!,,jazz-units:items.lua:VoiceResponse
890000000008288,Есть!,Есть!,,jazz-units:items.lua:VoiceResponse
890000000008289,Есть!,Есть!,,jazz-units:items.lua:VoiceResponse
890000000008290,Куда спешим? У нас еще есть время. Есть!,Куда спешим? У нас еще есть время. Есть!,,jazz-units:items.lua:VoiceResponse
890000000008291,Куда спешим? У нас еще есть время. Есть!,Куда спешим? У нас еще есть время. Есть!,,jazz-units:items.lua:VoiceResponse
890000000008292,Что это был за звук?,Что это был за звук?,,jazz-units:items.lua:VoiceResponse
890000000008293,Здесь пахнет бедой.,Здесь пахнет бедой.,,jazz-units:items.lua:VoiceResponse
890000000008294,"Кто-нибудь считал? Я не уверен, что мы нашли всех.","Кто-нибудь считал? Я не уверен, что мы нашли всех.",,jazz-units:items.lua:VoiceResponse
890000000008295,"Кто-нибудь считал? Я не уверен, что мы нашли всех.","Кто-нибудь считал? Я не уверен, что мы нашли всех.",,jazz-units:items.lua:VoiceResponse
890000000008296,(кашляет),(кашляет),,jazz-units:items.lua:VoiceResponse
890000000008297,"Ох... Сердце стучит, как кузнечный молот...","Ох... Сердце стучит, как кузнечный молот...",,jazz-units:items.lua:VoiceResponse
890000000008298,Вот во что превращаются милые котята!,Вот во что превращаются милые котята!,,jazz-units:items.lua:VoiceResponse
890000000008299,"Расписываюсь в выполнении задания, шеф. Что дальше?","Расписываюсь в выполнении задания, шеф. Что дальше?",,jazz-units:items.lua:VoiceResponse
890000000008300,И к чему все это было?,И к чему все это было?,,jazz-units:items.lua:VoiceResponse
890000000008301,"Ты что, с Луны свалился?","Ты что, с Луны свалился?",,jazz-units:items.lua:VoiceResponse
890000000008302,На связи.,На связи.,,jazz-units:items.lua:VoiceResponse
890000000008303,На связи.,На связи.,,jazz-units:items.lua:VoiceResponse
890000000008304,Тихо.,Тихо.,,jazz-units:items.lua:VoiceResponse
890000000008305,Тихо.,Тихо.,,jazz-units:items.lua:VoiceResponse
890000000008306,Тихо.,Тихо.,,jazz-units:items.lua:VoiceResponse
890000000008307,Есть.,Есть.,,jazz-units:items.lua:VoiceResponse
890000000008308,Есть.,Есть.,,jazz-units:items.lua:VoiceResponse
890000000008309,Есть.,Есть.,,jazz-units:items.lua:VoiceResponse
890000000008310,Двигаюсь.,Двигаюсь.,,jazz-units:items.lua:VoiceResponse
890000000008311,Двигаюсь.,Двигаюсь.,,jazz-units:items.lua:VoiceResponse
890000000008312,Двигаюсь.,Двигаюсь.,,jazz-units:items.lua:VoiceResponse
890000000008313,Крадусь.,Крадусь.,,jazz-units:items.lua:VoiceResponse
890000000008314,Крадусь.,Крадусь.,,jazz-units:items.lua:VoiceResponse
890000000008315,Крадусь.,Крадусь.,,jazz-units:items.lua:VoiceResponse
890000000008316,С вами.,С вами.,,jazz-units:items.lua:VoiceResponse
890000000008317,С вами.,С вами.,,jazz-units:items.lua:VoiceResponse
890000000008318,С вами.,С вами.,,jazz-units:items.lua:VoiceResponse
890000000008319,Есть цель!,Есть цель!,,jazz-units:items.lua:VoiceResponse
890000000008320,Тихо сниму.,Тихо сниму.,,jazz-units:items.lua:VoiceResponse
890000000008321,Тихо сниму.,Тихо сниму.,,jazz-units:items.lua:VoiceResponse
890000000008322,Сложный выстрел.,Сложный выстрел.,,jazz-units:items.lua:VoiceResponse
890000000008323,Плохой угол.,Плохой угол.,,jazz-units:items.lua:VoiceResponse
890000000008324,Вижу их!,Вижу их!,,jazz-units:items.lua:VoiceResponse
890000000008325,Вижу их!,Вижу их!,,jazz-units:items.lua:VoiceResponse
890000000008326,Их много!,Их много!,,jazz-units:items.lua:VoiceResponse
890000000008327,Готов.,Готов.,,jazz-units:items.lua:VoiceResponse
890000000008328,Патроны на исходе!,Патроны на исходе!,,jazz-units:items.lua:VoiceResponse
890000000008329,Клин!,Клин!,,jazz-units:items.lua:VoiceResponse
890000000008330,Аргх!,Аргх!,,jazz-units:items.lua:VoiceResponse
890000000008331,Аргх!,Аргх!,,jazz-units:items.lua:VoiceResponse
890000000008332,Ранен!,Ранен!,,jazz-units:items.lua:VoiceResponse
890000000008333,Плохо…,Плохо…,,jazz-units:items.lua:VoiceResponse
890000000008334,Контакт!,Контакт!,,jazz-units:items.lua:VoiceResponse
890000000008335,Чисто.,Чисто.,,jazz-units:items.lua:VoiceResponse
890000000008336,Ещё остались.,Ещё остались.,,jazz-units:items.lua:VoiceResponse
890000000008337,Жду.,Жду.,,jazz-units:items.lua:VoiceResponse
890000000008338,Жду.,Жду.,,jazz-units:items.lua:VoiceResponse
890000000008339,Прячусь.,Прячусь.,,jazz-units:items.lua:VoiceResponse
890000000008340,Прячусь.,Прячусь.,,jazz-units:items.lua:VoiceResponse
890000000008341,Интересно…,Интересно…,,jazz-units:items.lua:VoiceResponse
890000000008342,Интересно…,Интересно…,,jazz-units:items.lua:VoiceResponse
890000000008343,Закрыто.,Закрыто.,,jazz-units:items.lua:VoiceResponse
890000000008344,Устал…,Устал…,,jazz-units:items.lua:VoiceResponse
890000000008345,(пыхтит),(пыхтит),,jazz-units:items.lua:VoiceResponse
890000000008346,Спасибо.,Спасибо.,,jazz-units:items.lua:VoiceResponse
890000000008347,Не сейчас.,Не сейчас.,,jazz-units:items.lua:VoiceResponse
890000000008348,Готово.,Готово.,,jazz-units:items.lua:VoiceResponse
890000000008349,В укрытие!,В укрытие!,,jazz-units:items.lua:VoiceResponse
890000000008350,Граната!,Граната!,,jazz-units:items.lua:VoiceResponse
890000000008351,Очередь!,Очередь!,,jazz-units:items.lua:VoiceResponse
890000000008352,(лезет),(лезет),,jazz-units:items.lua:VoiceResponse
890000000008353,(прыжок),(прыжок),,jazz-units:items.lua:VoiceResponse
890000000008354,Что?!,Что?!,,jazz-units:items.lua:VoiceResponse
890000000008355,Опасно!,Опасно!,,jazz-units:items.lua:VoiceResponse
890000000008356,Держу сектор.,Держу сектор.,,jazz-units:items.lua:VoiceResponse
890000000008357,Наготове.,Наготове.,,jazz-units:items.lua:VoiceResponse
890000000008358,(кашляет),(кашляет),,jazz-units:items.lua:VoiceResponse
890000000008359,Почти…,Почти…,,jazz-units:items.lua:VoiceResponse
890000000008360,Зверь!,Зверь!,,jazz-units:items.lua:VoiceResponse
890000000008361,Есть идея.,Есть идея.,,jazz-units:items.lua:VoiceResponse
890000000008362,Сделано.,Сделано.,,jazz-units:items.lua:VoiceResponse
890000000008363,Не вышло.,Не вышло.,,jazz-units:items.lua:VoiceResponse
890000000008364,Только не это.,Только не это.,,jazz-units:items.lua:VoiceResponse
890000000008365,На связи.,На связи.,,jazz-units:items.lua:VoiceResponse
890000000008366,На связи.,На связи.,,jazz-units:items.lua:VoiceResponse
890000000008367,Тихо.,Тихо.,,jazz-units:items.lua:VoiceResponse
890000000008368,Тихо.,Тихо.,,jazz-units:items.lua:VoiceResponse
890000000008369,Тихо.,Тихо.,,jazz-units:items.lua:VoiceResponse
890000000008370,Есть.,Есть.,,jazz-units:items.lua:VoiceResponse
890000000008371,Есть.,Есть.,,jazz-units:items.lua:VoiceResponse
890000000008372,Есть.,Есть.,,jazz-units:items.lua:VoiceResponse
890000000008373,Двигаюсь.,Двигаюсь.,,jazz-units:items.lua:VoiceResponse
890000000008374,Двигаюсь.,Двигаюсь.,,jazz-units:items.lua:VoiceResponse
890000000008375,Двигаюсь.,Двигаюсь.,,jazz-units:items.lua:VoiceResponse
890000000008376,Крадусь.,Крадусь.,,jazz-units:items.lua:VoiceResponse
890000000008377,Крадусь.,Крадусь.,,jazz-units:items.lua:VoiceResponse
890000000008378,Крадусь.,Крадусь.,,jazz-units:items.lua:VoiceResponse
890000000008379,С вами.,С вами.,,jazz-units:items.lua:VoiceResponse
890000000008380,С вами.,С вами.,,jazz-units:items.lua:VoiceResponse
890000000008381,С вами.,С вами.,,jazz-units:items.lua:VoiceResponse
890000000008382,Есть цель!,Есть цель!,,jazz-units:items.lua:VoiceResponse
890000000008383,Тихо сниму.,Тихо сниму.,,jazz-units:items.lua:VoiceResponse
890000000008384,Тихо сниму.,Тихо сниму.,,jazz-units:items.lua:VoiceResponse
890000000008385,Сложный выстрел.,Сложный выстрел.,,jazz-units:items.lua:VoiceResponse
890000000008386,Плохой угол.,Плохой угол.,,jazz-units:items.lua:VoiceResponse
890000000008387,Вижу их!,Вижу их!,,jazz-units:items.lua:VoiceResponse
890000000008388,Вижу их!,Вижу их!,,jazz-units:items.lua:VoiceResponse
890000000008389,Их много!,Их много!,,jazz-units:items.lua:VoiceResponse
890000000008390,Готов.,Готов.,,jazz-units:items.lua:VoiceResponse
890000000008391,Патроны кончились.,Патроны кончились.,,jazz-units:items.lua:VoiceResponse
890000000008392,Клин!,Клин!,,jazz-units:items.lua:VoiceResponse
890000000008393,Аргх!,Аргх!,,jazz-units:items.lua:VoiceResponse
890000000008394,Аргх!,Аргх!,,jazz-units:items.lua:VoiceResponse
890000000008395,Ранен!,Ранен!,,jazz-units:items.lua:VoiceResponse
890000000008396,Плохо…,Плохо…,,jazz-units:items.lua:VoiceResponse
890000000008397,К бою!,К бою!,,jazz-units:items.lua:VoiceResponse
890000000008398,Чисто.,Чисто.,,jazz-units:items.lua:VoiceResponse
890000000008399,Ещё остались.,Ещё остались.,,jazz-units:items.lua:VoiceResponse
890000000008400,Жду.,Жду.,,jazz-units:items.lua:VoiceResponse
890000000008401,Жду.,Жду.,,jazz-units:items.lua:VoiceResponse
890000000008402,Прячусь.,Прячусь.,,jazz-units:items.lua:VoiceResponse
890000000008403,Прячусь.,Прячусь.,,jazz-units:items.lua:VoiceResponse
890000000008404,Интересно…,Интересно…,,jazz-units:items.lua:VoiceResponse
890000000008405,Интересно…,Интересно…,,jazz-units:items.lua:VoiceResponse
890000000008406,Закрыто.,Закрыто.,,jazz-units:items.lua:VoiceResponse
890000000008407,Устал…,Устал…,,jazz-units:items.lua:VoiceResponse
890000000008408,(пыхтит),(пыхтит),,jazz-units:items.lua:VoiceResponse
890000000008409,Спасибо.,Спасибо.,,jazz-units:items.lua:VoiceResponse
890000000008410,Не сейчас.,Не сейчас.,,jazz-units:items.lua:VoiceResponse
890000000008411,Готово.,Готово.,,jazz-units:items.lua:VoiceResponse
890000000008412,В укрытие!,В укрытие!,,jazz-units:items.lua:VoiceResponse
890000000008413,Граната!,Граната!,,jazz-units:items.lua:VoiceResponse
890000000008414,Очередь!,Очередь!,,jazz-units:items.lua:VoiceResponse
890000000008415,(лезет),(лезет),,jazz-units:items.lua:VoiceResponse
890000000008416,(прыжок),(прыжок),,jazz-units:items.lua:VoiceResponse
890000000008417,Что?!,Что?!,,jazz-units:items.lua:VoiceResponse
890000000008418,Опасно!,Опасно!,,jazz-units:items.lua:VoiceResponse
890000000008419,Держу сектор.,Держу сектор.,,jazz-units:items.lua:VoiceResponse
890000000008420,Наготове.,Наготове.,,jazz-units:items.lua:VoiceResponse
890000000008421,(кашляет),(кашляет),,jazz-units:items.lua:VoiceResponse
890000000008422,Почти…,Почти…,,jazz-units:items.lua:VoiceResponse
890000000008423,Зверь!,Зверь!,,jazz-units:items.lua:VoiceResponse
890000000008424,Есть идея.,Есть идея.,,jazz-units:items.lua:VoiceResponse
890000000008425,Сделано.,Сделано.,,jazz-units:items.lua:VoiceResponse
890000000008426,Не вышло.,Не вышло.,,jazz-units:items.lua:VoiceResponse
890000000008427,На связи.,На связи.,,jazz-units:items.lua:VoiceResponse
890000000008428,На связи.,На связи.,,jazz-units:items.lua:VoiceResponse
890000000008429,Тихо.,Тихо.,,jazz-units:items.lua:VoiceResponse
890000000008430,Тихо.,Тихо.,,jazz-units:items.lua:VoiceResponse
890000000008431,Тихо.,Тихо.,,jazz-units:items.lua:VoiceResponse
890000000008432,Есть.,Есть.,,jazz-units:items.lua:VoiceResponse
890000000008433,Есть.,Есть.,,jazz-units:items.lua:VoiceResponse
890000000008434,Есть.,Есть.,,jazz-units:items.lua:VoiceResponse
890000000008435,Двигаюсь.,Двигаюсь.,,jazz-units:items.lua:VoiceResponse
890000000008436,Двигаюсь.,Двигаюсь.,,jazz-units:items.lua:VoiceResponse
890000000008437,Двигаюсь.,Двигаюсь.,,jazz-units:items.lua:VoiceResponse
890000000008438,Крадусь.,Крадусь.,,jazz-units:items.lua:VoiceResponse
890000000008439,Крадусь.,Крадусь.,,jazz-units:items.lua:VoiceResponse
890000000008440,Крадусь.,Крадусь.,,jazz-units:items.lua:VoiceResponse
890000000008441,С вами.,С вами.,,jazz-units:items.lua:VoiceResponse
890000000008442,С вами.,С вами.,,jazz-units:items.lua:VoiceResponse
890000000008443,С вами.,С вами.,,jazz-units:items.lua:VoiceResponse
890000000008444,Есть цель!,Есть цель!,,jazz-units:items.lua:VoiceResponse
890000000008445,Тихо сниму.,Тихо сниму.,,jazz-units:items.lua:VoiceResponse
890000000008446,Тихо сниму.,Тихо сниму.,,jazz-units:items.lua:VoiceResponse
890000000008447,Сложный выстрел.,Сложный выстрел.,,jazz-units:items.lua:VoiceResponse
890000000008448,Плохой угол.,Плохой угол.,,jazz-units:items.lua:VoiceResponse
890000000008449,Вижу их!,Вижу их!,,jazz-units:items.lua:VoiceResponse
890000000008450,Вижу их!,Вижу их!,,jazz-units:items.lua:VoiceResponse
890000000008451,Их много!,Их много!,,jazz-units:items.lua:VoiceResponse
890000000008452,Готов.,Готов.,,jazz-units:items.lua:VoiceResponse
890000000008453,Патроны кончились.,Патроны кончились.,,jazz-units:items.lua:VoiceResponse
890000000008454,Клин!,Клин!,,jazz-units:items.lua:VoiceResponse
890000000008455,Аргх!,Аргх!,,jazz-units:items.lua:VoiceResponse
890000000008456,Аргх!,Аргх!,,jazz-units:items.lua:VoiceResponse
890000000008457,Ранен!,Ранен!,,jazz-units:items.lua:VoiceResponse
890000000008458,Плохо…,Плохо…,,jazz-units:items.lua:VoiceResponse
890000000008459,К бою!,К бою!,,jazz-units:items.lua:VoiceResponse
890000000008460,Чисто.,Чисто.,,jazz-units:items.lua:VoiceResponse
890000000008461,Ещё остались.,Ещё остались.,,jazz-units:items.lua:VoiceResponse
890000000008462,Жду.,Жду.,,jazz-units:items.lua:VoiceResponse
890000000008463,Жду.,Жду.,,jazz-units:items.lua:VoiceResponse
890000000008464,Прячусь.,Прячусь.,,jazz-units:items.lua:VoiceResponse
890000000008465,Прячусь.,Прячусь.,,jazz-units:items.lua:VoiceResponse
890000000008466,Интересно…,Интересно…,,jazz-units:items.lua:VoiceResponse
890000000008467,Интересно…,Интересно…,,jazz-units:items.lua:VoiceResponse
890000000008468,Закрыто.,Закрыто.,,jazz-units:items.lua:VoiceResponse
890000000008469,Устал…,Устал…,,jazz-units:items.lua:VoiceResponse
890000000008470,(пыхтит),(пыхтит),,jazz-units:items.lua:VoiceResponse
890000000008471,Спасибо.,Спасибо.,,jazz-units:items.lua:VoiceResponse
890000000008472,Не сейчас.,Не сейчас.,,jazz-units:items.lua:VoiceResponse
890000000008473,Готово.,Готово.,,jazz-units:items.lua:VoiceResponse
890000000008474,В укрытие!,В укрытие!,,jazz-units:items.lua:VoiceResponse
890000000008475,Граната!,Граната!,,jazz-units:items.lua:VoiceResponse
890000000008476,Очередь!,Очередь!,,jazz-units:items.lua:VoiceResponse
890000000008477,(лезет),(лезет),,jazz-units:items.lua:VoiceResponse
890000000008478,(прыжок),(прыжок),,jazz-units:items.lua:VoiceResponse
890000000008479,Что?!,Что?!,,jazz-units:items.lua:VoiceResponse
890000000008480,Опасно!,Опасно!,,jazz-units:items.lua:VoiceResponse
890000000008481,Держу сектор.,Держу сектор.,,jazz-units:items.lua:VoiceResponse
890000000008482,Наготове.,Наготове.,,jazz-units:items.lua:VoiceResponse
890000000008483,(кашляет),(кашляет),,jazz-units:items.lua:VoiceResponse
890000000008484,Почти…,Почти…,,jazz-units:items.lua:VoiceResponse
890000000008485,Зверь!,Зверь!,,jazz-units:items.lua:VoiceResponse
890000000008486,Есть идея.,Есть идея.,,jazz-units:items.lua:VoiceResponse
890000000008487,Сделано.,Сделано.,,jazz-units:items.lua:VoiceResponse
890000000008488,Не вышло.,Не вышло.,,jazz-units:items.lua:VoiceResponse
890000000008489,На связи.,На связи.,,jazz-units:items.lua:VoiceResponse
890000000008490,На связи.,На связи.,,jazz-units:items.lua:VoiceResponse
890000000008491,Тихо.,Тихо.,,jazz-units:items.lua:VoiceResponse
890000000008492,Тихо.,Тихо.,,jazz-units:items.lua:VoiceResponse
890000000008493,Тихо.,Тихо.,,jazz-units:items.lua:VoiceResponse
890000000008494,Есть.,Есть.,,jazz-units:items.lua:VoiceResponse
890000000008495,Есть.,Есть.,,jazz-units:items.lua:VoiceResponse
890000000008496,Есть.,Есть.,,jazz-units:items.lua:VoiceResponse
890000000008497,Двигаюсь.,Двигаюсь.,,jazz-units:items.lua:VoiceResponse
890000000008498,Двигаюсь.,Двигаюсь.,,jazz-units:items.lua:VoiceResponse
890000000008499,Двигаюсь.,Двигаюсь.,,jazz-units:items.lua:VoiceResponse
890000000008500,Крадусь.,Крадусь.,,jazz-units:items.lua:VoiceResponse
890000000008501,Крадусь.,Крадусь.,,jazz-units:items.lua:VoiceResponse
890000000008502,Крадусь.,Крадусь.,,jazz-units:items.lua:VoiceResponse
890000000008503,С вами.,С вами.,,jazz-units:items.lua:VoiceResponse
890000000008504,С вами.,С вами.,,jazz-units:items.lua:VoiceResponse
890000000008505,С вами.,С вами.,,jazz-units:items.lua:VoiceResponse
890000000008506,Есть цель!,Есть цель!,,jazz-units:items.lua:VoiceResponse
890000000008507,Тихо сниму.,Тихо сниму.,,jazz-units:items.lua:VoiceResponse
890000000008508,Тихо сниму.,Тихо сниму.,,jazz-units:items.lua:VoiceResponse
890000000008509,Сложный выстрел.,Сложный выстрел.,,jazz-units:items.lua:VoiceResponse
890000000008510,Плохой угол.,Плохой угол.,,jazz-units:items.lua:VoiceResponse
890000000008511,Вижу их!,Вижу их!,,jazz-units:items.lua:VoiceResponse
890000000008512,Вижу их!,Вижу их!,,jazz-units:items.lua:VoiceResponse
890000000008513,Их много!,Их много!,,jazz-units:items.lua:VoiceResponse
890000000008514,Готов.,Готов.,,jazz-units:items.lua:VoiceResponse
890000000008515,Патроны кончились.,Патроны кончились.,,jazz-units:items.lua:VoiceResponse
890000000008516,Клин!,Клин!,,jazz-units:items.lua:VoiceResponse
890000000008517,Аргх!,Аргх!,,jazz-units:items.lua:VoiceResponse
890000000008518,Аргх!,Аргх!,,jazz-units:items.lua:VoiceResponse
890000000008519,Ранен!,Ранен!,,jazz-units:items.lua:VoiceResponse
890000000008520,Плохо…,Плохо…,,jazz-units:items.lua:VoiceResponse
890000000008521,К бою!,К бою!,,jazz-units:items.lua:VoiceResponse
890000000008522,Чисто.,Чисто.,,jazz-units:items.lua:VoiceResponse
890000000008523,Ещё остались.,Ещё остались.,,jazz-units:items.lua:VoiceResponse
890000000008524,Жду.,Жду.,,jazz-units:items.lua:VoiceResponse
890000000008525,Жду.,Жду.,,jazz-units:items.lua:VoiceResponse
890000000008526,Прячусь.,Прячусь.,,jazz-units:items.lua:VoiceResponse
890000000008527,Прячусь.,Прячусь.,,jazz-units:items.lua:VoiceResponse
890000000008528,Интересно…,Интересно…,,jazz-units:items.lua:VoiceResponse
890000000008529,Интересно…,Интересно…,,jazz-units:items.lua:VoiceResponse
890000000008530,Закрыто.,Закрыто.,,jazz-units:items.lua:VoiceResponse
890000000008531,Устал…,Устал…,,jazz-units:items.lua:VoiceResponse
890000000008532,(пыхтит),(пыхтит),,jazz-units:items.lua:VoiceResponse
890000000008533,Спасибо.,Спасибо.,,jazz-units:items.lua:VoiceResponse
890000000008534,Не сейчас.,Не сейчас.,,jazz-units:items.lua:VoiceResponse
890000000008535,Готово.,Готово.,,jazz-units:items.lua:VoiceResponse
890000000008536,В укрытие!,В укрытие!,,jazz-units:items.lua:VoiceResponse
890000000008537,Граната!,Граната!,,jazz-units:items.lua:VoiceResponse
890000000008538,Очередь!,Очередь!,,jazz-units:items.lua:VoiceResponse
890000000008539,(лезет),(лезет),,jazz-units:items.lua:VoiceResponse
890000000008540,(прыжок),(прыжок),,jazz-units:items.lua:VoiceResponse
890000000008541,Что?!,Что?!,,jazz-units:items.lua:VoiceResponse
890000000008542,Опасно!,Опасно!,,jazz-units:items.lua:VoiceResponse
890000000008543,Держу сектор.,Держу сектор.,,jazz-units:items.lua:VoiceResponse
890000000008544,Наготове.,Наготове.,,jazz-units:items.lua:VoiceResponse
890000000008545,(кашляет),(кашляет),,jazz-units:items.lua:VoiceResponse
890000000008546,Почти…,Почти…,,jazz-units:items.lua:VoiceResponse
890000000008547,Зверь!,Зверь!,,jazz-units:items.lua:VoiceResponse
890000000008548,Есть идея.,Есть идея.,,jazz-units:items.lua:VoiceResponse
890000000008549,Сделано.,Сделано.,,jazz-units:items.lua:VoiceResponse
890000000008550,Не вышло.,Не вышло.,,jazz-units:items.lua:VoiceResponse
890000000008551,На связи.,На связи.,,jazz-units:items.lua:VoiceResponse
890000000008552,На связи.,На связи.,,jazz-units:items.lua:VoiceResponse
890000000008553,Тихо.,Тихо.,,jazz-units:items.lua:VoiceResponse
890000000008554,Тихо.,Тихо.,,jazz-units:items.lua:VoiceResponse
890000000008555,Тихо.,Тихо.,,jazz-units:items.lua:VoiceResponse
890000000008556,Есть.,Есть.,,jazz-units:items.lua:VoiceResponse
890000000008557,Есть.,Есть.,,jazz-units:items.lua:VoiceResponse
890000000008558,Есть.,Есть.,,jazz-units:items.lua:VoiceResponse
890000000008559,Двигаюсь.,Двигаюсь.,,jazz-units:items.lua:VoiceResponse
890000000008560,Двигаюсь.,Двигаюсь.,,jazz-units:items.lua:VoiceResponse
890000000008561,Двигаюсь.,Двигаюсь.,,jazz-units:items.lua:VoiceResponse
890000000008562,Крадусь.,Крадусь.,,jazz-units:items.lua:VoiceResponse
890000000008563,Крадусь.,Крадусь.,,jazz-units:items.lua:VoiceResponse
890000000008564,Крадусь.,Крадусь.,,jazz-units:items.lua:VoiceResponse
890000000008565,С вами.,С вами.,,jazz-units:items.lua:VoiceResponse
890000000008566,С вами.,С вами.,,jazz-units:items.lua:VoiceResponse
890000000008567,С вами.,С вами.,,jazz-units:items.lua:VoiceResponse
890000000008568,Есть цель!,Есть цель!,,jazz-units:items.lua:VoiceResponse
890000000008569,Тихо сниму.,Тихо сниму.,,jazz-units:items.lua:VoiceResponse
890000000008570,Тихо сниму.,Тихо сниму.,,jazz-units:items.lua:VoiceResponse
890000000008571,Сложный выстрел.,Сложный выстрел.,,jazz-units:items.lua:VoiceResponse
890000000008572,Плохой угол.,Плохой угол.,,jazz-units:items.lua:VoiceResponse
890000000008573,Вижу их!,Вижу их!,,jazz-units:items.lua:VoiceResponse
890000000008574,Вижу их!,Вижу их!,,jazz-units:items.lua:VoiceResponse
890000000008575,Их много!,Их много!,,jazz-units:items.lua:VoiceResponse
890000000008576,Готов.,Готов.,,jazz-units:items.lua:VoiceResponse
890000000008577,Патроны кончились.,Патроны кончились.,,jazz-units:items.lua:VoiceResponse
890000000008578,Клин!,Клин!,,jazz-units:items.lua:VoiceResponse
890000000008579,Аргх!,Аргх!,,jazz-units:items.lua:VoiceResponse
890000000008580,Аргх!,Аргх!,,jazz-units:items.lua:VoiceResponse
890000000008581,Ранен!,Ранен!,,jazz-units:items.lua:VoiceResponse
890000000008582,Плохо…,Плохо…,,jazz-units:items.lua:VoiceResponse
890000000008583,К бою!,К бою!,,jazz-units:items.lua:VoiceResponse
890000000008584,Чисто.,Чисто.,,jazz-units:items.lua:VoiceResponse
890000000008585,Ещё остались.,Ещё остались.,,jazz-units:items.lua:VoiceResponse
890000000008586,Жду.,Жду.,,jazz-units:items.lua:VoiceResponse
890000000008587,Жду.,Жду.,,jazz-units:items.lua:VoiceResponse
890000000008588,Прячусь.,Прячусь.,,jazz-units:items.lua:VoiceResponse
890000000008589,Прячусь.,Прячусь.,,jazz-units:items.lua:VoiceResponse
890000000008590,Интересно…,Интересно…,,jazz-units:items.lua:VoiceResponse
890000000008591,Интересно…,Интересно…,,jazz-units:items.lua:VoiceResponse
890000000008592,Закрыто.,Закрыто.,,jazz-units:items.lua:VoiceResponse
890000000008593,Устал…,Устал…,,jazz-units:items.lua:VoiceResponse
890000000008594,(пыхтит),(пыхтит),,jazz-units:items.lua:VoiceResponse
890000000008595,Спасибо.,Спасибо.,,jazz-units:items.lua:VoiceResponse
890000000008596,Не сейчас.,Не сейчас.,,jazz-units:items.lua:VoiceResponse
890000000008597,Готово.,Готово.,,jazz-units:items.lua:VoiceResponse
890000000008598,В укрытие!,В укрытие!,,jazz-units:items.lua:VoiceResponse
890000000008599,Граната!,Граната!,,jazz-units:items.lua:VoiceResponse
890000000008600,Очередь!,Очередь!,,jazz-units:items.lua:VoiceResponse
890000000008601,(лезет),(лезет),,jazz-units:items.lua:VoiceResponse
890000000008602,(прыжок),(прыжок),,jazz-units:items.lua:VoiceResponse
890000000008603,Что?!,Что?!,,jazz-units:items.lua:VoiceResponse
890000000008604,Опасно!,Опасно!,,jazz-units:items.lua:VoiceResponse
890000000008605,Держу сектор.,Держу сектор.,,jazz-units:items.lua:VoiceResponse
890000000008606,Наготове.,Наготове.,,jazz-units:items.lua:VoiceResponse
890000000008607,(кашляет),(кашляет),,jazz-units:items.lua:VoiceResponse
890000000008608,Почти…,Почти…,,jazz-units:items.lua:VoiceResponse
890000000008609,Зверь!,Зверь!,,jazz-units:items.lua:VoiceResponse
890000000008610,Есть идея.,Есть идея.,,jazz-units:items.lua:VoiceResponse
890000000008611,Сделано.,Сделано.,,jazz-units:items.lua:VoiceResponse
890000000008612,Не вышло.,Не вышло.,,jazz-units:items.lua:VoiceResponse
890000000008613,На связи.,На связи.,,jazz-units:items.lua:VoiceResponse
890000000008614,На связи.,На связи.,,jazz-units:items.lua:VoiceResponse
890000000008615,Тихо.,Тихо.,,jazz-units:items.lua:VoiceResponse
890000000008616,Тихо.,Тихо.,,jazz-units:items.lua:VoiceResponse
890000000008617,Тихо.,Тихо.,,jazz-units:items.lua:VoiceResponse
890000000008618,Есть.,Есть.,,jazz-units:items.lua:VoiceResponse
890000000008619,Есть.,Есть.,,jazz-units:items.lua:VoiceResponse
890000000008620,Есть.,Есть.,,jazz-units:items.lua:VoiceResponse
890000000008621,Двигаюсь.,Двигаюсь.,,jazz-units:items.lua:VoiceResponse
890000000008622,Двигаюсь.,Двигаюсь.,,jazz-units:items.lua:VoiceResponse
890000000008623,Двигаюсь.,Двигаюсь.,,jazz-units:items.lua:VoiceResponse
890000000008624,Крадусь.,Крадусь.,,jazz-units:items.lua:VoiceResponse
890000000008625,Крадусь.,Крадусь.,,jazz-units:items.lua:VoiceResponse
890000000008626,Крадусь.,Крадусь.,,jazz-units:items.lua:VoiceResponse
890000000008627,С вами.,С вами.,,jazz-units:items.lua:VoiceResponse
890000000008628,С вами.,С вами.,,jazz-units:items.lua:VoiceResponse
890000000008629,С вами.,С вами.,,jazz-units:items.lua:VoiceResponse
890000000008630,Есть цель!,Есть цель!,,jazz-units:items.lua:VoiceResponse
890000000008631,Тихо сниму.,Тихо сниму.,,jazz-units:items.lua:VoiceResponse
890000000008632,Тихо сниму.,Тихо сниму.,,jazz-units:items.lua:VoiceResponse
890000000008633,Сложный выстрел.,Сложный выстрел.,,jazz-units:items.lua:VoiceResponse
890000000008634,Плохой угол.,Плохой угол.,,jazz-units:items.lua:VoiceResponse
890000000008635,Вижу их!,Вижу их!,,jazz-units:items.lua:VoiceResponse
890000000008636,Вижу их!,Вижу их!,,jazz-units:items.lua:VoiceResponse
890000000008637,Их много!,Их много!,,jazz-units:items.lua:VoiceResponse
890000000008638,Готов.,Готов.,,jazz-units:items.lua:VoiceResponse
890000000008639,Патроны кончились.,Патроны кончились.,,jazz-units:items.lua:VoiceResponse
890000000008640,Клин!,Клин!,,jazz-units:items.lua:VoiceResponse
890000000008641,Аргх!,Аргх!,,jazz-units:items.lua:VoiceResponse
890000000008642,Аргх!,Аргх!,,jazz-units:items.lua:VoiceResponse
890000000008643,Ранен!,Ранен!,,jazz-units:items.lua:VoiceResponse
890000000008644,Плохо…,Плохо…,,jazz-units:items.lua:VoiceResponse
890000000008645,К бою!,К бою!,,jazz-units:items.lua:VoiceResponse
890000000008646,Чисто.,Чисто.,,jazz-units:items.lua:VoiceResponse
890000000008647,Ещё остались.,Ещё остались.,,jazz-units:items.lua:VoiceResponse
890000000008648,Жду.,Жду.,,jazz-units:items.lua:VoiceResponse
890000000008649,Жду.,Жду.,,jazz-units:items.lua:VoiceResponse
890000000008650,Прячусь.,Прячусь.,,jazz-units:items.lua:VoiceResponse
890000000008651,Прячусь.,Прячусь.,,jazz-units:items.lua:VoiceResponse
890000000008652,Интересно…,Интересно…,,jazz-units:items.lua:VoiceResponse
890000000008653,Интересно…,Интересно…,,jazz-units:items.lua:VoiceResponse
890000000008654,Закрыто.,Закрыто.,,jazz-units:items.lua:VoiceResponse
890000000008655,Устал…,Устал…,,jazz-units:items.lua:VoiceResponse
890000000008656,(пыхтит),(пыхтит),,jazz-units:items.lua:VoiceResponse
890000000008657,Спасибо.,Спасибо.,,jazz-units:items.lua:VoiceResponse
890000000008658,Не сейчас.,Не сейчас.,,jazz-units:items.lua:VoiceResponse
890000000008659,Готово.,Готово.,,jazz-units:items.lua:VoiceResponse
890000000008660,В укрытие!,В укрытие!,,jazz-units:items.lua:VoiceResponse
890000000008661,Граната!,Граната!,,jazz-units:items.lua:VoiceResponse
890000000008662,Очередь!,Очередь!,,jazz-units:items.lua:VoiceResponse
890000000008663,(лезет),(лезет),,jazz-units:items.lua:VoiceResponse
890000000008664,(прыжок),(прыжок),,jazz-units:items.lua:VoiceResponse
890000000008665,Что?!,Что?!,,jazz-units:items.lua:VoiceResponse
890000000008666,Опасно!,Опасно!,,jazz-units:items.lua:VoiceResponse
890000000008667,Держу сектор.,Держу сектор.,,jazz-units:items.lua:VoiceResponse
890000000008668,Наготове.,Наготове.,,jazz-units:items.lua:VoiceResponse
890000000008669,(кашляет),(кашляет),,jazz-units:items.lua:VoiceResponse
890000000008670,Почти…,Почти…,,jazz-units:items.lua:VoiceResponse
890000000008671,Зверь!,Зверь!,,jazz-units:items.lua:VoiceResponse
890000000008672,Есть идея.,Есть идея.,,jazz-units:items.lua:VoiceResponse
890000000008673,Сделано.,Сделано.,,jazz-units:items.lua:VoiceResponse
890000000008674,Не вышло.,Не вышло.,,jazz-units:items.lua:VoiceResponse
890000000008675,На связи.,На связи.,,jazz-units:items.lua:VoiceResponse
890000000008676,На связи.,На связи.,,jazz-units:items.lua:VoiceResponse
890000000008677,Тихо.,Тихо.,,jazz-units:items.lua:VoiceResponse
890000000008678,Тихо.,Тихо.,,jazz-units:items.lua:VoiceResponse
890000000008679,Тихо.,Тихо.,,jazz-units:items.lua:VoiceResponse
890000000008680,Есть.,Есть.,,jazz-units:items.lua:VoiceResponse
890000000008681,Есть.,Есть.,,jazz-units:items.lua:VoiceResponse
890000000008682,Есть.,Есть.,,jazz-units:items.lua:VoiceResponse
890000000008683,Двигаюсь.,Двигаюсь.,,jazz-units:items.lua:VoiceResponse
890000000008684,Двигаюсь.,Двигаюсь.,,jazz-units:items.lua:VoiceResponse
890000000008685,Двигаюсь.,Двигаюсь.,,jazz-units:items.lua:VoiceResponse
890000000008686,Крадусь.,Крадусь.,,jazz-units:items.lua:VoiceResponse
890000000008687,Крадусь.,Крадусь.,,jazz-units:items.lua:VoiceResponse
890000000008688,Крадусь.,Крадусь.,,jazz-units:items.lua:VoiceResponse
890000000008689,С вами.,С вами.,,jazz-units:items.lua:VoiceResponse
890000000008690,С вами.,С вами.,,jazz-units:items.lua:VoiceResponse
890000000008691,С вами.,С вами.,,jazz-units:items.lua:VoiceResponse
890000000008692,Есть цель!,Есть цель!,,jazz-units:items.lua:VoiceResponse
890000000008693,Тихо сниму.,Тихо сниму.,,jazz-units:items.lua:VoiceResponse
890000000008694,Тихо сниму.,Тихо сниму.,,jazz-units:items.lua:VoiceResponse
890000000008695,Сложный выстрел.,Сложный выстрел.,,jazz-units:items.lua:VoiceResponse
890000000008696,Плохой угол.,Плохой угол.,,jazz-units:items.lua:VoiceResponse
890000000008697,Вижу их!,Вижу их!,,jazz-units:items.lua:VoiceResponse
890000000008698,Вижу их!,Вижу их!,,jazz-units:items.lua:VoiceResponse
890000000008699,Их много!,Их много!,,jazz-units:items.lua:VoiceResponse
890000000008700,Готов.,Готов.,,jazz-units:items.lua:VoiceResponse
890000000008701,Патроны кончились.,Патроны кончились.,,jazz-units:items.lua:VoiceResponse
890000000008702,Клин!,Клин!,,jazz-units:items.lua:VoiceResponse
890000000008703,Аргх!,Аргх!,,jazz-units:items.lua:VoiceResponse
890000000008704,Аргх!,Аргх!,,jazz-units:items.lua:VoiceResponse
890000000008705,Ранен!,Ранен!,,jazz-units:items.lua:VoiceResponse
890000000008706,Плохо…,Плохо…,,jazz-units:items.lua:VoiceResponse
890000000008707,К бою!,К бою!,,jazz-units:items.lua:VoiceResponse
890000000008708,Чисто.,Чисто.,,jazz-units:items.lua:VoiceResponse
890000000008709,Ещё остались.,Ещё остались.,,jazz-units:items.lua:VoiceResponse
890000000008710,Жду.,Жду.,,jazz-units:items.lua:VoiceResponse
890000000008711,Жду.,Жду.,,jazz-units:items.lua:VoiceResponse
890000000008712,Прячусь.,Прячусь.,,jazz-units:items.lua:VoiceResponse
890000000008713,Прячусь.,Прячусь.,,jazz-units:items.lua:VoiceResponse
890000000008714,Интересно…,Интересно…,,jazz-units:items.lua:VoiceResponse
890000000008715,Интересно…,Интересно…,,jazz-units:items.lua:VoiceResponse
890000000008716,Закрыто.,Закрыто.,,jazz-units:items.lua:VoiceResponse
890000000008717,Устал…,Устал…,,jazz-units:items.lua:VoiceResponse
890000000008718,(пыхтит),(пыхтит),,jazz-units:items.lua:VoiceResponse
890000000008719,Спасибо.,Спасибо.,,jazz-units:items.lua:VoiceResponse
890000000008720,Не сейчас.,Не сейчас.,,jazz-units:items.lua:VoiceResponse
890000000008721,Готово.,Готово.,,jazz-units:items.lua:VoiceResponse
890000000008722,В укрытие!,В укрытие!,,jazz-units:items.lua:VoiceResponse
890000000008723,Граната!,Граната!,,jazz-units:items.lua:VoiceResponse
890000000008724,Очередь!,Очередь!,,jazz-units:items.lua:VoiceResponse
890000000008725,(лезет),(лезет),,jazz-units:items.lua:VoiceResponse
890000000008726,(прыжок),(прыжок),,jazz-units:items.lua:VoiceResponse
890000000008727,Что?!,Что?!,,jazz-units:items.lua:VoiceResponse
890000000008728,Опасно!,Опасно!,,jazz-units:items.lua:VoiceResponse
890000000008729,Держу сектор.,Держу сектор.,,jazz-units:items.lua:VoiceResponse
890000000008730,Наготове.,Наготове.,,jazz-units:items.lua:VoiceResponse
890000000008731,(кашляет),(кашляет),,jazz-units:items.lua:VoiceResponse
890000000008732,Почти…,Почти…,,jazz-units:items.lua:VoiceResponse
890000000008733,Зверь!,Зверь!,,jazz-units:items.lua:VoiceResponse
890000000008734,Есть идея.,Есть идея.,,jazz-units:items.lua:VoiceResponse
890000000008735,Сделано.,Сделано.,,jazz-units:items.lua:VoiceResponse
890000000008736,Не вышло.,Не вышло.,,jazz-units:items.lua:VoiceResponse
890000000008737,На связи.,На связи.,,jazz-units:items.lua:VoiceResponse
890000000008738,На связи.,На связи.,,jazz-units:items.lua:VoiceResponse
890000000008739,Тихо.,Тихо.,,jazz-units:items.lua:VoiceResponse
890000000008740,Тихо.,Тихо.,,jazz-units:items.lua:VoiceResponse
890000000008741,Тихо.,Тихо.,,jazz-units:items.lua:VoiceResponse
890000000008742,Есть.,Есть.,,jazz-units:items.lua:VoiceResponse
890000000008743,Есть.,Есть.,,jazz-units:items.lua:VoiceResponse
890000000008744,Есть.,Есть.,,jazz-units:items.lua:VoiceResponse
890000000008745,Двигаюсь.,Двигаюсь.,,jazz-units:items.lua:VoiceResponse
890000000008746,Двигаюсь.,Двигаюсь.,,jazz-units:items.lua:VoiceResponse
890000000008747,Двигаюсь.,Двигаюсь.,,jazz-units:items.lua:VoiceResponse
890000000008748,Крадусь.,Крадусь.,,jazz-units:items.lua:VoiceResponse
890000000008749,Крадусь.,Крадусь.,,jazz-units:items.lua:VoiceResponse
890000000008750,Крадусь.,Крадусь.,,jazz-units:items.lua:VoiceResponse
890000000008751,С вами.,С вами.,,jazz-units:items.lua:VoiceResponse
890000000008752,С вами.,С вами.,,jazz-units:items.lua:VoiceResponse
890000000008753,С вами.,С вами.,,jazz-units:items.lua:VoiceResponse
890000000008754,Есть цель!,Есть цель!,,jazz-units:items.lua:VoiceResponse
890000000008755,Тихо сниму.,Тихо сниму.,,jazz-units:items.lua:VoiceResponse
890000000008756,Тихо сниму.,Тихо сниму.,,jazz-units:items.lua:VoiceResponse
890000000008757,Сложный выстрел.,Сложный выстрел.,,jazz-units:items.lua:VoiceResponse
890000000008758,Плохой угол.,Плохой угол.,,jazz-units:items.lua:VoiceResponse
890000000008759,Вижу их!,Вижу их!,,jazz-units:items.lua:VoiceResponse
890000000008760,Вижу их!,Вижу их!,,jazz-units:items.lua:VoiceResponse
890000000008761,Их много!,Их много!,,jazz-units:items.lua:VoiceResponse
890000000008762,Готов.,Готов.,,jazz-units:items.lua:VoiceResponse
890000000008763,Патроны кончились.,Патроны кончились.,,jazz-units:items.lua:VoiceResponse
890000000008764,Клин!,Клин!,,jazz-units:items.lua:VoiceResponse
890000000008765,Аргх!,Аргх!,,jazz-units:items.lua:VoiceResponse
890000000008766,Аргх!,Аргх!,,jazz-units:items.lua:VoiceResponse
890000000008767,Ранен!,Ранен!,,jazz-units:items.lua:VoiceResponse
890000000008768,Плохо…,Плохо…,,jazz-units:items.lua:VoiceResponse
890000000008769,К бою!,К бою!,,jazz-units:items.lua:VoiceResponse
890000000008770,Чисто.,Чисто.,,jazz-units:items.lua:VoiceResponse
890000000008771,Ещё остались.,Ещё остались.,,jazz-units:items.lua:VoiceResponse
890000000008772,Жду.,Жду.,,jazz-units:items.lua:VoiceResponse
890000000008773,Жду.,Жду.,,jazz-units:items.lua:VoiceResponse
890000000008774,Прячусь.,Прячусь.,,jazz-units:items.lua:VoiceResponse
890000000008775,Прячусь.,Прячусь.,,jazz-units:items.lua:VoiceResponse
890000000008776,Интересно…,Интересно…,,jazz-units:items.lua:VoiceResponse
890000000008777,Интересно…,Интересно…,,jazz-units:items.lua:VoiceResponse
890000000008778,Закрыто.,Закрыто.,,jazz-units:items.lua:VoiceResponse
890000000008779,Устал…,Устал…,,jazz-units:items.lua:VoiceResponse
890000000008780,(пыхтит),(пыхтит),,jazz-units:items.lua:VoiceResponse
890000000008781,Спасибо.,Спасибо.,,jazz-units:items.lua:VoiceResponse
890000000008782,Не сейчас.,Не сейчас.,,jazz-units:items.lua:VoiceResponse
890000000008783,Готово.,Готово.,,jazz-units:items.lua:VoiceResponse
890000000008784,В укрытие!,В укрытие!,,jazz-units:items.lua:VoiceResponse
890000000008785,Граната!,Граната!,,jazz-units:items.lua:VoiceResponse
890000000008786,Очередь!,Очередь!,,jazz-units:items.lua:VoiceResponse
890000000008787,(лезет),(лезет),,jazz-units:items.lua:VoiceResponse
890000000008788,(прыжок),(прыжок),,jazz-units:items.lua:VoiceResponse
890000000008789,Что?!,Что?!,,jazz-units:items.lua:VoiceResponse
890000000008790,Опасно!,Опасно!,,jazz-units:items.lua:VoiceResponse
890000000008791,Держу сектор.,Держу сектор.,,jazz-units:items.lua:VoiceResponse
890000000008792,Наготове.,Наготове.,,jazz-units:items.lua:VoiceResponse
890000000008793,(кашляет),(кашляет),,jazz-units:items.lua:VoiceResponse
890000000008794,Почти…,Почти…,,jazz-units:items.lua:VoiceResponse
890000000008795,Зверь!,Зверь!,,jazz-units:items.lua:VoiceResponse
890000000008796,Есть идея.,Есть идея.,,jazz-units:items.lua:VoiceResponse
890000000008797,Сделано.,Сделано.,,jazz-units:items.lua:VoiceResponse
890000000008798,Не вышло.,Не вышло.,,jazz-units:items.lua:VoiceResponse
890000000008799,На связи.,На связи.,,jazz-units:items.lua:VoiceResponse
890000000008800,На связи.,На связи.,,jazz-units:items.lua:VoiceResponse
890000000008801,Тихо.,Тихо.,,jazz-units:items.lua:VoiceResponse
890000000008802,Тихо.,Тихо.,,jazz-units:items.lua:VoiceResponse
890000000008803,Тихо.,Тихо.,,jazz-units:items.lua:VoiceResponse
890000000008804,Есть.,Есть.,,jazz-units:items.lua:VoiceResponse
890000000008805,Есть.,Есть.,,jazz-units:items.lua:VoiceResponse
890000000008806,Есть.,Есть.,,jazz-units:items.lua:VoiceResponse
890000000008807,Двигаюсь.,Двигаюсь.,,jazz-units:items.lua:VoiceResponse
890000000008808,Двигаюсь.,Двигаюсь.,,jazz-units:items.lua:VoiceResponse
890000000008809,Двигаюсь.,Двигаюсь.,,jazz-units:items.lua:VoiceResponse
890000000008810,Крадусь.,Крадусь.,,jazz-units:items.lua:VoiceResponse
890000000008811,Крадусь.,Крадусь.,,jazz-units:items.lua:VoiceResponse
890000000008812,Крадусь.,Крадусь.,,jazz-units:items.lua:VoiceResponse
890000000008813,С вами.,С вами.,,jazz-units:items.lua:VoiceResponse
890000000008814,С вами.,С вами.,,jazz-units:items.lua:VoiceResponse
890000000008815,С вами.,С вами.,,jazz-units:items.lua:VoiceResponse
890000000008816,Есть цель!,Есть цель!,,jazz-units:items.lua:VoiceResponse
890000000008817,Тихо сниму.,Тихо сниму.,,jazz-units:items.lua:VoiceResponse
890000000008818,Тихо сниму.,Тихо сниму.,,jazz-units:items.lua:VoiceResponse
890000000008819,Сложный выстрел.,Сложный выстрел.,,jazz-units:items.lua:VoiceResponse
890000000008820,Плохой угол.,Плохой угол.,,jazz-units:items.lua:VoiceResponse
890000000008821,Вижу их!,Вижу их!,,jazz-units:items.lua:VoiceResponse
890000000008822,Вижу их!,Вижу их!,,jazz-units:items.lua:VoiceResponse
890000000008823,Их много!,Их много!,,jazz-units:items.lua:VoiceResponse
890000000008824,Готов.,Готов.,,jazz-units:items.lua:VoiceResponse
890000000008825,Патроны кончились.,Патроны кончились.,,jazz-units:items.lua:VoiceResponse
890000000008826,Клин!,Клин!,,jazz-units:items.lua:VoiceResponse
890000000008827,Аргх!,Аргх!,,jazz-units:items.lua:VoiceResponse
890000000008828,Аргх!,Аргх!,,jazz-units:items.lua:VoiceResponse
890000000008829,Ранен!,Ранен!,,jazz-units:items.lua:VoiceResponse
890000000008830,Плохо…,Плохо…,,jazz-units:items.lua:VoiceResponse
890000000008831,К бою!,К бою!,,jazz-units:items.lua:VoiceResponse
890000000008832,Чисто.,Чисто.,,jazz-units:items.lua:VoiceResponse
890000000008833,Ещё остались.,Ещё остались.,,jazz-units:items.lua:VoiceResponse
890000000008834,Жду.,Жду.,,jazz-units:items.lua:VoiceResponse
890000000008835,Жду.,Жду.,,jazz-units:items.lua:VoiceResponse
890000000008836,Прячусь.,Прячусь.,,jazz-units:items.lua:VoiceResponse
890000000008837,Прячусь.,Прячусь.,,jazz-units:items.lua:VoiceResponse
890000000008838,Интересно…,Интересно…,,jazz-units:items.lua:VoiceResponse
890000000008839,Интересно…,Интересно…,,jazz-units:items.lua:VoiceResponse
890000000008840,Закрыто.,Закрыто.,,jazz-units:items.lua:VoiceResponse
890000000008841,Устал…,Устал…,,jazz-units:items.lua:VoiceResponse
890000000008842,(пыхтит),(пыхтит),,jazz-units:items.lua:VoiceResponse
890000000008843,Спасибо.,Спасибо.,,jazz-units:items.lua:VoiceResponse
890000000008844,Не сейчас.,Не сейчас.,,jazz-units:items.lua:VoiceResponse
890000000008845,Готово.,Готово.,,jazz-units:items.lua:VoiceResponse
890000000008846,В укрытие!,В укрытие!,,jazz-units:items.lua:VoiceResponse
890000000008847,Граната!,Граната!,,jazz-units:items.lua:VoiceResponse
890000000008848,Очередь!,Очередь!,,jazz-units:items.lua:VoiceResponse
890000000008849,(лезет),(лезет),,jazz-units:items.lua:VoiceResponse
890000000008850,(прыжок),(прыжок),,jazz-units:items.lua:VoiceResponse
890000000008851,Что?!,Что?!,,jazz-units:items.lua:VoiceResponse
890000000008852,Опасно!,Опасно!,,jazz-units:items.lua:VoiceResponse
890000000008853,Держу сектор.,Держу сектор.,,jazz-units:items.lua:VoiceResponse
890000000008854,Наготове.,Наготове.,,jazz-units:items.lua:VoiceResponse
890000000008855,(кашляет),(кашляет),,jazz-units:items.lua:VoiceResponse
890000000008856,Почти…,Почти…,,jazz-units:items.lua:VoiceResponse
890000000008857,Зверь!,Зверь!,,jazz-units:items.lua:VoiceResponse
890000000008858,Есть идея.,Есть идея.,,jazz-units:items.lua:VoiceResponse
890000000008859,Сделано.,Сделано.,,jazz-units:items.lua:VoiceResponse
890000000008860,Не вышло.,Не вышло.,,jazz-units:items.lua:VoiceResponse
890000000008861,На связи.,На связи.,,jazz-units:items.lua:VoiceResponse
890000000008862,На связи.,На связи.,,jazz-units:items.lua:VoiceResponse
890000000008863,Тихо.,Тихо.,,jazz-units:items.lua:VoiceResponse
890000000008864,Тихо.,Тихо.,,jazz-units:items.lua:VoiceResponse
890000000008865,Тихо.,Тихо.,,jazz-units:items.lua:VoiceResponse
890000000008866,Есть.,Есть.,,jazz-units:items.lua:VoiceResponse
890000000008867,Есть.,Есть.,,jazz-units:items.lua:VoiceResponse
890000000008868,Есть.,Есть.,,jazz-units:items.lua:VoiceResponse
890000000008869,Двигаюсь.,Двигаюсь.,,jazz-units:items.lua:VoiceResponse
890000000008870,Двигаюсь.,Двигаюсь.,,jazz-units:items.lua:VoiceResponse
890000000008871,Двигаюсь.,Двигаюсь.,,jazz-units:items.lua:VoiceResponse
890000000008872,Крадусь.,Крадусь.,,jazz-units:items.lua:VoiceResponse
890000000008873,Крадусь.,Крадусь.,,jazz-units:items.lua:VoiceResponse
890000000008874,Крадусь.,Крадусь.,,jazz-units:items.lua:VoiceResponse
890000000008875,С вами.,С вами.,,jazz-units:items.lua:VoiceResponse
890000000008876,С вами.,С вами.,,jazz-units:items.lua:VoiceResponse
890000000008877,С вами.,С вами.,,jazz-units:items.lua:VoiceResponse
890000000008878,Есть цель!,Есть цель!,,jazz-units:items.lua:VoiceResponse
890000000008879,Тихо сниму.,Тихо сниму.,,jazz-units:items.lua:VoiceResponse
890000000008880,Тихо сниму.,Тихо сниму.,,jazz-units:items.lua:VoiceResponse
890000000008881,Сложный выстрел.,Сложный выстрел.,,jazz-units:items.lua:VoiceResponse
890000000008882,Плохой угол.,Плохой угол.,,jazz-units:items.lua:VoiceResponse
890000000008883,Вижу их!,Вижу их!,,jazz-units:items.lua:VoiceResponse
890000000008884,Вижу их!,Вижу их!,,jazz-units:items.lua:VoiceResponse
890000000008885,Их много!,Их много!,,jazz-units:items.lua:VoiceResponse
890000000008886,Готов.,Готов.,,jazz-units:items.lua:VoiceResponse
890000000008887,Патроны кончились.,Патроны кончились.,,jazz-units:items.lua:VoiceResponse
890000000008888,Клин!,Клин!,,jazz-units:items.lua:VoiceResponse
890000000008889,Аргх!,Аргх!,,jazz-units:items.lua:VoiceResponse
890000000008890,Аргх!,Аргх!,,jazz-units:items.lua:VoiceResponse
890000000008891,Ранен!,Ранен!,,jazz-units:items.lua:VoiceResponse
890000000008892,Плохо…,Плохо…,,jazz-units:items.lua:VoiceResponse
890000000008893,К бою!,К бою!,,jazz-units:items.lua:VoiceResponse
890000000008894,Чисто.,Чисто.,,jazz-units:items.lua:VoiceResponse
890000000008895,Ещё остались.,Ещё остались.,,jazz-units:items.lua:VoiceResponse
890000000008896,Жду.,Жду.,,jazz-units:items.lua:VoiceResponse
890000000008897,Жду.,Жду.,,jazz-units:items.lua:VoiceResponse
890000000008898,Прячусь.,Прячусь.,,jazz-units:items.lua:VoiceResponse
890000000008899,Прячусь.,Прячусь.,,jazz-units:items.lua:VoiceResponse
890000000008900,Интересно…,Интересно…,,jazz-units:items.lua:VoiceResponse
890000000008901,Интересно…,Интересно…,,jazz-units:items.lua:VoiceResponse
890000000008902,Закрыто.,Закрыто.,,jazz-units:items.lua:VoiceResponse
890000000008903,Устал…,Устал…,,jazz-units:items.lua:VoiceResponse
890000000008904,(пыхтит),(пыхтит),,jazz-units:items.lua:VoiceResponse
890000000008905,Спасибо.,Спасибо.,,jazz-units:items.lua:VoiceResponse
890000000008906,Не сейчас.,Не сейчас.,,jazz-units:items.lua:VoiceResponse
890000000008907,Готово.,Готово.,,jazz-units:items.lua:VoiceResponse
890000000008908,В укрытие!,В укрытие!,,jazz-units:items.lua:VoiceResponse
890000000008909,Граната!,Граната!,,jazz-units:items.lua:VoiceResponse
890000000008910,Очередь!,Очередь!,,jazz-units:items.lua:VoiceResponse
890000000008911,(лезет),(лезет),,jazz-units:items.lua:VoiceResponse
890000000008912,(прыжок),(прыжок),,jazz-units:items.lua:VoiceResponse
890000000008913,Что?!,Что?!,,jazz-units:items.lua:VoiceResponse
890000000008914,Опасно!,Опасно!,,jazz-units:items.lua:VoiceResponse
890000000008915,Держу сектор.,Держу сектор.,,jazz-units:items.lua:VoiceResponse
890000000008916,Наготове.,Наготове.,,jazz-units:items.lua:VoiceResponse
890000000008917,(кашляет),(кашляет),,jazz-units:items.lua:VoiceResponse
890000000008918,Почти…,Почти…,,jazz-units:items.lua:VoiceResponse
890000000008919,Зверь!,Зверь!,,jazz-units:items.lua:VoiceResponse
890000000008920,Есть идея.,Есть идея.,,jazz-units:items.lua:VoiceResponse
890000000008921,Сделано.,Сделано.,,jazz-units:items.lua:VoiceResponse
890000000008922,Не вышло.,Не вышло.,,jazz-units:items.lua:VoiceResponse
890000000008923,На связи.,На связи.,,jazz-units:items.lua:VoiceResponse
890000000008924,На связи.,На связи.,,jazz-units:items.lua:VoiceResponse
890000000008925,Тихо.,Тихо.,,jazz-units:items.lua:VoiceResponse
890000000008926,Тихо.,Тихо.,,jazz-units:items.lua:VoiceResponse
890000000008927,Тихо.,Тихо.,,jazz-units:items.lua:VoiceResponse
890000000008928,Есть.,Есть.,,jazz-units:items.lua:VoiceResponse
890000000008929,Есть.,Есть.,,jazz-units:items.lua:VoiceResponse
890000000008930,Есть.,Есть.,,jazz-units:items.lua:VoiceResponse
890000000008931,Двигаюсь.,Двигаюсь.,,jazz-units:items.lua:VoiceResponse
890000000008932,Двигаюсь.,Двигаюсь.,,jazz-units:items.lua:VoiceResponse
890000000008933,Двигаюсь.,Двигаюсь.,,jazz-units:items.lua:VoiceResponse
890000000008934,Крадусь.,Крадусь.,,jazz-units:items.lua:VoiceResponse
890000000008935,Крадусь.,Крадусь.,,jazz-units:items.lua:VoiceResponse
890000000008936,Крадусь.,Крадусь.,,jazz-units:items.lua:VoiceResponse
890000000008937,С вами.,С вами.,,jazz-units:items.lua:VoiceResponse
890000000008938,С вами.,С вами.,,jazz-units:items.lua:VoiceResponse
890000000008939,С вами.,С вами.,,jazz-units:items.lua:VoiceResponse
890000000008940,Есть цель!,Есть цель!,,jazz-units:items.lua:VoiceResponse
890000000008941,Тихо сниму.,Тихо сниму.,,jazz-units:items.lua:VoiceResponse
890000000008942,Тихо сниму.,Тихо сниму.,,jazz-units:items.lua:VoiceResponse
890000000008943,Сложный выстрел.,Сложный выстрел.,,jazz-units:items.lua:VoiceResponse
890000000008944,Плохой угол.,Плохой угол.,,jazz-units:items.lua:VoiceResponse
890000000008945,Вижу их!,Вижу их!,,jazz-units:items.lua:VoiceResponse
890000000008946,Вижу их!,Вижу их!,,jazz-units:items.lua:VoiceResponse
890000000008947,Их много!,Их много!,,jazz-units:items.lua:VoiceResponse
890000000008948,Готов.,Готов.,,jazz-units:items.lua:VoiceResponse
890000000008949,Патроны кончились.,Патроны кончились.,,jazz-units:items.lua:VoiceResponse
890000000008950,Клин!,Клин!,,jazz-units:items.lua:VoiceResponse
890000000008951,Аргх!,Аргх!,,jazz-units:items.lua:VoiceResponse
890000000008952,Аргх!,Аргх!,,jazz-units:items.lua:VoiceResponse
890000000008953,Ранен!,Ранен!,,jazz-units:items.lua:VoiceResponse
890000000008954,Плохо…,Плохо…,,jazz-units:items.lua:VoiceResponse
890000000008955,К бою!,К бою!,,jazz-units:items.lua:VoiceResponse
890000000008956,Чисто.,Чисто.,,jazz-units:items.lua:VoiceResponse
890000000008957,Ещё остались.,Ещё остались.,,jazz-units:items.lua:VoiceResponse
890000000008958,Жду.,Жду.,,jazz-units:items.lua:VoiceResponse
890000000008959,Жду.,Жду.,,jazz-units:items.lua:VoiceResponse
890000000008960,Прячусь.,Прячусь.,,jazz-units:items.lua:VoiceResponse
890000000008961,Прячусь.,Прячусь.,,jazz-units:items.lua:VoiceResponse
890000000008962,Интересно…,Интересно…,,jazz-units:items.lua:VoiceResponse
890000000008963,Интересно…,Интересно…,,jazz-units:items.lua:VoiceResponse
890000000008964,Закрыто.,Закрыто.,,jazz-units:items.lua:VoiceResponse
890000000008965,Устал…,Устал…,,jazz-units:items.lua:VoiceResponse
890000000008966,(пыхтит),(пыхтит),,jazz-units:items.lua:VoiceResponse
890000000008967,Спасибо.,Спасибо.,,jazz-units:items.lua:VoiceResponse
890000000008968,Не сейчас.,Не сейчас.,,jazz-units:items.lua:VoiceResponse
890000000008969,Готово.,Готово.,,jazz-units:items.lua:VoiceResponse
890000000008970,В укрытие!,В укрытие!,,jazz-units:items.lua:VoiceResponse
890000000008971,Граната!,Граната!,,jazz-units:items.lua:VoiceResponse
890000000008972,Очередь!,Очередь!,,jazz-units:items.lua:VoiceResponse
890000000008973,(лезет),(лезет),,jazz-units:items.lua:VoiceResponse
890000000008974,(прыжок),(прыжок),,jazz-units:items.lua:VoiceResponse
890000000008975,Что?!,Что?!,,jazz-units:items.lua:VoiceResponse
890000000008976,Опасно!,Опасно!,,jazz-units:items.lua:VoiceResponse
890000000008977,Держу сектор.,Держу сектор.,,jazz-units:items.lua:VoiceResponse
890000000008978,Наготове.,Наготове.,,jazz-units:items.lua:VoiceResponse
890000000008979,(кашляет),(кашляет),,jazz-units:items.lua:VoiceResponse
890000000008980,Почти…,Почти…,,jazz-units:items.lua:VoiceResponse
890000000008981,Зверь!,Зверь!,,jazz-units:items.lua:VoiceResponse
890000000008982,Есть идея.,Есть идея.,,jazz-units:items.lua:VoiceResponse
890000000008983,Сделано.,Сделано.,,jazz-units:items.lua:VoiceResponse
890000000008984,Не вышло.,Не вышло.,,jazz-units:items.lua:VoiceResponse
890000000008985,На связи.,На связи.,,jazz-units:items.lua:VoiceResponse
890000000008986,На связи.,На связи.,,jazz-units:items.lua:VoiceResponse
890000000008987,Тихо.,Тихо.,,jazz-units:items.lua:VoiceResponse
890000000008988,Тихо.,Тихо.,,jazz-units:items.lua:VoiceResponse
890000000008989,Тихо.,Тихо.,,jazz-units:items.lua:VoiceResponse
890000000008990,Есть.,Есть.,,jazz-units:items.lua:VoiceResponse
890000000008991,Есть.,Есть.,,jazz-units:items.lua:VoiceResponse
890000000008992,Есть.,Есть.,,jazz-units:items.lua:VoiceResponse
890000000008993,Двигаюсь.,Двигаюсь.,,jazz-units:items.lua:VoiceResponse
890000000008994,Двигаюсь.,Двигаюсь.,,jazz-units:items.lua:VoiceResponse
890000000008995,Двигаюсь.,Двигаюсь.,,jazz-units:items.lua:VoiceResponse
890000000008996,Крадусь.,Крадусь.,,jazz-units:items.lua:VoiceResponse
890000000008997,Крадусь.,Крадусь.,,jazz-units:items.lua:VoiceResponse
890000000008998,Крадусь.,Крадусь.,,jazz-units:items.lua:VoiceResponse
890000000008999,С вами.,С вами.,,jazz-units:items.lua:VoiceResponse
890000000009000,С вами.,С вами.,,jazz-units:items.lua:VoiceResponse
890000000009001,С вами.,С вами.,,jazz-units:items.lua:VoiceResponse
890000000009002,Есть цель!,Есть цель!,,jazz-units:items.lua:VoiceResponse
890000000009003,Тихо сниму.,Тихо сниму.,,jazz-units:items.lua:VoiceResponse
890000000009004,Тихо сниму.,Тихо сниму.,,jazz-units:items.lua:VoiceResponse
890000000009005,Сложный выстрел.,Сложный выстрел.,,jazz-units:items.lua:VoiceResponse
890000000009006,Плохой угол.,Плохой угол.,,jazz-units:items.lua:VoiceResponse
890000000009007,Вижу их!,Вижу их!,,jazz-units:items.lua:VoiceResponse
890000000009008,Вижу их!,Вижу их!,,jazz-units:items.lua:VoiceResponse
890000000009009,Их много!,Их много!,,jazz-units:items.lua:VoiceResponse
890000000009010,Готов.,Готов.,,jazz-units:items.lua:VoiceResponse
890000000009011,Патроны кончились.,Патроны кончились.,,jazz-units:items.lua:VoiceResponse
890000000009012,Клин!,Клин!,,jazz-units:items.lua:VoiceResponse
890000000009013,Аргх!,Аргх!,,jazz-units:items.lua:VoiceResponse
890000000009014,Аргх!,Аргх!,,jazz-units:items.lua:VoiceResponse
890000000009015,Ранен!,Ранен!,,jazz-units:items.lua:VoiceResponse
890000000009016,Плохо…,Плохо…,,jazz-units:items.lua:VoiceResponse
890000000009017,К бою!,К бою!,,jazz-units:items.lua:VoiceResponse
890000000009018,Чисто.,Чисто.,,jazz-units:items.lua:VoiceResponse
890000000009019,Ещё остались.,Ещё остались.,,jazz-units:items.lua:VoiceResponse
890000000009020,Жду.,Жду.,,jazz-units:items.lua:VoiceResponse
890000000009021,Жду.,Жду.,,jazz-units:items.lua:VoiceResponse
890000000009022,Прячусь.,Прячусь.,,jazz-units:items.lua:VoiceResponse
890000000009023,Прячусь.,Прячусь.,,jazz-units:items.lua:VoiceResponse
890000000009024,Интересно…,Интересно…,,jazz-units:items.lua:VoiceResponse
890000000009025,Интересно…,Интересно…,,jazz-units:items.lua:VoiceResponse
890000000009026,Закрыто.,Закрыто.,,jazz-units:items.lua:VoiceResponse
890000000009027,Устал…,Устал…,,jazz-units:items.lua:VoiceResponse
890000000009028,(пыхтит),(пыхтит),,jazz-units:items.lua:VoiceResponse
890000000009029,Спасибо.,Спасибо.,,jazz-units:items.lua:VoiceResponse
890000000009030,Не сейчас.,Не сейчас.,,jazz-units:items.lua:VoiceResponse
890000000009031,Готово.,Готово.,,jazz-units:items.lua:VoiceResponse
890000000009032,В укрытие!,В укрытие!,,jazz-units:items.lua:VoiceResponse
890000000009033,Граната!,Граната!,,jazz-units:items.lua:VoiceResponse
890000000009034,Очередь!,Очередь!,,jazz-units:items.lua:VoiceResponse
890000000009035,(лезет),(лезет),,jazz-units:items.lua:VoiceResponse
890000000009036,(прыжок),(прыжок),,jazz-units:items.lua:VoiceResponse
890000000009037,Что?!,Что?!,,jazz-units:items.lua:VoiceResponse
890000000009038,Опасно!,Опасно!,,jazz-units:items.lua:VoiceResponse
890000000009039,Держу сектор.,Держу сектор.,,jazz-units:items.lua:VoiceResponse
890000000009040,Наготове.,Наготове.,,jazz-units:items.lua:VoiceResponse
890000000009041,(кашляет),(кашляет),,jazz-units:items.lua:VoiceResponse
890000000009042,Почти…,Почти…,,jazz-units:items.lua:VoiceResponse
890000000009043,Зверь!,Зверь!,,jazz-units:items.lua:VoiceResponse
890000000009044,Есть идея.,Есть идея.,,jazz-units:items.lua:VoiceResponse
890000000009045,Сделано.,Сделано.,,jazz-units:items.lua:VoiceResponse
890000000009046,Не вышло.,Не вышло.,,jazz-units:items.lua:VoiceResponse
890000000009047,На связи.,На связи.,,jazz-units:items.lua:VoiceResponse
890000000009048,На связи.,На связи.,,jazz-units:items.lua:VoiceResponse
890000000009049,На связи.,На связи.,,jazz-units:items.lua:VoiceResponse
890000000009050,Тихо.,Тихо.,,jazz-units:items.lua:VoiceResponse
890000000009051,Тихо.,Тихо.,,jazz-units:items.lua:VoiceResponse
890000000009052,Тихо.,Тихо.,,jazz-units:items.lua:VoiceResponse
890000000009053,Есть.,Есть.,,jazz-units:items.lua:VoiceResponse
890000000009054,Есть.,Есть.,,jazz-units:items.lua:VoiceResponse
890000000009055,Есть.,Есть.,,jazz-units:items.lua:VoiceResponse
890000000009056,Двигаюсь.,Двигаюсь.,,jazz-units:items.lua:VoiceResponse
890000000009057,Двигаюсь.,Двигаюсь.,,jazz-units:items.lua:VoiceResponse
890000000009058,Двигаюсь.,Двигаюсь.,,jazz-units:items.lua:VoiceResponse
890000000009059,Крадусь.,Крадусь.,,jazz-units:items.lua:VoiceResponse
890000000009060,Крадусь.,Крадусь.,,jazz-units:items.lua:VoiceResponse
890000000009061,Крадусь.,Крадусь.,,jazz-units:items.lua:VoiceResponse
890000000009062,Это было бы неплохо.,Это было бы неплохо.,,jazz-units:items.lua:VoiceResponse
890000000009063,Это было бы неплохо.,Это было бы неплохо.,,jazz-units:items.lua:VoiceResponse
890000000009064,Это было бы неплохо.,Это было бы неплохо.,,jazz-units:items.lua:VoiceResponse
890000000009065,Мишень!,Мишень!,,jazz-units:items.lua:VoiceResponse
890000000009066,Мишень!,Мишень!,,jazz-units:items.lua:VoiceResponse
890000000009067,Отдохни!,Отдохни!,,jazz-units:items.lua:VoiceResponse
890000000009068,"Пф! Топают, как слоны.","Пф! Топают, как слоны.",,jazz-units:items.lua:VoiceResponse
890000000009069,"Пф! Топают, как слоны.","Пф! Топают, как слоны.",,jazz-units:items.lua:VoiceResponse
890000000009070,"Вообще-то я взломщик, а не снайпер. Припоминаешь?","Вообще-то я взломщик, а не снайпер. Припоминаешь?",,jazz-units:items.lua:VoiceResponse
890000000009071,С таким снаряжением эта задача невыполнима.,С таким снаряжением эта задача невыполнима.,,jazz-units:items.lua:VoiceResponse
890000000009072,Мишень!,Мишень!,,jazz-units:items.lua:VoiceResponse
890000000009073,Кто хочет пострелять?,Кто хочет пострелять?,,jazz-units:items.lua:VoiceResponse
890000000009074,"Та-ак, где моя большая пушка?","Та-ак, где моя большая пушка?",,jazz-units:items.lua:VoiceResponse
890000000009075,Отдохни!,Отдохни!,,jazz-units:items.lua:VoiceResponse
890000000009076,Отдохни!,Отдохни!,,jazz-units:items.lua:VoiceResponse
890000000009077,"Умник, обойма пустая!","Умник, обойма пустая!",,jazz-units:items.lua:VoiceResponse
890000000009078,"Умник, обойма пустая!","Умник, обойма пустая!",,jazz-units:items.lua:VoiceResponse
890000000009079,Техника просто супер.,Техника просто супер.,,jazz-units:items.lua:VoiceResponse
890000000009080,Аргх!,Аргх!,,jazz-units:items.lua:VoiceResponse
890000000009081,Аргх!,Аргх!,,jazz-units:items.lua:VoiceResponse
890000000009082,Дело дрянь.,Дело дрянь.,,jazz-units:items.lua:VoiceResponse
890000000009083,Меня подбили…,Меня подбили…,,jazz-units:items.lua:VoiceResponse
890000000009084,"Да-а, я всегда знала, что жить вредно, но никогда не думала, что до такой степени.","Да-а, я всегда знала, что жить вредно, но никогда не думала, что до такой степени.",,jazz-units:items.lua:VoiceResponse
890000000009085,К бою!,К бою!,,jazz-units:items.lua:VoiceResponse
890000000009086,Кто хочет пострелять?,Кто хочет пострелять?,,jazz-units:items.lua:VoiceResponse
890000000009087,Вот теперь тут чисто.,Вот теперь тут чисто.,,jazz-units:items.lua:VoiceResponse
890000000009088,Здесь что-то слишком тихо...,Здесь что-то слишком тихо...,,jazz-units:items.lua:VoiceResponse
890000000009089,Конец…,Конец…,,jazz-units:items.lua:VoiceResponse
890000000009090,"Может чем болтать, лучше подумаем, как побыстрее здесь все закончить и вернуться в цивилизованный мир?","Может чем болтать, лучше подумаем, как побыстрее здесь все закончить и вернуться в цивилизованный мир?",,jazz-units:items.lua:VoiceResponse
890000000009091,"Может чем болтать, лучше подумаем, как побыстрее здесь все закончить и вернуться в цивилизованный мир?","Может чем болтать, лучше подумаем, как побыстрее здесь все закончить и вернуться в цивилизованный мир?",,jazz-units:items.lua:VoiceResponse
890000000009092,"Может чем болтать, лучше подумаем, как побыстрее здесь все закончить и вернуться в цивилизованный мир?","Может чем болтать, лучше подумаем, как побыстрее здесь все закончить и вернуться в цивилизованный мир?",,jazz-units:items.lua:VoiceResponse
890000000009093,"Пф! Топают, как слоны.","Пф! Топают, как слоны.",,jazz-units:items.lua:VoiceResponse
890000000009094,"Пф! Топают, как слоны.","Пф! Топают, как слоны.",,jazz-units:items.lua:VoiceResponse
890000000009095,Люблю учиться!,Люблю учиться!,,jazz-units:items.lua:VoiceResponse
890000000009096,Похоже вещичка ищет хозяина.,Похоже вещичка ищет хозяина.,,jazz-units:items.lua:VoiceResponse
890000000009097,Взять или не взять?,Взять или не взять?,,jazz-units:items.lua:VoiceResponse
890000000009098,Закрыто.,Закрыто.,,jazz-units:items.lua:VoiceResponse
890000000009099,"Ао-х! Время видеть сны, начальник.","Ао-х! Время видеть сны, начальник.",,jazz-units:items.lua:VoiceResponse
890000000009100,Фу-у-у... Кислородную подушку. Срочно.,Фу-у-у... Кислородную подушку. Срочно.,,jazz-units:items.lua:VoiceResponse
890000000009101,Всегда приятно поговорить с умным человеком.,Всегда приятно поговорить с умным человеком.,,jazz-units:items.lua:VoiceResponse
890000000009102,Не сейчас.,Не сейчас.,,jazz-units:items.lua:VoiceResponse
890000000009103,С этим все.,С этим все.,,jazz-units:items.lua:VoiceResponse
890000000009104,Ложись!,Ложись!,,jazz-units:items.lua:VoiceResponse
890000000009105,Отдохни!,Отдохни!,,jazz-units:items.lua:VoiceResponse
890000000009106,Отдохни!,Отдохни!,,jazz-units:items.lua:VoiceResponse
890000000009107,Фу-у-у... Кислородную подушку. Срочно.,Фу-у-у... Кислородную подушку. Срочно.,,jazz-units:items.lua:VoiceResponse
890000000009108,Фу-у-у... Кислородную подушку. Срочно.,Фу-у-у... Кислородную подушку. Срочно.,,jazz-units:items.lua:VoiceResponse
890000000009109,"Пф! Топают, как слоны.","Пф! Топают, как слоны.",,jazz-units:items.lua:VoiceResponse
890000000009110,Опасно!,Опасно!,,jazz-units:items.lua:VoiceResponse
890000000009111,Я бы пока не торопилась расслабляться.,Я бы пока не торопилась расслабляться.,,jazz-units:items.lua:VoiceResponse
890000000009112,Я бы пока не торопилась расслабляться.,Я бы пока не торопилась расслабляться.,,jazz-units:items.lua:VoiceResponse
890000000009113,(кашляет),(кашляет),,jazz-units:items.lua:VoiceResponse
890000000009114,Черт.,Черт.,,jazz-units:items.lua:VoiceResponse
890000000009115,"Ки-иска, мрр!","Ки-иска, мрр!",,jazz-units:items.lua:VoiceResponse
890000000009116,С этим все.,С этим все.,,jazz-units:items.lua:VoiceResponse
890000000009117,С этим все.,С этим все.,,jazz-units:items.lua:VoiceResponse
890000000009118,С таким снаряжением эта задача невыполнима.,С таким снаряжением эта задача невыполнима.,,jazz-units:items.lua:VoiceResponse
890000000009119,Только не это.,Только не это.,,jazz-units:items.lua:VoiceResponse
890000000009120,"Так держать, коллега!","Так держать, коллега!",,jazz-units:items.lua:VoiceResponse
890000000009121,На связи.,На связи.,,jazz-units:items.lua:VoiceResponse
890000000009122,На связи.,На связи.,,jazz-units:items.lua:VoiceResponse
890000000009123,На связи.,На связи.,,jazz-units:items.lua:VoiceResponse
890000000009124,Тихо.,Тихо.,,jazz-units:items.lua:VoiceResponse
890000000009125,Тихо.,Тихо.,,jazz-units:items.lua:VoiceResponse
890000000009126,Тихо.,Тихо.,,jazz-units:items.lua:VoiceResponse
890000000009127,Есть.,Есть.,,jazz-units:items.lua:VoiceResponse
890000000009128,Есть.,Есть.,,jazz-units:items.lua:VoiceResponse
890000000009129,Есть.,Есть.,,jazz-units:items.lua:VoiceResponse
890000000009130,Двигаюсь.,Двигаюсь.,,jazz-units:items.lua:VoiceResponse
890000000009131,Двигаюсь.,Двигаюсь.,,jazz-units:items.lua:VoiceResponse
890000000009132,Двигаюсь.,Двигаюсь.,,jazz-units:items.lua:VoiceResponse
890000000009133,Крадусь.,Крадусь.,,jazz-units:items.lua:VoiceResponse
890000000009134,Крадусь.,Крадусь.,,jazz-units:items.lua:VoiceResponse
890000000009135,Крадусь.,Крадусь.,,jazz-units:items.lua:VoiceResponse
890000000009136,Согласен.,Согласен.,,jazz-units:items.lua:VoiceResponse
890000000009137,Согласен.,Согласен.,,jazz-units:items.lua:VoiceResponse
890000000009138,Согласен.,Согласен.,,jazz-units:items.lua:VoiceResponse
890000000009139,Объект.,Объект.,,jazz-units:items.lua:VoiceResponse
890000000009140,Объект.,Объект.,,jazz-units:items.lua:VoiceResponse
890000000009141,Мишень уничтожена.,Мишень уничтожена.,,jazz-units:items.lua:VoiceResponse
890000000009142,Слышал шум.,Слышал шум.,,jazz-units:items.lua:VoiceResponse
890000000009143,Слышал шум.,Слышал шум.,,jazz-units:items.lua:VoiceResponse
890000000009144,Сам туда стреляй.,Сам туда стреляй.,,jazz-units:items.lua:VoiceResponse
890000000009145,Невозможно.,Невозможно.,,jazz-units:items.lua:VoiceResponse
890000000009146,Объект.,Объект.,,jazz-units:items.lua:VoiceResponse
890000000009147,Пора умирать.,Пора умирать.,,jazz-units:items.lua:VoiceResponse
890000000009148,Вижу противника.,Вижу противника.,,jazz-units:items.lua:VoiceResponse
890000000009149,Мишень уничтожена.,Мишень уничтожена.,,jazz-units:items.lua:VoiceResponse
890000000009150,Мишень уничтожена.,Мишень уничтожена.,,jazz-units:items.lua:VoiceResponse
890000000009151,Обойму!,Обойму!,,jazz-units:items.lua:VoiceResponse
890000000009152,Обойму!,Обойму!,,jazz-units:items.lua:VoiceResponse
890000000009153,Нужен ремонт.,Нужен ремонт.,,jazz-units:items.lua:VoiceResponse
890000000009154,Аргх!,Аргх!,,jazz-units:items.lua:VoiceResponse
890000000009155,Аргх!,Аргх!,,jazz-units:items.lua:VoiceResponse
890000000009156,Я ранен.,Я ранен.,,jazz-units:items.lua:VoiceResponse
890000000009157,Меня подбили…,Меня подбили…,,jazz-units:items.lua:VoiceResponse
890000000009158,Руководство за гранью идиотизма.,Руководство за гранью идиотизма.,,jazz-units:items.lua:VoiceResponse
890000000009159,К бою!,К бою!,,jazz-units:items.lua:VoiceResponse
890000000009160,Пора умирать.,Пора умирать.,,jazz-units:items.lua:VoiceResponse
890000000009161,Здесь все.,Здесь все.,,jazz-units:items.lua:VoiceResponse
890000000009162,Мы здесь не одни.,Мы здесь не одни.,,jazz-units:items.lua:VoiceResponse
890000000009163,Конец…,Конец…,,jazz-units:items.lua:VoiceResponse
890000000009164,Не люблю болтать.,Не люблю болтать.,,jazz-units:items.lua:VoiceResponse
890000000009165,Не люблю болтать.,Не люблю болтать.,,jazz-units:items.lua:VoiceResponse
890000000009166,Не люблю болтать.,Не люблю болтать.,,jazz-units:items.lua:VoiceResponse
890000000009167,Слышал шум.,Слышал шум.,,jazz-units:items.lua:VoiceResponse
890000000009168,Слышал шум.,Слышал шум.,,jazz-units:items.lua:VoiceResponse
890000000009169,Отлично.,Отлично.,,jazz-units:items.lua:VoiceResponse
890000000009170,Это нужно?,Это нужно?,,jazz-units:items.lua:VoiceResponse
890000000009171,Там.,Там.,,jazz-units:items.lua:VoiceResponse
890000000009172,Закрыто.,Закрыто.,,jazz-units:items.lua:VoiceResponse
890000000009173,Пора отдохнуть.,Пора отдохнуть.,,jazz-units:items.lua:VoiceResponse
890000000009174,Не могу двигаться.,Не могу двигаться.,,jazz-units:items.lua:VoiceResponse
890000000009175,Неплохо.,Неплохо.,,jazz-units:items.lua:VoiceResponse
890000000009176,Не сейчас.,Не сейчас.,,jazz-units:items.lua:VoiceResponse
890000000009177,Задание выполнено.,Задание выполнено.,,jazz-units:items.lua:VoiceResponse
890000000009178,Ложись!,Ложись!,,jazz-units:items.lua:VoiceResponse
890000000009179,Мишень уничтожена.,Мишень уничтожена.,,jazz-units:items.lua:VoiceResponse
890000000009180,Мишень уничтожена.,Мишень уничтожена.,,jazz-units:items.lua:VoiceResponse
890000000009181,Не могу двигаться.,Не могу двигаться.,,jazz-units:items.lua:VoiceResponse
890000000009182,Не могу двигаться.,Не могу двигаться.,,jazz-units:items.lua:VoiceResponse
890000000009183,Слышал шум.,Слышал шум.,,jazz-units:items.lua:VoiceResponse
890000000009184,Опасно!,Опасно!,,jazz-units:items.lua:VoiceResponse
890000000009185,Работа еще не закончена.,Работа еще не закончена.,,jazz-units:items.lua:VoiceResponse
890000000009186,Работа еще не закончена.,Работа еще не закончена.,,jazz-units:items.lua:VoiceResponse
890000000009187,(кашляет),(кашляет),,jazz-units:items.lua:VoiceResponse
890000000009188,Они подошли слишком близко.,Они подошли слишком близко.,,jazz-units:items.lua:VoiceResponse
890000000009189,Кошатина!,Кошатина!,,jazz-units:items.lua:VoiceResponse
890000000009190,Задание выполнено.,Задание выполнено.,,jazz-units:items.lua:VoiceResponse
890000000009191,Задание выполнено.,Задание выполнено.,,jazz-units:items.lua:VoiceResponse
890000000009192,Невозможно.,Невозможно.,,jazz-units:items.lua:VoiceResponse
890000000009193,Только не это.,Только не это.,,jazz-units:items.lua:VoiceResponse
890000000009194,Хм! Наконец он хоть чему-то научился.,Хм! Наконец он хоть чему-то научился.,,jazz-units:items.lua:VoiceResponse
890000000009195,На связи.,На связи.,,jazz-units:items.lua:VoiceResponse
890000000009196,Противник в этом секторе!,Противник в этом секторе!,,jazz-units:items.lua:VoiceResponse
890000000009197,Противник в этом секторе!,Противник в этом секторе!,,jazz-units:items.lua:VoiceResponse
890000000009198,Кто-то должен уйти.,Кто-то должен уйти.,,jazz-units:items.lua:VoiceResponse
890000000009199,Конец...,Конец...,,jazz-units:items.lua:VoiceResponse
890000000009200,Ранен!,Ранен!,,jazz-units:items.lua:VoiceResponse
890000000009201,Нет патронов!,Нет патронов!,,jazz-units:items.lua:VoiceResponse
890000000009202,Пора начинать!,Пора начинать!,,jazz-units:items.lua:VoiceResponse
890000000009203,Жду.,Жду.,,jazz-units:items.lua:VoiceResponse
890000000009204,"Да, я стал лучше.","Да, я стал лучше.",,jazz-units:items.lua:VoiceResponse
890000000009205,Этот Иван позорит всю Россию.,Этот Иван позорит всю Россию.,,jazz-units:items.lua:VoiceResponse
890000000009206,Отличная работа.,Отличная работа.,,jazz-units:items.lua:VoiceResponse
890000000009207,На связи.,На связи.,,jazz-units:items.lua:VoiceResponse
890000000009208,Вижу противника!,Вижу противника!,,jazz-units:items.lua:VoiceResponse
890000000009209,Вижу противника!,Вижу противника!,,jazz-units:items.lua:VoiceResponse
890000000009210,Еще один готов.,Ещё один готов.,,jazz-units:items.lua:VoiceResponse
890000000009211,Конец...,Конец...,,jazz-units:items.lua:VoiceResponse
890000000009212,Ранен!,Ранен!,,jazz-units:items.lua:VoiceResponse
890000000009213,Нужно перезарядить оружие. Вот только чем?,Нужно перезарядить оружие. Вот только чем?,,jazz-units:items.lua:VoiceResponse
890000000009214,"Отлично, вперед!","Отлично, вперед!",,jazz-units:items.lua:VoiceResponse
890000000009215,Англичанина я учуял бы и за сто метров.,Англичанина я учуял бы и за сто метров.,,jazz-units:items.lua:VoiceResponse
890000000009216,"Я учусь медленно, но верно.","Я учусь медленно, но верно.",,jazz-units:items.lua:VoiceResponse
890000000009217,Этот Сидней... Скоро он получит фонарь под глаз. На что спорим?,Этот Сидней... Скоро он получит фонарь под глаз. На что спорим?,,jazz-units:items.lua:VoiceResponse
890000000009218,"Она мне нравится. Обычно американки такие... Ну... Но только не Грейс. В ней чувствуется итальянская кровь, а итальянцы знают толк в хорошей еде.","Она мне нравится. Обычно американки такие... Ну... Но только не Грейс. В ней чувствуется итальянская кровь, а итальянцы знают толк в хорошей еде.",,jazz-units:items.lua:VoiceResponse
890000000009219,На связи.,На связи.,,jazz-units:items.lua:VoiceResponse
890000000009220,Наши друзья снова здесь...,Наши друзья снова здесь...,,jazz-units:items.lua:VoiceResponse
890000000009221,Наши друзья снова здесь...,Наши друзья снова здесь...,,jazz-units:items.lua:VoiceResponse
890000000009222,Для тебя все кончено...,Для тебя все кончено...,,jazz-units:items.lua:VoiceResponse
890000000009223,Конец...,Конец...,,jazz-units:items.lua:VoiceResponse
890000000009224,Ранен!,Ранен!,,jazz-units:items.lua:VoiceResponse
890000000009225,Кончились патроны! Нужна еще обойма!,Кончились патроны! Нужна еще обойма!,,jazz-units:items.lua:VoiceResponse
890000000009226,За работу!,За работу!,,jazz:CharacterEffect/TraumaArmsLight.lua
890000000009227,Жду.,Жду.,,jazz:CharacterEffect/TraumaArmsLight.lua
890000000009228,Неплохо... Есть еще порох в пороховницах!,Неплохо... Есть ещё порох в пороховницах!,,jazz:CharacterEffect/TraumaArmsMedium.lua
890000000009229,"Делайте со мной что хотите, только избавьте меня от этого Тора! Чертов ""нью-эйджер""! Пусть засунет свой хрен себе в рот. Schnell!","Делайте со мной что хотите, только избавьте меня от этого Тора! Чёртов «нью-эйджер»! Пусть засунет свой хрен себе в рот. Schnell!",,jazz:CharacterEffect/TraumaArmsMedium.lua
890000000009230,Фидель - это сокровище! Ты ВИДЕЛ?,Фидель - это сокровище! Ты ВИДЕЛ?,,jazz:CharacterEffect/TraumaArmsHeavy.lua
890000000009231,На связи.,На связи.,,jazz:CharacterEffect/TraumaArmsHeavy.lua
890000000009232,Ублюдки!,Ублюдки!,,jazz:CharacterEffect/TraumaLegsLight.lua
890000000009233,Ублюдки!,Ублюдки!,,jazz:CharacterEffect/TraumaLegsLight.lua
890000000009234,Не такая уж большая потеря.,Не такая уж большая потеря.,,jazz:CharacterEffect/TraumaLegsMedium.lua
890000000009235,Конец...,Конец...,,jazz:CharacterEffect/TraumaLegsMedium.lua
890000000009236,Ранен!,Ранен!,,jazz:CharacterEffect/TraumaLegsHeavy.lua
890000000009237,Дайте патроны!,Дайте патроны!,,jazz:CharacterEffect/TraumaLegsHeavy.lua
890000000009238,Ну что же... Пора покончить с формальностями.,Ну что же... Пора покончить с формальностями.,,jazz:CharacterEffect/TraumaRibsLight.lua
890000000009239,"Как человек строгих моральных принципов, я уверен, что эти женщины помнят о своем долге.","Как человек строгих моральных принципов, я уверен, что эти женщины помнят о своем долге.",,jazz:CharacterEffect/TraumaRibsLight.lua
890000000009240,"Ага, значит... Мои заслуги оценили.","Ага, значит... Мои заслуги оценили.",,jazz:CharacterEffect/TraumaRibsMedium.lua
890000000009241,Только не это.,Только не это.,,jazz:CharacterEffect/TraumaRibsMedium.lua
890000000009242,Отличная работа.,Отличная работа.,,jazz:CharacterEffect/TraumaRibsHeavy.lua
890000000009243,На связи.,На связи.,,jazz:CharacterEffect/TraumaRibsHeavy.lua
890000000009244,"Я чувствую, что вы здесь...","Я чувствую, что вы здесь...",,jazz:CharacterEffect/TraumaHeadLight.lua
890000000009245,"Я чувствую, что вы здесь...","Я чувствую, что вы здесь...",,jazz:CharacterEffect/TraumaHeadLight.lua
890000000009246,Чпок! Ха...,Чпок! Ха...,,jazz:CharacterEffect/TraumaHeadMedium.lua
890000000009247,Конец...,Конец...,,jazz:CharacterEffect/TraumaHeadMedium.lua
890000000009248,Ранен!,Ранен!,,jazz:CharacterEffect/TraumaHeadHeavy.lua
890000000009249,"Ха, патроны кончились! Да кому они вообще нужны?","Ха, патроны кончились! Да кому они вообще нужны?",,jazz:CharacterEffect/TraumaHeadHeavy.lua
890000000009250,У руки так и чешутся спустить курок...,У руки так и чешутся спустить курок...,,jazz:CharacterEffect/TraumaBurnLight.lua
890000000009251,"Я однажды видел документальный фильм об Арулько, но теперь здесь все по-другому. Интересное место.","Я однажды видел документальный фильм об Арулько, но теперь здесь все по-другому. Интересное место.",,jazz:CharacterEffect/TraumaBurnLight.lua
890000000009252,Все лучше и лучше!,Все лучше и лучше!,,jazz:CharacterEffect/TraumaBurnMedium.lua
890000000009253,Китайцы сводят меня с ума.,Китайцы сводят меня с ума.,,jazz:CharacterEffect/TraumaBurnMedium.lua
890000000009254,"Виктор, это было здорово. Ты знаешь, что я не люблю русских, но ты свой парень.","Виктор, это было здорово. Ты знаешь, что я не люблю русских, но ты свой парень.",,jazz:CharacterEffect/TraumaBurnHeavy.lua
890000000009255,На связи.,На связи.,,jazz:CharacterEffect/TraumaBurnHeavy.lua
890000000009256,Враг рядом!,Враг рядом!,,jazz-units:items.lua:VoiceResponse
890000000009257,Враг рядом!,Враг рядом!,,jazz-units:items.lua:VoiceResponse
890000000009258,Да!,Да!,,jazz-units:items.lua:VoiceResponse
890000000009259,Конец...,Конец...,,jazz-units:items.lua:VoiceResponse
890000000009260,Ранен!,Ранен!,,jazz-units:items.lua:VoiceResponse
890000000009261,В следующий раз прихвачу с собой пулеметную ленту.,В следующий раз прихвачу с собой пулеметную ленту.,,jazz-units:items.lua:VoiceResponse
890000000009262,"Ладно, давайте с ними разделаемся. Руки так и чешутся метнуть пару ножиков.","Ладно, давайте с ними разделаемся. Руки так и чешутся метнуть пару ножиков.",,jazz-units:items.lua:VoiceResponse
890000000009263,"Эти шотландцы... Мачо почище нас, итальянцев. Ужасно. А та дрянь, которую они едят? фу! Да, наверное, в ней все дело... Во всем виновата бурда, которую они жрут!","Эти шотландцы... Мачо почище нас, итальянцев. Ужасно. А та дрянь, которую они едят? фу! Да, наверное, в ней все дело... Во всем виновата бурда, которую они жрут!",,jazz-units:items.lua:VoiceResponse
890000000009264,Теперь дело пойдет веселее.,Теперь дело пойдет веселее.,,jazz-units:items.lua:VoiceResponse
890000000009265,Я не могу быть в одной команде с Рыжим... У него в рюкзаке лежит рубец с потрохами - блуэ-э!..,Я не могу быть в одной команде с Рыжим... У него в рюкзаке лежит рубец с потрохами - блуэ-э!..,,jazz-units:items.lua:VoiceResponse
890000000009266,Янно хороший парень. Напоминает мне моего младшего братишку Альфредо.,Янно хороший парень. Напоминает мне моего младшего братишку Альфредо.,,jazz-units:items.lua:VoiceResponse
890000000009267,На связи.,На связи.,,jazz-units:items.lua:VoiceResponse
890000000009268,Эти уроды здесь - я их чувствую.,Эти уроды здесь - я их чувствую.,,jazz-units:items.lua:VoiceResponse
890000000009269,Эти уроды здесь - я их чувствую.,Эти уроды здесь - я их чувствую.,,jazz-units:items.lua:VoiceResponse
890000000009270,Ja-a!,Ja-a!,,jazz-units:items.lua:VoiceResponse
890000000009271,Конец...,Конец...,,jazz-units:items.lua:VoiceResponse
890000000009272,Ранен!,Ранен!,,jazz-units:items.lua:VoiceResponse
890000000009273,Надо перезарядить оружие...,Надо перезарядить оружие...,,jazz-units:items.lua:VoiceResponse
890000000009274,Пора браться за дело.,Пора браться за дело.,,jazz-units:items.lua:VoiceResponse
890000000009275,Жду.,Жду.,,jazz-units:items.lua:VoiceResponse
890000000009276,Иногда моя гениальность поражает даже меня самого...,Иногда моя гениальность поражает даже меня самого...,,jazz-units:items.lua:VoiceResponse
890000000009277,"Сначала Милтон, этот клоун, мне нравился - но теперь он мне нужен, как чирей на заднице.","Сначала Милтон, этот клоун, мне нравился - но теперь он мне нужен, как чирей на заднице.",,jazz-units:items.lua:VoiceResponse
890000000009278,МНЕ НРАВИТСЯ этот Гельмут Грунтер... Все это слышали?,МНЕ НРАВИТСЯ этот Гельмут Грунтер... Все это слышали?,,jazz-units:items.lua:VoiceResponse
890000000009279,На связи.,На связи.,,jazz-units:items.lua:VoiceResponse
890000000009280,Вот и они!,Вот и они!,,jazz-units:items.lua:VoiceResponse
890000000009281,Вот и они!,Вот и они!,,jazz-units:items.lua:VoiceResponse
890000000009282,...Посмотри мне в глаза и умри...,...Посмотри мне в глаза и умри...,,jazz-units:items.lua:VoiceResponse
890000000009283,Конец...,Конец...,,jazz-units:items.lua:VoiceResponse
890000000009284,Ранен!,Ранен!,,jazz-units:items.lua:VoiceResponse
890000000009285,Пули кончились.. Мне идти в рукопашную?,Пули кончились.. Мне идти в рукопашную?,,jazz-units:items.lua:VoiceResponse
890000000009286,Вы готовы?,Вы готовы?,,jazz-units:items.lua:VoiceResponse
890000000009287,Вот черт...,Вот черт...,,jazz-units:items.lua:VoiceResponse
890000000009288,"Я стал сильнее, правда?","Я стал сильнее, правда?",,jazz-units:items.lua:VoiceResponse
890000000009289,Злобный меня уже достал...,Злобный меня уже достал...,,jazz-units:items.lua:VoiceResponse
890000000009290,"Барри, это было потрясающе!","Барри, это было потрясающе!",,jazz-units:items.lua:VoiceResponse
890000000009291,На связи.,На связи.,,jazz-units:items.lua:VoiceResponse
890000000009292,Мы вступили в контакт с неприятелем.,Мы вступили в контакт с неприятелем.,,jazz-units:items.lua:VoiceResponse
890000000009293,Мы вступили в контакт с неприятелем.,Мы вступили в контакт с неприятелем.,,jazz-units:items.lua:VoiceResponse
890000000009294,Он определенно заслужил это.,Он определенно заслужил это.,,jazz-units:items.lua:VoiceResponse
890000000009295,Конец...,Конец...,,jazz-units:items.lua:VoiceResponse
890000000009296,Ранен!,Ранен!,,jazz-units:items.lua:VoiceResponse
890000000009297,Кончились патроны!,Кончились патроны!,,jazz-units:items.lua:VoiceResponse
890000000009298,Можно начинать операцию!,Можно начинать операцию!,,jazz-units:items.lua:VoiceResponse
890000000009299,Жду.,Жду.,,jazz-units:items.lua:VoiceResponse
890000000009300,"Приятно, когда человек совершенствует свои познания - а я узнаю больше день ото дня.","Приятно, когда человек совершенствует свои познания, — а я узнаю больше день ото дня.",,jazz-units:items.lua:VoiceResponse
890000000009301,Тоска начинает меня раздражать.,Тоска начинает меня раздражать.,,jazz-units:items.lua:VoiceResponse
890000000009302,Отличная работа.,Отличная работа.,,jazz-units:items.lua:VoiceResponse
890000000009303,На связи.,На связи.,,jazz-units:items.lua:VoiceResponse
890000000009304,На связи.,На связи.,,jazz-units:items.lua:VoiceResponse
890000000009305,Тихо.,Тихо.,,jazz-units:items.lua:VoiceResponse
890000000009306,Тихо.,Тихо.,,jazz-units:items.lua:VoiceResponse
890000000009307,Тихо.,Тихо.,,jazz-units:items.lua:VoiceResponse
890000000009308,Есть.,Есть.,,jazz-units:items.lua:VoiceResponse
890000000009309,Есть.,Есть.,,jazz-units:items.lua:VoiceResponse
890000000009310,Есть.,Есть.,,jazz-units:items.lua:VoiceResponse
890000000009311,Двигаюсь.,Двигаюсь.,,jazz-units:items.lua:VoiceResponse
890000000009312,Двигаюсь.,Двигаюсь.,,jazz-units:items.lua:VoiceResponse
890000000009313,Двигаюсь.,Двигаюсь.,,jazz-units:items.lua:VoiceResponse
890000000009314,Крадусь.,Крадусь.,,jazz-units:items.lua:VoiceResponse
890000000009315,Крадусь.,Крадусь.,,jazz-units:items.lua:VoiceResponse
890000000009316,Крадусь.,Крадусь.,,jazz-units:items.lua:VoiceResponse
890000000009317,Я согласен.,Я согласен.,,jazz-units:items.lua:VoiceResponse
890000000009318,Я согласен.,Я согласен.,,jazz-units:items.lua:VoiceResponse
890000000009319,Я согласен.,Я согласен.,,jazz-units:items.lua:VoiceResponse
890000000009320,Еще один готов.,Ещё один готов.,,jazz-units:items.lua:VoiceResponse
890000000009321,"Ш-шш, я что-то слышу.","Ш-шш, я что-то слышу.",,jazz-units:items.lua:VoiceResponse
890000000009322,"Ш-шш, я что-то слышу.","Ш-шш, я что-то слышу.",,jazz-units:items.lua:VoiceResponse
890000000009323,"Отсюда бы в цель не попал даже снайпер... О, так я, получается, тоже снайпер?!","Отсюда бы в цель не попал даже снайпер... О, так я, получается, тоже снайпер?!",,jazz-units:items.lua:VoiceResponse
890000000009324,Такого не сможет сделать никто.,Такого не сможет сделать никто.,,jazz-units:items.lua:VoiceResponse
890000000009325,Вижу противника!,Вижу противника!,,jazz-units:items.lua:VoiceResponse
890000000009326,"Отлично, вперед!","Отлично, вперед!",,jazz-units:items.lua:VoiceResponse
890000000009327,Scheisse!,Scheisse!,,jazz-units:items.lua:VoiceResponse
890000000009328,Я же говорю - сафари...,Я же говорю - сафари...,,jazz-units:items.lua:VoiceResponse
890000000009329,Нужно перезарядить оружие. Вот только чем?,Нужно перезарядить оружие. Вот только чем?,,jazz-units:items.lua:VoiceResponse
890000000009330,Оружие заклинило!,Оружие заклинило!,,jazz-units:items.lua:VoiceResponse
890000000009331,Аргх!,Аргх!,,jazz-units:items.lua:VoiceResponse
890000000009332,Аргх!,Аргх!,,jazz-units:items.lua:VoiceResponse
890000000009333,Я... тяжело ранен... Но я слишком люблю жизнь... Никто не поможет мне?,Я... тяжело ранен... Но я слишком люблю жизнь... Никто не поможет мне?,,jazz-units:items.lua:VoiceResponse
890000000009334,Почему-то это все так похоже на... шайсе.,Почему-то это все так похоже на... шайсе.,,jazz-units:items.lua:VoiceResponse
890000000009335,К несению службы готов.,К несению службы готов.,,jazz-units:items.lua:VoiceResponse
890000000009336,"Думаю, мы убили всех до единого.","Думаю, мы убили всех до единого.",,jazz-units:items.lua:VoiceResponse
890000000009337,Этот сектор занят... Противником... Пора это изменить.,Этот сектор занят... Противником... Пора это изменить.,,jazz-units:items.lua:VoiceResponse
890000000009338,Англичанина я учуял бы и за сто метров.,Англичанина я учуял бы и за сто метров.,,jazz-units:items.lua:VoiceResponse
890000000009339,Англичанина я учуял бы и за сто метров.,Англичанина я учуял бы и за сто метров.,,jazz-units:items.lua:VoiceResponse
890000000009340,"Ш-шш, я что-то слышу.","Ш-шш, я что-то слышу.",,jazz-units:items.lua:VoiceResponse
890000000009341,"Ш-шш, я что-то слышу.","Ш-шш, я что-то слышу.",,jazz-units:items.lua:VoiceResponse
890000000009342,"О, кое-что полезное...","О, кое-что полезное...",,jazz-units:items.lua:VoiceResponse
890000000009343,Что это там?,Что это там?,,jazz-units:items.lua:VoiceResponse
890000000009344,Закрыто.,Закрыто.,,jazz-units:items.lua:VoiceResponse
890000000009345,Я должен поспать... Едой и сном пренебрегать нельзя.,Я должен поспать... Едой и сном пренебрегать нельзя.,,jazz-units:items.lua:VoiceResponse
890000000009346,"Дыши, Янно, дыши!","Дыши, Янно, дыши!",,jazz-units:items.lua:VoiceResponse
890000000009347,Хорошие здесь люди.,Хорошие здесь люди.,,jazz-units:items.lua:VoiceResponse
890000000009348,"Нет, так не пойдет.","Нет, так не пойдет.",,jazz-units:items.lua:VoiceResponse
890000000009349,"Ja, все готово!","Ja, все готово!",,jazz-units:items.lua:VoiceResponse
890000000009350,Нападение с воздуха!,Нападение с воздуха!,,jazz-units:items.lua:VoiceResponse
890000000009351,Еще один готов.,Ещё один готов.,,jazz-units:items.lua:VoiceResponse
890000000009352,Еще один готов.,Ещё один готов.,,jazz-units:items.lua:VoiceResponse
890000000009353,"Дыши, Янно, дыши!","Дыши, Янно, дыши!",,jazz-units:items.lua:VoiceResponse
890000000009354,"Дыши, Янно, дыши!","Дыши, Янно, дыши!",,jazz-units:items.lua:VoiceResponse
890000000009355,"Ш-шш, я что-то слышу.","Ш-шш, я что-то слышу.",,jazz-units:items.lua:VoiceResponse
890000000009356,Тут слишком тихо. Что-то здесь не так...,Тут слишком тихо. Что-то здесь не так...,,jazz-units:items.lua:VoiceResponse
890000000009357,"Внимание! Думаю, мы еще не всех устранили.","Внимание! Думаю, мы еще не всех устранили.",,jazz-units:items.lua:VoiceResponse
890000000009358,"Внимание! Думаю, мы еще не всех устранили.","Внимание! Думаю, мы еще не всех устранили.",,jazz-units:items.lua:VoiceResponse
890000000009359,(кашляет),(кашляет),,jazz-units:items.lua:VoiceResponse
890000000009360,"Ха, промазал! Так просто тебе меня не достать!","Ха, промазал! Так просто тебе меня не достать!",,jazz-units:items.lua:VoiceResponse
890000000009361,Большая кошка... Не могу поверить.,Большая кошка... Не могу поверить.,,jazz-units:items.lua:VoiceResponse
890000000009362,"Ja, все готово!","Ja, все готово!",,jazz-units:items.lua:VoiceResponse
890000000009363,Хм. Этого и следовало ожидать.,Хм. Этого и следовало ожидать.,,jazz-units:items.lua:VoiceResponse
890000000009364,Этот план - какой-то он... Не совсем хороший.,Этот план - какой-то он... Не совсем хороший.,,jazz-units:items.lua:VoiceResponse
890000000009365,На связи.,На связи.,,jazz-units:items.lua:VoiceResponse
890000000009366,На связи.,На связи.,,jazz-units:items.lua:VoiceResponse
890000000009367,Тихо.,Тихо.,,jazz-units:items.lua:VoiceResponse
890000000009368,Тихо.,Тихо.,,jazz-units:items.lua:VoiceResponse
890000000009369,Тихо.,Тихо.,,jazz-units:items.lua:VoiceResponse
890000000009370,Есть.,Есть.,,jazz-units:items.lua:VoiceResponse
890000000009371,Есть.,Есть.,,jazz-units:items.lua:VoiceResponse
890000000009372,Есть.,Есть.,,jazz-units:items.lua:VoiceResponse
890000000009373,Двигаюсь.,Двигаюсь.,,jazz-units:items.lua:VoiceResponse
890000000009374,Двигаюсь.,Двигаюсь.,,jazz-units:items.lua:VoiceResponse
890000000009375,Двигаюсь.,Двигаюсь.,,jazz-units:items.lua:VoiceResponse
890000000009376,Крадусь.,Крадусь.,,jazz-units:items.lua:VoiceResponse
890000000009377,Крадусь.,Крадусь.,,jazz-units:items.lua:VoiceResponse
890000000009378,Крадусь.,Крадусь.,,jazz-units:items.lua:VoiceResponse
890000000009379,"Ага, значит... И меня не забудьте...","Ага, значит... И меня не забудьте...",,jazz-units:items.lua:VoiceResponse
890000000009380,"Ага, значит... И меня не забудьте...","Ага, значит... И меня не забудьте...",,jazz-units:items.lua:VoiceResponse
890000000009381,"Ага, значит... И меня не забудьте...","Ага, значит... И меня не забудьте...",,jazz-units:items.lua:VoiceResponse
890000000009382,Не такая уж большая потеря.,Не такая уж большая потеря.,,jazz-units:items.lua:VoiceResponse
890000000009383,Я точно это слышал! Здесь кто-то есть. Или что-то.,Я точно это слышал! Здесь кто-то есть. Или что-то.,,jazz-units:items.lua:VoiceResponse
890000000009384,Я точно это слышал! Здесь кто-то есть. Или что-то.,Я точно это слышал! Здесь кто-то есть. Или что-то.,,jazz-units:items.lua:VoiceResponse
890000000009385,"Невозможно. Хотя, был бы я помоложе...","Невозможно. Хотя, был бы я помоложе...",,jazz-units:items.lua:VoiceResponse
890000000009386,Это безнадежно. В самом деле.,Это безнадежно. В самом деле.,,jazz-units:items.lua:VoiceResponse
890000000009387,Ублюдки!,Ублюдки!,,jazz-units:items.lua:VoiceResponse
890000000009388,Ну что же... Пора покончить с формальностями.,Ну что же... Пора покончить с формальностями.,,jazz-units:items.lua:VoiceResponse
890000000009389,"Похоже, у меня проблемы.","Похоже, у меня проблемы.",,jazz-units:items.lua:VoiceResponse
890000000009390,Не такая уж большая потеря.,Не такая уж большая потеря.,,jazz-units:items.lua:VoiceResponse
890000000009391,Дайте патроны!,Дайте патроны!,,jazz-units:items.lua:VoiceResponse
890000000009392,"Похоже, тут что-то не так...","Похоже, тут что-то не так...",,jazz-units:items.lua:VoiceResponse
890000000009393,Аргх!,Аргх!,,jazz-units:items.lua:VoiceResponse
890000000009394,Аргх!,Аргх!,,jazz-units:items.lua:VoiceResponse
890000000009395,"Во имя мира и добра... Черт, ну и боль... И жизнь отдать не жалко ради... Ох, вот бы выпить... Ради мира на земле.","Во имя мира и добра... Черт, ну и боль... И жизнь отдать не жалко ради... Ох, вот бы выпить... Ради мира на земле.",,jazz-units:items.lua:VoiceResponse
890000000009396,"Я начинаю сомневаться, что переход на вашу сторону был верным решением.","Я начинаю сомневаться, что переход на вашу сторону был верным решением.",,jazz-units:items.lua:VoiceResponse
890000000009397,К бою!,К бою!,,jazz-units:items.lua:VoiceResponse
890000000009398,"Их больше не осталось, так?","Их больше не осталось, так?",,jazz-units:items.lua:VoiceResponse
890000000009399,Будьте начеку. Противник бродит поблизости.,Будьте начеку. Противник бродит поблизости.,,jazz-units:items.lua:VoiceResponse
890000000009400,"Как человек строгих моральных принципов, я уверен, что эти женщины помнят о своем долге.","Как человек строгих моральных принципов, я уверен, что эти женщины помнят о своем долге.",,jazz-units:items.lua:VoiceResponse
890000000009401,"Как человек строгих моральных принципов, я уверен, что эти женщины помнят о своем долге.","Как человек строгих моральных принципов, я уверен, что эти женщины помнят о своем долге.",,jazz-units:items.lua:VoiceResponse
890000000009402,Я точно это слышал! Здесь кто-то есть. Или что-то.,Я точно это слышал! Здесь кто-то есть. Или что-то.,,jazz-units:items.lua:VoiceResponse
890000000009403,Я точно это слышал! Здесь кто-то есть. Или что-то.,Я точно это слышал! Здесь кто-то есть. Или что-то.,,jazz-units:items.lua:VoiceResponse
890000000009404,Там что-то есть.,Там что-то есть.,,jazz-units:items.lua:VoiceResponse
890000000009405,А это тогда что?,А это тогда что?,,jazz-units:items.lua:VoiceResponse
890000000009406,Закрыто.,Закрыто.,,jazz-units:items.lua:VoiceResponse
890000000009407,Мне нужен небольшой перерыв на сон.,Мне нужен небольшой перерыв на сон.,,jazz-units:items.lua:VoiceResponse
890000000009408,Ох! Черт! Надо бы дух перевести.,Ох! Черт! Надо бы дух перевести.,,jazz-units:items.lua:VoiceResponse
890000000009409,"Ага, значит... Не все против нас.","Ага, значит... Не все против нас.",,jazz-units:items.lua:VoiceResponse
890000000009410,"Я бы не стал этого делать, и не стану.","Я бы не стал этого делать, и не стану.",,jazz-units:items.lua:VoiceResponse
890000000009411,"Ну, значит... Я снова выполнил свои обязанности к полному удовлетворению всех сторон.","Ну, значит... Я снова выполнил свои обязанности к полному удовлетворению всех сторон.",,jazz-units:items.lua:VoiceResponse
890000000009412,"В укрытие! Боюсь, они попытаются достать нас с воздуха.","В укрытие! Боюсь, они попытаются достать нас с воздуха.",,jazz-units:items.lua:VoiceResponse
890000000009413,Не такая уж большая потеря.,Не такая уж большая потеря.,,jazz-units:items.lua:VoiceResponse
890000000009414,Не такая уж большая потеря.,Не такая уж большая потеря.,,jazz-units:items.lua:VoiceResponse
890000000009415,Ох! Черт! Надо бы дух перевести.,Ох! Черт! Надо бы дух перевести.,,jazz-units:items.lua:VoiceResponse
890000000009416,Ох! Черт! Надо бы дух перевести.,Ох! Черт! Надо бы дух перевести.,,jazz-units:items.lua:VoiceResponse
890000000009417,Я точно это слышал! Здесь кто-то есть. Или что-то.,Я точно это слышал! Здесь кто-то есть. Или что-то.,,jazz-units:items.lua:VoiceResponse
890000000009418,"Я много лет провел в джунглях... Поэтому я знаю, когда следует ждать недоброго... Когда я предчувствую недоброе.","Я много лет провел в джунглях... Поэтому я знаю, когда следует ждать недоброго... Когда я предчувствую недоброе.",,jazz-units:items.lua:VoiceResponse
890000000009419,"Я не уверен, что они все ушли на покой, так что будьте осторожны.","Я не уверен, что они все ушли на покой, так что будьте осторожны.",,jazz-units:items.lua:VoiceResponse
890000000009420,"Я не уверен, что они все ушли на покой, так что будьте осторожны.","Я не уверен, что они все ушли на покой, так что будьте осторожны.",,jazz-units:items.lua:VoiceResponse
890000000009421,(кашляет),(кашляет),,jazz-units:items.lua:VoiceResponse
890000000009422,"Ага, значит... Сердце снова бьется.","Ага, значит... Сердце снова бьется.",,jazz-units:items.lua:VoiceResponse
890000000009423,Египетский кот!,Египетский кот!,,jazz-units:items.lua:VoiceResponse
890000000009424,"Ну, значит... Я снова выполнил свои обязанности к полному удовлетворению всех сторон.","Ну, значит... Я снова выполнил свои обязанности к полному удовлетворению всех сторон.",,jazz-units:items.lua:VoiceResponse
890000000009425,"Надеюсь, этот урок поможет обрести должную трезвость рассудка.","Надеюсь, этот урок поможет обрести должную трезвость рассудка.",,jazz-units:items.lua:VoiceResponse
890000000009426,"Что, снова лезем в ловушку?","Что, снова лезем в ловушку?",,jazz-units:items.lua:VoiceResponse
890000000009427,На связи.,На связи.,,jazz-units:items.lua:VoiceResponse
890000000009428,На связи.,На связи.,,jazz-units:items.lua:VoiceResponse
890000000009429,Тихо.,Тихо.,,jazz-units:items.lua:VoiceResponse
890000000009430,Тихо.,Тихо.,,jazz-units:items.lua:VoiceResponse
890000000009431,Тихо.,Тихо.,,jazz-units:items.lua:VoiceResponse
890000000009432,Есть.,Есть.,,jazz-units:items.lua:VoiceResponse
890000000009433,Есть.,Есть.,,jazz-units:items.lua:VoiceResponse
890000000009434,Есть.,Есть.,,jazz-units:items.lua:VoiceResponse
890000000009435,Двигаюсь.,Двигаюсь.,,jazz-units:items.lua:VoiceResponse
890000000009436,Двигаюсь.,Двигаюсь.,,jazz-units:items.lua:VoiceResponse
890000000009437,Двигаюсь.,Двигаюсь.,,jazz-units:items.lua:VoiceResponse
890000000009438,Крадусь.,Крадусь.,,jazz-units:items.lua:VoiceResponse
890000000009439,Крадусь.,Крадусь.,,jazz-units:items.lua:VoiceResponse
890000000009440,Крадусь.,Крадусь.,,jazz-units:items.lua:VoiceResponse
890000000009441,Я только что хотела это сказать.,Я только что хотела это сказать.,,jazz-units:items.lua:VoiceResponse
890000000009442,Я только что хотела это сказать.,Я только что хотела это сказать.,,jazz-units:items.lua:VoiceResponse
890000000009443,Я только что хотела это сказать.,Я только что хотела это сказать.,,jazz-units:items.lua:VoiceResponse
890000000009444,Да!,Да!,,jazz-units:items.lua:VoiceResponse
890000000009445,Я что-то слышу!,Я что-то слышу!,,jazz-units:items.lua:VoiceResponse
890000000009446,Я что-то слышу!,Я что-то слышу!,,jazz-units:items.lua:VoiceResponse
890000000009447,"Отсюда я даже не вижу цель... Или предполагается, что у меня с собой ракета с тепловым наведением?","Отсюда я даже не вижу цель... Или предполагается, что у меня с собой ракета с тепловым наведением?",,jazz-units:items.lua:VoiceResponse
890000000009448,"Я уже сейчас могу сказать, что это не сработает.","Я уже сейчас могу сказать, что это не сработает.",,jazz-units:items.lua:VoiceResponse
890000000009449,Враг рядом!,Враг рядом!,,jazz-units:items.lua:VoiceResponse
890000000009450,"Ладно, давайте с ними разделаемся. Руки так и чешутся метнуть пару ножиков.","Ладно, давайте с ними разделаемся. Руки так и чешутся метнуть пару ножиков.",,jazz-units:items.lua:VoiceResponse
890000000009451,"Говорила мне мама, не играй с незнакомыми дядями!","Говорила мне мама, не играй с незнакомыми дядями!",,jazz-units:items.lua:VoiceResponse
890000000009452,"Ф-фу! Когда они лопаются, они воняют еще сильнее.","Ф-фу! Когда они лопаются, они воняют еще сильнее.",,jazz-units:items.lua:VoiceResponse
890000000009453,В следующий раз прихвачу с собой пулеметную ленту.,В следующий раз прихвачу с собой пулеметную ленту.,,jazz-units:items.lua:VoiceResponse
890000000009454,Даже оружие испугалось!,Даже оружие испугалось!,,jazz-units:items.lua:VoiceResponse
890000000009455,Аргх!,Аргх!,,jazz-units:items.lua:VoiceResponse
890000000009456,Аргх!,Аргх!,,jazz-units:items.lua:VoiceResponse
890000000009457,Мне нужен морфий... И скорее!,Мне нужен морфий... И скорее!,,jazz-units:items.lua:VoiceResponse
890000000009458,Это все так... Действует на нервы.,Это все так... Действует на нервы.,,jazz-units:items.lua:VoiceResponse
890000000009459,Так гораздо лучше! Пора браться за дело!,Так гораздо лучше! Пора браться за дело!,,jazz-units:items.lua:VoiceResponse
890000000009460,Сектор зачищен.,Сектор зачищен.,,jazz-units:items.lua:VoiceResponse
890000000009461,Обнаружен враг!,Обнаружен враг!,,jazz-units:items.lua:VoiceResponse
890000000009462,"Эти шотландцы... Мачо почище нас, итальянцев. Ужасно. А та дрянь, которую они едят? фу! Да, наверное, в ней все дело... Во всем виновата бурда, которую они жрут!","Эти шотландцы... Мачо почище нас, итальянцев. Ужасно. А та дрянь, которую они едят? фу! Да, наверное, в ней все дело... Во всем виновата бурда, которую они жрут!",,jazz-units:items.lua:VoiceResponse
890000000009463,"Эти шотландцы... Мачо почище нас, итальянцев. Ужасно. А та дрянь, которую они едят? фу! Да, наверное, в ней все дело... Во всем виновата бурда, которую они жрут!","Эти шотландцы... Мачо почище нас, итальянцев. Ужасно. А та дрянь, которую они едят? фу! Да, наверное, в ней все дело... Во всем виновата бурда, которую они жрут!",,jazz-units:items.lua:VoiceResponse
890000000009464,Я что-то слышу!,Я что-то слышу!,,jazz-units:items.lua:VoiceResponse
890000000009465,Я что-то слышу!,Я что-то слышу!,,jazz-units:items.lua:VoiceResponse
890000000009466,Что это было?,Что это было?,,jazz-units:items.lua:VoiceResponse
890000000009467,Что там?,Что там?,,jazz-units:items.lua:VoiceResponse
890000000009468,Закрыто.,Закрыто.,,jazz-units:items.lua:VoiceResponse
890000000009469,Что-то я притомилась... На свежую голову я способна на большее.,Что-то я притомилась... На свежую голову я способна на большее.,,jazz-units:items.lua:VoiceResponse
890000000009470,Нужен воздух...,Нужен воздух...,,jazz-units:items.lua:VoiceResponse
890000000009471,Люди здесь хорошие...,Люди здесь хорошие...,,jazz-units:items.lua:VoiceResponse
890000000009472,Ни-за-что!,Ни-за-что!,,jazz-units:items.lua:VoiceResponse
890000000009473,Жду следующего приказа.,Жду следующего приказа.,,jazz-units:items.lua:VoiceResponse
890000000009474,Нападение с воздуха!,Нападение с воздуха!,,jazz-units:items.lua:VoiceResponse
890000000009475,Да!,Да!,,jazz-units:items.lua:VoiceResponse
890000000009476,Да!,Да!,,jazz-units:items.lua:VoiceResponse
890000000009477,Нужен воздух...,Нужен воздух...,,jazz-units:items.lua:VoiceResponse
890000000009478,Нужен воздух...,Нужен воздух...,,jazz-units:items.lua:VoiceResponse
890000000009479,Я что-то слышу!,Я что-то слышу!,,jazz-units:items.lua:VoiceResponse
890000000009480,У меня нехорошее предчувствие.,У меня нехорошее предчувствие.,,jazz-units:items.lua:VoiceResponse
890000000009481,Мы прикончили еще не всех. Не стоит расслабляться!,Мы прикончили еще не всех. Не стоит расслабляться!,,jazz-units:items.lua:VoiceResponse
890000000009482,Мы прикончили еще не всех. Не стоит расслабляться!,Мы прикончили еще не всех. Не стоит расслабляться!,,jazz-units:items.lua:VoiceResponse
890000000009483,(кашляет),(кашляет),,jazz-units:items.lua:VoiceResponse
890000000009484,"Ф-фу, пронесло... Вот тебе и адреналин! Говорят, можно подсесть на это ощущение...","Ф-фу, пронесло... Вот тебе и адреналин! Говорят, можно подсесть на это ощущение...",,jazz-units:items.lua:VoiceResponse
890000000009485,А... Э... Дикая кошка!,А... Э... Дикая кошка!,,jazz-units:items.lua:VoiceResponse
890000000009486,Жду следующего приказа.,Жду следующего приказа.,,jazz-units:items.lua:VoiceResponse
890000000009487,Ничего другого я и не ожидала.,Ничего другого я и не ожидала.,,jazz-units:items.lua:VoiceResponse
890000000009488,"Мне кажется, это... будет совсем не смешно.","Мне кажется, это... будет совсем не смешно.",,jazz-units:items.lua:VoiceResponse
890000000009489,На связи.,На связи.,,jazz-units:items.lua:VoiceResponse
890000000009490,На связи.,На связи.,,jazz-units:items.lua:VoiceResponse
890000000009491,Тихо.,Тихо.,,jazz-units:items.lua:VoiceResponse
890000000009492,Тихо.,Тихо.,,jazz-units:items.lua:VoiceResponse
890000000009493,Тихо.,Тихо.,,jazz-units:items.lua:VoiceResponse
890000000009494,Есть.,Есть.,,jazz-units:items.lua:VoiceResponse
890000000009495,Есть.,Есть.,,jazz-units:items.lua:VoiceResponse
890000000009496,Есть.,Есть.,,jazz-units:items.lua:VoiceResponse
890000000009497,Двигаюсь.,Двигаюсь.,,jazz-units:items.lua:VoiceResponse
890000000009498,Двигаюсь.,Двигаюсь.,,jazz-units:items.lua:VoiceResponse
890000000009499,Двигаюсь.,Двигаюсь.,,jazz-units:items.lua:VoiceResponse
890000000009500,Крадусь.,Крадусь.,,jazz-units:items.lua:VoiceResponse
890000000009501,Крадусь.,Крадусь.,,jazz-units:items.lua:VoiceResponse
890000000009502,Крадусь.,Крадусь.,,jazz-units:items.lua:VoiceResponse
890000000009503,Я присоединяюсь!,Я присоединяюсь!,,jazz-units:items.lua:VoiceResponse
890000000009504,Я присоединяюсь!,Я присоединяюсь!,,jazz-units:items.lua:VoiceResponse
890000000009505,Я присоединяюсь!,Я присоединяюсь!,,jazz-units:items.lua:VoiceResponse
890000000009506,Для тебя все кончено...,Для тебя все кончено...,,jazz-units:items.lua:VoiceResponse
890000000009507,Шшш! Ты слышал?,Шшш! Ты слышал?,,jazz-units:items.lua:VoiceResponse
890000000009508,Шшш! Ты слышал?,Шшш! Ты слышал?,,jazz-units:items.lua:VoiceResponse
890000000009509,Цель не вижу!,Цель не вижу!,,jazz-units:items.lua:VoiceResponse
890000000009510,Нельзя.,Нельзя.,,jazz-units:items.lua:VoiceResponse
890000000009511,Наши друзья снова здесь...,Наши друзья снова здесь...,,jazz-units:items.lua:VoiceResponse
890000000009512,За работу!,За работу!,,jazz-units:items.lua:VoiceResponse
890000000009513,Срань Господня...,Срань Господня...,,jazz-units:items.lua:VoiceResponse
890000000009514,Ха! Наконец-то...,Ха! Наконец-то...,,jazz-units:items.lua:VoiceResponse
890000000009515,Кончились патроны! Нужна еще обойма!,Кончились патроны! Нужна еще обойма!,,jazz-units:items.lua:VoiceResponse
890000000009516,"Черт, оружие заклинило!","Черт, оружие заклинило!",,jazz-units:items.lua:VoiceResponse
890000000009517,Аргх!,Аргх!,,jazz-units:items.lua:VoiceResponse
890000000009518,Аргх!,Аргх!,,jazz-units:items.lua:VoiceResponse
890000000009519,Без медика я долго не протяну...,Без медика я долго не протяну...,,jazz-units:items.lua:VoiceResponse
890000000009520,"Арулько, ха... Как интересно...","Арулько, ха... Как интересно...",,jazz-units:items.lua:VoiceResponse
890000000009521,Теперь я готов.,Теперь я готов.,,jazz-units:items.lua:VoiceResponse
890000000009522,Противник уничтожен - теперь мы можем спокойно осмотреться.,Противник уничтожен - теперь мы можем спокойно осмотреться.,,jazz-units:items.lua:VoiceResponse
890000000009523,Враг рядом. Будьте начеку.,Враг рядом. Будьте начеку.,,jazz-units:items.lua:VoiceResponse
890000000009524,Жду.,Жду.,,jazz-units:items.lua:VoiceResponse
890000000009525,Жду.,Жду.,,jazz-units:items.lua:VoiceResponse
890000000009526,Шшш! Ты слышал?,Шшш! Ты слышал?,,jazz-units:items.lua:VoiceResponse
890000000009527,Шшш! Ты слышал?,Шшш! Ты слышал?,,jazz-units:items.lua:VoiceResponse
890000000009528,Здесь что-то есть!,Здесь что-то есть!,,jazz-units:items.lua:VoiceResponse
890000000009529,Что это?,Что это?,,jazz-units:items.lua:VoiceResponse
890000000009530,Закрыто.,Закрыто.,,jazz-units:items.lua:VoiceResponse
890000000009531,Я не могу сосредоточиться... Пора отдохнуть.,Я не могу сосредоточиться... Пора отдохнуть.,,jazz-units:items.lua:VoiceResponse
890000000009532,Нужно отдышаться...,Нужно отдышаться...,,jazz-units:items.lua:VoiceResponse
890000000009533,Довольно приятные люди.,Довольно приятные люди.,,jazz-units:items.lua:VoiceResponse
890000000009534,Этого я делать не буду.,Этого я делать не буду.,,jazz-units:items.lua:VoiceResponse
890000000009535,Готово.,Готово.,,jazz-units:items.lua:VoiceResponse
890000000009536,Воздух!,Воздух!,,jazz-units:items.lua:VoiceResponse
890000000009537,Для тебя все кончено...,Для тебя все кончено...,,jazz-units:items.lua:VoiceResponse
890000000009538,Для тебя все кончено...,Для тебя все кончено...,,jazz-units:items.lua:VoiceResponse
890000000009539,Нужно отдышаться...,Нужно отдышаться...,,jazz-units:items.lua:VoiceResponse
890000000009540,Нужно отдышаться...,Нужно отдышаться...,,jazz-units:items.lua:VoiceResponse
890000000009541,Шшш! Ты слышал?,Шшш! Ты слышал?,,jazz-units:items.lua:VoiceResponse
890000000009542,Слишком тихо. Мне это не нравится...,Слишком тихо. Мне это не нравится...,,jazz-units:items.lua:VoiceResponse
890000000009543,Враг все еще здесь - будьте осторожны.,Враг все еще здесь - будьте осторожны.,,jazz-units:items.lua:VoiceResponse
890000000009544,Враг все еще здесь - будьте осторожны.,Враг все еще здесь - будьте осторожны.,,jazz-units:items.lua:VoiceResponse
890000000009545,(кашляет),(кашляет),,jazz-units:items.lua:VoiceResponse
890000000009546,"Еще бы чуть-чуть, и все!","Еще бы чуть-чуть, и все!",,jazz-units:items.lua:VoiceResponse
890000000009547,Большая кошка...,Большая кошка...,,jazz-units:items.lua:VoiceResponse
890000000009548,Готово.,Готово.,,jazz-units:items.lua:VoiceResponse
890000000009549,Некоторые люди не понимают сарказма... Да-а... Факс!,Некоторые люди не понимают сарказма... Да-а... Факс!,,jazz-units:items.lua:VoiceResponse
890000000009550,"Может, сразу послать Дейдране факс с планом нашего нападения? Получилось бы ничуть не хуже.","Может, сразу послать Дейдране факс с планом нашего нападения? Получилось бы ничуть не хуже.",,jazz-units:items.lua:VoiceResponse
890000000009551,На связи.,На связи.,,jazz-units:items.lua:VoiceResponse
890000000009552,На связи.,На связи.,,jazz-units:items.lua:VoiceResponse
890000000009553,Тихо.,Тихо.,,jazz-units:items.lua:VoiceResponse
890000000009554,Тихо.,Тихо.,,jazz-units:items.lua:VoiceResponse
890000000009555,Тихо.,Тихо.,,jazz-units:items.lua:VoiceResponse
890000000009556,Есть.,Есть.,,jazz-units:items.lua:VoiceResponse
890000000009557,Есть.,Есть.,,jazz-units:items.lua:VoiceResponse
890000000009558,Есть.,Есть.,,jazz-units:items.lua:VoiceResponse
890000000009559,Двигаюсь.,Двигаюсь.,,jazz-units:items.lua:VoiceResponse
890000000009560,Двигаюсь.,Двигаюсь.,,jazz-units:items.lua:VoiceResponse
890000000009561,Двигаюсь.,Двигаюсь.,,jazz-units:items.lua:VoiceResponse
890000000009562,Крадусь.,Крадусь.,,jazz-units:items.lua:VoiceResponse
890000000009563,Крадусь.,Крадусь.,,jazz-units:items.lua:VoiceResponse
890000000009564,Крадусь.,Крадусь.,,jazz-units:items.lua:VoiceResponse
890000000009565,В точности совпадает с моим мнением.,В точности совпадает с моим мнением.,,jazz-units:items.lua:VoiceResponse
890000000009566,В точности совпадает с моим мнением.,В точности совпадает с моим мнением.,,jazz-units:items.lua:VoiceResponse
890000000009567,В точности совпадает с моим мнением.,В точности совпадает с моим мнением.,,jazz-units:items.lua:VoiceResponse
890000000009568,Он определенно заслужил это.,Он определенно заслужил это.,,jazz-units:items.lua:VoiceResponse
890000000009569,Я что-то слышала.,Я что-то слышала.,,jazz-units:items.lua:VoiceResponse
890000000009570,Я что-то слышала.,Я что-то слышала.,,jazz-units:items.lua:VoiceResponse
890000000009571,Ты принимаешь желаемое за действительное.,Ты принимаешь желаемое за действительное.,,jazz-units:items.lua:VoiceResponse
890000000009572,Хирургические и военные операции имеют одно сходство - иногда желаемого результата просто невозможно достичь...,Хирургические и военные операции имеют одно сходство - иногда желаемого результата просто невозможно достичь...,,jazz-units:items.lua:VoiceResponse
890000000009573,Мы вступили в контакт с неприятелем.,Мы вступили в контакт с неприятелем.,,jazz-units:items.lua:VoiceResponse
890000000009574,Можно начинать операцию!,Можно начинать операцию!,,jazz-units:items.lua:VoiceResponse
890000000009575,Мне нужна помощь.,Мне нужна помощь.,,jazz-units:items.lua:VoiceResponse
890000000009576,"Может быть, мне удастся взять образец ткани?","Может быть, мне удастся взять образец ткани?",,jazz-units:items.lua:VoiceResponse
890000000009577,Кончились патроны!,Кончились патроны!,,jazz-units:items.lua:VoiceResponse
890000000009578,Оружие заклинило.,Оружие заклинило.,,jazz-units:items.lua:VoiceResponse
890000000009579,Аргх!,Аргх!,,jazz-units:items.lua:VoiceResponse
890000000009580,Аргх!,Аргх!,,jazz-units:items.lua:VoiceResponse
890000000009581,Мне нужен жгут - и морфий - быстро!,Мне нужен жгут — и морфий — быстро!,,jazz-units:items.lua:VoiceResponse
890000000009582,Я полностью лишилась мотивации. Эта операция потеряла для меня всякий смысл.,Я полностью лишилась мотивации. Эта операция потеряла для меня всякий смысл.,,jazz-units:items.lua:VoiceResponse
890000000009583,"Ах, как хорошо. Даже короткий сон творит с телом чудеса.","Ах, как хорошо. Даже короткий сон творит с телом чудеса.",,jazz-units:items.lua:VoiceResponse
890000000009584,Теперь это зеленый сектор - и стерильно чистый.,Теперь это зеленый сектор - и стерильно чистый.,,jazz-units:items.lua:VoiceResponse
890000000009585,Враг рядом!,Враг рядом!,,jazz-units:items.lua:VoiceResponse
890000000009586,Жду.,Жду.,,jazz-units:items.lua:VoiceResponse
890000000009587,Жду.,Жду.,,jazz-units:items.lua:VoiceResponse
890000000009588,Я что-то слышала.,Я что-то слышала.,,jazz-units:items.lua:VoiceResponse
890000000009589,Я что-то слышала.,Я что-то слышала.,,jazz-units:items.lua:VoiceResponse
890000000009590,Посмотрим поближе...,Посмотрим поближе...,,jazz-units:items.lua:VoiceResponse
890000000009591,Что это?,Что это?,,jazz-units:items.lua:VoiceResponse
890000000009592,Закрыто.,Закрыто.,,jazz-units:items.lua:VoiceResponse
890000000009593,Сейчас я лягу спать.,Сейчас я лягу спать.,,jazz-units:items.lua:VoiceResponse
890000000009594,Как в разреженной атмосфере - дышать... Дышать!,Как в разреженной атмосфере — дышать... Дышать!,,jazz-units:items.lua:VoiceResponse
890000000009595,"Эти люди восхищают меня своей выносливостью. Я могу себе представить, через что им пришлось пройти.","Эти люди восхищают меня своей выносливостью. Я могу себе представить, через что им пришлось пройти.",,jazz-units:items.lua:VoiceResponse
890000000009596,"К сожалению, я вынуждена отказать.","К сожалению, я вынуждена отказать.",,jazz-units:items.lua:VoiceResponse
890000000009597,Жду новых приказаний.,Жду новых приказаний.,,jazz-units:items.lua:VoiceResponse
890000000009598,Воздух!,Воздух!,,jazz-units:items.lua:VoiceResponse
890000000009599,Он определенно заслужил это.,Он определенно заслужил это.,,jazz-units:items.lua:VoiceResponse
890000000009600,Он определенно заслужил это.,Он определенно заслужил это.,,jazz-units:items.lua:VoiceResponse
890000000009601,Как в разреженной атмосфере - дышать... Дышать!,Как в разреженной атмосфере — дышать... Дышать!,,jazz-units:items.lua:VoiceResponse
890000000009602,Как в разреженной атмосфере - дышать... Дышать!,Как в разреженной атмосфере — дышать... Дышать!,,jazz-units:items.lua:VoiceResponse
890000000009603,Я что-то слышала.,Я что-то слышала.,,jazz-units:items.lua:VoiceResponse
890000000009604,Здесь слишком уж мирно.,Здесь слишком уж мирно.,,jazz-units:items.lua:VoiceResponse
890000000009605,Мы еще здесь не закончили. На территории еще остался противник.,Мы еще здесь не закончили. На территории еще остался противник.,,jazz-units:items.lua:VoiceResponse
890000000009606,Мы еще здесь не закончили. На территории еще остался противник.,Мы еще здесь не закончили. На территории еще остался противник.,,jazz-units:items.lua:VoiceResponse
890000000009607,(кашляет),(кашляет),,jazz-units:items.lua:VoiceResponse
890000000009608,Я чудом спаслась.,Я чудом спаслась.,,jazz-units:items.lua:VoiceResponse
890000000009609,В Арулько очень интересная фауна...,В Арулько очень интересная фауна...,,jazz-units:items.lua:VoiceResponse
890000000009610,Жду новых приказаний.,Жду новых приказаний.,,jazz-units:items.lua:VoiceResponse
890000000009611,"Да, как я и говорила...","Да, как я и говорила...",,jazz-units:items.lua:VoiceResponse
890000000009612,Сомнительно... Очень сомнительно.,Сомнительно... Очень сомнительно.,,jazz-units:items.lua:VoiceResponse
890000000009613,На связи.,На связи.,,jazz-units:items.lua:VoiceResponse
890000000009614,На связи.,На связи.,,jazz-units:items.lua:VoiceResponse
890000000009615,Тихо.,Тихо.,,jazz-units:items.lua:VoiceResponse
890000000009616,Тихо.,Тихо.,,jazz-units:items.lua:VoiceResponse
890000000009617,Тихо.,Тихо.,,jazz-units:items.lua:VoiceResponse
890000000009618,Есть.,Есть.,,jazz-units:items.lua:VoiceResponse
890000000009619,Есть.,Есть.,,jazz-units:items.lua:VoiceResponse
890000000009620,Есть.,Есть.,,jazz-units:items.lua:VoiceResponse
890000000009621,Двигаюсь.,Двигаюсь.,,jazz-units:items.lua:VoiceResponse
890000000009622,Двигаюсь.,Двигаюсь.,,jazz-units:items.lua:VoiceResponse
890000000009623,Двигаюсь.,Двигаюсь.,,jazz-units:items.lua:VoiceResponse
890000000009624,Крадусь.,Крадусь.,,jazz-units:items.lua:VoiceResponse
890000000009625,Крадусь.,Крадусь.,,jazz-units:items.lua:VoiceResponse
890000000009626,Крадусь.,Крадусь.,,jazz-units:items.lua:VoiceResponse
890000000009627,Согласен.,Согласен.,,jazz-units:items.lua:VoiceResponse
890000000009628,Согласен.,Согласен.,,jazz-units:items.lua:VoiceResponse
890000000009629,Согласен.,Согласен.,,jazz-units:items.lua:VoiceResponse
890000000009630,...Посмотри мне в глаза и умри...,...Посмотри мне в глаза и умри...,,jazz-units:items.lua:VoiceResponse
890000000009631,Я что-то слышу.,Я что-то слышу.,,jazz-units:items.lua:VoiceResponse
890000000009632,Я что-то слышу.,Я что-то слышу.,,jazz-units:items.lua:VoiceResponse
890000000009633,Ничего не выйдет,Ничего не выйдет.,,jazz-units:items.lua:VoiceResponse
890000000009634,Это невозможно...,Это невозможно...,,jazz-units:items.lua:VoiceResponse
890000000009635,Вот и они!,Вот и они!,,jazz-units:items.lua:VoiceResponse
890000000009636,Вы готовы?,Вы готовы?,,jazz-units:items.lua:VoiceResponse
890000000009637,Их слишком много!,Их слишком много!,,jazz-units:items.lua:VoiceResponse
890000000009638,Я убил это чудовище.,Я убил это чудовище.,,jazz-units:items.lua:VoiceResponse
890000000009639,Пули кончились.. Мне идти в рукопашную?,Пули кончились.. Мне идти в рукопашную?,,jazz-units:items.lua:VoiceResponse
890000000009640,Оружие вышло из строя!,Оружие вышло из строя!,,jazz-units:items.lua:VoiceResponse
890000000009641,Аргх!,Аргх!,,jazz-units:items.lua:VoiceResponse
890000000009642,Аргх!,Аргх!,,jazz-units:items.lua:VoiceResponse
890000000009643,Я ранен.,Я ранен.,,jazz-units:items.lua:VoiceResponse
890000000009644,Merde...,Merde...,,jazz-units:items.lua:VoiceResponse
890000000009645,Я вернулся.,Я вернулся.,,jazz-units:items.lua:VoiceResponse
890000000009646,Они все убиты.,Они все убиты.,,jazz-units:items.lua:VoiceResponse
890000000009647,Враги в секторе.,Враги в секторе.,,jazz-units:items.lua:VoiceResponse
890000000009648,Вот черт...,Вот черт...,,jazz-units:items.lua:VoiceResponse
890000000009649,Вот черт...,Вот черт...,,jazz-units:items.lua:VoiceResponse
890000000009650,Я что-то слышу.,Я что-то слышу.,,jazz-units:items.lua:VoiceResponse
890000000009651,Я что-то слышу.,Я что-то слышу.,,jazz-units:items.lua:VoiceResponse
890000000009652,"Эй, что это?","Эй, что это?",,jazz-units:items.lua:VoiceResponse
890000000009653,Тут что-то есть!..,Тут что-то есть!..,,jazz-units:items.lua:VoiceResponse
890000000009654,Закрыто.,Закрыто.,,jazz-units:items.lua:VoiceResponse
890000000009655,Я хочу спать...,Я хочу спать...,,jazz-units:items.lua:VoiceResponse
890000000009656,"Оо, воздух...","Оо, воздух...",,jazz-units:items.lua:VoiceResponse
890000000009657,Очень мило.,Очень мило.,,jazz-units:items.lua:VoiceResponse
890000000009658,О нет. Я не согласен... на это.,О нет. Я не согласен... на это.,,jazz-units:items.lua:VoiceResponse
890000000009659,Готово.,Готово.,,jazz-units:items.lua:VoiceResponse
890000000009660,Воздушная атака!,Воздушная атака!,,jazz-units:items.lua:VoiceResponse
890000000009661,...Посмотри мне в глаза и умри...,...Посмотри мне в глаза и умри...,,jazz-units:items.lua:VoiceResponse
890000000009662,...Посмотри мне в глаза и умри...,...Посмотри мне в глаза и умри...,,jazz-units:items.lua:VoiceResponse
890000000009663,"Оо, воздух...","Оо, воздух...",,jazz-units:items.lua:VoiceResponse
890000000009664,"Оо, воздух...","Оо, воздух...",,jazz-units:items.lua:VoiceResponse
890000000009665,Я что-то слышу.,Я что-то слышу.,,jazz-units:items.lua:VoiceResponse
890000000009666,Слишком тихо.,Слишком тихо.,,jazz-units:items.lua:VoiceResponse
890000000009667,Внимание! Мы еще не одни.,Внимание! Мы еще не одни.,,jazz-units:items.lua:VoiceResponse
890000000009668,Внимание! Мы еще не одни.,Внимание! Мы еще не одни.,,jazz-units:items.lua:VoiceResponse
890000000009669,(кашляет),(кашляет),,jazz-units:items.lua:VoiceResponse
890000000009670,Mon Dieu!,Mon Dieu!,,jazz-units:items.lua:VoiceResponse
890000000009671,Кошка-убийца!,Кошка-убийца!,,jazz-units:items.lua:VoiceResponse
890000000009672,Готово.,Готово.,,jazz-units:items.lua:VoiceResponse
890000000009673,"Идея была ""vraiment miserable"", ээ... Очень плохая.","Идея была ""vraiment miserable"", ээ... Очень плохая.",,jazz-units:items.lua:VoiceResponse
890000000009674,Ужасная идея...,Ужасная идея...,,jazz-units:items.lua:VoiceResponse
890000000009675,На связи.,На связи.,,jazz-units:items.lua:VoiceResponse
890000000009676,На связи.,На связи.,,jazz-units:items.lua:VoiceResponse
890000000009677,Тихо.,Тихо.,,jazz-units:items.lua:VoiceResponse
890000000009678,Тихо.,Тихо.,,jazz-units:items.lua:VoiceResponse
890000000009679,Тихо.,Тихо.,,jazz-units:items.lua:VoiceResponse
890000000009680,Есть.,Есть.,,jazz-units:items.lua:VoiceResponse
890000000009681,Есть.,Есть.,,jazz-units:items.lua:VoiceResponse
890000000009682,Есть.,Есть.,,jazz-units:items.lua:VoiceResponse
890000000009683,Двигаюсь.,Двигаюсь.,,jazz-units:items.lua:VoiceResponse
890000000009684,Двигаюсь.,Двигаюсь.,,jazz-units:items.lua:VoiceResponse
890000000009685,Двигаюсь.,Двигаюсь.,,jazz-units:items.lua:VoiceResponse
890000000009686,Крадусь.,Крадусь.,,jazz-units:items.lua:VoiceResponse
890000000009687,Крадусь.,Крадусь.,,jazz-units:items.lua:VoiceResponse
890000000009688,Крадусь.,Крадусь.,,jazz-units:items.lua:VoiceResponse
890000000009689,Это правда... Согласен.,Это правда... Согласен.,,jazz-units:items.lua:VoiceResponse
890000000009690,Это правда... Согласен.,Это правда... Согласен.,,jazz-units:items.lua:VoiceResponse
890000000009691,Это правда... Согласен.,Это правда... Согласен.,,jazz-units:items.lua:VoiceResponse
890000000009692,Кто-то должен уйти.,Кто-то должен уйти.,,jazz-units:items.lua:VoiceResponse
890000000009693,Я что-то слышал.,Я что-то слышал.,,jazz-units:items.lua:VoiceResponse
890000000009694,Я что-то слышал.,Я что-то слышал.,,jazz-units:items.lua:VoiceResponse
890000000009695,Только с помощью телекинеза.,Только с помощью телекинеза.,,jazz-units:items.lua:VoiceResponse
890000000009696,Нет.,Нет.,,jazz-units:items.lua:VoiceResponse
890000000009697,Противник в этом секторе!,Противник в этом секторе!,,jazz-units:items.lua:VoiceResponse
890000000009698,Пора начинать!,Пора начинать!,,jazz-units:items.lua:VoiceResponse
890000000009699,У меня большие проблемы!,У меня большие проблемы!,,jazz-units:items.lua:VoiceResponse
890000000009700,"Ах, какой ужас.","Ах, какой ужас.",,jazz-units:items.lua:VoiceResponse
890000000009701,Нет патронов!,Нет патронов!,,jazz-units:items.lua:VoiceResponse
890000000009702,Заклинило!,Заклинило!,,jazz-units:items.lua:VoiceResponse
890000000009703,Аргх!,Аргх!,,jazz-units:items.lua:VoiceResponse
890000000009704,Аргх!,Аргх!,,jazz-units:items.lua:VoiceResponse
890000000009705,Нужен врач...,Нужен врач...,,jazz-units:items.lua:VoiceResponse
890000000009706,Все это задание... Большая ошибка.,Все это задание... Большая ошибка.,,jazz-units:items.lua:VoiceResponse
890000000009707,Я опять в строю.,Я опять в строю.,,jazz-units:items.lua:VoiceResponse
890000000009708,"Сектор чист, как свежевыпавший снег.","Сектор чист, как свежевыпавший снег.",,jazz-units:items.lua:VoiceResponse
890000000009709,Противник здесь... где-то.,Противник здесь... где-то.,,jazz-units:items.lua:VoiceResponse
890000000009710,Жду.,Жду.,,jazz-units:items.lua:VoiceResponse
890000000009711,Жду.,Жду.,,jazz-units:items.lua:VoiceResponse
890000000009712,Я что-то слышал.,Я что-то слышал.,,jazz-units:items.lua:VoiceResponse
890000000009713,Я что-то слышал.,Я что-то слышал.,,jazz-units:items.lua:VoiceResponse
890000000009714,Тут что-то есть!,Тут что-то есть!,,jazz-units:items.lua:VoiceResponse
890000000009715,Интересно...,Интересно...,,jazz-units:items.lua:VoiceResponse
890000000009716,Закрыто.,Закрыто.,,jazz-units:items.lua:VoiceResponse
890000000009717,Я должен отдохнуть.,Я должен отдохнуть.,,jazz-units:items.lua:VoiceResponse
890000000009718,Дайте отдышаться!,Дайте отдышаться!,,jazz-units:items.lua:VoiceResponse
890000000009719,Хорошие здесь люди.,Хорошие здесь люди.,,jazz-units:items.lua:VoiceResponse
890000000009720,Я профессионал... Это плохой приказ.,Я профессионал... Это плохой приказ.,,jazz-units:items.lua:VoiceResponse
890000000009721,Готово.,Готово.,,jazz-units:items.lua:VoiceResponse
890000000009722,Воздух!,Воздух!,,jazz-units:items.lua:VoiceResponse
890000000009723,Кто-то должен уйти.,Кто-то должен уйти.,,jazz-units:items.lua:VoiceResponse
890000000009724,Кто-то должен уйти.,Кто-то должен уйти.,,jazz-units:items.lua:VoiceResponse
890000000009725,Дайте отдышаться!,Дайте отдышаться!,,jazz-units:items.lua:VoiceResponse
890000000009726,Дайте отдышаться!,Дайте отдышаться!,,jazz-units:items.lua:VoiceResponse
890000000009727,Я что-то слышал.,Я что-то слышал.,,jazz-units:items.lua:VoiceResponse
890000000009728,Здесь слишком тихо.,Здесь слишком тихо.,,jazz-units:items.lua:VoiceResponse
890000000009729,Мы еще не выполнили нашу миссию.,Мы ещё не выполнили нашу миссию.,,jazz-units:items.lua:VoiceResponse
890000000009730,Мы еще не выполнили нашу миссию.,Мы ещё не выполнили нашу миссию.,,jazz-units:items.lua:VoiceResponse
890000000009731,(кашляет),(кашляет),,jazz-units:items.lua:VoiceResponse
890000000009732,Я был на волосок от гибели.,Я был на волосок от гибели.,,jazz-units:items.lua:VoiceResponse
890000000009733,Большая кошка.,Большая кошка.,,jazz-units:items.lua:VoiceResponse
890000000009734,Готово.,Готово.,,jazz-units:items.lua:VoiceResponse
890000000009735,Это была ошибка.,Это была ошибка.,,jazz-units:items.lua:VoiceResponse
890000000009736,"Надеюсь, ты это не всерьез?","Надеюсь, ты это не всерьез?",,jazz-units:items.lua:VoiceResponse
890000000009737,На связи.,На связи.,,jazz-units:items.lua:VoiceResponse
890000000009738,На связи.,На связи.,,jazz-units:items.lua:VoiceResponse
890000000009739,Тихо.,Тихо.,,jazz-units:items.lua:VoiceResponse
890000000009740,Тихо.,Тихо.,,jazz-units:items.lua:VoiceResponse
890000000009741,Тихо.,Тихо.,,jazz-units:items.lua:VoiceResponse
890000000009742,Есть.,Есть.,,jazz-units:items.lua:VoiceResponse
890000000009743,Есть.,Есть.,,jazz-units:items.lua:VoiceResponse
890000000009744,Есть.,Есть.,,jazz-units:items.lua:VoiceResponse
890000000009745,Двигаюсь.,Двигаюсь.,,jazz-units:items.lua:VoiceResponse
890000000009746,Двигаюсь.,Двигаюсь.,,jazz-units:items.lua:VoiceResponse
890000000009747,Двигаюсь.,Двигаюсь.,,jazz-units:items.lua:VoiceResponse
890000000009748,Крадусь.,Крадусь.,,jazz-units:items.lua:VoiceResponse
890000000009749,Крадусь.,Крадусь.,,jazz-units:items.lua:VoiceResponse
890000000009750,Крадусь.,Крадусь.,,jazz-units:items.lua:VoiceResponse
890000000009751,Я тоже так считаю.,Я тоже так считаю.,,jazz-units:items.lua:VoiceResponse
890000000009752,Я тоже так считаю.,Я тоже так считаю.,,jazz-units:items.lua:VoiceResponse
890000000009753,Я тоже так считаю.,Я тоже так считаю.,,jazz-units:items.lua:VoiceResponse
890000000009754,Ja-a!,Ja-a!,,jazz-units:items.lua:VoiceResponse
890000000009755,Шшш... Вы слышите?...,Шшш... Вы слышите?...,,jazz-units:items.lua:VoiceResponse
890000000009756,Шшш... Вы слышите?...,Шшш... Вы слышите?...,,jazz-units:items.lua:VoiceResponse
890000000009757,Это смешно - стрелять отсюда?!,Это смешно - стрелять отсюда?!,,jazz-units:items.lua:VoiceResponse
890000000009758,Этого нельзя сделать.,Этого нельзя сделать.,,jazz-units:items.lua:VoiceResponse
890000000009759,Эти уроды здесь - я их чувствую.,Эти уроды здесь - я их чувствую.,,jazz-units:items.lua:VoiceResponse
890000000009760,Пора браться за дело.,Пора браться за дело.,,jazz-units:items.lua:VoiceResponse
890000000009761,"Похоже, мы увязли в дерьме.","Похоже, мы увязли в дерьме.",,jazz-units:items.lua:VoiceResponse
890000000009762,"Не шевелится, крошка. Ха!","Не шевелится, крошка. Ха!",,jazz-units:items.lua:VoiceResponse
890000000009763,Надо перезарядить оружие...,Надо перезарядить оружие...,,jazz-units:items.lua:VoiceResponse
890000000009764,Вот хренотень... Заклинило!,Вот хренотень... Заклинило!,,jazz-units:items.lua:VoiceResponse
890000000009765,Аргх!,Аргх!,,jazz-units:items.lua:VoiceResponse
890000000009766,Аргх!,Аргх!,,jazz-units:items.lua:VoiceResponse
890000000009767,Я ранен... Рана серьезная!,Я ранен... Рана серьезная!,,jazz-units:items.lua:VoiceResponse
890000000009768,"Все это дерьмо... В том, что мы делаем, нет никакого смысла.","Все это дерьмо... В том, что мы делаем, нет никакого смысла.",,jazz-units:items.lua:VoiceResponse
890000000009769,Я готов действовать!,Я готов действовать!,,jazz-units:items.lua:VoiceResponse
890000000009770,Мы все зачистили.,Мы все зачистили.,,jazz-units:items.lua:VoiceResponse
890000000009771,Ахтунг!!! Враг здесь - перестреляем их всех!,Ахтунг!!! Враг здесь - перестреляем их всех!,,jazz-units:items.lua:VoiceResponse
890000000009772,Жду.,Жду.,,jazz-units:items.lua:VoiceResponse
890000000009773,Жду.,Жду.,,jazz-units:items.lua:VoiceResponse
890000000009774,Шшш... Вы слышите?...,Шшш... Вы слышите?...,,jazz-units:items.lua:VoiceResponse
890000000009775,Шшш... Вы слышите?...,Шшш... Вы слышите?...,,jazz-units:items.lua:VoiceResponse
890000000009776,Что там?,Что там?,,jazz-units:items.lua:VoiceResponse
890000000009777,Там что-то лежит.,Там что-то лежит.,,jazz-units:items.lua:VoiceResponse
890000000009778,Закрыто.,Закрыто.,,jazz-units:items.lua:VoiceResponse
890000000009779,А сейчас я должен немного поспать.,А сейчас я должен немного поспать.,,jazz-units:items.lua:VoiceResponse
890000000009780,"Давай, Рудольф... дыши!","Давай, Рудольф... дыши!",,jazz-units:items.lua:VoiceResponse
890000000009781,Здесь приятные люди... Только надо правильно к ним относиться. Это важно.,Здесь приятные люди... Только надо правильно к ним относиться. Это важно.,,jazz-units:items.lua:VoiceResponse
890000000009782,Я отказываюсь выполнять этот приказ..,Я отказываюсь выполнять этот приказ..,,jazz-units:items.lua:VoiceResponse
890000000009783,Я готов!,Я готов!,,jazz-units:items.lua:VoiceResponse
890000000009784,Атака с воздуха!,Атака с воздуха!,,jazz-units:items.lua:VoiceResponse
890000000009785,Ja-a!,Ja-a!,,jazz-units:items.lua:VoiceResponse
890000000009786,Ja-a!,Ja-a!,,jazz-units:items.lua:VoiceResponse
890000000009787,"Давай, Рудольф... дыши!","Давай, Рудольф... дыши!",,jazz-units:items.lua:VoiceResponse
890000000009788,"Давай, Рудольф... дыши!","Давай, Рудольф... дыши!",,jazz-units:items.lua:VoiceResponse
890000000009789,Шшш... Вы слышите?...,Шшш... Вы слышите?...,,jazz-units:items.lua:VoiceResponse
890000000009790,Это затишье перед бурей...,Это затишье перед бурей...,,jazz-units:items.lua:VoiceResponse
890000000009791,Не расслабляйтесь... Мы еще не отловили всех этих гадов.,Не расслабляйтесь... Мы еще не отловили всех этих гадов.,,jazz-units:items.lua:VoiceResponse
890000000009792,Не расслабляйтесь... Мы еще не отловили всех этих гадов.,Не расслабляйтесь... Мы еще не отловили всех этих гадов.,,jazz-units:items.lua:VoiceResponse
890000000009793,(кашляет),(кашляет),,jazz-units:items.lua:VoiceResponse
890000000009794,Пронесло...,Пронесло...,,jazz-units:items.lua:VoiceResponse
890000000009795,Здоровая кошка!,Здоровая кошка!,,jazz-units:items.lua:VoiceResponse
890000000009796,Я готов!,Я готов!,,jazz-units:items.lua:VoiceResponse
890000000009797,"Что я могу сказать? Я знал, что это дерьмовый план.","Что я могу сказать? Я знал, что это дерьмовый план.",,jazz-units:items.lua:VoiceResponse
890000000009798,"Это же шутка, так? Не-е-ет... Ты серьезно... Ты действительно имеешь это в виду?!","Это же шутка, так? Не-е-ет... Ты серьезно... Ты действительно имеешь это в виду?!",,jazz-units:items.lua:VoiceResponse
890000000009799,На связи.,На связи.,,jazz-units:items.lua:VoiceResponse
890000000009800,На связи.,На связи.,,jazz-units:items.lua:VoiceResponse
890000000009801,Тихо.,Тихо.,,jazz-units:items.lua:VoiceResponse
890000000009802,Тихо.,Тихо.,,jazz-units:items.lua:VoiceResponse
890000000009803,Тихо.,Тихо.,,jazz-units:items.lua:VoiceResponse
890000000009804,Есть.,Есть.,,jazz-units:items.lua:VoiceResponse
890000000009805,Есть.,Есть.,,jazz-units:items.lua:VoiceResponse
890000000009806,Есть.,Есть.,,jazz-units:items.lua:VoiceResponse
890000000009807,Двигаюсь.,Двигаюсь.,,jazz-units:items.lua:VoiceResponse
890000000009808,Двигаюсь.,Двигаюсь.,,jazz-units:items.lua:VoiceResponse
890000000009809,Двигаюсь.,Двигаюсь.,,jazz-units:items.lua:VoiceResponse
890000000009810,Крадусь.,Крадусь.,,jazz-units:items.lua:VoiceResponse
890000000009811,Крадусь.,Крадусь.,,jazz-units:items.lua:VoiceResponse
890000000009812,Крадусь.,Крадусь.,,jazz-units:items.lua:VoiceResponse
890000000009813,Я тоже так думаю!,Я тоже так думаю!,,jazz-units:items.lua:VoiceResponse
890000000009814,Я тоже так думаю!,Я тоже так думаю!,,jazz-units:items.lua:VoiceResponse
890000000009815,Я тоже так думаю!,Я тоже так думаю!,,jazz-units:items.lua:VoiceResponse
890000000009816,Чпок! Ха...,Чпок! Ха...,,jazz-units:items.lua:VoiceResponse
890000000009817,Что это было?,Что это было?,,jazz-units:items.lua:VoiceResponse
890000000009818,Что это было?,Что это было?,,jazz-units:items.lua:VoiceResponse
890000000009819,"Стрелять в эту цель? Ты что, серьезно?","Стрелять в эту цель? Ты что, серьезно?",,jazz-units:items.lua:VoiceResponse
890000000009820,"Нет, это я сделать не могу.","Нет, это я сделать не могу.",,jazz-units:items.lua:VoiceResponse
890000000009821,"Я чувствую, что вы здесь...","Я чувствую, что вы здесь...",,jazz-units:items.lua:VoiceResponse
890000000009822,У руки так и чешутся спустить курок...,У руки так и чешутся спустить курок...,,jazz-units:items.lua:VoiceResponse
890000000009823,Эй! Полегче... не все сразу!,Эй! Полегче... не все сразу!,,jazz-units:items.lua:VoiceResponse
890000000009824,Еще один трофей в мою коллекцию.,Еще один трофей в мою коллекцию.,,jazz-units:items.lua:VoiceResponse
890000000009825,"Ха, патроны кончились! Да кому они вообще нужны?","Ха, патроны кончились! Да кому они вообще нужны?",,jazz-units:items.lua:VoiceResponse
890000000009826,"Обожаю, когда эту штуку клинит!","Обожаю, когда эту штуку клинит!",,jazz-units:items.lua:VoiceResponse
890000000009827,Аргх!,Аргх!,,jazz-units:items.lua:VoiceResponse
890000000009828,Аргх!,Аргх!,,jazz-units:items.lua:VoiceResponse
890000000009829,"Черт возьми, я ранен.","Черт возьми, я ранен.",,jazz-units:items.lua:VoiceResponse
890000000009830,"Если бы я не послушал тебя, Янно, то сейчас отлично проводил бы время в каком-нибудь кабаке...","Если бы я не послушал тебя, Янно, то сейчас отлично проводил бы время в каком-нибудь кабаке...",,jazz-units:items.lua:VoiceResponse
890000000009831,Я вернулся!,Я вернулся!,,jazz-units:items.lua:VoiceResponse
890000000009832,Этот сектор чист.,Этот сектор чист.,,jazz-units:items.lua:VoiceResponse
890000000009833,Это вражеский сектор. Устроим им веселье?,Это вражеский сектор. Устроим им веселье?,,jazz-units:items.lua:VoiceResponse
890000000009834,"Я однажды видел документальный фильм об Арулько, но теперь здесь все по-другому. Интересное место.","Я однажды видел документальный фильм об Арулько, но теперь здесь все по-другому. Интересное место.",,jazz-units:items.lua:VoiceResponse
890000000009835,"Я однажды видел документальный фильм об Арулько, но теперь здесь все по-другому. Интересное место.","Я однажды видел документальный фильм об Арулько, но теперь здесь все по-другому. Интересное место.",,jazz-units:items.lua:VoiceResponse
890000000009836,Что это было?,Что это было?,,jazz-units:items.lua:VoiceResponse
890000000009837,Что это было?,Что это было?,,jazz-units:items.lua:VoiceResponse
890000000009838,Там что-то лежит.,Там что-то лежит.,,jazz-units:items.lua:VoiceResponse
890000000009839,Здесь что-то есть.,Здесь что-то есть.,,jazz-units:items.lua:VoiceResponse
890000000009840,Закрыто.,Закрыто.,,jazz-units:items.lua:VoiceResponse
890000000009841,Пора отдохнуть....,Пора отдохнуть...,,jazz-units:items.lua:VoiceResponse
890000000009842,Дыши!,Дыши!,,jazz-units:items.lua:VoiceResponse
890000000009843,"Приятное место, приятный климат - неудивительно, что жители Сибири ведут себя совсем по-другому.","Приятное место, приятный климат — неудивительно, что жители Сибири ведут себя совсем по-другому.",,jazz-units:items.lua:VoiceResponse
890000000009844,Я не могу принять такой приказ.,Я не могу принять такой приказ.,,jazz-units:items.lua:VoiceResponse
890000000009845,Готов.,Готов.,,jazz-units:items.lua:VoiceResponse
890000000009846,Воздушная атака!,Воздушная атака!,,jazz-units:items.lua:VoiceResponse
890000000009847,Чпок! Ха...,Чпок! Ха...,,jazz-units:items.lua:VoiceResponse
890000000009848,Чпок! Ха...,Чпок! Ха...,,jazz-units:items.lua:VoiceResponse
890000000009849,Дыши!,Дыши!,,jazz-units:items.lua:VoiceResponse
890000000009850,Дыши!,Дыши!,,jazz-units:items.lua:VoiceResponse
890000000009851,Что это было?,Что это было?,,jazz-units:items.lua:VoiceResponse
890000000009852,Ты что-нибудь слышишь? И я нет. Подозрительно... Мне это не нравится.,Ты что-нибудь слышишь? И я нет. Подозрительно... Мне это не нравится.,,jazz-units:items.lua:VoiceResponse
890000000009853,Вечеринка еще не закончена.,Вечеринка еще не закончена.,,jazz-units:items.lua:VoiceResponse
890000000009854,Вечеринка еще не закончена.,Вечеринка еще не закончена.,,jazz-units:items.lua:VoiceResponse
890000000009855,(кашляет),(кашляет),,jazz-units:items.lua:VoiceResponse
890000000009856,Вот это да! Я почувствовал ветерок от этой пули...,Вот это да! Я почувствовал ветерок от этой пули...,,jazz-units:items.lua:VoiceResponse
890000000009857,Кошка-убийца!,Кошка-убийца!,,jazz-units:items.lua:VoiceResponse
890000000009858,Готов.,Готов.,,jazz-units:items.lua:VoiceResponse
890000000009859,Я так и знал.,Я так и знал.,,jazz-units:items.lua:VoiceResponse
890000000009860,"От этого будет больше вреда, чем пользы.","От этого будет больше вреда, чем пользы.",,jazz-units:items.lua:VoiceResponse
890000000010214,На связи.,На связи.,,jazz-units:items.lua:VoiceResponse
890000000010215,На связи.,На связи.,,jazz-units:items.lua:VoiceResponse
890000000010216,Тихо.,Тихо.,,jazz-units:items.lua:VoiceResponse
890000000010217,Тихо.,Тихо.,,jazz-units:items.lua:VoiceResponse
890000000010218,Тихо.,Тихо.,,jazz-units:items.lua:VoiceResponse
890000000010219,Есть.,Есть.,,jazz-units:items.lua:VoiceResponse
890000000010220,Есть.,Есть.,,jazz-units:items.lua:VoiceResponse
890000000010221,Есть.,Есть.,,jazz-units:items.lua:VoiceResponse
890000000010222,Двигаюсь.,Двигаюсь.,,jazz-units:items.lua:VoiceResponse
890000000010223,Двигаюсь.,Двигаюсь.,,jazz-units:items.lua:VoiceResponse
890000000010224,Двигаюсь.,Двигаюсь.,,jazz-units:items.lua:VoiceResponse
890000000010225,Крадусь.,Крадусь.,,jazz-units:items.lua:VoiceResponse
890000000010226,Крадусь.,Крадусь.,,jazz-units:items.lua:VoiceResponse
890000000010227,Крадусь.,Крадусь.,,jazz-units:items.lua:VoiceResponse
890000000010228,С вами.,С вами.,,jazz-units:items.lua:VoiceResponse
890000000010229,С вами.,С вами.,,jazz-units:items.lua:VoiceResponse
890000000010230,С вами.,С вами.,,jazz-units:items.lua:VoiceResponse
890000000010231,Есть цель!,Есть цель!,,jazz-units:items.lua:VoiceResponse
890000000010232,Тихо сниму.,Тихо сниму.,,jazz-units:items.lua:VoiceResponse
890000000010233,Тихо сниму.,Тихо сниму.,,jazz-units:items.lua:VoiceResponse
890000000010234,Сложный выстрел.,Сложный выстрел.,,jazz-units:items.lua:VoiceResponse
890000000010235,Плохой угол.,Плохой угол.,,jazz-units:items.lua:VoiceResponse
890000000010236,Вижу их!,Вижу их!,,jazz-units:items.lua:VoiceResponse
890000000010237,Вижу их!,Вижу их!,,jazz-units:items.lua:VoiceResponse
890000000010238,Их много!,Их много!,,jazz-units:items.lua:VoiceResponse
890000000010239,Готов.,Готов.,,jazz-units:items.lua:VoiceResponse
890000000010240,Патроны кончились.,Патроны кончились.,,jazz-units:items.lua:VoiceResponse
890000000010241,Клин!,Клин!,,jazz-units:items.lua:VoiceResponse
890000000010242,Аргх!,Аргх!,,jazz-units:items.lua:VoiceResponse
890000000010243,Аргх!,Аргх!,,jazz-units:items.lua:VoiceResponse
890000000010244,Ранен!,Ранен!,,jazz-units:items.lua:VoiceResponse
890000000010245,Плохо…,Плохо…,,jazz-units:items.lua:VoiceResponse
890000000010246,К бою!,К бою!,,jazz-units:items.lua:VoiceResponse
890000000010247,Чисто.,Чисто.,,jazz-units:items.lua:VoiceResponse
890000000010248,Ещё остались.,Ещё остались.,,jazz-units:items.lua:VoiceResponse
890000000010249,Жду.,Жду.,,jazz-units:items.lua:VoiceResponse
890000000010250,Жду.,Жду.,,jazz-units:items.lua:VoiceResponse
890000000010251,Прячусь.,Прячусь.,,jazz-units:items.lua:VoiceResponse
890000000010252,Прячусь.,Прячусь.,,jazz-units:items.lua:VoiceResponse
890000000010253,Интересно…,Интересно…,,jazz-units:items.lua:VoiceResponse
890000000010254,Интересно…,Интересно…,,jazz-units:items.lua:VoiceResponse
890000000010255,Закрыто.,Закрыто.,,jazz-units:items.lua:VoiceResponse
890000000010256,Устал…,Устал…,,jazz-units:items.lua:VoiceResponse
890000000010257,(пыхтит),(пыхтит),,jazz-units:items.lua:VoiceResponse
890000000010258,Спасибо.,Спасибо.,,jazz-units:items.lua:VoiceResponse
890000000010259,Не сейчас.,Не сейчас.,,jazz-units:items.lua:VoiceResponse
890000000010260,Готово.,Готово.,,jazz-units:items.lua:VoiceResponse
890000000010261,В укрытие!,В укрытие!,,jazz-units:items.lua:VoiceResponse
890000000010262,Граната!,Граната!,,jazz-units:items.lua:VoiceResponse
890000000010263,Очередь!,Очередь!,,jazz-units:items.lua:VoiceResponse
890000000010264,(лезет),(лезет),,jazz-units:items.lua:VoiceResponse
890000000010265,(прыжок),(прыжок),,jazz-units:items.lua:VoiceResponse
890000000010266,Что?!,Что?!,,jazz-units:items.lua:VoiceResponse
890000000010267,Опасно!,Опасно!,,jazz-units:items.lua:VoiceResponse
890000000010268,Держу сектор.,Держу сектор.,,jazz-units:items.lua:VoiceResponse
890000000010269,Наготове.,Наготове.,,jazz-units:items.lua:VoiceResponse
890000000010270,(кашляет),(кашляет),,jazz-units:items.lua:VoiceResponse
890000000010271,Почти…,Почти…,,jazz-units:items.lua:VoiceResponse
890000000010272,Зверь!,Зверь!,,jazz-units:items.lua:VoiceResponse
890000000010273,Есть идея.,Есть идея.,,jazz-units:items.lua:VoiceResponse
890000000010274,Сделано.,Сделано.,,jazz-units:items.lua:VoiceResponse
890000000010275,Не вышло.,Не вышло.,,jazz-units:items.lua:VoiceResponse
890000000010276,Только не это.,Только не это.,,jazz-units:items.lua:VoiceResponse
890000000012501,Гарнизон побережья,Гарнизон побережья,,jazz-units:items.lua
890000000012502,Гарнизон старого порта,Гарнизон старого порта,,jazz-units:items.lua
890000000012503,Дорожный гарнизон,Дорожный гарнизон,,jazz-units:items.lua
890000000012504,Лесной гарнизон,Лесной гарнизон,,jazz-units:items.lua
890000000012505,Гарнизон бункера,Гарнизон бункера,,jazz-units:items.lua
890000000012506,Крупный аванпост,Крупный аванпост,,jazz-units:items.lua
890000000012507,Гарнизон маяка,Гарнизон маяка,,jazz-units:items.lua
890000000012510,Усиление: пулемётчики,Усиление: пулемётчики,,jazz-units:items.lua
890000000012511,Усиление: стрелки,Усиление: стрелки,,jazz-units:items.lua
890000000012512,Усиление: гранатомётчики,Усиление: гранатомётчики,,jazz-units:items.lua
890000000012513,Усиление: ветераны,Усиление: ветераны,,jazz-units:items.lua
890000000012514,Усиление: ближний бой,Усиление: ближний бой,,jazz-units:items.lua
890000000012515,Усиление: фланкеры,Усиление: фланкеры,,jazz-units:items.lua
890000000012516,Усиление: смешанное,Усиление: смешанное,,jazz-units:items.lua
890000000012601,Штурмовики Легиона,Штурмовики Легиона,,jazz-units:items.lua
890000000010900,Практика: <xp> / <need>,Практика: <xp> / <need>,,jazz-units:Code/StatGainRework.lua
890000000010901,"<help>

<practice>","<help>

<practice>",,jazz-units:Code/StatGainRework.lua
